  0
SECTION
  2
HEADER
  9
$ACADVER
  1
AC1015
  9
$ACADMAINTVER
 70
     6
  9
$DWGCODEPAGE
  3
ANSI_1252
  9
$INSBASE
 10
0.0
 20
0.0
 30
0.0
  9
$EXTMIN
 10
-11.9446777104
 20
-4.4525323013
 30
0.0
  9
$EXTMAX
 10
11.8842390555
 20
4.4262907249
 30
0.0
  9
$LIMMIN
 10
0.0
 20
0.0
  9
$LIMMAX
 10
12.0
 20
9.0
  9
$ORTHOMODE
 70
     0
  9
$REGENMODE
 70
     1
  9
$FILLMODE
 70
     1
  9
$QTEXTMODE
 70
     0
  9
$MIRRTEXT
 70
     1
  9
$LTSCALE
 40
1.0
  9
$ATTMODE
 70
     1
  9
$TEXTSIZE
 40
0.1377952756
  9
$TRACEWID
 40
0.05
  9
$TEXTSTYLE
  7
Standard
  9
$CLAYER
  8
0
  9
$CELTYPE
  6
ByLayer
  9
$CECOLOR
 62
   256
  9
$CELTSCALE
 40
1.0
  9
$DISPSILH
 70
     0
  9
$DIMSCALE
 40
1.0
  9
$DIMASZ
 40
0.13
  9
$DIMEXO
 40
0.0
  9
$DIMDLI
 40
0.38
  9
$DIMRND
 40
0.0
  9
$DIMDLE
 40
0.0
  9
$DIMEXE
 40
0.125
  9
$DIMTP
 40
0.0
  9
$DIMTM
 40
0.0
  9
$DIMTXT
 40
0.1377952756
  9
$DIMCEN
 40
0.09
  9
$DIMTSZ
 40
0.0
  9
$DIMTOL
 70
     0
  9
$DIMLIM
 70
     0
  9
$DIMTIH
 70
     1
  9
$DIMTOH
 70
     1
  9
$DIMSE1
 70
     0
  9
$DIMSE2
 70
     0
  9
$DIMTAD
 70
     1
  9
$DIMZIN
 70
     1
  9
$DIMBLK
  1

  9
$DIMASO
 70
     1
  9
$DIMSHO
 70
     1
  9
$DIMPOST
  1

  9
$DIMAPOST
  1

  9
$DIMALT
 70
     0
  9
$DIMALTD
 70
     2
  9
$DIMALTF
 40
25.4
  9
$DIMLFAC
 40
1.0
  9
$DIMTOFL
 70
     0
  9
$DIMTVP
 40
0.0
  9
$DIMTIX
 70
     0
  9
$DIMSOXD
 70
     0
  9
$DIMSAH
 70
     0
  9
$DIMBLK1
  1

  9
$DIMBLK2
  1

  9
$DIMSTYLE
  2
Standard
  9
$DIMCLRD
 70
     0
  9
$DIMCLRE
 70
     0
  9
$DIMCLRT
 70
     0
  9
$DIMTFAC
 40
1.0
  9
$DIMGAP
 40
0.06
  9
$DIMJUST
 70
     0
  9
$DIMSD1
 70
     0
  9
$DIMSD2
 70
     0
  9
$DIMTOLJ
 70
     1
  9
$DIMTZIN
 70
     1
  9
$DIMALTZ
 70
     0
  9
$DIMALTTZ
 70
     0
  9
$DIMUPT
 70
     0
  9
$DIMDEC
 70
     2
  9
$DIMTDEC
 70
     2
  9
$DIMALTU
 70
     2
  9
$DIMALTTD
 70
     2
  9
$DIMTXSTY
  7
Standard
  9
$DIMAUNIT
 70
     0
  9
$DIMADEC
 70
     2
  9
$DIMALTRND
 40
0.0
  9
$DIMAZIN
 70
     0
  9
$DIMDSEP
 70
    46
  9
$DIMATFIT
 70
     3
  9
$DIMFRAC
 70
     0
  9
$DIMLDRBLK
  1

  9
$DIMLUNIT
 70
     2
  9
$DIMLWD
 70
    -2
  9
$DIMLWE
 70
    -2
  9
$DIMTMOVE
 70
     0
  9
$LUNITS
 70
     2
  9
$LUPREC
 70
     2
  9
$SKETCHINC
 40
0.1
  9
$FILLETRAD
 40
0.0
  9
$AUNITS
 70
     0
  9
$AUPREC
 70
     2
  9
$MENU
  1
.
  9
$ELEVATION
 40
0.0
  9
$PELEVATION
 40
0.0
  9
$THICKNESS
 40
0.0
  9
$LIMCHECK
 70
     0
  9
$CHAMFERA
 40
0.0
  9
$CHAMFERB
 40
0.0
  9
$CHAMFERC
 40
0.0
  9
$CHAMFERD
 40
0.0
  9
$SKPOLY
 70
     0
  9
$TDCREATE
 40
2461306.554405336
  9
$TDUCREATE
 40
2461306.846072003
  9
$TDUPDATE
 40
2461306.554737905
  9
$TDUUPDATE
 40
2461306.846404572
  9
$TDINDWG
 40
0.0000000116
  9
$TDUSRTIMER
 40
0.0000000116
  9
$USRTIMER
 70
     1
  9
$ANGBASE
 50
0.0
  9
$ANGDIR
 70
     0
  9
$PDMODE
 70
     0
  9
$PDSIZE
 40
-1.0
  9
$PLINEWID
 40
0.0
  9
$SPLFRAME
 70
     0
  9
$SPLINETYPE
 70
     6
  9
$SPLINESEGS
 70
     8
  9
$HANDSEED
  5
B27
  9
$SURFTAB1
 70
     6
  9
$SURFTAB2
 70
     6
  9
$SURFTYPE
 70
     6
  9
$SURFU
 70
     6
  9
$SURFV
 70
     6
  9
$UCSBASE
  2

  9
$UCSNAME
  2

  9
$UCSORG
 10
0.0
 20
0.0
 30
0.0
  9
$UCSXDIR
 10
1.0
 20
0.0
 30
0.0
  9
$UCSYDIR
 10
0.0
 20
1.0
 30
0.0
  9
$UCSORTHOREF
  2

  9
$UCSORTHOVIEW
 70
     0
  9
$UCSORGTOP
 10
0.0
 20
0.0
 30
0.0
  9
$UCSORGBOTTOM
 10
0.0
 20
0.0
 30
0.0
  9
$UCSORGLEFT
 10
0.0
 20
0.0
 30
0.0
  9
$UCSORGRIGHT
 10
0.0
 20
0.0
 30
0.0
  9
$UCSORGFRONT
 10
0.0
 20
0.0
 30
0.0
  9
$UCSORGBACK
 10
0.0
 20
0.0
 30
0.0
  9
$PUCSBASE
  2

  9
$PUCSNAME
  2

  9
$PUCSORG
 10
0.0
 20
0.0
 30
0.0
  9
$PUCSXDIR
 10
1.0
 20
0.0
 30
0.0
  9
$PUCSYDIR
 10
0.0
 20
1.0
 30
0.0
  9
$PUCSORTHOREF
  2

  9
$PUCSORTHOVIEW
 70
     0
  9
$PUCSORGTOP
 10
0.0
 20
0.0
 30
0.0
  9
$PUCSORGBOTTOM
 10
0.0
 20
0.0
 30
0.0
  9
$PUCSORGLEFT
 10
0.0
 20
0.0
 30
0.0
  9
$PUCSORGRIGHT
 10
0.0
 20
0.0
 30
0.0
  9
$PUCSORGFRONT
 10
0.0
 20
0.0
 30
0.0
  9
$PUCSORGBACK
 10
0.0
 20
0.0
 30
0.0
  9
$USERI1
 70
     0
  9
$USERI2
 70
     0
  9
$USERI3
 70
     0
  9
$USERI4
 70
     0
  9
$USERI5
 70
     0
  9
$USERR1
 40
0.0
  9
$USERR2
 40
0.0
  9
$USERR3
 40
0.0
  9
$USERR4
 40
0.0
  9
$USERR5
 40
0.0
  9
$WORLDVIEW
 70
     1
  9
$SHADEDGE
 70
     3
  9
$SHADEDIF
 70
    70
  9
$TILEMODE
 70
     1
  9
$MAXACTVP
 70
    64
  9
$PINSBASE
 10
0.0
 20
0.0
 30
0.0
  9
$PLIMCHECK
 70
     0
  9
$PEXTMIN
 10
-11.9446777104
 20
-4.4525323013
 30
0.0
  9
$PEXTMAX
 10
11.8842390555
 20
4.4262907249
 30
0.0
  9
$PLIMMIN
 10
-12.5120337862
 20
-5.0198874836
  9
$PLIMMAX
 10
12.4515942378
 20
14.2701887168
  9
$UNITMODE
 70
     0
  9
$VISRETAIN
 70
     1
  9
$PLINEGEN
 70
     0
  9
$PSLTSCALE
 70
     1
  9
$TREEDEPTH
 70
  3020
  9
$CMLSTYLE
  2
Standard
  9
$CMLJUST
 70
     0
  9
$CMLSCALE
 40
1.0
  9
$PROXYGRAPHICS
 70
     1
  9
$MEASUREMENT
 70
     0
  9
$CELWEIGHT
370
    -1
  9
$ENDCAPS
280
     0
  9
$JOINSTYLE
280
     0
  9
$LWDISPLAY
290
     1
  9
$INSUNITS
 70
     1
  9
$HYPERLINKBASE
  1

  9
$STYLESHEET
  1

  9
$XEDIT
290
     1
  9
$CEPSNTYPE
380
     0
  9
$PSTYLEMODE
290
     1
  9
$FINGERPRINTGUID
  2
{c61fe00b-7026-40cc-be83-30c2f68125ac}
  9
$VERSIONGUID
  2
{FAEB1C32-E019-11D5-929B-00C0DF256EC4}
  9
$EXTNAMES
290
     1
  9
$PSVPSCALE
 40
0.0
  9
$OLESTARTUP
290
     0
  0
ENDSEC
  0
SECTION
  2
CLASSES
  0
CLASS
  1
ACDBDICTIONARYWDFLT
  2
AcDbDictionaryWithDefault
  3
ObjectDBX Classes
 90
        0
280
     0
281
     0
  0
CLASS
  1
VISUALSTYLE
  2
AcDbVisualStyle
  3
ObjectDBX Classes
 90
     4095
280
     0
281
     0
  0
CLASS
  1
MATERIAL
  2
AcDbMaterial
  3
ObjectDBX Classes
 90
     1153
280
     0
281
     0
  0
CLASS
  1
SCALE
  2
AcDbScale
  3
ObjectDBX Classes
 90
     1153
280
     0
281
     0
  0
CLASS
  1
TABLESTYLE
  2
AcDbTableStyle
  3
ObjectDBX Classes
 90
     4095
280
     0
281
     0
  0
CLASS
  1
MLEADERSTYLE
  2
AcDbMLeaderStyle
  3
ACDB_MLEADERSTYLE_CLASS
 90
     4095
280
     0
281
     0
  0
CLASS
  1
SUN
  2
AcDbSun
  3
SCENEOE
 90
     1153
280
     0
281
     0
  0
CLASS
  1
ACDBPLACEHOLDER
  2
AcDbPlaceHolder
  3
ObjectDBX Classes
 90
        0
280
     0
281
     0
  0
CLASS
  1
LAYOUT
  2
AcDbLayout
  3
ObjectDBX Classes
 90
        0
280
     0
281
     0
  0
ENDSEC
  0
SECTION
  2
TABLES
  0
TABLE
  2
VPORT
  5
8
330
0
100
AcDbSymbolTable
 70
     1
  0
VPORT
  5
29
330
8
100
AcDbSymbolTableRecord
100
AcDbViewportTableRecord
  2
*Active
 70
     0
 10
0.0
 20
0.0
 11
1.0
 21
1.0
 12
-0.0302193275
 22
-0.0131207882
 13
0.0
 23
0.0
 14
0.5
 24
0.5
 15
0.5
 25
0.5
 16
0.0
 26
0.0
 36
1.0
 17
0.0
 27
0.0
 37
0.0
 40
9.0563994867
 41
2.6837922882
 42
50.0
 43
0.0
 44
0.0
 50
0.0
 51
0.0
 71
     0
 72
   100
 73
     1
 74
     3
 75
     0
 76
     0
 77
     0
 78
     0
281
     0
 65
     1
110
0.0
120
0.0
130
0.0
111
1.0
121
0.0
131
0.0
112
0.0
122
1.0
132
0.0
 79
     0
146
0.0
  0
ENDTAB
  0
TABLE
  2
LTYPE
  5
5
330
0
100
AcDbSymbolTable
 70
     6
  0
LTYPE
  5
14
330
5
100
AcDbSymbolTableRecord
100
AcDbLinetypeTableRecord
  2
ByBlock
 70
     0
  3

 72
    65
 73
     0
 40
0.0
  0
LTYPE
  5
15
330
5
100
AcDbSymbolTableRecord
100
AcDbLinetypeTableRecord
  2
ByLayer
 70
     0
  3

 72
    65
 73
     0
 40
0.0
  0
LTYPE
  5
16
330
5
100
AcDbSymbolTableRecord
100
AcDbLinetypeTableRecord
  2
Continuous
 70
     0
  3
Solid line
 72
    65
 73
     0
 40
0.0
  0
LTYPE
  5
5E
330
5
100
AcDbSymbolTableRecord
100
AcDbLinetypeTableRecord
  2
HIDDEN
 70
     0
  3
Hidden __ __ __ __ __ __ __ __ __ __ __ __ __ __
 72
    65
 73
     2
 40
0.075
 49
0.05
 74
     0
 49
-0.025
 74
     0
  0
LTYPE
  5
5F
330
5
100
AcDbSymbolTableRecord
100
AcDbLinetypeTableRecord
  2
PHANTOM
 70
     0
  3
Phantom ______  __  __  ______  __  __  ______
 72
    65
 73
     6
 40
0.5
 49
0.25
 74
     0
 49
-0.05
 74
     0
 49
0.05
 74
     0
 49
-0.05
 74
     0
 49
0.05
 74
     0
 49
-0.05
 74
     0
  0
LTYPE
  5
60
330
5
100
AcDbSymbolTableRecord
100
AcDbLinetypeTableRecord
  2
CENTER
 70
     0
  3
Center ____ _ ____ _ ____ _ ____ _ ____ _ ____
 72
    65
 73
     4
 40
0.4
 49
0.25
 74
     0
 49
-0.05
 74
     0
 49
0.05
 74
     0
 49
-0.05
 74
     0
  0
LTYPE
  5
61
330
5
100
AcDbSymbolTableRecord
100
AcDbLinetypeTableRecord
  2
CENTERX2
 70
     0
  3
Center (2x) ________  __  ________  __  _____
 72
    65
 73
     4
 40
0.8
 49
0.5
 74
     0
 49
-0.1
 74
     0
 49
0.1
 74
     0
 49
-0.1
 74
     0
  0
LTYPE
  5
62
330
5
100
AcDbSymbolTableRecord
100
AcDbLinetypeTableRecord
  2
DOT2
 70
     0
  3
Dot (.5x) ........................................
 72
    65
 73
     2
 40
0.025
 49
0.0
 74
     0
 49
-0.025
 74
     0
  0
ENDTAB
  0
TABLE
  2
LAYER
  5
2
330
0
100
AcDbSymbolTable
 70
     1
  0
LAYER
  5
10
330
2
100
AcDbSymbolTableRecord
100
AcDbLayerTableRecord
  2
0
 70
     0
 62
     7
  6
Continuous
370
    -3
390
F
  0
ENDTAB
  0
TABLE
  2
STYLE
  5
3
330
0
100
AcDbSymbolTable
 70
     2
  0
STYLE
  5
11
330
3
100
AcDbSymbolTableRecord
100
AcDbTextStyleTableRecord
  2
Standard
 70
     0
 40
0.0
 41
1.0
 50
0.0
 71
     0
 42
0.1377952756
  3
txt
  4

  0
STYLE
  5
B21
330
3
100
AcDbSymbolTableRecord
100
AcDbTextStyleTableRecord
  2
SLDTEXTSTYLE0
 70
     0
 40
0.0
 41
0.7
 50
0.0
 71
     0
 42
0.1377952756
  3
TXT
  4

  0
ENDTAB
  0
TABLE
  2
VIEW
  5
6
330
0
100
AcDbSymbolTable
 70
     0
  0
ENDTAB
  0
TABLE
  2
UCS
  5
7
330
0
100
AcDbSymbolTable
 70
     0
  0
ENDTAB
  0
TABLE
  2
APPID
  5
9
330
0
100
AcDbSymbolTable
 70
     1
  0
APPID
  5
12
330
9
100
AcDbSymbolTableRecord
100
AcDbRegAppTableRecord
  2
ACAD
 70
     0
  0
ENDTAB
  0
TABLE
  2
DIMSTYLE
  5
A
330
0
100
AcDbSymbolTable
 70
     1
100
AcDbDimStyleTable
  0
DIMSTYLE
105
27
330
A
100
AcDbSymbolTableRecord
100
AcDbDimStyleTableRecord
  2
Standard
 70
     0
178
     0
340
11
  0
ENDTAB
  0
TABLE
  2
BLOCK_RECORD
  5
1
330
0
100
AcDbSymbolTable
 70
     1
  0
BLOCK_RECORD
  5
1F
330
1
100
AcDbSymbolTableRecord
100
AcDbBlockTableRecord
  2
*Model_Space
340
22
  0
BLOCK_RECORD
  5
1B
330
1
100
AcDbSymbolTableRecord
100
AcDbBlockTableRecord
  2
*Paper_Space
340
1E
  0
BLOCK_RECORD
  5
23
330
1
100
AcDbSymbolTableRecord
100
AcDbBlockTableRecord
  2
*Paper_Space0
340
26
  0
ENDTAB
  0
ENDSEC
  0
SECTION
  2
BLOCKS
  0
BLOCK
  5
20
330
1F
100
AcDbEntity
  8
0
100
AcDbBlockBegin
  2
*Model_Space
 70
     0
 10
0.0
 20
0.0
 30
0.0
  3
*Model_Space
  1

  0
ENDBLK
  5
21
330
1F
100
AcDbEntity
  8
0
100
AcDbBlockEnd
  0
BLOCK
  5
1C
330
1B
100
AcDbEntity
 67
     1
  8
0
100
AcDbBlockBegin
  2
*Paper_Space
 70
     0
 10
0.0
 20
0.0
 30
0.0
  3
*Paper_Space
  1

  0
ENDBLK
  5
1D
330
1B
100
AcDbEntity
 67
     1
  8
0
100
AcDbBlockEnd
  0
BLOCK
  5
24
330
23
100
AcDbEntity
  8
0
100
AcDbBlockBegin
  2
*Paper_Space0
 70
     0
 10
0.0
 20
0.0
 30
0.0
  3
*Paper_Space0
  1

  0
ENDBLK
  5
25
330
23
100
AcDbEntity
  8
0
100
AcDbBlockEnd
  0
ENDSEC
  0
SECTION
  2
ENTITIES
  0
CIRCLE
  5
6A
330
1F
100
AcDbEntity
  8
0
  6
Continuous
 62
     7
370
    25
100
AcDbCircle
 10
5.1535955593
 20
0.2896784423
 30
0.0
 40
0.4550000000000043
  0
CIRCLE
  5
6B
330
1F
100
AcDbEntity
  8
0
  6
Continuous
 62
     7
370
    25
100
AcDbCircle
 10
3.6508722303
 20
0.2619772524
 30
0.0
 40
0.4550000000000037
  0
CIRCLE
  5
82
330
1F
100
AcDbEntity
  8
0
  6
Continuous
 62
     7
370
    25
100
AcDbCircle
 10
8.0628772797
 20
-1.5254585369
 30
0.0
 40
0.1181102362204834
  0
CIRCLE
  5
83
330
1F
100
AcDbEntity
  8
0
  6
Continuous
 62
     7
370
    25
100
AcDbCircle
 10
7.6641319414
 20
-1.493801702
 30
0.0
 40
0.1181102362204662
  0
CIRCLE
  5
84
330
1F
100
AcDbEntity
  8
0
  6
Continuous
 62
     7
370
    25
100
AcDbCircle
 10
8.461622618
 20
-1.5571153718
 30
0.0
 40
0.1181102362204837
  0
CIRCLE
  5
85
330
1F
100
AcDbEntity
  8
0
  6
Continuous
 62
     7
370
    25
100
AcDbCircle
 10
7.2653866031
 20
-1.4621448671
 30
0.0
 40
0.1181102362204657
  0
CIRCLE
  5
86
330
1F
100
AcDbEntity
  8
0
  6
Continuous
 62
     7
370
    25
100
AcDbCircle
 10
6.8666412648
 20
-1.4304880322
 30
0.0
 40
0.1181102362204657
  0
SPLINE
  5
88
330
1F
100
AcDbEntity
  8
0
  6
Continuous
 62
     7
370
    25
100
AcDbSpline
210
0.0
220
0.0
230
1.0
 70
     8
 71
     3
 72
     9
 73
     5
 74
     0
 42
0.00000001
 43
0.00000001
 40
0.0
 40
0.0
 40
0.0
 40
0.0
 40
0.5600095428437376
 40
1.0
 40
1.0
 40
1.0
 40
1.0
 10
4.150640601552085
 20
-0.2737416666324528
 30
0.0
 10
4.475479656556373
 20
-0.2604399445491841
 30
0.0
 10
5.055539512955875
 20
-0.2366872741648147
 30
0.0
 10
5.635758329561769
 20
-0.2172189444370794
 30
0.0
 10
5.891049071930862
 20
-0.2086530651401042
 30
0.0
  0
SPLINE
  5
8E
330
1F
100
AcDbEntity
  8
0
  6
Continuous
 62
     7
370
    25
100
AcDbSpline
210
0.0
220
0.0
230
1.0
 70
     8
 71
     3
 72
     9
 73
     5
 74
     0
 42
0.00000001
 43
0.00000001
 40
0.0
 40
0.0
 40
0.0
 40
0.0
 40
0.5600254466929943
 40
1.0
 40
1.0
 40
1.0
 40
1.0
 10
1.191868916035381
 20
-0.3319237276714165
 30
0.0
 10
1.443781804571233
 20
-0.3363534330922348
 30
0.0
 10
1.893605808147181
 20
-0.3442632619169357
 30
0.0
 10
2.343425981805522
 20
-0.3367473594223774
 30
0.0
 10
2.541335411779329
 20
-0.3334405535796351
 30
0.0
  0
SPLINE
  5
8F
330
1F
100
AcDbEntity
  8
0
  6
Continuous
 62
     7
370
    25
100
AcDbSpline
210
0.0
220
0.0
230
1.0
 70
     8
 71
     3
 72
    15
 73
    11
 74
     0
 42
0.00000001
 43
0.00000001
 40
0.0
 40
0.0
 40
0.0
 40
0.0
 40
0.2493506067843121
 40
0.3130204017095146
 40
0.3756083666697032
 40
0.4372454478611585
 40
0.501172241032859
 40
0.6246132795293893
 40
0.7504519728929435
 40
0.9999999999999999
 40
0.9999999999999999
 40
0.9999999999999999
 40
0.9999999999999999
 10
1.191868916035381
 20
-0.3319237276714165
 30
0.0
 10
1.146055788120267
 20
-0.3310644930386704
 30
0.0
 10
1.088544623866463
 20
-0.3299858593293987
 30
0.0
 10
1.021357311649544
 20
-0.3161560089424301
 30
0.0
 10
0.9886029663492557
 20
-0.3032173245625691
 30
0.0
 10
0.9657775925797155
 20
-0.275987149753156
 30
0.0
 10
0.9474736783162108
 20
-0.2341719382189874
 30
0.0
 10
0.9417316364604161
 20
-0.1743614416159445
 30
0.0
 10
0.9817623722796073
 20
-0.0899794620928944
 30
0.0
 10
1.023621445331534
 20
-0.0357210746380569
 30
0.0
 10
1.051448346303265
 20
0.0003485911359219
 30
0.0
  0
SPLINE
  5
90
330
1F
100
AcDbEntity
  8
0
  6
Continuous
 62
     7
370
    25
100
AcDbSpline
210
0.0
220
0.0
230
1.0
 70
     8
 71
     3
 72
    30
 73
    26
 74
     0
 42
0.00000001
 43
0.00000001
 40
0.0
 40
0.0
 40
0.0
 40
0.0
 40
0.0199852284469491
 40
0.0399909945833416
 40
0.0599918104368606
 40
0.0800359715673085
 40
0.1000540317088928
 40
0.1200488676977009
 40
0.1400385570815853
 40
0.1767147924726656
 40
0.2134054529626959
 40
0.2500636414427634
 40
0.3125503299101282
 40
0.3750555749010125
 40
0.4375288821493106
 40
0.5000326630591926
 40
0.5933607559114114
 40
0.6866890396101851
 40
0.779968361788567
 40
0.8166215652424305
 40
0.8533036665723417
 40
0.8900234411976592
 40
0.9267225213551107
 40
0.9633496652920398
 40
1.0
 40
1.0
 40
1.0
 40
1.0
 10
1.051448346303265
 20
0.0003485911359219
 30
0.0
 10
1.100408843387505
 20
0.0543828736222926
 30
0.0
 10
1.198380151490938
 20
0.1625069665724072
 30
0.0
 10
1.378752027765808
 20
0.2881831181391661
 30
0.0
 10
1.572574729445889
 20
0.3895207286289383
 30
0.0
 10
1.775332580734027
 20
0.4716713825663808
 30
0.0
 10
1.981864023391026
 20
0.5431802269346536
 30
0.0
 10
2.19169592862105
 20
0.6037788073635768
 30
0.0
 10
2.463148459870319
 20
0.6682338931417657
 30
0.0
 10
2.797859676999479
 20
0.7272891599402844
 30
0.0
 10
3.194749454081681
 20
0.7797978964794958
 30
0.0
 10
3.686636340879561
 20
0.8287723866143968
 30
0.0
 10
4.274684644933866
 20
0.853498252310936
 30
0.0
 10
4.957003689898138
 20
0.8430950780784483
 30
0.0
 10
5.637558609293291
 20
0.7912283097639887
 30
0.0
 10
6.425452187728694
 20
0.6900727792923147
 30
0.0
 10
7.323355619576318
 20
0.5658349759203596
 30
0.0
 10
8.33050349496008
 20
0.4134832330730758
 30
0.0
 10
9.128885268645016
 20
0.2630738276128306
 30
0.0
 10
9.722803390117376
 20
0.1417858468436545
 30
0.0
 10
10.11493844306338
 20
0.0608457360552832
 30
0.0
 10
10.50781376884131
 20
-0.0174241163173453
 30
0.0
 10
10.89922595605128
 20
-0.1013769633177082
 30
0.0
 10
11.28750743108654
 20
-0.200088886462316
 30
0.0
 10
11.5379615334625
 20
-0.291938400241565
 30
0.0
 10
11.66322821636169
 20
-0.3378776913447212
 30
0.0
  0
SPLINE
  5
92
330
1F
100
AcDbEntity
  8
0
  6
Continuous
 62
     7
370
    25
100
AcDbSpline
210
0.0
220
0.0
230
1.0
 70
     8
 71
     3
 72
    11
 73
     7
 74
     0
 42
0.00000001
 43
0.00000001
 40
0.0
 40
0.0
 40
0.0
 40
0.0
 40
0.2800134148414498
 40
0.5600083365743961
 40
0.7800013087174488
 40
1.0
 40
1.0
 40
1.0
 40
1.0
 10
9.565167242912665
 20
-0.2525898599866461
 30
0.0
 10
9.75927283351374
 20
-0.2621127848160297
 30
0.0
 10
10.14747119527383
 20
-0.2811580055460642
 30
0.0
 10
10.68703416858328
 20
-0.3246008485455391
 30
0.0
 10
11.18446968818911
 20
-0.3743207371807695
 30
0.0
 10
11.48988479680726
 20
-0.3803879188699585
 30
0.0
 10
11.6425943360535
 20
-0.3834215491460481
 30
0.0
  0
CIRCLE
  5
99
330
1F
100
AcDbEntity
  8
0
  6
Continuous
 62
     7
370
    25
100
AcDbCircle
 10
3.3526979712
 20
-1.1515121745
 30
0.0
 40
0.1181102362204839
  0
CIRCLE
  5
B5
330
1F
100
AcDbEntity
  8
0
  6
Continuous
 62
     7
370
    25
100
AcDbCircle
 10
7.6155421924
 20
-2.6114344972
 30
0.0
 40
0.4549999999999846
  0
CIRCLE
  5
B6
330
1F
100
AcDbEntity
  8
0
  6
Continuous
 62
     7
370
    25
100
AcDbCircle
 10
9.1182655214
 20
-2.5837333073
 30
0.0
 40
0.4550000000000025
  0
CIRCLE
  5
CD
330
1F
100
AcDbEntity
  8
0
  6
Continuous
 62
     7
370
    25
100
AcDbCircle
 10
4.706260472
 20
-0.796297518
 30
0.0
 40
0.1181102362204843
  0
CIRCLE
  5
CE
330
1F
100
AcDbEntity
  8
0
  6
Continuous
 62
     7
370
    25
100
AcDbCircle
 10
5.1050058103
 20
-0.8279543529
 30
0.0
 40
0.118110236220483
  0
CIRCLE
  5
CF
330
1F
100
AcDbEntity
  8
0
  6
Continuous
 62
     7
370
    25
100
AcDbCircle
 10
4.3075151337
 20
-0.7646406831
 30
0.0
 40
0.1181102362204838
  0
CIRCLE
  5
D0
330
1F
100
AcDbEntity
  8
0
  6
Continuous
 62
     7
370
    25
100
AcDbCircle
 10
5.5037511486
 20
-0.8596111878
 30
0.0
 40
0.1181102362204838
  0
CIRCLE
  5
D1
330
1F
100
AcDbEntity
  8
0
  6
Continuous
 62
     7
370
    25
100
AcDbCircle
 10
5.9024964868
 20
-0.8912680227
 30
0.0
 40
0.1181102362204666
  0
SPLINE
  5
D3
330
1F
100
AcDbEntity
  8
0
  6
Continuous
 62
     7
370
    25
100
AcDbSpline
210
0.0
220
0.0
230
1.0
 70
     8
 71
     3
 72
     9
 73
     5
 74
     0
 42
0.00000001
 43
0.00000001
 40
0.0
 40
0.0
 40
0.0
 40
0.0
 40
0.5600095428437334
 40
1.0
 40
1.0
 40
1.0
 40
1.0
 10
8.61849715011851
 20
-2.048014388272898
 30
0.0
 10
8.293658095114226
 20
-2.061316110356167
 30
0.0
 10
7.713598238714731
 20
-2.085068780740539
 30
0.0
 10
7.133379422108844
 20
-2.104537110468266
 30
0.0
 10
6.878088679739751
 20
-2.113102989765237
 30
0.0
  0
SPLINE
  5
D9
330
1F
100
AcDbEntity
  8
0
  6
Continuous
 62
     7
370
    25
100
AcDbSpline
210
0.0
220
0.0
230
1.0
 70
     8
 71
     3
 72
     9
 73
     5
 74
     0
 42
0.00000001
 43
0.00000001
 40
0.0
 40
0.0
 40
0.0
 40
0.0
 40
0.5600254466929944
 40
0.9999999999999999
 40
0.9999999999999999
 40
0.9999999999999999
 40
0.9999999999999999
 10
11.57726883563523
 20
-1.989832327233952
 30
0.0
 10
11.32535594709938
 20
-1.985402621813134
 30
0.0
 10
10.87553194352343
 20
-1.977492792988435
 30
0.0
 10
10.42571176986509
 20
-1.985008695482985
 30
0.0
 10
10.22780233989128
 20
-1.988315501325724
 30
0.0
  0
SPLINE
  5
DA
330
1F
100
AcDbEntity
  8
0
  6
Continuous
 62
     7
370
    25
100
AcDbSpline
210
0.0
220
0.0
230
1.0
 70
     8
 71
     3
 72
    15
 73
    11
 74
     0
 42
0.00000001
 43
0.00000001
 40
0.0
 40
0.0
 40
0.0
 40
0.0
 40
0.2493506067843124
 40
0.3130204017095146
 40
0.3756083666696807
 40
0.4372454478611452
 40
0.5011722410328455
 40
0.6246132795293938
 40
0.7504519728929445
 40
1.0
 40
1.0
 40
1.0
 40
1.0
 10
11.57726883563523
 20
-1.989832327233952
 30
0.0
 10
11.62308196355034
 20
-1.990691561866705
 30
0.0
 10
11.68059312780415
 20
-1.991770195575987
 30
0.0
 10
11.74778044002107
 20
-2.00560004596294
 30
0.0
 10
11.78053478532133
 20
-2.018538730342829
 30
0.0
 10
11.80336015909091
 20
-2.045768905152214
 30
0.0
 10
11.82166407335439
 20
-2.087584116686395
 30
0.0
 10
11.82740611521023
 20
-2.147394613289439
 30
0.0
 10
11.78737537939098
 20
-2.231776592812477
 30
0.0
 10
11.74551630633907
 20
-2.286034980267317
 30
0.0
 10
11.71768940536735
 20
-2.322104646041299
 30
0.0
  0
SPLINE
  5
DB
330
1F
100
AcDbEntity
  8
0
  6
Continuous
 62
     7
370
    25
100
AcDbSpline
210
0.0
220
0.0
230
1.0
 70
     8
 71
     3
 72
    30
 73
    26
 74
     0
 42
0.00000001
 43
0.00000001
 40
0.0
 40
0.0
 40
0.0
 40
0.0
 40
0.0199852284469491
 40
0.0399909945833416
 40
0.0599918104368603
 40
0.0800359715673082
 40
0.1000540317088941
 40
0.1200488676977007
 40
0.1400385570815867
 40
0.1767147924726669
 40
0.2134054529626973
 40
0.2500636414427648
 40
0.3125503299101297
 40
0.3750555749010125
 40
0.4375288821493123
 40
0.5000326630591944
 40
0.5933607559114118
 40
0.6866890396101873
 40
0.779968361788568
 40
0.8166215652424331
 40
0.8533036665723445
 40
0.8900234411976605
 40
0.9267225213551137
 40
0.9633496652920431
 40
1.0
 40
1.0
 40
1.0
 40
1.0
 10
11.71768940536735
 20
-2.322104646041299
 30
0.0
 10
11.66872890828311
 20
-2.376138928527669
 30
0.0
 10
11.57075760017967
 20
-2.484263021477783
 30
0.0
 10
11.3903857239048
 20
-2.609939173044545
 30
0.0
 10
11.19656302222472
 20
-2.711276783534304
 30
0.0
 10
10.99380517093658
 20
-2.793427437471755
 30
0.0
 10
10.78727372827958
 20
-2.864936281840015
 30
0.0
 10
10.57744182304955
 20
-2.925534862268951
 30
0.0
 10
10.30598929180028
 20
-2.98998994804713
 30
0.0
 10
9.971278074671119
 20
-3.049045214845647
 30
0.0
 10
9.574388297588913
 20
-3.101553951384862
 30
0.0
 10
9.082501410791034
 20
-3.150528441519746
 30
0.0
 10
8.494453106736735
 20
-3.175254307216294
 30
0.0
 10
7.81213406177246
 20
-3.164851132983799
 30
0.0
 10
7.131579142377312
 20
-3.112984364669328
 30
0.0
 10
6.343685563941904
 20
-3.011828834197661
 30
0.0
 10
5.445782132094284
 20
-2.887591030825687
 30
0.0
 10
4.438634256710525
 20
-2.735239287978407
 30
0.0
 10
3.640252483025586
 20
-2.58482988251814
 30
0.0
 10
3.046334361553226
 20
-2.463541901748971
 30
0.0
 10
2.654199308607215
 20
-2.382601790960604
 30
0.0
 10
2.261323982829289
 20
-2.304331938587953
 30
0.0
 10
1.869911795619315
 20
-2.220379091587604
 30
0.0
 10
1.481630320584069
 20
-2.121667168442984
 30
0.0
 10
1.231176218208114
 20
-2.029817654663738
 30
0.0
 10
1.105909535308943
 20
-1.983878363560586
 30
0.0
  0
CIRCLE
  5
E3
330
1F
100
AcDbEntity
  8
0
  6
Continuous
 62
     7
370
    25
100
AcDbCircle
 10
9.4164397805
 20
-1.1702438804
 30
0.0
 40
0.1181102362204817
  0
SPLINE
  5
F8
330
1F
100
AcDbEntity
  8
0
  6
Continuous
 62
     7
370
    25
100
AcDbSpline
210
0.0
220
0.0
230
1.0
 70
     8
 71
     3
 72
    11
 73
     7
 74
     0
 42
0.00000001
 43
0.00000001
 40
0.0
 40
0.0
 40
0.0
 40
0.0
 40
0.2800134148414353
 40
0.5600083365743924
 40
0.780001308717447
 40
1.0
 40
1.0
 40
1.0
 40
1.0
 10
3.203970508757929
 20
-2.069166194918669
 30
0.0
 10
3.009864918156864
 20
-2.059643270089287
 30
0.0
 10
2.621666556396777
 20
-2.040598049359253
 30
0.0
 10
2.082103583087342
 20
-1.997155206359766
 30
0.0
 10
1.584668063481498
 20
-1.947435317724538
 30
0.0
 10
1.279252954863353
 20
-1.941368136035349
 30
0.0
 10
1.126543415617114
 20
-1.938334505759259
 30
0.0
  0
CIRCLE
  5
F9
330
1F
100
AcDbEntity
  8
0
  6
Continuous
 62
     7
370
    25
100
AcDbCircle
 10
-10.2709325342
 20
-4.2584190671
 30
0.0
 40
0.0590551181102355
  0
CIRCLE
  5
FD
330
1F
100
AcDbEntity
  8
0
  6
Continuous
 62
     7
370
    25
100
AcDbCircle
 10
-11.269704685
 20
-4.2088792773
 30
0.0
 40
0.0590551181102519
  0
SPLINE
  5
FE
330
1F
100
AcDbEntity
  8
0
  6
Continuous
 62
     7
370
    25
100
AcDbSpline
210
0.0
220
0.0
230
1.0
 70
     8
 71
     3
 72
     9
 73
     5
 74
     0
 42
0.00000001
 43
0.00000001
 40
0.0
 40
0.0
 40
0.0
 40
0.0
 40
0.5593529695396623
 40
1.0
 40
1.0
 40
1.0
 40
1.0
 10
-11.00584270636725
 20
-4.380510434058491
 30
0.0
 10
-10.91345329395915
 20
-4.383133780546679
 30
0.0
 10
-10.74828135881389
 20
-4.387823746687999
 30
0.0
 10
-10.58364346515316
 20
-4.374226539152835
 30
0.0
 10
-10.51109626621031
 20
-4.368234970029913
 30
0.0
  0
SPLINE
  5
FF
330
1F
100
AcDbEntity
  8
0
  6
Continuous
 62
     7
370
    25
100
AcDbSpline
210
0.0
220
0.0
230
1.0
 70
     8
 71
     3
 72
     9
 73
     5
 74
     0
 42
0.00000001
 43
0.00000001
 40
0.0
 40
0.0
 40
0.0
 40
0.0
 40
0.5612826096124858
 40
1.0
 40
1.0
 40
1.0
 40
1.0
 10
-10.51164964829169
 20
-4.154573037254893
 30
0.0
 10
-10.59963721297534
 20
-4.145872306542436
 30
0.0
 10
-10.75639882143563
 20
-4.130370791684413
 30
0.0
 10
-10.91288176297013
 20
-4.112279064810868
 30
0.0
 10
-10.9815335507203
 20
-4.104341909609301
 30
0.0
  0
SPLINE
  5
10A
330
1F
100
AcDbEntity
  8
0
  6
Continuous
 62
     7
370
    25
100
AcDbSpline
210
0.0
220
0.0
230
1.0
 70
     8
 71
     3
 72
    34
 73
    30
 74
     0
 42
0.00000001
 43
0.00000001
 40
0.0
 40
0.0
 40
0.0
 40
0.0
 40
0.0831359464401097
 40
0.1662100711800184
 40
0.2486080245488382
 40
0.2775223250385672
 40
0.3062551618455296
 40
0.3344440845025204
 40
0.3614999860792612
 40
0.365827776760296
 40
0.3682269128550338
 40
0.3684737247324433
 40
0.3686514691978083
 40
0.3691165149067428
 40
0.3716968402816462
 40
0.3756739209890286
 40
0.3806568780773077
 40
0.3856920532821045
 40
0.40763858475112
 40
0.4302370023671647
 40
0.4668619580581251
 40
0.5000556716072396
 40
0.5335968783008264
 40
0.5848235456948034
 40
0.6364255679148764
 40
0.6882341448256448
 40
0.7919740709629954
 40
0.8959079195521781
 40
1.0
 40
1.0
 40
1.0
 40
1.0
 10
-10.05000849798417
 20
-4.1105724763929
 30
0.0
 10
-10.17598167982963
 20
-4.104711711242588
 30
0.0
 10
-10.42783436711926
 20
-4.092994539134557
 30
0.0
 10
-10.80279323379869
 20
-4.052547274618299
 30
0.0
 10
-11.09544519719414
 20
-4.016191301586382
 30
0.0
 10
-11.30748744299244
 20
-4.003165025259615
 30
0.0
 10
-11.43785956005931
 20
-4.003542449160904
 30
0.0
 10
-11.56462323451651
 20
-4.01535876711857
 30
0.0
 10
-11.65363301250358
 20
-4.037169372336545
 30
0.0
 10
-11.69962798129418
 20
-4.059657242606066
 30
0.0
 10
-11.70898949749894
 20
-4.064689441720301
 30
0.0
 10
-11.71226573898351
 20
-4.067502568210206
 30
0.0
 10
-11.71297124120487
 20
-4.068672203757797
 30
0.0
 10
-11.7140408984315
 20
-4.073501089164512
 30
0.0
 10
-11.7142566701248
 20
-4.08415708594966
 30
0.0
 10
-11.71548833685953
 20
-4.101608241927256
 30
0.0
 10
-11.71325494779476
 20
-4.122998092373262
 30
0.0
 10
-11.69437179753033
 20
-4.168041177247662
 30
0.0
 10
-11.64614414552037
 20
-4.227652970623498
 30
0.0
 10
-11.54985694211469
 20
-4.305012955945136
 30
0.0
 10
-11.42279579296758
 20
-4.367384809212441
 30
0.0
 10
-11.27240676002233
 20
-4.412717326919521
 30
0.0
 10
-11.09582703810583
 20
-4.443561332724055
 30
0.0
 10
-10.88891452379961
 20
-4.455694838535478
 30
0.0
 10
-10.6543391689156
 20
-4.448733657867784
 30
0.0
 10
-10.34124427307762
 20
-4.421809974956528
 30
0.0
 10
-9.951652129425284
 20
-4.363074986745924
 30
0.0
 10
-9.490679074386655
 20
-4.256195017373336
 30
0.0
 10
-9.187989552693015
 20
-4.167158643235469
 30
0.0
 10
-9.03652967368321
 20
-4.122606594063308
 30
0.0
  0
CIRCLE
  5
10F
330
1F
100
AcDbEntity
  8
0
  6
Continuous
 62
     7
370
    25
100
AcDbCircle
 10
-9.7040216415
 20
-1.5222441438
 30
0.0
 40
0.0590551181102348
  0
CIRCLE
  5
110
330
1F
100
AcDbEntity
  8
0
  6
Continuous
 62
     7
370
    25
100
AcDbCircle
 10
-10.7027937923
 20
-1.472704354
 30
0.0
 40
0.0590551181102345
  0
SPLINE
  5
112
330
1F
100
AcDbEntity
  8
0
  6
Continuous
 62
     7
370
    25
100
AcDbSpline
210
0.0
220
0.0
230
1.0
 70
     8
 71
     3
 72
     9
 73
     5
 74
     0
 42
0.00000001
 43
0.00000001
 40
0.0
 40
0.0
 40
0.0
 40
0.0
 40
0.5593529695396664
 40
0.9999999999999999
 40
0.9999999999999999
 40
0.9999999999999999
 40
0.9999999999999999
 10
-9.96788362016888
 20
-1.350612987039345
 30
0.0
 10
-10.06027303257698
 20
-1.347989640551154
 30
0.0
 10
-10.22544496772222
 20
-1.34329967440983
 30
0.0
 10
-10.39008286138295
 20
-1.356896881944995
 30
0.0
 10
-10.46263006032579
 20
-1.362888451067918
 30
0.0
  0
SPLINE
  5
114
330
1F
100
AcDbEntity
  8
0
  6
Continuous
 62
     7
370
    25
100
AcDbSpline
210
0.0
220
0.0
230
1.0
 70
     8
 71
     3
 72
     9
 73
     5
 74
     0
 42
0.00000001
 43
0.00000001
 40
0.0
 40
0.0
 40
0.0
 40
0.0
 40
0.5612826096124643
 40
1.0
 40
1.0
 40
1.0
 40
1.0
 10
-10.46207667824443
 20
-1.576550383842951
 30
0.0
 10
-10.37408911356078
 20
-1.585251114555404
 30
0.0
 10
-10.21732750510048
 20
-1.60075262941342
 30
0.0
 10
-10.06084456356598
 20
-1.618844356286967
 30
0.0
 10
-9.992192775815798
 20
-1.626781511488534
 30
0.0
  0
SPLINE
  5
116
330
1F
100
AcDbEntity
  8
0
  6
Continuous
 62
     7
370
    25
100
AcDbSpline
210
0.0
220
0.0
230
1.0
 70
     8
 71
     3
 72
    34
 73
    30
 74
     0
 42
0.00000001
 43
0.00000001
 40
0.0
 40
0.0
 40
0.0
 40
0.0
 40
0.0831359464401096
 40
0.1662100711800181
 40
0.2486080245488379
 40
0.277522325038563
 40
0.3062551618455293
 40
0.3344440845025241
 40
0.3614999860792568
 40
0.3658277767602959
 40
0.3682269128550295
 40
0.368473724732443
 40
0.3686514691978072
 40
0.3691165149067426
 40
0.371696840281646
 40
0.3756739209890275
 40
0.3806568780773061
 40
0.3856920532821052
 40
0.407638584751123
 40
0.4302370023671611
 40
0.466861958058121
 40
0.5000556716072394
 40
0.5335968783008301
 40
0.5848235456948032
 40
0.6364255679148759
 40
0.6882341448256407
 40
0.7919740709629952
 40
0.8959079195521777
 40
1.0
 40
1.0
 40
1.0
 40
1.0
 10
-10.92371782855195
 20
-1.62055094470494
 30
0.0
 10
-10.79774464670649
 20
-1.626411709855253
 30
0.0
 10
-10.54589195941686
 20
-1.638128881963285
 30
0.0
 10
-10.17093309273742
 20
-1.678576146479526
 30
0.0
 10
-9.878281129341982
 20
-1.71493211951145
 30
0.0
 10
-9.666238883543693
 20
-1.727958395838225
 30
0.0
 10
-9.535866766476804
 20
-1.72758097193692
 30
0.0
 10
-9.409103092019608
 20
-1.715764653979279
 30
0.0
 10
-9.320093314032526
 20
-1.693954048761237
 30
0.0
 10
-9.274098345241958
 20
-1.671466178491786
 30
0.0
 10
-9.264736829037178
 20
-1.666433979377503
 30
0.0
 10
-9.261460587552614
 20
-1.663620852887628
 30
0.0
 10
-9.260755085331251
 20
-1.662451217340033
 30
0.0
 10
-9.259685428104614
 20
-1.65762233193331
 30
0.0
 10
-9.25946965641132
 20
-1.64696633514817
 30
0.0
 10
-9.258237989676596
 20
-1.629515179170574
 30
0.0
 10
-9.260471378741334
 20
-1.608125328724562
 30
0.0
 10
-9.279354529005824
 20
-1.563082243850174
 30
0.0
 10
-9.327582181015748
 20
-1.503470450474344
 30
0.0
 10
-9.423869384421419
 20
-1.42611046515268
 30
0.0
 10
-9.550930533568526
 20
-1.363738611885393
 30
0.0
 10
-9.701319566513785
 20
-1.318406094178309
 30
0.0
 10
-9.877899288430301
 20
-1.287562088373773
 30
0.0
 10
-10.08481180273651
 20
-1.275428582562362
 30
0.0
 10
-10.31938715762051
 20
-1.282389763230041
 30
0.0
 10
-10.63248205345849
 20
-1.309313446141321
 30
0.0
 10
-11.02207419711083
 20
-1.368048434351918
 30
0.0
 10
-11.48304725214946
 20
-1.474928403724506
 30
0.0
 10
-11.7857367738431
 20
-1.56396477786238
 30
0.0
 10
-11.93719665285291
 20
-1.608516827034545
 30
0.0
  0
SPLINE
  5
11D
330
1F
100
AcDbEntity
  8
0
  6
Continuous
 62
     7
370
    25
100
AcDbSpline
210
0.0
220
0.0
230
1.0
 70
     8
 71
     3
 72
    14
 73
    10
 74
     0
 42
0.00000001
 43
0.00000001
 40
0.0
 40
0.0
 40
0.0
 40
0.0
 40
0.1410297955591422
 40
0.281875360752473
 40
0.4226187214233237
 40
0.5633370663268789
 40
0.7104470631168541
 40
0.8560893655250607
 40
1.0
 40
1.0
 40
1.0
 40
1.0
 10
-9.031187817347634
 20
-0.5270639445804794
 30
0.0
 10
-9.146052473242232
 20
-0.5676388841003789
 30
0.0
 10
-9.375631734770844
 20
-0.6487357591921761
 30
0.0
 10
-9.731439359609032
 20
-0.7321014156835453
 30
0.0
 10
-10.09119089476611
 20
-0.791960624590026
 30
0.0
 10
-10.45975406921432
 20
-0.8280960574115178
 30
0.0
 10
-10.8340612532437
 20
-0.8363157395934185
 30
0.0
 10
-11.21113335536314
 20
-0.8267475903540611
 30
0.0
 10
-11.46064853273289
 20
-0.8438119228642527
 30
0.0
 10
-11.58466001012605
 20
-0.8522930625994162
 30
0.0
  0
SPLINE
  5
11F
330
1F
100
AcDbEntity
  8
0
  6
Continuous
 62
     7
370
    25
100
AcDbSpline
210
0.0
220
0.0
230
1.0
 70
     8
 71
     3
 72
    17
 73
    13
 74
     0
 42
0.00000001
 43
0.00000001
 40
0.0
 40
0.0
 40
0.0
 40
0.0
 40
0.0777504184767003
 40
0.1561923543650558
 40
0.2354546932805466
 40
0.3153159739395966
 40
0.3955146565098632
 40
0.4759056415804973
 40
0.5563746065809083
 40
0.7039743663759654
 40
0.8519118101407847
 40
1.0
 40
1.0
 40
1.0
 40
1.0
 10
-11.516705961784
 20
-1.149738066293209
 30
0.0
 10
-11.4515320109402
 20
-1.172237091314158
 30
0.0
 10
-11.32060444778352
 20
-1.217435249186367
 30
0.0
 10
-11.11230527363095
 20
-1.240791595735852
 30
0.0
 10
-10.90203121019385
 20
-1.240103837791796
 30
0.0
 10
-10.69118334780887
 20
-1.218234820252567
 30
0.0
 10
-10.48175149287851
 20
-1.180683238345334
 30
0.0
 10
-10.27439169518659
 20
-1.130690500994028
 30
0.0
 10
-10.01304850973054
 20
-1.052007142431908
 30
0.0
 10
-9.702799340874169
 20
-0.9310049254057757
 30
0.0
 10
-9.349349479066701
 20
-0.7597193575761756
 30
0.0
 10
-9.123373182990814
 20
-0.6273914480790811
 30
0.0
 10
-9.010327497631451
 20
-0.5611938004450695
 30
0.0
  0
SPLINE
  5
120
330
1F
100
AcDbEntity
  8
0
  6
Continuous
 62
     7
370
    25
100
AcDbSpline
210
0.0
220
0.0
230
1.0
 70
     8
 71
     3
 72
    20
 73
    16
 74
     0
 42
0.00000001
 43
0.00000001
 40
0.0
 40
0.0
 40
0.0
 40
0.0
 40
0.1392005106671992
 40
0.278901476485563
 40
0.4191075240222253
 40
0.5420411612668542
 40
0.5970657093603358
 40
0.6193117162847117
 40
0.638688783481284
 40
0.6569884638284043
 40
0.6754946973261198
 40
0.7216344160078519
 40
0.8248693514104772
 40
0.9278854279941159
 40
1.0
 40
1.0
 40
1.0
 40
1.0
 10
-11.516705961784
 20
-1.149738066293209
 30
0.0
 10
-11.54152103278799
 20
-1.138146023134286
 30
0.0
 10
-11.59124039020223
 20
-1.114920260980026
 30
0.0
 10
-11.66240376561566
 20
-1.072964077812139
 30
0.0
 10
-11.72508400539469
 20
-1.02394461047169
 30
0.0
 10
-11.76436174747556
 20
-0.9736913317057133
 30
0.0
 10
-11.77885307630633
 20
-0.9368228339306731
 30
0.0
 10
-11.78378862084217
 20
-0.9184724037354205
 30
0.0
 10
-11.78494886794988
 20
-0.906570315121306
 30
0.0
 10
-11.7810527953934
 20
-0.8956671149206544
 30
0.0
 10
-11.76806644303334
 20
-0.8849630051572174
 30
0.0
 10
-11.73545404528085
 20
-0.8767369577852004
 30
0.0
 10
-11.68694077747376
 20
-0.8679494362665918
 30
0.0
 10
-11.6328142839984
 20
-0.8589935517903794
 30
0.0
 10
-11.59870527596454
 20
-0.8542474094178206
 30
0.0
 10
-11.58466001012605
 20
-0.8522930625994161
 30
0.0
  0
SPLINE
  5
121
330
1F
100
AcDbEntity
  8
0
  6
Continuous
 62
     7
370
    25
100
AcDbSpline
210
0.0
220
0.0
230
1.0
 70
     8
 71
     3
 72
     9
 73
     5
 74
     0
 42
0.00000001
 43
0.00000001
 40
0.0
 40
0.0
 40
0.0
 40
0.0
 40
0.4881028496551764
 40
1.0
 40
1.0
 40
1.0
 40
1.0
 10
-10.02854638134998
 20
-0.978927366580833
 30
0.0
 10
-9.964819945181038
 20
-0.9555521689680718
 30
0.0
 10
-9.834260502198966
 20
-0.9076622670154924
 30
0.0
 10
-9.70747032682086
 20
-0.850528628168627
 30
0.0
 10
-9.642566797353089
 20
-0.8212820812540863
 30
0.0
  0
SPLINE
  5
125
330
1F
100
AcDbEntity
  8
0
  6
Continuous
 62
     7
370
    25
100
AcDbSpline
210
0.0
220
0.0
230
1.0
 70
     8
 71
     3
 72
    10
 73
     6
 74
     0
 42
0.00000001
 43
0.00000001
 40
0.0
 40
0.0
 40
0.0
 40
0.0
 40
0.2957661269280987
 40
0.6274282949602183
 40
1.0
 40
1.0
 40
1.0
 40
1.0
 10
-11.26615946326766
 20
-1.148823084514528
 30
0.0
 10
-11.19254668914932
 20
-1.157725251846392
 30
0.0
 10
-11.03638703073249
 20
-1.176610009639633
 30
0.0
 10
-10.78518258710035
 20
-1.161891966740353
 30
0.0
 10
-10.61158539032955
 20
-1.131169748550039
 30
0.0
 10
-10.51974458848216
 20
-1.11491629972935
 30
0.0
  0
SPLINE
  5
127
330
1F
100
AcDbEntity
  8
0
  6
Continuous
 62
     7
370
    25
100
AcDbSpline
210
0.0
220
0.0
230
1.0
 70
     8
 71
     3
 72
    12
 73
     8
 74
     0
 42
0.00000001
 43
0.00000001
 40
0.0
 40
0.0
 40
0.0
 40
0.0
 40
0.1795797026917347
 40
0.3895620622295267
 40
0.605496161992421
 40
0.8038854573821926
 40
1.0
 40
1.0
 40
1.0
 40
1.0
 10
-10.54618370456843
 20
-0.8978901315855758
 30
0.0
 10
-10.58810374486747
 20
-0.899313017577511
 30
0.0
 10
-10.67904084467808
 20
-0.9023996826795646
 30
0.0
 10
-10.82046962408702
 20
-0.9034974267205869
 30
0.0
 10
-10.96628031479863
 20
-0.9031457000795946
 30
0.0
 10
-11.10885248393645
 20
-0.9016682400637147
 30
0.0
 10
-11.20099051342667
 20
-0.9026212516087656
 30
0.0
 10
-11.24679388913637
 20
-0.9030950097962932
 30
0.0
  0
CIRCLE
  5
129
330
1F
100
AcDbEntity
  8
0
  6
Continuous
 62
     7
370
    25
100
AcDbCircle
 10
-10.2942324861
 20
-0.9710391177
 30
0.0
 40
0.0590551181102359
  0
CIRCLE
  5
12A
330
1F
100
AcDbEntity
  8
0
  6
Continuous
 62
     7
370
    25
100
AcDbCircle
 10
-11.4937701669
 20
-1.0043460576
 30
0.0
 40
0.0590551181102346
  0
SPLINE
  5
12B
330
1F
100
AcDbEntity
  8
0
  6
Continuous
 62
     7
370
    25
100
AcDbSpline
210
0.0
220
0.0
230
1.0
 70
     8
 71
     3
 72
    14
 73
    10
 74
     0
 42
0.00000001
 43
0.00000001
 40
0.0
 40
0.0
 40
0.0
 40
0.0
 40
0.141029795559137
 40
0.2818753607524689
 40
0.4226187214233206
 40
0.56333706632687
 40
0.7104470631168526
 40
0.8560893655250599
 40
1.0
 40
1.0
 40
1.0
 40
1.0
 10
-8.630599227790734
 20
-4.024327996594004
 30
0.0
 10
-8.515734571896141
 20
-3.983753057074102
 30
0.0
 10
-8.286155310367535
 20
-3.902656181982299
 30
0.0
 10
-7.930347685529356
 20
-3.819290525490932
 30
0.0
 10
-7.570596150372278
 20
-3.759431316584446
 30
0.0
 10
-7.202032975924074
 20
-3.723295883762943
 30
0.0
 10
-6.827725791894693
 20
-3.715076201581058
 30
0.0
 10
-6.450653689775245
 20
-3.724644350820398
 30
0.0
 10
-6.201138512405495
 20
-3.707580018310208
 30
0.0
 10
-6.077127035012336
 20
-3.699098878575046
 30
0.0
  0
SPLINE
  5
12D
330
1F
100
AcDbEntity
  8
0
  6
Continuous
 62
     7
370
    25
100
AcDbSpline
210
0.0
220
0.0
230
1.0
 70
     8
 71
     3
 72
    17
 73
    13
 74
     0
 42
0.00000001
 43
0.00000001
 40
0.0
 40
0.0
 40
0.0
 40
0.0
 40
0.0777504184767001
 40
0.1561923543650552
 40
0.2354546932805392
 40
0.3153159739395954
 40
0.3955146565098618
 40
0.4759056415804965
 40
0.5563746065809073
 40
0.7039743663759647
 40
0.8519118101407842
 40
1.0
 40
1.0
 40
1.0
 40
1.0
 10
-6.145081083354388
 20
-3.401653874881253
 30
0.0
 10
-6.210255034198191
 20
-3.379154849860305
 30
0.0
 10
-6.341182597354867
 20
-3.333956691988096
 30
0.0
 10
-6.54948177150743
 20
-3.310600345438613
 30
0.0
 10
-6.759755834944528
 20
-3.31128810338268
 30
0.0
 10
-6.970603697329508
 20
-3.333157120921897
 30
0.0
 10
-7.18003555225988
 20
-3.370708702829131
 30
0.0
 10
-7.387395349951798
 20
-3.420701440180449
 30
0.0
 10
-7.648738535407849
 20
-3.499384798742566
 30
0.0
 10
-7.958987704264216
 20
-3.620387015768704
 30
0.0
 10
-8.312437566071685
 20
-3.791672583598308
 30
0.0
 10
-8.538413862147571
 20
-3.924000493095405
 30
0.0
 10
-8.651459547506935
 20
-3.990198140729419
 30
0.0
  0
SPLINE
  5
12E
330
1F
100
AcDbEntity
  8
0
  6
Continuous
 62
     7
370
    25
100
AcDbSpline
210
0.0
220
0.0
230
1.0
 70
     8
 71
     3
 72
    20
 73
    16
 74
     0
 42
0.00000001
 43
0.00000001
 40
0.0
 40
0.0
 40
0.0
 40
0.0
 40
0.1392005106671953
 40
0.2789014764855334
 40
0.4191075240222101
 40
0.5420411612668531
 40
0.5970657093603222
 40
0.6193117162846974
 40
0.6386887834812691
 40
0.6569884638283958
 40
0.6754946973261229
 40
0.7216344160078308
 40
0.8248693514104809
 40
0.9278854279941179
 40
0.9999999999999999
 40
0.9999999999999999
 40
0.9999999999999999
 40
0.9999999999999999
 10
-6.145081083354387
 20
-3.401653874881252
 30
0.0
 10
-6.120266012350394
 20
-3.413245918040174
 30
0.0
 10
-6.070546654936156
 20
-3.43647168019443
 30
0.0
 10
-5.999383279522744
 20
-3.478427863362338
 30
0.0
 10
-5.93670303974371
 20
-3.527447330702774
 30
0.0
 10
-5.897425297662785
 20
-3.577700609468736
 30
0.0
 10
-5.88293396883208
 20
-3.614569107243795
 30
0.0
 10
-5.877998424296189
 20
-3.632919537439036
 30
0.0
 10
-5.876838177188493
 20
-3.644821626053152
 30
0.0
 10
-5.880734249744965
 20
-3.655724826253813
 30
0.0
 10
-5.893720602105053
 20
-3.666428936017218
 30
0.0
 10
-5.92633299985751
 20
-3.674654983389288
 30
0.0
 10
-5.97484626766463
 20
-3.683442504907852
 30
0.0
 10
-6.028972761139988
 20
-3.692398389384086
 30
0.0
 10
-6.063081769173847
 20
-3.697144531756642
 30
0.0
 10
-6.077127035012336
 20
-3.699098878575046
 30
0.0
  0
SPLINE
  5
12F
330
1F
100
AcDbEntity
  8
0
  6
Continuous
 62
     7
370
    25
100
AcDbSpline
210
0.0
220
0.0
230
1.0
 70
     8
 71
     3
 72
     9
 73
     5
 74
     0
 42
0.00000001
 43
0.00000001
 40
0.0
 40
0.0
 40
0.0
 40
0.0
 40
0.4881028496551887
 40
1.0
 40
1.0
 40
1.0
 40
1.0
 10
-7.633240663788386
 20
-3.572464574593646
 30
0.0
 10
-7.696967099957334
 20
-3.595839772206402
 30
0.0
 10
-7.827526542939419
 20
-3.643729674158972
 30
0.0
 10
-7.954316718317524
 20
-3.700863313005847
 30
0.0
 10
-8.019220247785297
 20
-3.730109859920393
 30
0.0
  0
SPLINE
  5
133
330
1F
100
AcDbEntity
  8
0
  6
Continuous
 62
     7
370
    25
100
AcDbSpline
210
0.0
220
0.0
230
1.0
 70
     8
 71
     3
 72
    10
 73
     6
 74
     0
 42
0.00000001
 43
0.00000001
 40
0.0
 40
0.0
 40
0.0
 40
0.0
 40
0.2957661269280827
 40
0.62742829496021
 40
1.0
 40
1.0
 40
1.0
 40
1.0
 10
-6.395627581870743
 20
-3.402568856659938
 30
0.0
 10
-6.469240355989074
 20
-3.393666689328071
 30
0.0
 10
-6.625400014405895
 20
-3.374781931534826
 30
0.0
 10
-6.876604458038039
 20
-3.389499974434114
 30
0.0
 10
-7.050201654808834
 20
-3.420222192624428
 30
0.0
 10
-7.142042456656231
 20
-3.436475641445116
 30
0.0
  0
SPLINE
  5
134
330
1F
100
AcDbEntity
  8
0
  6
Continuous
 62
     7
370
    25
100
AcDbSpline
210
0.0
220
0.0
230
1.0
 70
     8
 71
     3
 72
    12
 73
     8
 74
     0
 42
0.00000001
 43
0.00000001
 40
0.0
 40
0.0
 40
0.0
 40
0.0
 40
0.1795797026917304
 40
0.3895620622295171
 40
0.6054961619924308
 40
0.8038854573821727
 40
1.0
 40
1.0
 40
1.0
 40
1.0
 10
-7.115603340569951
 20
-3.653501809588899
 30
0.0
 10
-7.073683300270917
 20
-3.652078923596962
 30
0.0
 10
-6.982746200460313
 20
-3.648992258494905
 30
0.0
 10
-6.841317421051362
 20
-3.647894514453886
 30
0.0
 10
-6.695506730339754
 20
-3.64824624109487
 30
0.0
 10
-6.552934561201926
 20
-3.649723701110754
 30
0.0
 10
-6.460796531711707
 20
-3.648770689565701
 30
0.0
 10
-6.414993156001999
 20
-3.648296931378173
 30
0.0
  0
CIRCLE
  5
135
330
1F
100
AcDbEntity
  8
0
  6
Continuous
 62
     7
370
    25
100
AcDbCircle
 10
-7.367554559
 20
-3.5803528234
 30
0.0
 40
0.059055118110234
  0
CIRCLE
  5
136
330
1F
100
AcDbEntity
  8
0
  6
Continuous
 62
     7
370
    25
100
AcDbCircle
 10
-6.1680168782
 20
-3.5470458836
 30
0.0
 40
0.0590551181102357
  0
SPLINE
  5
139
330
1F
100
AcDbEntity
  8
0
  6
Continuous
 62
     7
370
    25
100
AcDbSpline
210
0.0
220
0.0
230
1.0
 70
     8
 71
     3
 72
    14
 73
    10
 74
     0
 42
0.00000001
 43
0.00000001
 40
0.0
 40
0.0
 40
0.0
 40
0.0
 40
0.141029795559137
 40
0.2818753607524689
 40
0.4226187214233206
 40
0.56333706632687
 40
0.7104470631168526
 40
0.8560893655250599
 40
1.0
 40
1.0
 40
1.0
 40
1.0
 10
-11.7697143234864
 20
1.1695636393764
 30
0.0
 10
-11.65484966759181
 20
1.210138578896301
 30
0.0
 10
-11.4252704060632
 20
1.291235453988103
 30
0.0
 10
-11.06946278122502
 20
1.374601110479475
 30
0.0
 10
-10.70971124606795
 20
1.434460319385957
 30
0.0
 10
-10.34114807161974
 20
1.47059575220746
 30
0.0
 10
-9.966840887590362
 20
1.478815434389347
 30
0.0
 10
-9.589768785470913
 20
1.469247285150007
 30
0.0
 10
-9.340253608101163
 20
1.486311617660195
 30
0.0
 10
-9.216242130708004
 20
1.494792757395358
 30
0.0
  0
SPLINE
  5
13B
330
1F
100
AcDbEntity
  8
0
  6
Continuous
 62
     7
370
    25
100
AcDbSpline
210
0.0
220
0.0
230
1.0
 70
     8
 71
     3
 72
    17
 73
    13
 74
     0
 42
0.00000001
 43
0.00000001
 40
0.0
 40
0.0
 40
0.0
 40
0.0
 40
0.0777504184767001
 40
0.1561923543650552
 40
0.2354546932805392
 40
0.3153159739395954
 40
0.3955146565098618
 40
0.4759056415804965
 40
0.5563746065809073
 40
0.7039743663759647
 40
0.8519118101407842
 40
1.0
 40
1.0
 40
1.0
 40
1.0
 10
-9.284196179050056
 20
1.792237761089152
 30
0.0
 10
-9.349370129893861
 20
1.8147367861101
 30
0.0
 10
-9.480297693050538
 20
1.859934943982311
 30
0.0
 10
-9.688596867203094
 20
1.883291290531789
 30
0.0
 10
-9.898870930640198
 20
1.882603532587726
 30
0.0
 10
-10.10971879302518
 20
1.860734515048508
 30
0.0
 10
-10.31915064795555
 20
1.823182933141273
 30
0.0
 10
-10.52651044564747
 20
1.773190195789954
 30
0.0
 10
-10.78785363110352
 20
1.694506837227838
 30
0.0
 10
-11.09810279995988
 20
1.573504620201699
 30
0.0
 10
-11.45155266176735
 20
1.402219052372096
 30
0.0
 10
-11.67752895784324
 20
1.269891142874998
 30
0.0
 10
-11.7905746432026
 20
1.203693495240985
 30
0.0
  0
SPLINE
  5
13C
330
1F
100
AcDbEntity
  8
0
  6
Continuous
 62
     7
370
    25
100
AcDbSpline
210
0.0
220
0.0
230
1.0
 70
     8
 71
     3
 72
    20
 73
    16
 74
     0
 42
0.00000001
 43
0.00000001
 40
0.0
 40
0.0
 40
0.0
 40
0.0
 40
0.1392005106671953
 40
0.2789014764855334
 40
0.4191075240222101
 40
0.5420411612668531
 40
0.5970657093603222
 40
0.6193117162846974
 40
0.6386887834812691
 40
0.6569884638283958
 40
0.6754946973261229
 40
0.7216344160078308
 40
0.8248693514104809
 40
0.9278854279941179
 40
0.9999999999999999
 40
0.9999999999999999
 40
0.9999999999999999
 40
0.9999999999999999
 10
-9.284196179050054
 20
1.792237761089151
 30
0.0
 10
-9.259381108046062
 20
1.78064571793023
 30
0.0
 10
-9.209661750631824
 20
1.757419955775974
 30
0.0
 10
-9.138498375218411
 20
1.715463772608064
 30
0.0
 10
-9.075818135439377
 20
1.66644430526763
 30
0.0
 10
-9.036540393358454
 20
1.61619102650167
 30
0.0
 10
-9.022049064527748
 20
1.579322528726608
 30
0.0
 10
-9.01711351999186
 20
1.560972098531368
 30
0.0
 10
-9.015953272884163
 20
1.549070009917252
 30
0.0
 10
-9.019849345440631
 20
1.538166809716591
 30
0.0
 10
-9.032835697800724
 20
1.527462699953186
 30
0.0
 10
-9.065448095553176
 20
1.519236652581114
 30
0.0
 10
-9.1139613633603
 20
1.510449131062553
 30
0.0
 10
-9.168087856835658
 20
1.501493246586318
 30
0.0
 10
-9.202196864869514
 20
1.496747104213762
 30
0.0
 10
-9.216242130708004
 20
1.494792757395358
 30
0.0
  0
SPLINE
  5
13F
330
1F
100
AcDbEntity
  8
0
  6
Continuous
 62
     7
370
    25
100
AcDbSpline
210
0.0
220
0.0
230
1.0
 70
     8
 71
     3
 72
    10
 73
     6
 74
     0
 42
0.00000001
 43
0.00000001
 40
0.0
 40
0.0
 40
0.0
 40
0.0
 40
0.2957661269280827
 40
0.62742829496021
 40
1.0
 40
1.0
 40
1.0
 40
1.0
 10
-9.534742677566411
 20
1.791322779310466
 30
0.0
 10
-9.60835545168474
 20
1.800224946642332
 30
0.0
 10
-9.764515110101566
 20
1.819109704435579
 30
0.0
 10
-10.0157195537337
 20
1.804391661536288
 30
0.0
 10
-10.1893167505045
 20
1.773669443345976
 30
0.0
 10
-10.2811575523519
 20
1.757415994525288
 30
0.0
  0
CIRCLE
  5
140
330
1F
100
AcDbEntity
  8
0
  6
Continuous
 62
     7
370
    25
100
AcDbCircle
 10
-10.5066696547
 20
1.6135388125
 30
0.0
 40
0.0590551181102364
  0
CIRCLE
  5
141
330
1F
100
AcDbEntity
  8
0
  6
Continuous
 62
     7
370
    25
100
AcDbCircle
 10
-9.3071319739
 20
1.6468457524
 30
0.0
 40
0.0590551181102356
  0
SPLINE
  5
142
330
1F
100
AcDbEntity
  8
0
  6
Continuous
 62
     7
370
    25
100
AcDbSpline
210
0.0
220
0.0
230
1.0
 70
     8
 71
     3
 72
    12
 73
     8
 74
     0
 42
0.00000001
 43
0.00000001
 40
0.0
 40
0.0
 40
0.0
 40
0.0
 40
0.1795797026917304
 40
0.3895620622295171
 40
0.6054961619924308
 40
0.8038854573821727
 40
1.0
 40
1.0
 40
1.0
 40
1.0
 10
-10.25471843626562
 20
1.540389826381505
 30
0.0
 10
-10.21279839596658
 20
1.541812712373442
 30
0.0
 10
-10.12186129615598
 20
1.5448993774755
 30
0.0
 10
-9.980432516747033
 20
1.545997121516518
 30
0.0
 10
-9.834621826035422
 20
1.545645394875534
 30
0.0
 10
-9.692049656897595
 20
1.544167934859652
 30
0.0
 10
-9.599911627407375
 20
1.545120946404703
 30
0.0
 10
-9.554108251697667
 20
1.545594704592231
 30
0.0
  0
SPLINE
  5
145
330
1F
100
AcDbEntity
  8
0
  6
Continuous
 62
     7
370
    25
100
AcDbSpline
210
0.0
220
0.0
230
1.0
 70
     8
 71
     3
 72
     9
 73
     5
 74
     0
 42
0.00000001
 43
0.00000001
 40
0.0
 40
0.0
 40
0.0
 40
0.0
 40
0.4881028496551887
 40
1.0
 40
1.0
 40
1.0
 40
1.0
 10
-10.77235575948406
 20
1.621427061376757
 30
0.0
 10
-10.836082195653
 20
1.598051863764001
 30
0.0
 10
-10.96664163863509
 20
1.550161961811432
 30
0.0
 10
-11.09343181401319
 20
1.493028322964556
 30
0.0
 10
-11.15833534348096
 20
1.463781776050011
 30
0.0
  0
SPLINE
  5
147
330
1F
100
AcDbEntity
  8
0
  6
Continuous
 62
     7
370
    25
100
AcDbSpline
210
0.0
220
0.0
230
1.0
 70
     8
 71
     3
 72
    14
 73
    10
 74
     0
 42
0.00000001
 43
0.00000001
 40
0.0
 40
0.0
 40
0.0
 40
0.0
 40
0.1410297955591422
 40
0.281875360752473
 40
0.4226187214233237
 40
0.5633370663268789
 40
0.7104470631168541
 40
0.8560893655250607
 40
1.0
 40
1.0
 40
1.0
 40
1.0
 10
-5.391556900758734
 20
-3.600828144561246
 30
0.0
 10
-5.506421556653334
 20
-3.641403084081145
 30
0.0
 10
-5.736000818181944
 20
-3.722499959172942
 30
0.0
 10
-6.091808443020132
 20
-3.805865615664312
 30
0.0
 10
-6.451559978177213
 20
-3.865724824570792
 30
0.0
 10
-6.82012315262542
 20
-3.901860257392284
 30
0.0
 10
-7.194430336654797
 20
-3.910079939574184
 30
0.0
 10
-7.571502438774245
 20
-3.900511790334829
 30
0.0
 10
-7.82101761614399
 20
-3.917576122845019
 30
0.0
 10
-7.94502909353715
 20
-3.926057262580183
 30
0.0
  0
SPLINE
  5
149
330
1F
100
AcDbEntity
  8
0
  6
Continuous
 62
     7
370
    25
100
AcDbSpline
210
0.0
220
0.0
230
1.0
 70
     8
 71
     3
 72
    17
 73
    13
 74
     0
 42
0.00000001
 43
0.00000001
 40
0.0
 40
0.0
 40
0.0
 40
0.0
 40
0.0777504184767003
 40
0.1561923543650558
 40
0.2354546932805466
 40
0.3153159739395966
 40
0.3955146565098632
 40
0.4759056415804973
 40
0.5563746065809083
 40
0.7039743663759654
 40
0.8519118101407847
 40
1.0
 40
1.0
 40
1.0
 40
1.0
 10
-7.877075045195099
 20
-4.223502266273975
 30
0.0
 10
-7.811901094351295
 20
-4.246001291294924
 30
0.0
 10
-7.680973531194621
 20
-4.291199449167132
 30
0.0
 10
-7.472674357042051
 20
-4.31455579571662
 30
0.0
 10
-7.262400293604954
 20
-4.313868037772561
 30
0.0
 10
-7.05155243121997
 20
-4.291999020233334
 30
0.0
 10
-6.84212057628961
 20
-4.254447438326101
 30
0.0
 10
-6.634760778597685
 20
-4.204454700974795
 30
0.0
 10
-6.373417593141641
 20
-4.125771342412675
 30
0.0
 10
-6.063168424285267
 20
-4.004769125386543
 30
0.0
 10
-5.709718562477801
 20
-3.833483557556942
 30
0.0
 10
-5.483742266401914
 20
-3.701155648059847
 30
0.0
 10
-5.370696581042551
 20
-3.634958000425836
 30
0.0
  0
SPLINE
  5
14A
330
1F
100
AcDbEntity
  8
0
  6
Continuous
 62
     7
370
    25
100
AcDbSpline
210
0.0
220
0.0
230
1.0
 70
     8
 71
     3
 72
    20
 73
    16
 74
     0
 42
0.00000001
 43
0.00000001
 40
0.0
 40
0.0
 40
0.0
 40
0.0
 40
0.1392005106671992
 40
0.278901476485563
 40
0.4191075240222253
 40
0.5420411612668542
 40
0.5970657093603358
 40
0.6193117162847117
 40
0.638688783481284
 40
0.6569884638284043
 40
0.6754946973261198
 40
0.7216344160078519
 40
0.8248693514104772
 40
0.9278854279941159
 40
1.0
 40
1.0
 40
1.0
 40
1.0
 10
-7.877075045195099
 20
-4.223502266273975
 30
0.0
 10
-7.90189011619909
 20
-4.211910223115052
 30
0.0
 10
-7.95160947361333
 20
-4.188684460960791
 30
0.0
 10
-8.022772849026756
 20
-4.146728277792906
 30
0.0
 10
-8.085453088805789
 20
-4.097708810452455
 30
0.0
 10
-8.124730830886659
 20
-4.047455531686482
 30
0.0
 10
-8.139222159717427
 20
-4.010587033911439
 30
0.0
 10
-8.14415770425327
 20
-3.992236603716187
 30
0.0
 10
-8.14531795136098
 20
-3.980334515102073
 30
0.0
 10
-8.141421878804499
 20
-3.969431314901421
 30
0.0
 10
-8.128435526444441
 20
-3.958727205137984
 30
0.0
 10
-8.095823128691947
 20
-3.950501157765966
 30
0.0
 10
-8.047309860884857
 20
-3.941713636247357
 30
0.0
 10
-7.993183367409495
 20
-3.932757751771146
 30
0.0
 10
-7.959074359375639
 20
-3.928011609398587
 30
0.0
 10
-7.945029093537149
 20
-3.926057262580183
 30
0.0
  0
SPLINE
  5
14E
330
1F
100
AcDbEntity
  8
0
  6
Continuous
 62
     7
370
    25
100
AcDbSpline
210
0.0
220
0.0
230
1.0
 70
     8
 71
     3
 72
    10
 73
     6
 74
     0
 42
0.00000001
 43
0.00000001
 40
0.0
 40
0.0
 40
0.0
 40
0.0
 40
0.2957661269280987
 40
0.6274282949602183
 40
1.0
 40
1.0
 40
1.0
 40
1.0
 10
-7.62652854667876
 20
-4.222587284495295
 30
0.0
 10
-7.552915772560423
 20
-4.231489451827159
 30
0.0
 10
-7.396756114143595
 20
-4.250374209620399
 30
0.0
 10
-7.145551670511447
 20
-4.23565616672112
 30
0.0
 10
-6.971954473740653
 20
-4.204933948530805
 30
0.0
 10
-6.880113671893256
 20
-4.188680499710117
 30
0.0
  0
SPLINE
  5
150
330
1F
100
AcDbEntity
  8
0
  6
Continuous
 62
     7
370
    25
100
AcDbSpline
210
0.0
220
0.0
230
1.0
 70
     8
 71
     3
 72
    12
 73
     8
 74
     0
 42
0.00000001
 43
0.00000001
 40
0.0
 40
0.0
 40
0.0
 40
0.0
 40
0.1795797026917347
 40
0.3895620622295267
 40
0.605496161992421
 40
0.8038854573821926
 40
1.0
 40
1.0
 40
1.0
 40
1.0
 10
-6.906552787979535
 20
-3.971654331566342
 30
0.0
 10
-6.948472828278572
 20
-3.973077217558278
 30
0.0
 10
-7.039409928089178
 20
-3.976163882660332
 30
0.0
 10
-7.180838707498115
 20
-3.977261626701353
 30
0.0
 10
-7.326649398209731
 20
-3.976909900060362
 30
0.0
 10
-7.469221567347547
 20
-3.975432440044481
 30
0.0
 10
-7.561359596837769
 20
-3.976385451589532
 30
0.0
 10
-7.60716297254747
 20
-3.976859209777059
 30
0.0
  0
CIRCLE
  5
152
330
1F
100
AcDbEntity
  8
0
  6
Continuous
 62
     7
370
    25
100
AcDbCircle
 10
-6.6546015695
 20
-4.0448033177
 30
0.0
 40
0.0590551181102345
  0
CIRCLE
  5
153
330
1F
100
AcDbEntity
  8
0
  6
Continuous
 62
     7
370
    25
100
AcDbCircle
 10
-7.8541392503
 20
-4.0781102576
 30
0.0
 40
0.0590551181102351
  0
SPLINE
  5
154
330
1F
100
AcDbEntity
  8
0
  6
Continuous
 62
     7
370
    25
100
AcDbSpline
210
0.0
220
0.0
230
1.0
 70
     8
 71
     3
 72
     9
 73
     5
 74
     0
 42
0.00000001
 43
0.00000001
 40
0.0
 40
0.0
 40
0.0
 40
0.0
 40
0.4881028496551764
 40
1.0
 40
1.0
 40
1.0
 40
1.0
 10
-6.388915464761082
 20
-4.0526915665616
 30
0.0
 10
-6.325189028592138
 20
-4.029316368948837
 30
0.0
 10
-6.194629585610066
 20
-3.981426466996259
 30
0.0
 10
-6.067839410231962
 20
-3.924292828149394
 30
0.0
 10
-6.002935880764189
 20
-3.895046281234853
 30
0.0
  0
SPLINE
  5
155
330
1F
100
AcDbEntity
  8
0
  6
Continuous
 62
     7
370
    25
100
AcDbSpline
210
0.0
220
0.0
230
1.0
 70
     8
 71
     3
 72
    14
 73
    10
 74
     0
 42
0.00000001
 43
0.00000001
 40
0.0
 40
0.0
 40
0.0
 40
0.0
 40
0.141029795559137
 40
0.2818753607524689
 40
0.4226187214233206
 40
0.56333706632687
 40
0.7104470631168526
 40
0.8560893655250599
 40
1.0
 40
1.0
 40
1.0
 40
1.0
 10
-11.80319557896247
 20
-0.8401489348441216
 30
0.0
 10
-11.68833092306788
 20
-0.7995739953242202
 30
0.0
 10
-11.45875166153927
 20
-0.7184771202324176
 30
0.0
 10
-11.10294403670109
 20
-0.6351114637410472
 30
0.0
 10
-10.74319250154401
 20
-0.5752522548345644
 30
0.0
 10
-10.37462932709581
 20
-0.5391168220130607
 30
0.0
 10
-10.00032214306643
 20
-0.5308971398311746
 30
0.0
 10
-9.62325004094698
 20
-0.5404652890705147
 30
0.0
 10
-9.37373486357723
 20
-0.5234009565603255
 30
0.0
 10
-9.24972338618407
 20
-0.5149198168251631
 30
0.0
  0
SPLINE
  5
157
330
1F
100
AcDbEntity
  8
0
  6
Continuous
 62
     7
370
    25
100
AcDbSpline
210
0.0
220
0.0
230
1.0
 70
     8
 71
     3
 72
    17
 73
    13
 74
     0
 42
0.00000001
 43
0.00000001
 40
0.0
 40
0.0
 40
0.0
 40
0.0
 40
0.0777504184767001
 40
0.1561923543650552
 40
0.2354546932805392
 40
0.3153159739395954
 40
0.3955146565098618
 40
0.4759056415804965
 40
0.5563746065809073
 40
0.7039743663759647
 40
0.8519118101407842
 40
1.0
 40
1.0
 40
1.0
 40
1.0
 10
-9.317677434526122
 20
-0.2174748131313699
 30
0.0
 10
-9.382851385369925
 20
-0.1949757881104212
 30
0.0
 10
-9.513778948526603
 20
-0.1497776302382114
 30
0.0
 10
-9.722078122679163
 20
-0.1264212836887313
 30
0.0
 10
-9.932352186116262
 20
-0.1271090416327958
 30
0.0
 10
-10.14320004850124
 20
-0.1489780591720134
 30
0.0
 10
-10.35263190343161
 20
-0.186529641079248
 30
0.0
 10
-10.55999170112353
 20
-0.2365223784305668
 30
0.0
 10
-10.82133488657958
 20
-0.3152057369926829
 30
0.0
 10
-11.13158405543595
 20
-0.436207954018822
 30
0.0
 10
-11.48503391724342
 20
-0.607493521848425
 30
0.0
 10
-11.71101021331931
 20
-0.7398214313455229
 30
0.0
 10
-11.82405589867867
 20
-0.8060190789795358
 30
0.0
  0
SPLINE
  5
158
330
1F
100
AcDbEntity
  8
0
  6
Continuous
 62
     7
370
    25
100
AcDbSpline
210
0.0
220
0.0
230
1.0
 70
     8
 71
     3
 72
    20
 73
    16
 74
     0
 42
0.00000001
 43
0.00000001
 40
0.0
 40
0.0
 40
0.0
 40
0.0
 40
0.1392005106671953
 40
0.2789014764855334
 40
0.4191075240222101
 40
0.5420411612668531
 40
0.5970657093603222
 40
0.6193117162846974
 40
0.6386887834812691
 40
0.6569884638283958
 40
0.6754946973261229
 40
0.7216344160078308
 40
0.8248693514104809
 40
0.9278854279941179
 40
0.9999999999999999
 40
0.9999999999999999
 40
0.9999999999999999
 40
0.9999999999999999
 10
-9.317677434526122
 20
-0.2174748131313698
 30
0.0
 10
-9.29286236352213
 20
-0.2290668562902913
 30
0.0
 10
-9.24314300610789
 20
-0.252292618444547
 30
0.0
 10
-9.171979630694477
 20
-0.2942488016124558
 30
0.0
 10
-9.109299390915442
 20
-0.3432682689528919
 30
0.0
 10
-9.070021648834521
 20
-0.3935215477188516
 30
0.0
 10
-9.055530320003811
 20
-0.4303900454939127
 30
0.0
 10
-9.050594775467925
 20
-0.4487404756891533
 30
0.0
 10
-9.049434528360228
 20
-0.4606425643032693
 30
0.0
 10
-9.053330600916699
 20
-0.4715457645039302
 30
0.0
 10
-9.066316953276788
 20
-0.4822498742673349
 30
0.0
 10
-9.098929351029241
 20
-0.4904759216394063
 30
0.0
 10
-9.147442618836365
 20
-0.4992634431579686
 30
0.0
 10
-9.201569112311724
 20
-0.5082193276342027
 30
0.0
 10
-9.23567812034558
 20
-0.5129654700067592
 30
0.0
 10
-9.24972338618407
 20
-0.5149198168251631
 30
0.0
  0
SPLINE
  5
159
330
1F
100
AcDbEntity
  8
0
  6
Continuous
 62
     7
370
    25
100
AcDbSpline
210
0.0
220
0.0
230
1.0
 70
     8
 71
     3
 72
     9
 73
     5
 74
     0
 42
0.00000001
 43
0.00000001
 40
0.0
 40
0.0
 40
0.0
 40
0.0
 40
0.4881028496551887
 40
1.0
 40
1.0
 40
1.0
 40
1.0
 10
-10.80583701496012
 20
-0.3882855128437636
 30
0.0
 10
-10.86956345112907
 20
-0.41166071045652
 30
0.0
 10
-11.00012289411115
 20
-0.459550612409089
 30
0.0
 10
-11.12691306948926
 20
-0.5166842512559647
 30
0.0
 10
-11.19181659895703
 20
-0.5459307981705103
 30
0.0
  0
SPLINE
  5
15D
330
1F
100
AcDbEntity
  8
0
  6
Continuous
 62
     7
370
    25
100
AcDbSpline
210
0.0
220
0.0
230
1.0
 70
     8
 71
     3
 72
    10
 73
     6
 74
     0
 42
0.00000001
 43
0.00000001
 40
0.0
 40
0.0
 40
0.0
 40
0.0
 40
0.2957661269280827
 40
0.62742829496021
 40
1.0
 40
1.0
 40
1.0
 40
1.0
 10
-9.568223933042477
 20
-0.2183897949100555
 30
0.0
 10
-9.641836707160806
 20
-0.2094876275781891
 30
0.0
 10
-9.797996365577632
 20
-0.1906028697849428
 30
0.0
 10
-10.04920080920977
 20
-0.2053209126842327
 30
0.0
 10
-10.22279800598057
 20
-0.2360431308745454
 30
0.0
 10
-10.31463880782797
 20
-0.2522965796952333
 30
0.0
  0
SPLINE
  5
15F
330
1F
100
AcDbEntity
  8
0
  6
Continuous
 62
     7
370
    25
100
AcDbSpline
210
0.0
220
0.0
230
1.0
 70
     8
 71
     3
 72
    12
 73
     8
 74
     0
 42
0.00000001
 43
0.00000001
 40
0.0
 40
0.0
 40
0.0
 40
0.0
 40
0.1795797026917304
 40
0.3895620622295171
 40
0.6054961619924308
 40
0.8038854573821727
 40
1.0
 40
1.0
 40
1.0
 40
1.0
 10
-10.28819969174168
 20
-0.4693227478390164
 30
0.0
 10
-10.24627965144265
 20
-0.4678998618470794
 30
0.0
 10
-10.15534255163205
 20
-0.4648131967450216
 30
0.0
 10
-10.0139137722231
 20
-0.4637154527040029
 30
0.0
 10
-9.868103081511489
 20
-0.4640671793449873
 30
0.0
 10
-9.725530912373662
 20
-0.4655446393608693
 30
0.0
 10
-9.633392882883442
 20
-0.4645916278158181
 30
0.0
 10
-9.587589507173732
 20
-0.4641178696282903
 30
0.0
  0
CIRCLE
  5
161
330
1F
100
AcDbEntity
  8
0
  6
Continuous
 62
     7
370
    25
100
AcDbCircle
 10
-10.5401509102
 20
-0.3961737617
 30
0.0
 40
0.0590551181102347
  0
CIRCLE
  5
162
330
1F
100
AcDbEntity
  8
0
  6
Continuous
 62
     7
370
    25
100
AcDbCircle
 10
-9.3406132294
 20
-0.3628668218
 30
0.0
 40
0.0590551181102355
  0
SPLINE
  5
163
330
1F
100
AcDbEntity
  8
0
  6
Continuous
 62
     7
370
    25
100
AcDbSpline
210
0.0
220
0.0
230
1.0
 70
     8
 71
     3
 72
    14
 73
    10
 74
     0
 42
0.00000001
 43
0.00000001
 40
0.0
 40
0.0
 40
0.0
 40
0.0
 40
0.1410297955591422
 40
0.281875360752473
 40
0.4226187214233237
 40
0.5633370663268789
 40
0.7104470631168541
 40
0.8560893655250607
 40
1.0
 40
1.0
 40
1.0
 40
1.0
 10
-8.91630781458254
 20
1.48818996855024
 30
0.0
 10
-9.03117247047714
 20
1.44761502903034
 30
0.0
 10
-9.260751732005751
 20
1.366518153938543
 30
0.0
 10
-9.616559356843942
 20
1.283152497447174
 30
0.0
 10
-9.976310892001017
 20
1.223293288540694
 30
0.0
 10
-10.34487406644922
 20
1.187157855719202
 30
0.0
 10
-10.71918125047861
 20
1.1789381735373
 30
0.0
 10
-11.09625335259805
 20
1.188506322776659
 30
0.0
 10
-11.3457685299678
 20
1.171441990266467
 30
0.0
 10
-11.46978000736096
 20
1.162960850531303
 30
0.0
  0
SPLINE
  5
165
330
1F
100
AcDbEntity
  8
0
  6
Continuous
 62
     7
370
    25
100
AcDbSpline
210
0.0
220
0.0
230
1.0
 70
     8
 71
     3
 72
    17
 73
    13
 74
     0
 42
0.00000001
 43
0.00000001
 40
0.0
 40
0.0
 40
0.0
 40
0.0
 40
0.0777504184767003
 40
0.1561923543650558
 40
0.2354546932805466
 40
0.3153159739395966
 40
0.3955146565098632
 40
0.4759056415804973
 40
0.5563746065809083
 40
0.7039743663759654
 40
0.8519118101407847
 40
1.0
 40
1.0
 40
1.0
 40
1.0
 10
-11.40182595901891
 20
0.86551584683751
 30
0.0
 10
-11.3366520081751
 20
0.8430168218165615
 30
0.0
 10
-11.20572444501843
 20
0.7978186639443522
 30
0.0
 10
-10.99742527086586
 20
0.7744623173948676
 30
0.0
 10
-10.78715120742876
 20
0.7751500753389234
 30
0.0
 10
-10.57630334504378
 20
0.7970190928781518
 30
0.0
 10
-10.36687149011342
 20
0.8345706747853863
 30
0.0
 10
-10.15951169242149
 20
0.8845634121366912
 30
0.0
 10
-9.898168506965447
 20
0.9632467706988118
 30
0.0
 10
-9.587919338109073
 20
1.084248987724944
 30
0.0
 10
-9.234469476301609
 20
1.255534555554544
 30
0.0
 10
-9.00849318022572
 20
1.387862465051639
 30
0.0
 10
-8.895447494866357
 20
1.45406011268565
 30
0.0
  0
SPLINE
  5
166
330
1F
100
AcDbEntity
  8
0
  6
Continuous
 62
     7
370
    25
100
AcDbSpline
210
0.0
220
0.0
230
1.0
 70
     8
 71
     3
 72
    20
 73
    16
 74
     0
 42
0.00000001
 43
0.00000001
 40
0.0
 40
0.0
 40
0.0
 40
0.0
 40
0.1392005106671992
 40
0.278901476485563
 40
0.4191075240222253
 40
0.5420411612668542
 40
0.5970657093603358
 40
0.6193117162847117
 40
0.638688783481284
 40
0.6569884638284043
 40
0.6754946973261198
 40
0.7216344160078519
 40
0.8248693514104772
 40
0.9278854279941159
 40
1.0
 40
1.0
 40
1.0
 40
1.0
 10
-11.40182595901891
 20
0.86551584683751
 30
0.0
 10
-11.42664103002289
 20
0.8771078899964326
 30
0.0
 10
-11.47636038743714
 20
0.900333652150693
 30
0.0
 10
-11.54752376285056
 20
0.9422898353185819
 30
0.0
 10
-11.61020400262959
 20
0.9913093026590291
 30
0.0
 10
-11.64948174471047
 20
1.041562581425006
 30
0.0
 10
-11.66397307354123
 20
1.078431079200046
 30
0.0
 10
-11.66890861807708
 20
1.096781509395299
 30
0.0
 10
-11.67006886518478
 20
1.108683598009414
 30
0.0
 10
-11.66617279262831
 20
1.119586798210065
 30
0.0
 10
-11.65318644026825
 20
1.130290907973502
 30
0.0
 10
-11.62057404251575
 20
1.138516955345519
 30
0.0
 10
-11.57206077470866
 20
1.147304476864127
 30
0.0
 10
-11.5179342812333
 20
1.15626036134034
 30
0.0
 10
-11.48382527319945
 20
1.161006503712898
 30
0.0
 10
-11.46978000736095
 20
1.162960850531303
 30
0.0
  0
SPLINE
  5
169
330
1F
100
AcDbEntity
  8
0
  6
Continuous
 62
     7
370
    25
100
AcDbSpline
210
0.0
220
0.0
230
1.0
 70
     8
 71
     3
 72
    10
 73
     6
 74
     0
 42
0.00000001
 43
0.00000001
 40
0.0
 40
0.0
 40
0.0
 40
0.0
 40
0.2957661269280987
 40
0.6274282949602183
 40
1.0
 40
1.0
 40
1.0
 40
1.0
 10
-11.15127946050257
 20
0.8664308286161913
 30
0.0
 10
-11.07766668638423
 20
0.8575286612843269
 30
0.0
 10
-10.9215070279674
 20
0.8386439034910859
 30
0.0
 10
-10.67030258433525
 20
0.8533619463903661
 30
0.0
 10
-10.49670538756446
 20
0.8840841645806804
 30
0.0
 10
-10.40486458571706
 20
0.9003376134013692
 30
0.0
  0
CIRCLE
  5
16A
330
1F
100
AcDbEntity
  8
0
  6
Continuous
 62
     7
370
    25
100
AcDbCircle
 10
-10.1793524833
 20
1.0442147954
 30
0.0
 40
0.0590551181102347
  0
CIRCLE
  5
16B
330
1F
100
AcDbEntity
  8
0
  6
Continuous
 62
     7
370
    25
100
AcDbCircle
 10
-11.3788901642
 20
1.0109078555
 30
0.0
 40
0.0590551181102349
  0
SPLINE
  5
16D
330
1F
100
AcDbEntity
  8
0
  6
Continuous
 62
     7
370
    25
100
AcDbSpline
210
0.0
220
0.0
230
1.0
 70
     8
 71
     3
 72
     9
 73
     5
 74
     0
 42
0.00000001
 43
0.00000001
 40
0.0
 40
0.0
 40
0.0
 40
0.0
 40
0.4881028496551764
 40
1.0
 40
1.0
 40
1.0
 40
1.0
 10
-9.913666378584889
 20
1.036326546549886
 30
0.0
 10
-9.849939942415944
 20
1.059701744162647
 30
0.0
 10
-9.719380499433873
 20
1.107591646115227
 30
0.0
 10
-9.592590324055768
 20
1.164725284962092
 30
0.0
 10
-9.527686794587996
 20
1.193971831876633
 30
0.0
  0
SPLINE
  5
16E
330
1F
100
AcDbEntity
  8
0
  6
Continuous
 62
     7
370
    25
100
AcDbSpline
210
0.0
220
0.0
230
1.0
 70
     8
 71
     3
 72
    12
 73
     8
 74
     0
 42
0.00000001
 43
0.00000001
 40
0.0
 40
0.0
 40
0.0
 40
0.0
 40
0.1795797026917347
 40
0.3895620622295267
 40
0.605496161992421
 40
0.8038854573821926
 40
1.0
 40
1.0
 40
1.0
 40
1.0
 10
-10.43130370180334
 20
1.117363781545143
 30
0.0
 10
-10.47322374210238
 20
1.115940895553209
 30
0.0
 10
-10.56416084191298
 20
1.112854230451155
 30
0.0
 10
-10.70558962132192
 20
1.111756486410132
 30
0.0
 10
-10.85140031203354
 20
1.112108213051125
 30
0.0
 10
-10.99397248117135
 20
1.113585673067005
 30
0.0
 10
-11.08611051066158
 20
1.112632661521954
 30
0.0
 10
-11.13191388637128
 20
1.112158903334426
 30
0.0
  0
SPLINE
  5
172
330
1F
100
AcDbEntity
  8
0
  6
Continuous
 62
     7
370
    25
100
AcDbSpline
210
0.0
220
0.0
230
1.0
 70
     8
 71
     3
 72
    36
 73
    32
 74
     0
 42
0.00000001
 43
0.00000001
 40
0.0
 40
0.0
 40
0.0
 40
0.0
 40
0.0774582263678653
 40
0.1547646431350748
 40
0.2320361202111984
 40
0.3092767603809878
 40
0.3859046630270893
 40
0.4095356506631169
 40
0.4330183322370504
 40
0.4560564853826469
 40
0.4781686466596783
 40
0.4817056496769646
 40
0.4836664080017909
 40
0.4838681216287775
 40
0.4840133880606899
 40
0.4843934591401186
 40
0.4865022992641596
 40
0.489752992666439
 40
0.4938252211284935
 40
0.4979403531218138
 40
0.5158767446310002
 40
0.5343459075792112
 40
0.5642786349993549
 40
0.5914070877437441
 40
0.6188195385811828
 40
0.6606859065485519
 40
0.702859043315581
 40
0.7452009924439502
 40
0.8299852296688739
 40
0.9149279552190936
 40
1.0
 40
1.0
 40
1.0
 40
1.0
 10
-11.85954780890432
 20
3.768356051115105
 30
0.0
 10
-11.71948540296133
 20
3.800909191987432
 30
0.0
 10
-11.43963509797938
 20
3.865951673157925
 30
0.0
 10
-11.01277973806337
 20
3.925706811365757
 30
0.0
 10
-10.58427279081712
 20
3.964872254071549
 30
0.0
 10
-10.1555386507688
 20
3.980814878531139
 30
0.0
 10
-9.825998265748334
 20
3.98138794553293
 30
0.0
 10
-9.59688854403917
 20
3.997557735481156
 30
0.0
 10
-9.46769704611384
 20
4.015065066500656
 30
0.0
 10
-9.343585685254979
 20
4.043438439556487
 30
0.0
 10
-9.25821431128755
 20
4.076757608159407
 30
0.0
 10
-9.215573651621344
 20
4.105095142907418
 30
0.0
 10
-9.206954669586858
 20
4.111313996352955
 30
0.0
 10
-9.204076547380831
 20
4.114533290897722
 30
0.0
 10
-9.203530880115265
 20
4.11578549949994
 30
0.0
 10
-9.20310508598918
 20
4.120713081709135
 30
0.0
 10
-9.204292596165182
 20
4.131305482888837
 30
0.0
 10
-9.205358490720664
 20
4.148768132432321
 30
0.0
 10
-9.210391011772527
 20
4.169677512699208
 30
0.0
 10
-9.23502603189816
 20
4.211848706338941
 30
0.0
 10
-9.29067265059225
 20
4.264604695190382
 30
0.0
 10
-9.396290184499025
 20
4.32863980925849
 30
0.0
 10
-9.530446780330546
 20
4.373772064772704
 30
0.0
 10
-9.685488938209577
 20
4.398947137707697
 30
0.0
 10
-9.86459071482803
 20
4.406317314433347
 30
0.0
 10
-10.07130318324373
 20
4.391152918142599
 30
0.0
 10
-10.30292913971406
 20
4.353423965376504
 30
0.0
 10
-10.60977010806338
 20
4.285586530514781
 30
0.0
 10
-10.98826416191656
 20
4.176160349491014
 30
0.0
 10
-11.4311927477004
 20
4.009625809615365
 30
0.0
 10
-11.71955567588343
 20
3.881581894748733
 30
0.0
 10
-11.86384680948177
 20
3.817511239956556
 30
0.0
  0
SPLINE
  5
174
330
1F
100
AcDbEntity
  8
0
  6
Continuous
 62
     7
370
    25
100
AcDbSpline
210
0.0
220
0.0
230
1.0
 70
     8
 71
     3
 72
     9
 73
     5
 74
     0
 42
0.00000001
 43
0.00000001
 40
0.0
 40
0.0
 40
0.0
 40
0.0
 40
0.5559131818896733
 40
1.0
 40
1.0
 40
1.0
 40
1.0
 10
-9.945355510222123
 20
4.329093797282381
 30
0.0
 10
-10.03676769839016
 20
4.319856142320036
 30
0.0
 10
-10.20120378507785
 20
4.303239060258873
 30
0.0
 10
-10.36260225058876
 20
4.267849661553199
 30
0.0
 10
-10.43427718158539
 20
4.252133696087159
 30
0.0
  0
SPLINE
  5
176
330
1F
100
AcDbEntity
  8
0
  6
Continuous
 62
     7
370
    25
100
AcDbSpline
210
0.0
220
0.0
230
1.0
 70
     8
 71
     3
 72
     9
 73
     5
 74
     0
 42
0.00000001
 43
0.00000001
 40
0.0
 40
0.0
 40
0.0
 40
0.0
 40
0.5628454781264361
 40
1.0
 40
1.0
 40
1.0
 40
1.0
 10
-10.40593701169757
 20
4.040872983968659
 30
0.0
 10
-10.31731498631494
 20
4.043730035540147
 30
0.0
 10
-10.159861424322
 20
4.048806120686996
 30
0.0
 10
-10.00234412857652
 20
4.051124202356407
 30
0.0
 10
-9.933484730468093
 20
4.052137562240262
 30
0.0
  0
SPLINE
  5
178
330
1F
100
AcDbEntity
  8
0
  6
Continuous
 62
     7
370
    25
100
AcDbSpline
210
0.0
220
0.0
230
1.0
 70
     8
 71
     3
 72
     9
 73
     5
 74
     0
 42
0.00000001
 43
0.00000001
 40
0.0
 40
0.0
 40
0.0
 40
0.0
 40
0.5590960637894103
 40
1.0
 40
1.0
 40
1.0
 40
1.0
 10
-10.87329720587915
 20
4.133490852570122
 30
0.0
 10
-10.94380272115664
 20
4.110381894658877
 30
0.0
 10
-11.06990898418347
 20
4.069049180286649
 30
0.0
 10
-11.1940165302184
 20
4.022069544387913
 30
0.0
 10
-11.24873603577864
 20
4.001356037998418
 30
0.0
  0
SPLINE
  5
17A
330
1F
100
AcDbEntity
  8
0
  6
Continuous
 62
     7
370
    25
100
AcDbSpline
210
0.0
220
0.0
230
1.0
 70
     8
 71
     3
 72
     9
 73
     5
 74
     0
 42
0.00000001
 43
0.00000001
 40
0.0
 40
0.0
 40
0.0
 40
0.0
 40
0.5602772183836191
 40
0.9999999999999999
 40
0.9999999999999999
 40
0.9999999999999999
 40
0.9999999999999999
 10
-11.23865045533891
 20
3.962896937599211
 30
0.0
 10
-11.16589621652567
 20
3.9730530918312
 30
0.0
 10
-11.03604221492422
 20
3.991180108063074
 30
0.0
 10
-10.90558584637441
 20
4.00424696820392
 30
0.0
 10
-10.84822120911611
 20
4.009992764292045
 30
0.0
  0
CIRCLE
  5
17C
330
1F
100
AcDbEntity
  8
0
  6
Continuous
 62
     7
370
    25
100
AcDbCircle
 10
-10.6581151237
 20
4.1123930599
 30
0.0
 40
0.0590551181102388
  0
CIRCLE
  5
17D
330
1F
100
AcDbEntity
  8
0
  6
Continuous
 62
     7
370
    25
100
AcDbCircle
 10
-9.6613867826
 20
4.1932176471
 30
0.0
 40
0.0590551181102388
  0
SPLINE
  5
17E
330
1F
100
AcDbEntity
  8
0
  6
Continuous
 62
     7
370
    25
100
AcDbSpline
210
0.0
220
0.0
230
1.0
 70
     8
 71
     3
 72
     9
 73
     5
 74
     0
 42
0.00000001
 43
0.00000001
 40
0.0
 40
0.0
 40
0.0
 40
0.0
 40
0.5559131818896729
 40
1.0
 40
1.0
 40
1.0
 40
1.0
 10
-11.0802430961966
 20
3.470078923449594
 30
0.0
 10
-10.98883090802856
 20
3.479316578411936
 30
0.0
 10
-10.82439482134087
 20
3.495933660473096
 30
0.0
 10
-10.66299635582996
 20
3.531323059178771
 30
0.0
 10
-10.59132142483334
 20
3.547039024644811
 30
0.0
  0
SPLINE
  5
17F
330
1F
100
AcDbEntity
  8
0
  6
Continuous
 62
     7
370
    25
100
AcDbSpline
210
0.0
220
0.0
230
1.0
 70
     8
 71
     3
 72
     9
 73
     5
 74
     0
 42
0.00000001
 43
0.00000001
 40
0.0
 40
0.0
 40
0.0
 40
0.0
 40
0.5590960637894103
 40
1.0
 40
1.0
 40
1.0
 40
1.0
 10
-10.15230140053957
 20
3.665681868161843
 30
0.0
 10
-10.08179588526208
 20
3.688790826073087
 30
0.0
 10
-9.955689622235253
 20
3.730123540445315
 30
0.0
 10
-9.831582076200325
 20
3.777103176344053
 30
0.0
 10
-9.776862570640088
 20
3.797816682733547
 30
0.0
  0
SPLINE
  5
181
330
1F
100
AcDbEntity
  8
0
  6
Continuous
 62
     7
370
    25
100
AcDbSpline
210
0.0
220
0.0
230
1.0
 70
     8
 71
     3
 72
    36
 73
    32
 74
     0
 42
0.00000001
 43
0.00000001
 40
0.0
 40
0.0
 40
0.0
 40
0.0
 40
0.0774582263678651
 40
0.1547646431350745
 40
0.2320361202111983
 40
0.3092767603809877
 40
0.3859046630270893
 40
0.409535650663117
 40
0.4330183322370504
 40
0.4560564853826469
 40
0.4781686466596783
 40
0.4817056496769646
 40
0.483666408001791
 40
0.4838681216287775
 40
0.48401338806069
 40
0.4843934591401186
 40
0.4865022992641596
 40
0.489752992666439
 40
0.4938252211284936
 40
0.4979403531218138
 40
0.5158767446310003
 40
0.5343459075792113
 40
0.5642786349993553
 40
0.5914070877437445
 40
0.6188195385811832
 40
0.6606859065485524
 40
0.7028590433155816
 40
0.7452009924439508
 40
0.8299852296688743
 40
0.9149279552190939
 40
1.0
 40
1.0
 40
1.0
 40
1.0
 10
-9.166050797514398
 20
4.030816669616851
 30
0.0
 10
-9.306113203457395
 20
3.998263528744527
 30
0.0
 10
-9.585963508439344
 20
3.93322104757404
 30
0.0
 10
-10.01281886835535
 20
3.873465909366208
 30
0.0
 10
-10.44132581560161
 20
3.834300466660417
 30
0.0
 10
-10.87005995564992
 20
3.818357842200828
 30
0.0
 10
-11.19960034067039
 20
3.817784775199046
 30
0.0
 10
-11.42871006237955
 20
3.801614985250817
 30
0.0
 10
-11.55790156030488
 20
3.784107654231323
 30
0.0
 10
-11.68201292116376
 20
3.755734281175491
 30
0.0
 10
-11.76738429513115
 20
3.722415112572572
 30
0.0
 10
-11.81002495479739
 20
3.69407757782456
 30
0.0
 10
-11.81864393683184
 20
3.687858724379022
 30
0.0
 10
-11.8215220590379
 20
3.684639429834257
 30
0.0
 10
-11.82206772630346
 20
3.683387221232039
 30
0.0
 10
-11.82249352042955
 20
3.678459639022842
 30
0.0
 10
-11.82130601025353
 20
3.667867237843141
 30
0.0
 10
-11.82024011569806
 20
3.650404588299657
 30
0.0
 10
-11.81520759464619
 20
3.62949520803277
 30
0.0
 10
-11.79057257452056
 20
3.587324014393037
 30
0.0
 10
-11.73492595582647
 20
3.534568025541597
 30
0.0
 10
-11.6293084219197
 20
3.470532911473489
 30
0.0
 10
-11.49515182608817
 20
3.425400655959267
 30
0.0
 10
-11.34010966820915
 20
3.400225583024278
 30
0.0
 10
-11.16100789159069
 20
3.392855406298627
 30
0.0
 10
-10.95429542317499
 20
3.408019802589377
 30
0.0
 10
-10.72266946670467
 20
3.445748755355464
 30
0.0
 10
-10.41582849835534
 20
3.513586190217188
 30
0.0
 10
-10.03733444450216
 20
3.62301237124095
 30
0.0
 10
-9.594405858718325
 20
3.789546911116597
 30
0.0
 10
-9.306042930535295
 20
3.917590825983227
 30
0.0
 10
-9.16175179693695
 20
3.981661480775401
 30
0.0
  0
SPLINE
  5
183
330
1F
100
AcDbEntity
  8
0
  6
Continuous
 62
     7
370
    25
100
AcDbSpline
210
0.0
220
0.0
230
1.0
 70
     8
 71
     3
 72
     9
 73
     5
 74
     0
 42
0.00000001
 43
0.00000001
 40
0.0
 40
0.0
 40
0.0
 40
0.0
 40
0.562845478126436
 40
1.0
 40
1.0
 40
1.0
 40
1.0
 10
-10.61966159472115
 20
3.75829973676331
 30
0.0
 10
-10.70828362010378
 20
3.755442685191824
 30
0.0
 10
-10.86573718209672
 20
3.750366600044978
 30
0.0
 10
-11.0232544778422
 20
3.748048518375567
 30
0.0
 10
-11.09211387595063
 20
3.747035158491712
 30
0.0
  0
CIRCLE
  5
186
330
1F
100
AcDbEntity
  8
0
  6
Continuous
 62
     7
370
    25
100
AcDbCircle
 10
-11.3642118239
 20
3.6059550737
 30
0.0
 40
0.0590551181102388
  0
SPLINE
  5
187
330
1F
100
AcDbEntity
  8
0
  6
Continuous
 62
     7
370
    25
100
AcDbSpline
210
0.0
220
0.0
230
1.0
 70
     8
 71
     3
 72
     9
 73
     5
 74
     0
 42
0.00000001
 43
0.00000001
 40
0.0
 40
0.0
 40
0.0
 40
0.0
 40
0.5602772183836191
 40
0.9999999999999999
 40
0.9999999999999999
 40
0.9999999999999999
 40
0.9999999999999999
 10
-9.78694815107981
 20
3.836275783132753
 30
0.0
 10
-9.859702389893052
 20
3.826119628900764
 30
0.0
 10
-9.989556391494494
 20
3.807992612668887
 30
0.0
 10
-10.12001276004432
 20
3.794925752528045
 30
0.0
 10
-10.17737739730261
 20
3.789179956439921
 30
0.0
  0
CIRCLE
  5
18A
330
1F
100
AcDbEntity
  8
0
  6
Continuous
 62
     7
370
    25
100
AcDbCircle
 10
-10.3674834827
 20
3.6867796608
 30
0.0
 40
0.0590551181102388
  0
CIRCLE
  5
1A4
330
1F
100
AcDbEntity
  8
0
  6
Continuous
 62
     7
370
    25
100
AcDbCircle
 10
-0.4496990973
 20
-3.1247687558
 30
0.0
 40
0.0590551181102361
  0
CIRCLE
  5
1A5
330
1F
100
AcDbEntity
  8
0
  6
Continuous
 62
     7
370
    25
100
AcDbCircle
 10
2.5484733837
 20
-3.2294672459
 30
0.0
 40
0.0590551181102364
  0
CIRCLE
  5
1A6
330
1F
100
AcDbEntity
  8
0
  6
Continuous
 62
     7
370
    25
100
AcDbCircle
 10
1.0493871432
 20
-3.1771180009
 30
0.0
 40
0.4549999999999592
  0
SPLINE
  5
1DC
330
1F
100
AcDbEntity
  8
0
  6
Continuous
 62
     7
370
    25
100
AcDbSpline
210
0.0
220
0.0
230
1.0
 70
     8
 71
     3
 72
    55
 73
    51
 74
     0
 42
0.00000001
 43
0.00000001
 40
0.0
 40
0.0
 40
0.0
 40
0.0
 40
0.0190136358875782
 40
0.0394311578822572
 40
0.0602807673586435
 40
0.0807414835354871
 40
0.1008911534488375
 40
0.1209815928087886
 40
0.1411548651644126
 40
0.1966956792566837
 40
0.2521819736969201
 40
0.2900078264790376
 40
0.3278042987931131
 40
0.365604472428028
 40
0.4034169728383468
 40
0.4411608714670017
 40
0.4509984658853112
 40
0.4607219328702203
 40
0.4657594483853404
 40
0.4707176570746286
 40
0.4750932855376749
 40
0.4788933329767589
 40
0.4828154126548224
 40
0.4865167811554742
 40
0.4902777200286224
 40
0.4944157852317408
 40
0.4988488473699142
 40
0.5119336339534665
 40
0.52491841378924
 40
0.538027877487694
 40
0.5511230862291385
 40
0.5642685982350383
 40
0.5774308431751869
 40
0.5994690182379276
 40
0.6215456245088865
 40
0.6436577374074693
 40
0.6657956357196214
 40
0.6879435672395601
 40
0.7100872403524918
 40
0.7361887456047098
 40
0.7622817683490657
 40
0.7883559044229492
 40
0.8144501508365024
 40
0.8493233617882915
 40
0.8840832622201064
 40
0.9187287698130342
 40
0.9396046553379614
 40
0.9607637775860934
 40
0.9812062280180756
 40
1.0
 40
1.0
 40
1.0
 40
1.0
 10
-6.505708383525553
 20
-4.449025683332649
 30
0.0
 10
-6.364216186629111
 20
-4.406369131919052
 30
0.0
 10
-6.070784610053276
 20
-4.317906450533582
 30
0.0
 10
-5.614706667466766
 20
-4.209835769573601
 30
0.0
 10
-5.142920201726842
 20
-4.121642803043793
 30
0.0
 10
-4.668200093710314
 20
-4.066302921181395
 30
0.0
 10
-4.197518762115394
 20
-4.034136408718832
 30
0.0
 10
-3.728541073761088
 20
-4.012315232306942
 30
0.0
 10
-2.984598637790665
 20
-3.98353508206332
 30
0.0
 10
-1.965292462654944
 20
-3.956968534726912
 30
0.0
 10
-0.8084318590366087
 20
-3.955620683215435
 30
0.0
 10
0.2102793635871849
 20
-3.972854432682885
 30
0.0
 10
1.091529679990909
 20
-3.98938557683073
 30
0.0
 10
1.972800613792632
 20
-3.99942619580695
 30
0.0
 10
2.853532497646261
 20
-4.012279653450181
 30
0.0
 10
3.517162354850413
 20
-4.028364478168031
 30
0.0
 10
3.962394283828505
 20
-4.018728149251456
 30
0.0
 10
4.153281825710961
 20
-4.004242362260961
 30
0.0
 10
4.304455254760207
 20
-3.978042843933781
 30
0.0
 10
4.412937397201242
 20
-3.952041464907412
 30
0.0
 10
4.507301063825437
 20
-3.906664602920196
 30
0.0
 10
4.566437720975868
 20
-3.830591069696005
 30
0.0
 10
4.599552954950488
 20
-3.747073266993689
 30
0.0
 10
4.604608017741056
 20
-3.656839792960549
 30
0.0
 10
4.577547449836206
 20
-3.569449579244262
 30
0.0
 10
4.52959001485179
 20
-3.485964118484659
 30
0.0
 10
4.425237535595934
 20
-3.353628283153404
 30
0.0
 10
4.258040222697572
 20
-3.184119843624647
 30
0.0
 10
4.013445905417758
 20
-3.001388075905729
 30
0.0
 10
3.750620194785879
 20
-2.846649012119804
 30
0.0
 10
3.474232787581258
 20
-2.715034610389372
 30
0.0
 10
3.188464016398509
 20
-2.604384503171971
 30
0.0
 10
2.830014028716079
 20
-2.491145756728147
 30
0.0
 10
2.395819144340207
 20
-2.390364552331694
 30
0.0
 10
1.886530495237702
 20
-2.313574083141799
 30
0.0
 10
1.372758664927109
 20
-2.268951771661672
 30
0.0
 10
0.8569068762321543
 20
-2.250888159182389
 30
0.0
 10
0.3405488739835915
 20
-2.255602929614317
 30
0.0
 10
-0.2059264706371693
 20
-2.283153206107348
 30
0.0
 10
-0.7812776727792637
 20
-2.337506225332342
 30
0.0
 10
-1.383467451257458
 20
-2.424912375378427
 30
0.0
 10
-1.980076207278821
 20
-2.544481332367649
 30
0.0
 10
-2.63558219276361
 20
-2.712438610709256
 30
0.0
 10
-3.34538170227966
 20
-2.936496204121469
 30
0.0
 10
-4.105449494229948
 20
-3.218074298358255
 30
0.0
 10
-4.753626324744674
 20
-3.487287016940449
 30
0.0
 10
-5.293031942871345
 20
-3.7408146531453
 30
0.0
 10
-5.725346276020166
 20
-3.961899738327789
 30
0.0
 10
-6.138553758637697
 20
-4.184594218183191
 30
0.0
 10
-6.402507683764834
 20
-4.337251626881467
 30
0.0
 10
-6.528939067251313
 20
-4.410373052796568
 30
0.0
  0
CIRCLE
  5
1F6
330
1F
100
AcDbEntity
  8
0
  6
Continuous
 62
     7
370
    25
100
AcDbCircle
 10
-4.4931579151
 20
1.549530766
 30
0.0
 40
0.0590551181102371
  0
CIRCLE
  5
1F7
330
1F
100
AcDbEntity
  8
0
  6
Continuous
 62
     7
370
    25
100
AcDbCircle
 10
-1.4972693108
 20
1.3925228973
 30
0.0
 40
0.0590551181102365
  0
CIRCLE
  5
1F8
330
1F
100
AcDbEntity
  8
0
  6
Continuous
 62
     7
370
    25
100
AcDbCircle
 10
-2.995213613
 20
1.4710268317
 30
0.0
 40
0.4549999999999578
  0
SPLINE
  5
22E
330
1F
100
AcDbEntity
  8
0
  6
Continuous
 62
     7
370
    25
100
AcDbSpline
210
0.0
220
0.0
230
1.0
 70
     8
 71
     3
 72
    55
 73
    51
 74
     0
 42
0.00000001
 43
0.00000001
 40
0.0
 40
0.0
 40
0.0
 40
0.0
 40
0.0190136358875783
 40
0.0394311578822572
 40
0.0602807673586435
 40
0.0807414835354872
 40
0.1008911534488375
 40
0.1209815928087886
 40
0.1411548651644125
 40
0.1966956792566837
 40
0.2521819736969201
 40
0.2900078264790376
 40
0.327804298793113
 40
0.3656044724280279
 40
0.4034169728383467
 40
0.4411608714670017
 40
0.4509984658853112
 40
0.4607219328702202
 40
0.4657594483853403
 40
0.4707176570746285
 40
0.4750932855376748
 40
0.4788933329767588
 40
0.4828154126548224
 40
0.4865167811554741
 40
0.4902777200286223
 40
0.4944157852317407
 40
0.4988488473699141
 40
0.5119336339534664
 40
0.5249184137892399
 40
0.5380278774876939
 40
0.5511230862291384
 40
0.5642685982350382
 40
0.5774308431751868
 40
0.5994690182379275
 40
0.6215456245088864
 40
0.6436577374074693
 40
0.6657956357196213
 40
0.68794356723956
 40
0.7100872403524918
 40
0.7361887456047098
 40
0.7622817683490657
 40
0.7883559044229491
 40
0.8144501508365024
 40
0.8493233617882915
 40
0.8840832622201064
 40
0.9187287698130343
 40
0.9396046553379614
 40
0.9607637775860934
 40
0.9812062280180756
 40
1.0
 40
1.0
 40
1.0
 40
1.0
 10
-10.57135631186031
 20
0.3311674646970514
 30
0.0
 10
-10.42914120543831
 20
0.3713481399833155
 30
0.0
 10
-10.13421043324278
 20
0.4546762609379969
 30
0.0
 10
-9.676315860087918
 20
0.5547708245887157
 30
0.0
 10
-9.203062070215097
 20
0.6347165497508468
 30
0.0
 10
-8.727448450259914
 20
0.6817629948121364
 30
0.0
 10
-8.25627742266243
 20
0.7057100862576124
 30
0.0
 10
-7.786990329841925
 20
0.7193431499714645
 30
0.0
 10
-7.04265891702849
 20
0.7351353311003058
 30
0.0
 10
-6.023044336978608
 20
0.7439084865703766
 30
0.0
 10
-4.86633640558119
 20
0.7250661313519119
 30
0.0
 10
-3.848081108010983
 20
0.6900560443685279
 30
0.0
 10
-2.967253518545422
 20
0.6581474792991439
 30
0.0
 10
-2.086292039538701
 20
0.6327280910397555
 30
0.0
 10
-1.205918619183819
 20
0.6045057002410912
 30
0.0
 10
-0.5426705549197273
 20
0.5768413873281076
 30
0.0
 10
-0.0973382597921382
 20
0.5787058800017393
 30
0.0
 10
0.0937730208352311
 20
0.5898580137719601
 30
0.0
 10
0.2453806700813114
 20
0.6134152016593165
 30
0.0
 10
0.3543000768013068
 20
0.6375193461086511
 30
0.0
 10
0.4494413068202661
 20
0.6812424239171597
 30
0.0
 10
0.5098966233923248
 20
0.7562722937978381
 30
0.0
 10
0.5444644003939234
 20
0.8391994358116848
 30
0.0
 10
0.5510934845370191
 20
0.9293309438392887
 30
0.0
 10
0.5255622076161468
 20
1.01718011963224
 30
0.0
 10
0.4790690989741502
 20
1.101489837798836
 30
0.0
 10
0.3770420918907413
 20
1.2356267196221
 30
0.0
 10
0.2128285741341797
 20
1.408027337654407
 30
0.0
 10
-0.0285393811671567
 20
1.595000033877437
 30
0.0
 10
-0.2886244931373679
 20
1.754302471278568
 30
0.0
 10
-0.562672817169159
 20
1.890720452862809
 30
0.0
 10
-0.8464669537404181
 20
2.006341060274701
 30
0.0
 10
-1.202886059126145
 20
2.125818374781428
 30
0.0
 10
-1.635255938977693
 20
2.234161975307427
 30
0.0
 10
-2.143126842473333
 20
2.319829061434951
 30
0.0
 10
-2.656041656129535
 20
2.373411131519515
 30
0.0
 10
-3.171499624591776
 20
2.400474847900828
 30
0.0
 10
-3.687861267105398
 20
2.404772485273661
 30
0.0
 10
-4.234734199507073
 20
2.386763714643457
 30
0.0
 10
-4.810946363856917
 20
2.342460236670519
 30
0.0
 10
-5.414569873570795
 20
2.265577059770827
 30
0.0
 10
-6.013174529223539
 20
2.156438572207026
 30
0.0
 10
-6.671511936657438
 20
1.999947031453184
 30
0.0
 10
-7.385113684455789
 20
1.788311272626751
 30
0.0
 10
-8.149979929744351
 20
1.520041076122575
 30
0.0
 10
-8.802756449571051
 20
1.26218160543076
 30
0.0
 10
-9.346504580959548
 20
1.018106508794988
 30
0.0
 10
-9.782611537305295
 20
0.8046000213925999
 30
0.0
 10
-10.19964264099558
 20
0.5891509239146949
 30
0.0
 10
-10.4662206038037
 20
0.4411233968612097
 30
0.0
 10
-10.59390887602243
 20
0.3702196395844817
 30
0.0
  0
CIRCLE
  5
248
330
1F
100
AcDbEntity
  8
0
  6
Continuous
 62
     7
370
    25
100
AcDbCircle
 10
-4.347657059
 20
-0.3254438327
 30
0.0
 40
0.059055118110237
  0
CIRCLE
  5
249
330
1F
100
AcDbEntity
  8
0
  6
Continuous
 62
     7
370
    25
100
AcDbCircle
 10
-7.3435456633
 20
-0.168435964
 30
0.0
 40
0.059055118110237
  0
CIRCLE
  5
24A
330
1F
100
AcDbEntity
  8
0
  6
Continuous
 62
     7
370
    25
100
AcDbCircle
 10
-5.8456013612
 20
-0.2469398983
 30
0.0
 40
0.4549999999999587
  0
SPLINE
  5
280
330
1F
100
AcDbEntity
  8
0
  6
Continuous
 62
     7
370
    25
100
AcDbSpline
210
0.0
220
0.0
230
1.0
 70
     8
 71
     3
 72
    55
 73
    51
 74
     0
 42
0.00000001
 43
0.00000001
 40
0.0
 40
0.0
 40
0.0
 40
0.0
 40
0.0190136358875783
 40
0.0394311578822572
 40
0.0602807673586436
 40
0.0807414835354872
 40
0.1008911534488375
 40
0.1209815928087886
 40
0.1411548651644126
 40
0.1966956792566837
 40
0.2521819736969201
 40
0.2900078264790376
 40
0.3278042987931131
 40
0.365604472428028
 40
0.4034169728383468
 40
0.4411608714670018
 40
0.4509984658853112
 40
0.4607219328702204
 40
0.4657594483853404
 40
0.4707176570746288
 40
0.475093285537675
 40
0.478893332976759
 40
0.4828154126548225
 40
0.4865167811554743
 40
0.4902777200286225
 40
0.4944157852317409
 40
0.4988488473699144
 40
0.5119336339534667
 40
0.5249184137892402
 40
0.5380278774876941
 40
0.5511230862291386
 40
0.5642685982350384
 40
0.577430843175187
 40
0.5994690182379279
 40
0.6215456245088866
 40
0.6436577374074696
 40
0.6657956357196216
 40
0.6879435672395603
 40
0.7100872403524922
 40
0.7361887456047101
 40
0.762281768349066
 40
0.7883559044229494
 40
0.8144501508365026
 40
0.8493233617882917
 40
0.8840832622201066
 40
0.9187287698130344
 40
0.9396046553379616
 40
0.9607637775860937
 40
0.9812062280180758
 40
1.0
 40
1.0
 40
1.0
 40
1.0
 10
1.730541337728817
 20
0.892919468635163
 30
0.0
 10
1.588326231306814
 20
0.8527387933488999
 30
0.0
 10
1.293395459111288
 20
0.7694106723942205
 30
0.0
 10
0.8355008859564229
 20
0.6693161087435043
 30
0.0
 10
0.3622470960835957
 20
0.5893703835813773
 30
0.0
 10
-0.1133665238715814
 20
0.5423239385200915
 30
0.0
 10
-0.5845375514690675
 20
0.5183768470746175
 30
0.0
 10
-1.053824644289574
 20
0.5047437833607692
 30
0.0
 10
-1.798156057103008
 20
0.4889516022319331
 30
0.0
 10
-2.817770637152889
 20
0.4801784467618687
 30
0.0
 10
-3.974478568550309
 20
0.4990208019803425
 30
0.0
 10
-4.992733866120513
 20
0.5340308889637327
 30
0.0
 10
-5.873561455586076
 20
0.5659394540331232
 30
0.0
 10
-6.754522934592792
 20
0.5913588422925178
 30
0.0
 10
-7.634896354947677
 20
0.6195812330911882
 30
0.0
 10
-8.29814441921177
 20
0.6472455460041763
 30
0.0
 10
-8.74347671433936
 20
0.6453810533305482
 30
0.0
 10
-8.934587994966725
 20
0.6342289195603297
 30
0.0
 10
-9.08619564421281
 20
0.6106717316729722
 30
0.0
 10
-9.1951150509328
 20
0.5865675872236396
 30
0.0
 10
-9.290256280951763
 20
0.5428445094151318
 30
0.0
 10
-9.350711597523823
 20
0.4678146395344527
 30
0.0
 10
-9.385279374525421
 20
0.3848874975206056
 30
0.0
 10
-9.391908458668514
 20
0.2947559894930051
 30
0.0
 10
-9.366377181747648
 20
0.2069068137000512
 30
0.0
 10
-9.319884073105648
 20
0.122597095533454
 30
0.0
 10
-9.217857066022242
 20
-0.0115397862898068
 30
0.0
 10
-9.053643548265681
 20
-0.1839404043221176
 30
0.0
 10
-8.812275592964347
 20
-0.3709131005451487
 30
0.0
 10
-8.552190480994133
 20
-0.5302155379462828
 30
0.0
 10
-8.278142156962348
 20
-0.666633519530525
 30
0.0
 10
-7.994348020391088
 20
-0.7822541269424191
 30
0.0
 10
-7.637928915005361
 20
-0.9017314414491496
 30
0.0
 10
-7.205559035153819
 20
-1.010075041975149
 30
0.0
 10
-6.697688131658171
 20
-1.095742128102678
 30
0.0
 10
-6.184773318001974
 20
-1.149324198187245
 30
0.0
 10
-5.669315349539732
 20
-1.176387914568563
 30
0.0
 10
-5.152953707026112
 20
-1.180685551941398
 30
0.0
 10
-4.606080774624436
 20
-1.162676781311199
 30
0.0
 10
-4.029868610274594
 20
-1.118373303338265
 30
0.0
 10
-3.426245100560712
 20
-1.041490126438577
 30
0.0
 10
-2.827640444907969
 20
-0.9323516388747808
 30
0.0
 10
-2.169303037474066
 20
-0.7758600981209414
 30
0.0
 10
-1.455701289675714
 20
-0.5642243392945152
 30
0.0
 10
-0.6908350443871543
 20
-0.2959541427903447
 30
0.0
 10
-0.0380585245604501
 20
-0.038094672098533
 30
0.0
 10
0.5056896068280516
 20
0.2059804245372359
 30
0.0
 10
0.9417965631737973
 20
0.4194869119396186
 30
0.0
 10
1.358827666864086
 20
0.6349360094175206
 30
0.0
 10
1.625405629672204
 20
0.7829635364710051
 30
0.0
 10
1.753093901890938
 20
0.8538672937477322
 30
0.0
  0
CIRCLE
  5
29A
330
1F
100
AcDbEntity
  8
0
  6
Continuous
 62
     7
370
    25
100
AcDbCircle
 10
-4.1859498339
 20
-2.0989057481
 30
0.0
 40
0.0590551181102353
  0
CIRCLE
  5
29B
330
1F
100
AcDbEntity
  8
0
  6
Continuous
 62
     7
370
    25
100
AcDbCircle
 10
-7.1841223149
 20
-1.994207258
 30
0.0
 40
0.0590551181102373
  0
CIRCLE
  5
29C
330
1F
100
AcDbEntity
  8
0
  6
Continuous
 62
     7
370
    25
100
AcDbCircle
 10
-5.6850360744
 20
-2.0465565031
 30
0.0
 40
0.4549999999999585
  0
SPLINE
  5
2D2
330
1F
100
AcDbEntity
  8
0
  6
Continuous
 62
     7
370
    25
100
AcDbSpline
210
0.0
220
0.0
230
1.0
 70
     8
 71
     3
 72
    55
 73
    51
 74
     0
 42
0.00000001
 43
0.00000001
 40
0.0
 40
0.0
 40
0.0
 40
0.0
 40
0.0190136358875783
 40
0.0394311578822572
 40
0.0602807673586436
 40
0.0807414835354872
 40
0.1008911534488375
 40
0.1209815928087886
 40
0.1411548651644126
 40
0.1966956792566837
 40
0.2521819736969202
 40
0.2900078264790377
 40
0.3278042987931132
 40
0.3656044724280281
 40
0.4034169728383468
 40
0.4411608714670018
 40
0.4509984658853112
 40
0.4607219328702202
 40
0.4657594483853403
 40
0.4707176570746286
 40
0.4750932855376749
 40
0.4788933329767589
 40
0.4828154126548224
 40
0.4865167811554741
 40
0.4902777200286225
 40
0.4944157852317409
 40
0.4988488473699143
 40
0.5119336339534666
 40
0.5249184137892401
 40
0.5380278774876941
 40
0.5511230862291385
 40
0.5642685982350384
 40
0.5774308431751869
 40
0.5994690182379276
 40
0.6215456245088865
 40
0.6436577374074693
 40
0.6657956357196215
 40
0.6879435672395601
 40
0.7100872403524919
 40
0.7361887456047099
 40
0.7622817683490658
 40
0.7883559044229492
 40
0.8144501508365025
 40
0.8493233617882916
 40
0.8840832622201065
 40
0.9187287698130343
 40
0.9396046553379616
 40
0.9607637775860935
 40
0.9812062280180757
 40
0.9999999999999999
 40
0.9999999999999999
 40
0.9999999999999999
 40
0.9999999999999999
 10
1.870059452315809
 20
-0.7746488206135547
 30
0.0
 10
1.728567255419369
 20
-0.8173053720271507
 30
0.0
 10
1.435135678843534
 20
-0.9057680534126183
 30
0.0
 10
0.9790577362570188
 20
-1.013838734372597
 30
0.0
 10
0.5072712705170979
 20
-1.1020317009024
 30
0.0
 10
0.0325511625005652
 20
-1.157371582764795
 30
0.0
 10
-0.4381301690943529
 20
-1.189538095227354
 30
0.0
 10
-0.907107857448659
 20
-1.211359271639241
 30
0.0
 10
-1.651050293419081
 20
-1.240139421882858
 30
0.0
 10
-2.670356468554805
 20
-1.266705969219261
 30
0.0
 10
-3.827217072173138
 20
-1.268053820730729
 30
0.0
 10
-4.845928294796932
 20
-1.250820071263273
 30
0.0
 10
-5.727178611200656
 20
-1.234288927115421
 30
0.0
 10
-6.608449545002379
 20
-1.224248308139196
 30
0.0
 10
-7.489181428856007
 20
-1.211394850495957
 30
0.0
 10
-8.152811286060158
 20
-1.195310025778097
 30
0.0
 10
-8.59804321503825
 20
-1.204946354694678
 30
0.0
 10
-8.788930756920708
 20
-1.219432141685166
 30
0.0
 10
-8.940104185969956
 20
-1.245631660012348
 30
0.0
 10
-9.04858632841099
 20
-1.271633039038716
 30
0.0
 10
-9.142949995035186
 20
-1.31700990102593
 30
0.0
 10
-9.202086652185612
 20
-1.393083434250121
 30
0.0
 10
-9.235201886160237
 20
-1.476601236952437
 30
0.0
 10
-9.240256948950808
 20
-1.566834710985579
 30
0.0
 10
-9.213196381045956
 20
-1.654224924701864
 30
0.0
 10
-9.165238946061542
 20
-1.737710385461466
 30
0.0
 10
-9.060886466805684
 20
-1.870046220792725
 30
0.0
 10
-8.893689153907326
 20
-2.039554660321481
 30
0.0
 10
-8.649094836627512
 20
-2.2222864280404
 30
0.0
 10
-8.386269125995634
 20
-2.377025491826326
 30
0.0
 10
-8.109881718791012
 20
-2.508639893556762
 30
0.0
 10
-7.824112947608268
 20
-2.619290000774165
 30
0.0
 10
-7.465662959925835
 20
-2.732528747217991
 30
0.0
 10
-7.031468075549967
 20
-2.833309951614449
 30
0.0
 10
-6.52217942644746
 20
-2.910100420804345
 30
0.0
 10
-6.008407596136867
 20
-2.954722732284477
 30
0.0
 10
-5.492555807441916
 20
-2.972786344763763
 30
0.0
 10
-4.976197805193348
 20
-2.96807157433184
 30
0.0
 10
-4.429722460572592
 20
-2.940521297838813
 30
0.0
 10
-3.854371258430494
 20
-2.886168278613821
 30
0.0
 10
-3.252181479952303
 20
-2.798762128567742
 30
0.0
 10
-2.655572723930933
 20
-2.679193171578522
 30
0.0
 10
-2.000066738446147
 20
-2.511235893236923
 30
0.0
 10
-1.290267228930093
 20
-2.287178299824711
 30
0.0
 10
-0.5301994369798059
 20
-2.005600205587931
 30
0.0
 10
0.1179773935349213
 20
-1.736387487005743
 30
0.0
 10
0.6573830116615972
 20
-1.482859850800894
 30
0.0
 10
1.089697344810422
 20
-1.261774765618409
 30
0.0
 10
1.502904827427948
 20
-1.039080285763013
 30
0.0
 10
1.766858752555089
 20
-0.8864228770647362
 30
0.0
 10
1.893290136041569
 20
-0.813301451149636
 30
0.0
  0
SPLINE
  5
2D6
330
1F
100
AcDbEntity
  8
0
  6
Continuous
 62
     7
370
    25
100
AcDbSpline
210
0.0
220
0.0
230
1.0
 70
     8
 71
     3
 72
    10
 73
     6
 74
     0
 42
0.00000001
 43
0.00000001
 40
0.0
 40
0.0
 40
0.0
 40
0.0
 40
0.3344125491347443
 40
0.6677053124600844
 40
0.9999999999999999
 40
0.9999999999999999
 40
0.9999999999999999
 40
0.9999999999999999
 10
2.562828656630282
 20
3.980225575615123
 30
0.0
 10
2.333586157375615
 20
3.919899367283501
 30
0.0
 10
1.875868781068981
 20
3.799448953900931
 30
0.0
 10
1.200122057698775
 20
3.584383455038457
 30
0.0
 10
0.7574302801287031
 20
3.421296317426674
 30
0.0
 10
0.5364163086169157
 20
3.339875026559433
 30
0.0
  0
SPLINE
  5
2DA
330
1F
100
AcDbEntity
  8
0
  6
Continuous
 62
     7
370
    25
100
AcDbSpline
210
0.0
220
0.0
230
1.0
 70
     8
 71
     3
 72
    10
 73
     6
 74
     0
 42
0.00000001
 43
0.00000001
 40
0.0
 40
0.0
 40
0.0
 40
0.0
 40
0.3340008855489984
 40
0.6665136185795331
 40
1.0
 40
1.0
 40
1.0
 40
1.0
 10
0.5872400025382403
 20
2.978544952626252
 30
0.0
 10
0.8151896655665116
 20
2.983783272843517
 30
0.0
 10
1.270073354001133
 20
2.994236573760814
 30
0.0
 10
1.952702558792508
 20
2.98410727571818
 30
0.0
 10
2.407188168789939
 20
2.97388814956332
 30
0.0
 10
2.634763188331302
 20
2.968771116629317
 30
0.0
  0
SPLINE
  5
2DD
330
1F
100
AcDbEntity
  8
0
  6
Continuous
 62
     7
370
    25
100
AcDbSpline
210
0.0
220
0.0
230
1.0
 70
     8
 71
     3
 72
    19
 73
    15
 74
     0
 42
0.00000001
 43
0.00000001
 40
0.0
 40
0.0
 40
0.0
 40
0.0
 40
0.1301445324710017
 40
0.2556147447423851
 40
0.3185347350074231
 40
0.3678121316702186
 40
0.4017106865793156
 40
0.4704256405087466
 40
0.5368986000605415
 40
0.580913725784567
 40
0.6374970660269947
 40
0.7058905790103889
 40
0.8548929662719978
 40
1.0
 40
1.0
 40
1.0
 40
1.0
 10
9.306935508740546
 20
2.582221156605856
 30
0.0
 10
9.355213433341305
 20
2.583500936733995
 30
0.0
 10
9.450035314362431
 20
2.586014531923659
 30
0.0
 10
9.567775387759506
 20
2.599331757492644
 30
0.0
 10
9.654170238383342
 20
2.61665905515109
 30
0.0
 10
9.70676634028178
 20
2.631074418166968
 30
0.0
 10
9.755861679161125
 20
2.660369284846934
 30
0.0
 10
9.792338673096795
 20
2.714121555040744
 30
0.0
 10
9.810431060145099
 20
2.780178440259855
 30
0.0
 10
9.79947692489482
 20
2.84222099150349
 30
0.0
 10
9.775139234617361
 20
2.900309675892279
 30
0.0
 10
9.721543392295423
 20
2.986996524482004
 30
0.0
 10
9.637214973985172
 20
3.092252236730761
 30
0.0
 10
9.561905910338684
 20
3.171241103829392
 30
0.0
 10
9.524750096690127
 20
3.210212450492317
 30
0.0
  0
CIRCLE
  5
2E5
330
1F
100
AcDbEntity
  8
0
  6
Continuous
 62
     7
370
    25
100
AcDbCircle
 10
7.8401222921
 20
3.2171497544
 30
0.0
 40
0.0590551199999824
  0
CIRCLE
  5
2E6
330
1F
100
AcDbEntity
  8
0
  6
Continuous
 62
     7
370
    25
100
AcDbCircle
 10
7.8246089949
 20
3.4666679654
 30
0.0
 40
0.0590551199999859
  0
CIRCLE
  5
2E7
330
1F
100
AcDbEntity
  8
0
  6
Continuous
 62
     7
370
    25
100
AcDbCircle
 10
7.1671025637
 20
3.5672158001
 30
0.0
 40
0.0590551200000008
  0
CIRCLE
  5
2E8
330
1F
100
AcDbEntity
  8
0
  6
Continuous
 62
     7
370
    25
100
AcDbCircle
 10
7.1875348636
 20
3.2385796063
 30
0.0
 40
0.0590551199999834
  0
CIRCLE
  5
2E9
330
1F
100
AcDbEntity
  8
0
  6
Continuous
 62
     7
370
    25
100
AcDbCircle
 10
5.3961756067
 20
3.8187546673
 30
0.0
 40
0.0590551199999831
  0
CIRCLE
  5
2EA
330
1F
100
AcDbEntity
  8
0
  6
Continuous
 62
     7
370
    25
100
AcDbCircle
 10
5.427983363
 20
3.3071539175
 30
0.0
 40
0.0590551200000016
  0
CIRCLE
  5
2EB
330
1F
100
AcDbEntity
  8
0
  6
Continuous
 62
     7
370
    25
100
AcDbCircle
 10
3.7247730564
 20
3.7774982193
 30
0.0
 40
0.0590551199999844
  0
CIRCLE
  5
2EC
330
1F
100
AcDbEntity
  8
0
  6
Continuous
 62
     7
370
    25
100
AcDbCircle
 10
3.7468114045
 20
3.4230301037
 30
0.0
 40
0.0590551199999839
  0
CIRCLE
  5
2ED
330
1F
100
AcDbEntity
  8
0
  6
Continuous
 62
     7
370
    25
100
AcDbCircle
 10
3.1475360127
 20
3.7269965219
 30
0.0
 40
0.0590551199999844
  0
CIRCLE
  5
2EE
330
1F
100
AcDbEntity
  8
0
  6
Continuous
 62
     7
370
    25
100
AcDbCircle
 10
3.1695743609
 20
3.3725284063
 30
0.0
 40
0.0590551199999835
  0
CIRCLE
  5
2EF
330
1F
100
AcDbEntity
  8
0
  6
Continuous
 62
     7
370
    25
100
AcDbCircle
 10
6.3852942393
 20
3.4727266711
 30
0.0
 40
0.4549999999999696
  0
SPLINE
  5
2F0
330
1F
100
AcDbEntity
  8
0
  6
Continuous
 62
     7
370
    25
100
AcDbSpline
210
0.0
220
0.0
230
1.0
 70
     8
 71
     3
 72
    55
 73
    51
 74
     0
 42
0.00000001
 43
0.00000001
 40
0.0
 40
0.0
 40
0.0
 40
0.0
 40
0.0188262787386043
 40
0.0390381900319179
 40
0.0596942791746284
 40
0.0799758069448045
 40
0.0999432623244324
 40
0.1198414268171935
 40
0.1398193628827931
 40
0.1948381073448074
 40
0.2497998271880856
 40
0.2880659259170847
 40
0.3263018103589984
 40
0.3645395409928936
 40
0.4027908056747349
 40
0.4409742295559968
 40
0.4509267572912451
 40
0.4607630951501062
 40
0.4658590057643945
 40
0.4708661746080627
 40
0.4752754176871878
 40
0.4791359957262268
 40
0.4830934363121961
 40
0.4868247803731681
 40
0.4906586769519782
 40
0.4948821301522925
 40
0.4993871671178058
 40
0.5125909306753784
 40
0.5257442188302445
 40
0.5390031131771954
 40
0.5522537141232786
 40
0.5655544903250335
 40
0.5788705363531965
 40
0.6008357701119236
 40
0.6228394598930954
 40
0.6448776575308176
 40
0.6669408941158675
 40
0.689013181702315
 40
0.7110809988095683
 40
0.7370935594378747
 40
0.763096626328764
 40
0.7890815100957451
 40
0.8150878854893233
 40
0.8498427295086491
 40
0.8844799951524686
 40
0.9190105545013079
 40
0.9398213010845899
 40
0.9609072921755222
 40
0.9812735627294814
 40
1.0
 40
1.0
 40
1.0
 40
1.0
 10
-1.226013796383422
 20
2.597965242804137
 30
0.0
 10
-1.083903560356456
 20
2.632833825921136
 30
0.0
 10
-0.7892236357399436
 20
2.705137354024855
 30
0.0
 10
-0.3326619492529059
 20
2.788666311958455
 30
0.0
 10
0.1385345296415466
 20
2.852145834618307
 30
0.0
 10
0.6111285311053601
 20
2.88326054031424
 30
0.0
 10
1.078537126540414
 20
2.891440388681394
 30
0.0
 10
1.543587494141182
 20
2.888979033198519
 30
0.0
 10
2.280950992393236
 20
2.879227128893599
 30
0.0
 10
3.29060799542567
 20
2.853160375638998
 30
0.0
 10
4.441308303077565
 20
2.795493832998519
 30
0.0
 10
5.460511971262659
 20
2.725312498886606
 30
0.0
 10
6.349876825774659
 20
2.661674098394548
 30
0.0
 10
7.23961299820957
 20
2.604809768167483
 30
0.0
 10
8.128674924638064
 20
2.545368591237971
 30
0.0
 10
8.798247004534856
 20
2.493879547998244
 30
0.0
 10
9.248535212044105
 20
2.479793003761179
 30
0.0
 10
9.442170631082234
 20
2.484219358019875
 30
0.0
 10
9.596159973398093
 20
2.502908846659186
 30
0.0
 10
9.7069882769992
 20
2.52341329781686
 30
0.0
 10
9.80408340974121
 20
2.56586998123589
 30
0.0
 10
9.86630614406145
 20
2.640780317518049
 30
0.0
 10
9.902694006641488
 20
2.724073428731658
 30
0.0
 10
9.909879597775392
 20
2.815312173998699
 30
0.0
 10
9.88472788662375
 20
2.904746174371242
 30
0.0
 10
9.838837754177788
 20
2.991373844047847
 30
0.0
 10
9.738794176936189
 20
3.129621343372054
 30
0.0
 10
9.578010493814201
 20
3.308980066428917
 30
0.0
 10
9.33899730516647
 20
3.504437011158568
 30
0.0
 10
9.080534978248421
 20
3.673144294745633
 30
0.0
 10
8.807277504757447
 20
3.81892394944193
 30
0.0
 10
8.523621068095238
 20
3.94410226145524
 30
0.0
 10
8.16903708431032
 20
4.074350890670528
 30
0.0
 10
7.739999572256258
 20
4.195358170200126
 30
0.0
 10
7.236687797448174
 20
4.296239676244102
 30
0.0
 10
6.727445720227858
 20
4.365822682904308
 30
0.0
 10
6.214878101348066
 20
4.409433464165798
 30
0.0
 10
5.700694591645488
 20
4.43058294949264
 30
0.0
 10
5.155397034011695
 20
4.430639258443199
 30
0.0
 10
4.580013151430705
 20
4.405555129701374
 30
0.0
 10
3.97624953447461
 20
4.348925925472285
 30
0.0
 10
3.376400938311237
 20
4.260084931202191
 30
0.0
 10
2.715434913888809
 20
4.126252504476263
 30
0.0
 10
1.997539594213164
 20
3.939623046933558
 30
0.0
 10
1.22654499913381
 20
3.698642435699212
 30
0.0
 10
0.5674971124004856
 20
3.464197312163182
 30
0.0
 10
0.0174837688326088
 20
3.239753785899217
 30
0.0
 10
-0.4242399332996864
 20
3.042176657969859
 30
0.0
 10
-0.8469901099846873
 20
2.842086143136236
 30
0.0
 10
-1.117573260853751
 20
2.703951050832165
 30
0.0
 10
-1.247189720884081
 20
2.637780701300384
 30
0.0
  0
SPLINE
  5
2FC
330
1F
100
AcDbEntity
  8
0
  6
Continuous
 62
     7
370
    25
100
AcDbSpline
210
0.0
220
0.0
230
1.0
 70
     8
 71
     3
 72
     9
 73
     5
 74
     0
 42
0.00000001
 43
0.00000001
 40
0.0
 40
0.0
 40
0.0
 40
0.0
 40
0.4979340491079662
 40
1.0
 40
1.0
 40
1.0
 40
1.0
 10
9.265113435726558
 20
3.427712073755842
 30
0.0
 10
9.156672722327816
 20
3.500278913845387
 30
0.0
 10
8.938891444680689
 20
3.646014760228152
 30
0.0
 10
8.700224392385264
 20
3.75421920023702
 30
0.0
 10
8.580397791827965
 20
3.808544965300813
 30
0.0
  0
SPLINE
  5
306
330
1F
100
AcDbEntity
  8
0
  6
Continuous
 62
     7
370
    25
100
AcDbSpline
210
0.0
220
0.0
230
1.0
 70
     8
 71
     3
 72
    10
 73
     6
 74
     0
 42
0.00000001
 43
0.00000001
 40
0.0
 40
0.0
 40
0.0
 40
0.0
 40
0.3340008855489898
 40
0.6665136185795331
 40
1.0
 40
1.0
 40
1.0
 40
1.0
 10
10.04980933202932
 20
2.355401403546815
 30
0.0
 10
9.821859669001055
 20
2.350163083329554
 30
0.0
 10
9.366975980566433
 20
2.339709782412265
 30
0.0
 10
8.684346775775056
 20
2.349839080454893
 30
0.0
 10
8.229861165777622
 20
2.360058206609755
 30
0.0
 10
8.002286146236258
 20
2.365175239543759
 30
0.0
  0
CIRCLE
  5
30C
330
1F
100
AcDbEntity
  8
0
  6
Continuous
 62
     7
370
    25
100
AcDbCircle
 10
2.7969270425
 20
2.1167966018
 30
0.0
 40
0.0590551200000007
  0
CIRCLE
  5
30D
330
1F
100
AcDbEntity
  8
0
  6
Continuous
 62
     7
370
    25
100
AcDbCircle
 10
2.8124403396
 20
1.8672783908
 30
0.0
 40
0.0590551200000012
  0
CIRCLE
  5
30E
330
1F
100
AcDbEntity
  8
0
  6
Continuous
 62
     7
370
    25
100
AcDbCircle
 10
3.4699467709
 20
1.766730556
 30
0.0
 40
0.0590551199999835
  0
CIRCLE
  5
30F
330
1F
100
AcDbEntity
  8
0
  6
Continuous
 62
     7
370
    25
100
AcDbCircle
 10
3.449514471
 20
2.0953667499
 30
0.0
 40
0.0590551200000007
  0
CIRCLE
  5
310
330
1F
100
AcDbEntity
  8
0
  6
Continuous
 62
     7
370
    25
100
AcDbCircle
 10
5.2408737279
 20
1.5151916889
 30
0.0
 40
0.0590551199999999
  0
CIRCLE
  5
311
330
1F
100
AcDbEntity
  8
0
  6
Continuous
 62
     7
370
    25
100
AcDbCircle
 10
5.2090659716
 20
2.0267924387
 30
0.0
 40
0.0590551200000016
  0
CIRCLE
  5
312
330
1F
100
AcDbEntity
  8
0
  6
Continuous
 62
     7
370
    25
100
AcDbCircle
 10
6.9122762782
 20
1.5564481368
 30
0.0
 40
0.0590551200000193
  0
CIRCLE
  5
313
330
1F
100
AcDbEntity
  8
0
  6
Continuous
 62
     7
370
    25
100
AcDbCircle
 10
6.89023793
 20
1.9109162524
 30
0.0
 40
0.0590551200000025
  0
CIRCLE
  5
314
330
1F
100
AcDbEntity
  8
0
  6
Continuous
 62
     7
370
    25
100
AcDbCircle
 10
7.4895133218
 20
1.6069498343
 30
0.0
 40
0.0590551200000008
  0
CIRCLE
  5
315
330
1F
100
AcDbEntity
  8
0
  6
Continuous
 62
     7
370
    25
100
AcDbCircle
 10
7.4674749737
 20
1.9614179499
 30
0.0
 40
0.0590551200000008
  0
CIRCLE
  5
316
330
1F
100
AcDbEntity
  8
0
  6
Continuous
 62
     7
370
    25
100
AcDbCircle
 10
4.2517550953
 20
1.8612196851
 30
0.0
 40
0.4549999999999498
  0
SPLINE
  5
317
330
1F
100
AcDbEntity
  8
0
  6
Continuous
 62
     7
370
    25
100
AcDbSpline
210
0.0
220
0.0
230
1.0
 70
     8
 71
     3
 72
    55
 73
    51
 74
     0
 42
0.00000001
 43
0.00000001
 40
0.0
 40
0.0
 40
0.0
 40
0.0
 40
0.0188262787386035
 40
0.0390381900319171
 40
0.0596942791746276
 40
0.0799758069448045
 40
0.0999432623244316
 40
0.1198414268171928
 40
0.1398193628827924
 40
0.1948381073448059
 40
0.2497998271880849
 40
0.2880659259170841
 40
0.3263018103589971
 40
0.3645395409928934
 40
0.4027908056747336
 40
0.4409742295559964
 40
0.4509267572912443
 40
0.4607630951501053
 40
0.465859005764394
 40
0.4708661746080622
 40
0.4752754176871871
 40
0.4791359957262261
 40
0.4830934363121955
 40
0.4868247803731672
 40
0.4906586769519777
 40
0.4948821301522915
 40
0.499387167117805
 40
0.5125909306753776
 40
0.5257442188302437
 40
0.5390031131771944
 40
0.5522537141232777
 40
0.5655544903250327
 40
0.5788705363531955
 40
0.6008357701119224
 40
0.622839459893095
 40
0.6448776575308164
 40
0.6669408941158664
 40
0.6890131817023145
 40
0.711080998809568
 40
0.7370935594378744
 40
0.7630966263287636
 40
0.789081510095744
 40
0.815087885489323
 40
0.8498427295086486
 40
0.8844799951524673
 40
0.9190105545013072
 40
0.9398213010845893
 40
0.9609072921755222
 40
0.9812735627294816
 40
1.0
 40
1.0
 40
1.0
 40
1.0
 10
11.86306313095098
 20
2.735981113368912
 30
0.0
 10
11.72095289492402
 20
2.701112530251917
 30
0.0
 10
11.42627297030751
 20
2.628809002148204
 30
0.0
 10
10.96971128382048
 20
2.5452800442146
 30
0.0
 10
10.49851480492602
 20
2.481800521554762
 30
0.0
 10
10.02592080346221
 20
2.450685815858823
 30
0.0
 10
9.55851220802716
 20
2.442505967491686
 30
0.0
 10
9.093461840426395
 20
2.444967322974556
 30
0.0
 10
8.356098342174347
 20
2.454719227279476
 30
0.0
 10
7.346441339141911
 20
2.480785980534087
 30
0.0
 10
6.195741031490017
 20
2.538452523174575
 30
0.0
 10
5.176537363304925
 20
2.608633857286484
 30
0.0
 10
4.287172508792922
 20
2.672272257778557
 30
0.0
 10
3.397436336358016
 20
2.729136588005625
 30
0.0
 10
2.508374409929513
 20
2.78857776493515
 30
0.0
 10
1.838802330032732
 20
2.840066808174879
 30
0.0
 10
1.388514122523477
 20
2.854153352411936
 30
0.0
 10
1.194878703485349
 20
2.849726998153255
 30
0.0
 10
1.040889361169483
 20
2.831037509513942
 30
0.0
 10
0.9300610575683804
 20
2.810533058356264
 30
0.0
 10
0.8329659248263608
 20
2.768076374937251
 30
0.0
 10
0.7707431905061379
 20
2.693166038655077
 30
0.0
 10
0.7343553279261003
 20
2.609872927441471
 30
0.0
 10
0.7271697367921826
 20
2.518634182174431
 30
0.0
 10
0.7523214479438372
 20
2.429200181801895
 30
0.0
 10
0.7982115803897921
 20
2.342572512125283
 30
0.0
 10
0.8982551576313803
 20
2.204325012801073
 30
0.0
 10
1.059038840753378
 20
2.024966289744214
 30
0.0
 10
1.298052029401102
 20
1.82950934501456
 30
0.0
 10
1.556514356319151
 20
1.660802061427495
 30
0.0
 10
1.829771829810117
 20
1.515022406731186
 30
0.0
 10
2.113428266472329
 20
1.38984409471788
 30
0.0
 10
2.468012250257245
 20
1.259595465502602
 30
0.0
 10
2.897049762311311
 20
1.13858818597299
 30
0.0
 10
3.40036153711939
 20
1.037706679929008
 30
0.0
 10
3.909603614339708
 20
0.9681236732688046
 30
0.0
 10
4.422171233219498
 20
0.9245128920073019
 30
0.0
 10
4.936354742922087
 20
0.9033634066804611
 30
0.0
 10
5.481652300555882
 20
0.9033070977299077
 30
0.0
 10
6.057036183136868
 20
0.9283912264717011
 30
0.0
 10
6.660799800092963
 20
0.9850204307008111
 30
0.0
 10
7.260648396256332
 20
1.073861424970907
 30
0.0
 10
7.92161442067876
 20
1.207693851696815
 30
0.0
 10
8.639509740354411
 20
1.394323309239514
 30
0.0
 10
9.410504335433755
 20
1.635303920473862
 30
0.0
 10
10.06955222216709
 20
1.869749044009869
 30
0.0
 10
10.61956556573497
 20
2.094192570273849
 30
0.0
 10
11.06128926786728
 20
2.291769698203181
 30
0.0
 10
11.48403944455228
 20
2.491860213036827
 30
0.0
 10
11.75462259542134
 20
2.629995305340883
 30
0.0
 10
11.88423905545167
 20
2.696165654872656
 30
0.0
  0
SPLINE
  5
327
330
1F
100
AcDbEntity
  8
0
  6
Continuous
 62
     7
370
    25
100
AcDbSpline
210
0.0
220
0.0
230
1.0
 70
     8
 71
     3
 72
    19
 73
    15
 74
     0
 42
0.00000001
 43
0.00000001
 40
0.0
 40
0.0
 40
0.0
 40
0.0
 40
0.1301445324710018
 40
0.2556147447423843
 40
0.318534735007424
 40
0.3678121316702171
 40
0.4017106865793275
 40
0.4704256405087493
 40
0.5368986000605441
 40
0.5809137257845619
 40
0.6374970660269942
 40
0.7058905790103843
 40
0.8548929662720031
 40
1.0
 40
1.0
 40
1.0
 40
1.0
 10
1.33011382582704
 20
2.751725199567262
 30
0.0
 10
1.281835901226279
 20
2.750445419439122
 30
0.0
 10
1.187014020205154
 20
2.747931824249453
 30
0.0
 10
1.069273946808077
 20
2.734614598680494
 30
0.0
 10
0.9828790961842486
 20
2.717287301022024
 30
0.0
 10
0.9302829942858007
 20
2.702871938006155
 30
0.0
 10
0.881187655406444
 20
2.673577071326204
 30
0.0
 10
0.8447106614707941
 20
2.619824801132376
 30
0.0
 10
0.8266182744224856
 20
2.553767915913275
 30
0.0
 10
0.8375724096727678
 20
2.491725364669643
 30
0.0
 10
0.8619100999502106
 20
2.433636680280851
 30
0.0
 10
0.9155059422721454
 20
2.346949831691115
 30
0.0
 10
0.9998343605824134
 20
2.241694119442376
 30
0.0
 10
1.075143424228897
 20
2.162705252343736
 30
0.0
 10
1.11229923787745
 20
2.123733905680811
 30
0.0
  0
SPLINE
  5
329
330
1F
100
AcDbEntity
  8
0
  6
Continuous
 62
     7
370
    25
100
AcDbSpline
210
0.0
220
0.0
230
1.0
 70
     8
 71
     3
 72
    10
 73
     6
 74
     0
 42
0.00000001
 43
0.00000001
 40
0.0
 40
0.0
 40
0.0
 40
0.0
 40
0.3344125491347448
 40
0.6677053124600839
 40
1.0
 40
1.0
 40
1.0
 40
1.0
 10
8.074220677937294
 20
1.353720780557952
 30
0.0
 10
8.303463177191961
 20
1.414046988889576
 30
0.0
 10
8.761180553498592
 20
1.534497402272147
 30
0.0
 10
9.436927276868806
 20
1.749562901134608
 30
0.0
 10
9.879619054438875
 20
1.912650038746391
 30
0.0
 10
10.10063302595066
 20
1.994071329613634
 30
0.0
  0
SPLINE
  5
32C
330
1F
100
AcDbEntity
  8
0
  6
Continuous
 62
     7
370
    25
100
AcDbSpline
210
0.0
220
0.0
230
1.0
 70
     8
 71
     3
 72
     9
 73
     5
 74
     0
 42
0.00000001
 43
0.00000001
 40
0.0
 40
0.0
 40
0.0
 40
0.0
 40
0.4979340491079534
 40
0.9999999999999999
 40
0.9999999999999999
 40
0.9999999999999999
 40
0.9999999999999999
 10
1.371935898841018
 20
1.906234282417277
 30
0.0
 10
1.480376612239756
 20
1.833667442327734
 30
0.0
 10
1.698157889886885
 20
1.687931595944973
 30
0.0
 10
1.936824942182308
 20
1.579727155936107
 30
0.0
 10
2.056651542739612
 20
1.525401390872315
 30
0.0
  0
SPLINE
  5
32E
330
1F
100
AcDbEntity
  8
0
  6
Continuous
 62
     7
370
    25
100
AcDbSpline
210
0.0
220
0.0
230
1.0
 70
     8
 71
     3
 72
    14
 73
    10
 74
     0
 42
0.00000001
 43
0.00000001
 40
0.0
 40
0.0
 40
0.0
 40
0.0
 40
0.1160781187520751
 40
0.2209888979368446
 40
0.3254921144219471
 40
0.4354121102794582
 40
0.5493991998218654
 40
0.7777945681892616
 40
1.0
 40
1.0
 40
1.0
 40
1.0
 10
-5.628361344423296
 20
2.969671206860588
 30
0.0
 10
-5.547162551443084
 20
2.970469635671034
 30
0.0
 10
-5.392576726246999
 20
2.971989680144519
 30
0.0
 10
-5.164906841523848
 20
2.975646160217642
 30
0.0
 10
-4.941553255171451
 20
2.97967640150071
 30
0.0
 10
-4.711854051647769
 20
2.9840372198487
 30
0.0
 10
-4.395528991003132
 20
2.991175642669564
 30
0.0
 10
-4.000690709519295
 20
3.002016729269518
 30
0.0
 10
-3.685888313966516
 20
3.018413807392586
 30
0.0
 10
-3.530649348098708
 20
3.026499722515972
 30
0.0
  0
SPLINE
  5
332
330
1F
100
AcDbEntity
  8
0
  6
Continuous
 62
     7
370
    25
100
AcDbSpline
210
0.0
220
0.0
230
1.0
 70
     8
 71
     3
 72
     9
 73
     5
 74
     0
 42
0.00000001
 43
0.00000001
 40
0.0
 40
0.0
 40
0.0
 40
0.0
 40
0.4997237150160886
 40
1.0
 40
1.0
 40
1.0
 40
1.0
 10
-3.502505238262587
 20
2.767924626637978
 30
0.0
 10
-3.850861767484165
 20
2.697740632033427
 30
0.0
 10
-4.547960021487104
 20
2.557295036806292
 30
0.0
 10
-5.250801420375803
 20
2.44919735981802
 30
0.0
 10
-5.602416304344735
 20
2.395118655558936
 30
0.0
  0
SPLINE
  5
335
330
1F
100
AcDbEntity
  8
0
  6
Continuous
 62
     7
370
    25
100
AcDbSpline
210
0.0
220
0.0
230
1.0
 70
     8
 71
     3
 72
    13
 73
     9
 74
     0
 42
0.00000001
 43
0.00000001
 40
0.0
 40
0.0
 40
0.0
 40
0.0
 40
0.1400055923962396
 40
0.279995520887155
 40
0.4199993768585921
 40
0.5600017925973562
 40
0.7800055064700474
 40
1.0
 40
1.0
 40
1.0
 40
1.0
 10
-11.6364990735688
 20
3.157208066873889
 30
0.0
 10
-11.40881497839999
 20
3.162527505136875
 30
0.0
 10
-10.95347226148845
 20
3.173165786521068
 30
0.0
 10
-10.27016310781707
 20
3.172247468479709
 30
0.0
 10
-9.5872498171179
 20
3.151463249299673
 30
0.0
 10
-8.774340864540553
 20
3.125094009083833
 30
0.0
 10
-7.831381766423338
 20
3.093796709161035
 30
0.0
 10
-7.115852580880243
 20
3.076728416713343
 30
0.0
 10
-6.758095485212342
 20
3.068194449326028
 30
0.0
  0
SPLINE
  5
336
330
1F
100
AcDbEntity
  8
0
  6
Continuous
 62
     7
370
    25
100
AcDbSpline
210
0.0
220
0.0
230
1.0
 70
     8
 71
     3
 72
    19
 73
    15
 74
     0
 42
0.00000001
 43
0.00000001
 40
0.0
 40
0.0
 40
0.0
 40
0.0
 40
0.0927392820555994
 40
0.1726417761615715
 40
0.2415899269570641
 40
0.3014662264281319
 40
0.3541531791488726
 40
0.4015332292451448
 40
0.4697927081222115
 40
0.5368780975110435
 40
0.6074088178502559
 40
0.7393772308776764
 40
0.8727123900766796
 40
0.9999999999999999
 40
0.9999999999999999
 40
0.9999999999999999
 40
0.9999999999999999
 10
-6.758095485212342
 20
3.068194449326028
 30
0.0
 10
-6.655309536598766
 20
3.067916998517263
 30
0.0
 10
-6.463965067030183
 20
3.067400501091784
 30
0.0
 10
-6.196202002487736
 20
3.06727891444881
 30
0.0
 10
-5.964862522299549
 20
3.06768476054908
 30
0.0
 10
-5.763688633416771
 20
3.068595371664022
 30
0.0
 10
-5.586422602883555
 20
3.069956065651366
 30
0.0
 10
-5.399871210557261
 20
3.072007291120329
 30
0.0
 10
-5.197373128430767
 20
3.075073914529498
 30
0.0
 10
-4.969231136327415
 20
3.079194014143772
 30
0.0
 10
-4.670492197708156
 20
3.08479115295063
 30
0.0
 10
-4.298382960217261
 20
3.093604548494736
 30
0.0
 10
-3.863449716869825
 20
3.107644475076426
 30
0.0
 10
-3.575078815964382
 20
3.124607391387917
 30
0.0
 10
-3.434239077090835
 20
3.132892043883515
 30
0.0
  0
SPLINE
  5
337
330
1F
100
AcDbEntity
  8
0
  6
Continuous
 62
     7
370
    25
100
AcDbSpline
210
0.0
220
0.0
230
1.0
 70
     8
 71
     3
 72
    11
 73
     7
 74
     0
 42
0.00000001
 43
0.00000001
 40
0.0
 40
0.0
 40
0.0
 40
0.0
 40
0.2800127809471033
 40
0.5600037821462783
 40
0.780005701866858
 40
1.0
 40
1.0
 40
1.0
 40
1.0
 10
-3.434239077090835
 20
3.132892043883515
 30
0.0
 10
-3.224226645129482
 20
3.144914332371286
 30
0.0
 10
-2.804218116239108
 20
3.16895797423804
 30
0.0
 10
-2.22003613235199
 20
3.214840460916336
 30
0.0
 10
-1.682315966874245
 20
3.276032852002408
 30
0.0
 10
-1.351767703124558
 20
3.285657480006309
 30
0.0
 10
-1.186496434118068
 20
3.290469710649651
 30
0.0
  0
SPLINE
  5
339
330
1F
100
AcDbEntity
  8
0
  6
Continuous
 62
     7
370
    25
100
AcDbSpline
210
0.0
220
0.0
230
1.0
 70
     8
 71
     3
 72
    30
 73
    26
 74
     0
 42
0.00000001
 43
0.00000001
 40
0.0
 40
0.0
 40
0.0
 40
0.0
 40
0.0199852284469471
 40
0.0399909945833416
 40
0.0599918104368611
 40
0.0800359715673109
 40
0.1000540317088932
 40
0.1200488676977017
 40
0.1400385570815854
 40
0.1767147924726666
 40
0.2134054529626984
 40
0.2500636414427641
 40
0.3125503299101295
 40
0.375055574901014
 40
0.4375288821493113
 40
0.5000326630591967
 40
0.5933607559114126
 40
0.6866890396101865
 40
0.7799683617885677
 40
0.81662156524243
 40
0.8533036665723439
 40
0.8900234411976616
 40
0.926722521355111
 40
0.96334966529204
 40
0.9999999999999999
 40
0.9999999999999999
 40
0.9999999999999999
 40
0.9999999999999999
 10
-11.7743156810533
 20
2.823847281911163
 30
0.0
 10
-11.72493392385363
 20
2.770197715142877
 30
0.0
 10
-11.62611966261412
 20
2.662843448979514
 30
0.0
 10
-11.4447700297522
 20
2.538582354970194
 30
0.0
 10
-11.25016040541328
 20
2.438764294975951
 30
0.0
 10
-11.04676602171616
 20
2.358202511965643
 30
0.0
 10
-10.83968142257028
 20
2.28831173699886
 30
0.0
 10
-10.62938182264961
 20
2.229356714518431
 30
0.0
 10
-10.35743330984111
 20
2.167027418151843
 30
0.0
 10
-10.02227029494791
 20
2.110592704930003
 30
0.0
 10
-9.62498184258817
 20
2.061190800240972
 30
0.0
 10
-9.132726839683105
 20
2.016066281377906
 30
0.0
 10
-8.544503081486791
 20
1.995942001788876
 30
0.0
 10
-7.862286313726767
 20
2.01168325148926
 30
0.0
 10
-7.182158024427332
 20
2.068873023852537
 30
0.0
 10
-6.39507999161289
 20
2.17618985638914
 30
0.0
 10
-5.498176065798329
 20
2.307448961097563
 30
0.0
 10
-4.492251000673386
 20
2.467675862059827
 30
0.0
 10
-3.695070450864364
 20
2.624327120622856
 30
0.0
 10
-3.102119452193089
 20
2.750258143278338
 30
0.0
 10
-2.710629668467546
 20
2.834263800956457
 30
0.0
 10
-2.318378742741114
 20
2.91560507376618
 30
0.0
 10
-1.927635373964359
 20
3.002617719818016
 30
0.0
 10
-1.540138095030645
 20
3.104364495911508
 30
0.0
 10
-1.290410279469586
 20
3.19817072552093
 30
0.0
 10
-1.16550685490506
 20
3.245088684168746
 30
0.0
  0
SPLINE
  5
33A
330
1F
100
AcDbEntity
  8
0
  6
Continuous
 62
     7
370
    25
100
AcDbSpline
210
0.0
220
0.0
230
1.0
 70
     8
 71
     3
 72
    15
 73
    11
 74
     0
 42
0.00000001
 43
0.00000001
 40
0.0
 40
0.0
 40
0.0
 40
0.0
 40
0.2493506067842714
 40
0.3130204017094714
 40
0.375608366669638
 40
0.4372454478611029
 40
0.5011722410327966
 40
0.6246132795293483
 40
0.7504519728929151
 40
1.0
 40
1.0
 40
1.0
 40
1.0
 10
-11.6364990735688
 20
3.157208066873889
 30
0.0
 10
-11.68230407671143
 20
3.155990421349133
 30
0.0
 10
-11.73980504159343
 20
3.154461859232464
 30
0.0
 10
-11.80688209407424
 20
3.140106765532188
 30
0.0
 10
-11.83953420592439
 20
3.126912210547014
 30
0.0
 10
-11.8621458349933
 20
3.099504285803972
 30
0.0
 10
-11.88012203112108
 20
3.057547146175671
 30
0.0
 10
-11.88539594606881
 20
2.997693555057845
 30
0.0
 10
-11.84470623956604
 20
2.913627354577648
 30
0.0
 10
-11.80242393567013
 20
2.859698128890454
 30
0.0
 10
-11.7743156810533
 20
2.823847281911163
 30
0.0
  0
CIRCLE
  5
33B
330
1F
100
AcDbEntity
  8
0
  6
Continuous
 62
     7
370
    25
100
AcDbCircle
 10
-7.6700303362
 20
2.5666210633
 30
0.0
 40
0.4549999999999997
  0
CIRCLE
  5
33C
330
1F
100
AcDbEntity
  8
0
  6
Continuous
 62
     7
370
    25
100
AcDbCircle
 10
-9.1729244023
 20
2.5825642529
 30
0.0
 40
0.4550000000000082
  0
CIRCLE
  5
33D
330
1F
100
AcDbEntity
  8
0
  6
Continuous
 62
     7
370
    25
100
AcDbCircle
 10
-6.7452900345
 20
2.4320894958
 30
0.0
 40
0.059055118110248
  0
CIRCLE
  5
33E
330
1F
100
AcDbEntity
  8
0
  6
Continuous
 62
     7
370
    25
100
AcDbCircle
 10
-6.7549441987
 20
2.7871108057
 30
0.0
 40
0.0590551181102111
  0
CIRCLE
  5
33F
330
1F
100
AcDbEntity
  8
0
  6
Continuous
 62
     7
370
    25
100
AcDbCircle
 10
-10.8316295918
 20
2.8802578165
 30
0.0
 40
0.0590551181102304
  0
CIRCLE
  5
340
330
1F
100
AcDbEntity
  8
0
  6
Continuous
 62
     7
370
    25
100
AcDbCircle
 10
-10.8234720629
 20
2.5802736307
 30
0.0
 40
0.05905511811023
  0
CIRCLE
  5
341
330
1F
100
AcDbEntity
  8
0
  6
Continuous
 62
     7
370
    25
100
AcDbCircle
 10
-10.1806166896
 20
2.8518456037
 30
0.0
 40
0.0590551181102461
  0
CIRCLE
  5
342
330
1F
100
AcDbEntity
  8
0
  6
Continuous
 62
     7
370
    25
100
AcDbCircle
 10
-10.1697399845
 20
2.4518666893
 30
0.0
 40
0.0590551181102444
  0
CIRCLE
  5
343
330
1F
100
AcDbEntity
  8
0
  6
Continuous
 62
     7
370
    25
100
AcDbCircle
 10
-8.4268872529
 20
2.8085810991
 30
0.0
 40
0.0590551181102621
  0
CIRCLE
  5
344
330
1F
100
AcDbEntity
  8
0
  6
Continuous
 62
     7
370
    25
100
AcDbCircle
 10
-8.4132913715
 20
2.308607456
 30
0.0
 40
0.0590551181102618
  0
CIRCLE
  5
345
330
1F
100
AcDbEntity
  8
0
  6
Continuous
 62
     7
370
    25
100
AcDbCircle
 10
-6.1762277848
 20
2.8149165767
 30
0.0
 40
0.0590551181102475
  0
CIRCLE
  5
346
330
1F
100
AcDbEntity
  8
0
  6
Continuous
 62
     7
370
    25
100
AcDbCircle
 10
-6.1667106679
 20
2.4649350266
 30
0.0
 40
0.0590551181102461
  0
SPLINE
  5
34A
330
1F
100
AcDbEntity
  8
0
  6
Continuous
 62
     7
370
    25
100
AcDbSpline
210
0.0
220
0.0
230
1.0
 70
     8
 71
     3
 72
     9
 73
     5
 74
     0
 42
0.00000001
 43
0.00000001
 40
0.0
 40
0.0
 40
0.0
 40
0.0
 40
0.5606570928570841
 40
1.0
 40
1.0
 40
1.0
 40
1.0
 10
-11.63497016506108
 20
3.057217478131315
 30
0.0
 10
-11.5511221605694
 20
3.058332648323261
 30
0.0
 10
-11.40156906374798
 20
3.060321689764373
 30
0.0
 10
-11.25204423562536
 20
3.063831290937908
 30
0.0
 10
-11.18635156294792
 20
3.065373209320399
 30
0.0
  0
SPLINE
  5
34C
330
1F
100
AcDbEntity
  8
0
  6
Continuous
 62
     7
370
    25
100
AcDbSpline
210
0.0
220
0.0
230
1.0
 70
     8
 71
     3
 72
    18
 73
    14
 74
     0
 42
0.00000001
 43
0.00000001
 40
0.0
 40
0.0
 40
0.0
 40
0.0
 40
0.2010100264873844
 40
0.3737356905472853
 40
0.4392779816638886
 40
0.4878569142994005
 40
0.512753919982153
 40
0.5338067955283005
 40
0.5532882361936786
 40
0.5922002881617225
 40
0.6397892832843184
 40
0.7363329123871364
 40
1.0
 40
1.0
 40
1.0
 40
1.0
 10
-11.69693887690718
 20
2.887193496761868
 30
0.0
 10
-11.71063231524965
 20
2.904217513843918
 30
0.0
 10
-11.73609237176682
 20
2.935870078102685
 30
0.0
 10
-11.76358371630171
 20
2.975077299744478
 30
0.0
 10
-11.77830314045701
 20
3.002612073931135
 30
0.0
 10
-11.78320999356204
 20
3.017065741262871
 30
0.0
 10
-11.78395406938585
 20
3.02741015551574
 30
0.0
 10
-11.78246261195731
 20
3.03448430102577
 30
0.0
 10
-11.77788680831032
 20
3.042010366674155
 30
0.0
 10
-11.76776745954344
 20
3.048393452580771
 30
0.0
 10
-11.74846921374901
 20
3.053513433254314
 30
0.0
 10
-11.70409762487577
 20
3.056956860391213
 30
0.0
 10
-11.66496134521399
 20
3.057095470441196
 30
0.0
 10
-11.63631436609989
 20
3.057196930243741
 30
0.0
  0
SPLINE
  5
34E
330
1F
100
AcDbEntity
  8
0
  6
Continuous
 62
     7
370
    25
100
AcDbSpline
210
0.0
220
0.0
230
1.0
 70
     8
 71
     3
 72
    10
 73
     6
 74
     0
 42
0.00000001
 43
0.00000001
 40
0.0
 40
0.0
 40
0.0
 40
0.0
 40
0.339290629695026
 40
0.6724618601024192
 40
1.0
 40
1.0
 40
1.0
 40
1.0
 10
-11.21650801949798
 20
2.537200923195323
 30
0.0
 10
-11.27726360151764
 20
2.567159277883931
 30
0.0
 10
-11.39767898620796
 20
2.626535662482636
 30
0.0
 10
-11.56274501278383
 20
2.741556302127911
 30
0.0
 10
-11.65232449341004
 20
2.838755882711012
 30
0.0
 10
-11.69673236436812
 20
2.886941319839471
 30
0.0
  0
SPLINE
  5
350
330
1F
100
AcDbEntity
  8
0
  6
Continuous
 62
     7
370
    25
100
AcDbSpline
210
0.0
220
0.0
230
1.0
 70
     8
 71
     3
 72
    14
 73
    10
 74
     0
 42
0.00000001
 43
0.00000001
 40
0.0
 40
0.0
 40
0.0
 40
0.0
 40
0.1160781187520844
 40
0.2209888979368464
 40
0.3254921144219414
 40
0.4354121102794618
 40
0.549399199821878
 40
0.7777945681892763
 40
1.0
 40
1.0
 40
1.0
 40
1.0
 10
-2.841710215925237
 20
4.100874943178066
 30
0.0
 10
-2.76051142294502
 20
4.101673371988514
 30
0.0
 10
-2.605925597748933
 20
4.103193416461997
 30
0.0
 10
-2.378255713025789
 20
4.10684989653512
 30
0.0
 10
-2.154902126673398
 20
4.110880137818187
 30
0.0
 10
-1.925202923149709
 20
4.11524095616618
 30
0.0
 10
-1.608877862505061
 20
4.122379378987026
 30
0.0
 10
-1.214039581021228
 20
4.133220465587001
 30
0.0
 10
-0.8992371854684619
 20
4.149617543710066
 30
0.0
 10
-0.7439982196006666
 20
4.157703458833451
 30
0.0
  0
SPLINE
  5
354
330
1F
100
AcDbEntity
  8
0
  6
Continuous
 62
     7
370
    25
100
AcDbSpline
210
0.0
220
0.0
230
1.0
 70
     8
 71
     3
 72
     9
 73
     5
 74
     0
 42
0.00000001
 43
0.00000001
 40
0.0
 40
0.0
 40
0.0
 40
0.0
 40
0.4997237150160882
 40
1.0
 40
1.0
 40
1.0
 40
1.0
 10
-0.7158541097645278
 20
3.899128362955448
 30
0.0
 10
-1.064210638986106
 20
3.828944368350901
 30
0.0
 10
-1.761308892989047
 20
3.688498773123773
 30
0.0
 10
-2.464150291877742
 20
3.580401096135499
 30
0.0
 10
-2.815765175846675
 20
3.526322391876414
 30
0.0
  0
SPLINE
  5
357
330
1F
100
AcDbEntity
  8
0
  6
Continuous
 62
     7
370
    25
100
AcDbSpline
210
0.0
220
0.0
230
1.0
 70
     8
 71
     3
 72
    13
 73
     9
 74
     0
 42
0.00000001
 43
0.00000001
 40
0.0
 40
0.0
 40
0.0
 40
0.0
 40
0.1400055923962367
 40
0.2799955208871565
 40
0.4199993768585926
 40
0.5600017925973575
 40
0.7800055064700497
 40
1.0
 40
1.0
 40
1.0
 40
1.0
 10
-8.849847945070733
 20
4.288411803191359
 30
0.0
 10
-8.622163849901924
 20
4.293731241454344
 30
0.0
 10
-8.166821132990389
 20
4.304369522838537
 30
0.0
 10
-7.483511979319009
 20
4.30345120479718
 30
0.0
 10
-6.800598688619834
 20
4.282666985617142
 30
0.0
 10
-5.987689736042495
 20
4.256297745401302
 30
0.0
 10
-5.044730637925287
 20
4.225000445478517
 30
0.0
 10
-4.329201452382197
 20
4.207932153030822
 30
0.0
 10
-3.9714443567143
 20
4.199398185643505
 30
0.0
  0
SPLINE
  5
358
330
1F
100
AcDbEntity
  8
0
  6
Continuous
 62
     7
370
    25
100
AcDbSpline
210
0.0
220
0.0
230
1.0
 70
     8
 71
     3
 72
    19
 73
    15
 74
     0
 42
0.00000001
 43
0.00000001
 40
0.0
 40
0.0
 40
0.0
 40
0.0
 40
0.0927392820556094
 40
0.1726417761615706
 40
0.2415899269570681
 40
0.3014662264281303
 40
0.3541531791488812
 40
0.4015332292451479
 40
0.4697927081222143
 40
0.5368780975110512
 40
0.607408817850258
 40
0.7393772308776727
 40
0.872712390076675
 40
0.9999999999999999
 40
0.9999999999999999
 40
0.9999999999999999
 40
0.9999999999999999
 10
-3.9714443567143
 20
4.199398185643505
 30
0.0
 10
-3.868658408100713
 20
4.199120734834742
 30
0.0
 10
-3.67731393853213
 20
4.198604237409265
 30
0.0
 10
-3.409550873989678
 20
4.19848265076628
 30
0.0
 10
-3.178211393801499
 20
4.198888496866545
 30
0.0
 10
-2.977037504918712
 20
4.199799107981503
 30
0.0
 10
-2.799771474385496
 20
4.201159801968845
 30
0.0
 10
-2.613220082059193
 20
4.203211027437792
 30
0.0
 10
-2.410721999932702
 20
4.206277650846984
 30
0.0
 10
-2.182580007829349
 20
4.210397750461238
 30
0.0
 10
-1.883841069210098
 20
4.215994889268102
 30
0.0
 10
-1.511731831719211
 20
4.22480828481222
 30
0.0
 10
-1.076798588371777
 20
4.238848211393889
 30
0.0
 10
-0.7884276874663276
 20
4.255811127705391
 30
0.0
 10
-0.6475879485927755
 20
4.264095780200993
 30
0.0
  0
SPLINE
  5
359
330
1F
100
AcDbEntity
  8
0
  6
Continuous
 62
     7
370
    25
100
AcDbSpline
210
0.0
220
0.0
230
1.0
 70
     8
 71
     3
 72
    11
 73
     7
 74
     0
 42
0.00000001
 43
0.00000001
 40
0.0
 40
0.0
 40
0.0
 40
0.0
 40
0.2800127809471012
 40
0.560003782146266
 40
0.7800057018668517
 40
0.9999999999999999
 40
0.9999999999999999
 40
0.9999999999999999
 40
0.9999999999999999
 10
-0.6475879485927755
 20
4.264095780200993
 30
0.0
 10
-0.4375755166314225
 20
4.276118068688765
 30
0.0
 10
-0.0175669877410539
 20
4.300161710555521
 30
0.0
 10
0.5666149961460633
 20
4.346044197233804
 30
0.0
 10
1.104335161623816
 20
4.407236588319876
 30
0.0
 10
1.434883425373513
 20
4.416861216323783
 30
0.0
 10
1.60015469438001
 20
4.421673446967128
 30
0.0
  0
SPLINE
  5
35B
330
1F
100
AcDbEntity
  8
0
  6
Continuous
 62
     7
370
    25
100
AcDbSpline
210
0.0
220
0.0
230
1.0
 70
     8
 71
     3
 72
    30
 73
    26
 74
     0
 42
0.00000001
 43
0.00000001
 40
0.0
 40
0.0
 40
0.0
 40
0.0
 40
0.0199852284469471
 40
0.0399909945833434
 40
0.0599918104368629
 40
0.0800359715673113
 40
0.1000540317088933
 40
0.1200488676977021
 40
0.1400385570815858
 40
0.1767147924726677
 40
0.2134054529626981
 40
0.2500636414427653
 40
0.3125503299101325
 40
0.3750555749010154
 40
0.4375288821493112
 40
0.5000326630591966
 40
0.5933607559114141
 40
0.686689039610188
 40
0.7799683617885694
 40
0.8166215652424335
 40
0.853303666572344
 40
0.8900234411976635
 40
0.9267225213551128
 40
0.9633496652920435
 40
1.0
 40
1.0
 40
1.0
 40
1.0
 10
-8.987664552555247
 20
3.955051018228641
 30
0.0
 10
-8.938282795355574
 20
3.901401451460354
 30
0.0
 10
-8.839468534116065
 20
3.794047185296988
 30
0.0
 10
-8.658118901254134
 20
3.669786091287666
 30
0.0
 10
-8.463509276915211
 20
3.569968031293426
 30
0.0
 10
-8.260114893218105
 20
3.489406248283105
 30
0.0
 10
-8.053030294072219
 20
3.419515473316344
 30
0.0
 10
-7.842730694151569
 20
3.360560450835897
 30
0.0
 10
-7.570782181343056
 20
3.298231154469311
 30
0.0
 10
-7.235619166449861
 20
3.241796441247492
 30
0.0
 10
-6.838330714090117
 20
3.192394536558432
 30
0.0
 10
-6.346075711185049
 20
3.147270017695397
 30
0.0
 10
-5.757851952988726
 20
3.127145738106336
 30
0.0
 10
-5.075635185228707
 20
3.142886987806744
 30
0.0
 10
-4.395506895929285
 20
3.200076760170013
 30
0.0
 10
-3.608428863114844
 20
3.307393592706625
 30
0.0
 10
-2.711524937300276
 20
3.438652697415028
 30
0.0
 10
-1.705599872175325
 20
3.598879598377295
 30
0.0
 10
-0.9084193223663002
 20
3.755530856940341
 30
0.0
 10
-0.3154683236950302
 20
3.881461879595811
 30
0.0
 10
0.076021460030515
 20
3.965467537273929
 30
0.0
 10
0.468272385756938
 20
4.04680881008366
 30
0.0
 10
0.8590157545337077
 20
4.133821456135497
 30
0.0
 10
1.246513033467414
 20
4.235568232228979
 30
0.0
 10
1.496240849028468
 20
4.329374461838403
 30
0.0
 10
1.621144273592982
 20
4.376292420486215
 30
0.0
  0
SPLINE
  5
35C
330
1F
100
AcDbEntity
  8
0
  6
Continuous
 62
     7
370
    25
100
AcDbSpline
210
0.0
220
0.0
230
1.0
 70
     8
 71
     3
 72
    15
 73
    11
 74
     0
 42
0.00000001
 43
0.00000001
 40
0.0
 40
0.0
 40
0.0
 40
0.0
 40
0.2493506067842984
 40
0.3130204017094975
 40
0.3756083666696698
 40
0.4372454478611127
 40
0.5011722410328183
 40
0.6246132795293684
 40
0.7504519728929187
 40
1.0
 40
1.0
 40
1.0
 40
1.0
 10
-8.849847945070733
 20
4.288411803191359
 30
0.0
 10
-8.895652948213364
 20
4.287194157666606
 30
0.0
 10
-8.953153913095367
 20
4.285665595549942
 30
0.0
 10
-9.020230965576195
 20
4.271310501849668
 30
0.0
 10
-9.052883077426339
 20
4.258115946864487
 30
0.0
 10
-9.075494706495228
 20
4.230708022121433
 30
0.0
 10
-9.093470902623045
 20
4.188750882493149
 30
0.0
 10
-9.09874481757075
 20
4.128897291375313
 30
0.0
 10
-9.058055111067986
 20
4.044831090895125
 30
0.0
 10
-9.015772807172079
 20
3.990901865207934
 30
0.0
 10
-8.987664552555247
 20
3.955051018228641
 30
0.0
  0
CIRCLE
  5
35D
330
1F
100
AcDbEntity
  8
0
  6
Continuous
 62
     7
370
    25
100
AcDbCircle
 10
-4.8833792077
 20
3.6978247997
 30
0.0
 40
0.454999999999983
  0
CIRCLE
  5
35E
330
1F
100
AcDbEntity
  8
0
  6
Continuous
 62
     7
370
    25
100
AcDbCircle
 10
-6.3862732738
 20
3.7137679892
 30
0.0
 40
0.4550000000000171
  0
CIRCLE
  5
35F
330
1F
100
AcDbEntity
  8
0
  6
Continuous
 62
     7
370
    25
100
AcDbCircle
 10
-3.958638906
 20
3.5632932322
 30
0.0
 40
0.0590551181102467
  0
CIRCLE
  5
360
330
1F
100
AcDbEntity
  8
0
  6
Continuous
 62
     7
370
    25
100
AcDbCircle
 10
-3.9682930702
 20
3.918314542
 30
0.0
 40
0.0590551181102294
  0
CIRCLE
  5
361
330
1F
100
AcDbEntity
  8
0
  6
Continuous
 62
     7
370
    25
100
AcDbCircle
 10
-8.0449784633
 20
4.0114615529
 30
0.0
 40
0.0590551181102462
  0
CIRCLE
  5
362
330
1F
100
AcDbEntity
  8
0
  6
Continuous
 62
     7
370
    25
100
AcDbCircle
 10
-8.0368209344
 20
3.711477367
 30
0.0
 40
0.0590551181102475
  0
CIRCLE
  5
363
330
1F
100
AcDbEntity
  8
0
  6
Continuous
 62
     7
370
    25
100
AcDbCircle
 10
-7.3939655611
 20
3.98304934
 30
0.0
 40
0.0590551181102293
  0
CIRCLE
  5
364
330
1F
100
AcDbEntity
  8
0
  6
Continuous
 62
     7
370
    25
100
AcDbCircle
 10
-7.383088856
 20
3.5830704256
 30
0.0
 40
0.0590551181102284
  0
CIRCLE
  5
365
330
1F
100
AcDbEntity
  8
0
  6
Continuous
 62
     7
370
    25
100
AcDbCircle
 10
-5.6402361244
 20
3.9397848354
 30
0.0
 40
0.0590551181102471
  0
CIRCLE
  5
366
330
1F
100
AcDbEntity
  8
0
  6
Continuous
 62
     7
370
    25
100
AcDbCircle
 10
-5.626640243
 20
3.4398111923
 30
0.0
 40
0.0590551181102461
  0
CIRCLE
  5
367
330
1F
100
AcDbEntity
  8
0
  6
Continuous
 62
     7
370
    25
100
AcDbCircle
 10
-3.3895766563
 20
3.9461203131
 30
0.0
 40
0.0590551181102294
  0
CIRCLE
  5
368
330
1F
100
AcDbEntity
  8
0
  6
Continuous
 62
     7
370
    25
100
AcDbCircle
 10
-3.3800595394
 20
3.5961387629
 30
0.0
 40
0.0590551181102289
  0
SPLINE
  5
36C
330
1F
100
AcDbEntity
  8
0
  6
Continuous
 62
     7
370
    25
100
AcDbSpline
210
0.0
220
0.0
230
1.0
 70
     8
 71
     3
 72
    18
 73
    14
 74
     0
 42
0.00000001
 43
0.00000001
 40
0.0
 40
0.0
 40
0.0
 40
0.0
 40
0.2010100264874015
 40
0.3737356905473109
 40
0.4392779816638608
 40
0.4878569142993844
 40
0.5127539199821349
 40
0.5338067955283187
 40
0.5532882361936536
 40
0.5922002881617008
 40
0.639789283284344
 40
0.7363329123871574
 40
1.0
 40
1.0
 40
1.0
 40
1.0
 10
-8.910287748409113
 20
4.018397233079337
 30
0.0
 10
-8.923981186751583
 20
4.035421250161388
 30
0.0
 10
-8.949441243268767
 20
4.067073814420154
 30
0.0
 10
-8.976932587803677
 20
4.106281036061943
 30
0.0
 10
-8.991652011958934
 20
4.133815810248615
 30
0.0
 10
-8.99655886506399
 20
4.148269477580337
 30
0.0
 10
-8.997302940887808
 20
4.158613891833217
 30
0.0
 10
-8.995811483459232
 20
4.165688037343235
 30
0.0
 10
-8.9912356798123
 20
4.17321410299165
 30
0.0
 10
-8.98111633104537
 20
4.179597188898235
 30
0.0
 10
-8.961818085250957
 20
4.184717169571785
 30
0.0
 10
-8.917446496377693
 20
4.188160596708698
 30
0.0
 10
-8.878310216715912
 20
4.188299206758677
 30
0.0
 10
-8.849663237601824
 20
4.188400666561219
 30
0.0
  0
SPLINE
  5
36E
330
1F
100
AcDbEntity
  8
0
  6
Continuous
 62
     7
370
    25
100
AcDbSpline
210
0.0
220
0.0
230
1.0
 70
     8
 71
     3
 72
    10
 73
     6
 74
     0
 42
0.00000001
 43
0.00000001
 40
0.0
 40
0.0
 40
0.0
 40
0.0
 40
0.3392906296950476
 40
0.6724618601024129
 40
1.0
 40
1.0
 40
1.0
 40
1.0
 10
-8.429856890999913
 20
3.668404659512801
 30
0.0
 10
-8.49061247301958
 20
3.698363014201406
 30
0.0
 10
-8.611027857709898
 20
3.757739398800103
 30
0.0
 10
-8.776093884285768
 20
3.872760038445402
 30
0.0
 10
-8.865673364911977
 20
3.969959619028486
 30
0.0
 10
-8.910081235870067
 20
4.01814505615694
 30
0.0
  0
SPLINE
  5
370
330
1F
100
AcDbEntity
  8
0
  6
Continuous
 62
     7
370
    25
100
AcDbSpline
210
0.0
220
0.0
230
1.0
 70
     8
 71
     3
 72
     9
 73
     5
 74
     0
 42
0.00000001
 43
0.00000001
 40
0.0
 40
0.0
 40
0.0
 40
0.0
 40
0.5606570928571063
 40
0.9999999999999999
 40
0.9999999999999999
 40
0.9999999999999999
 40
0.9999999999999999
 10
-8.848319036563009
 20
4.188421214448784
 30
0.0
 10
-8.764471032071338
 20
4.189536384640736
 30
0.0
 10
-8.61491793524992
 20
4.191525426081856
 30
0.0
 10
-8.465393107127305
 20
4.19503502725538
 30
0.0
 10
-8.399700434449874
 20
4.196576945637869
 30
0.0
  0
LINE
  5
371
330
1F
100
AcDbEntity
  8
0
  6
Continuous
 62
     7
370
    25
100
AcDbLine
 10
1.7713476395
 20
-0.1250838144
 30
0.0
 11
1.9866482367
 21
0.3388201674
 31
0.0
  0
LINE
  5
372
330
1F
100
AcDbEntity
  8
0
  6
Continuous
 62
     7
370
    25
100
AcDbLine
 10
5.7126946278
 20
-0.1005860336
 30
0.0
 11
5.9367091386
 21
-0.1031932733
 31
0.0
  0
LINE
  5
373
330
1F
100
AcDbEntity
  8
0
  6
Continuous
 62
     7
370
    25
100
AcDbLine
 10
5.981965041
 20
-0.0307415229
 30
0.0
 11
5.8486506969
 21
0.2344844698
 31
0.0
  0
LINE
  5
374
330
1F
100
AcDbEntity
  8
0
  6
Continuous
 62
     7
370
    25
100
AcDbLine
 10
6.1922967166
 20
-0.1061679827
 30
0.0
 11
6.5274340549
 21
-0.1100685486
 31
0.0
  0
LINE
  5
375
330
1F
100
AcDbEntity
  8
0
  6
Continuous
 62
     7
370
    25
100
AcDbLine
 10
6.6157764184
 20
0.0389134195
 30
0.0
 11
6.3264781057
 21
0.5537381208
 31
0.0
  0
LINE
  5
376
330
1F
100
AcDbEntity
  8
0
  6
Continuous
 62
     7
370
    25
100
AcDbLine
 10
6.219838557
 20
0.6283017081
 30
0.0
 11
5.9152914964
 21
0.6779360838
 31
0.0
  0
LINE
  5
377
330
1F
100
AcDbEntity
  8
0
  6
Continuous
 62
     7
370
    25
100
AcDbLine
 10
5.8098579447
 20
0.5343280123
 30
0.0
 11
6.1041124959
 21
-0.0510850279
 31
0.0
  0
LINE
  5
378
330
1F
100
AcDbEntity
  8
0
  6
Continuous
 62
     7
370
    25
100
AcDbLine
 10
4.5370537153
 20
0.7338997581
 30
0.0
 11
4.2507718846
 21
0.7301973336
 31
0.0
  0
LINE
  5
379
330
1F
100
AcDbEntity
  8
0
  6
Continuous
 62
     7
370
    25
100
AcDbLine
 10
4.2770589042
 20
-0.1690694961
 30
0.0
 11
4.54464614
 21
-0.1589379217
 31
0.0
  0
LINE
  5
37A
330
1F
100
AcDbEntity
  8
0
  6
Continuous
 62
     7
370
    25
100
AcDbLine
 10
3.6813372857
 20
-1.2501064701
 30
0.0
 11
3.9208605932
 21
-0.4517157007
 31
0.0
  0
LINE
  5
37B
330
1F
100
AcDbEntity
  8
0
  6
Continuous
 62
     7
370
    25
100
AcDbLine
 10
3.0165911082
 20
-1.2204818114
 30
0.0
 11
2.7862898563
 21
-0.5065872136
 31
0.0
  0
LINE
  5
37C
330
1F
100
AcDbEntity
  8
0
  6
Continuous
 62
     7
370
    25
100
AcDbLine
 10
11.6632282164
 20
-0.3378776913
 30
0.0
 11
11.6425943361
 21
-0.3834215491
 31
0.0
  0
LINE
  5
37D
330
1F
100
AcDbEntity
  8
0
  6
Continuous
 62
     7
370
    25
100
AcDbLine
 10
9.3237783754
 20
-0.4007077119
 30
0.0
 11
8.7327296852
 21
-1.7303736771
 31
0.0
  0
LINE
  5
37E
330
1F
100
AcDbEntity
  8
0
  6
Continuous
 62
     7
370
    25
100
AcDbLine
 10
8.4844967628
 20
-1.8780425532
 30
0.0
 11
6.798221551
 21
-1.7441672928
 31
0.0
  0
LINE
  5
37F
330
1F
100
AcDbEntity
  8
0
  6
Continuous
 62
     7
370
    25
100
AcDbLine
 10
6.5837994254
 20
-1.5823973133
 30
0.0
 11
6.1315491102
 21
-0.3711280073
 31
0.0
  0
LINE
  5
380
330
1F
100
AcDbEntity
  8
0
  6
Continuous
 62
     7
370
    25
100
AcDbLine
 10
2.6064148736
 20
-0.0890300888
 30
0.0
 11
2.3284771473
 21
0.454021254
 31
0.0
  0
LINE
  5
381
330
1F
100
AcDbEntity
  8
0
  6
Continuous
 62
     7
370
    25
100
AcDbLine
 10
2.148751689
 20
0.4505587225
 30
0.0
 11
1.8927927064
 21
-0.1009510861
 31
0.0
  0
LINE
  5
382
330
1F
100
AcDbEntity
  8
0
  6
Continuous
 62
     7
370
    25
100
AcDbLine
 10
2.4481841311
 20
0.4396201839
 30
0.0
 11
2.7594995578
 21
-0.168646505
 31
0.0
  0
LINE
  5
383
330
1F
100
AcDbEntity
  8
0
  6
Continuous
 62
     7
370
    25
100
AcDbLine
 10
2.8523014508
 20
-0.2230146555
 30
0.0
 11
3.0590728263
 21
-0.2151857336
 31
0.0
  0
LINE
  5
384
330
1F
100
AcDbEntity
  8
0
  6
Continuous
 62
     7
370
    25
100
AcDbLine
 10
9.2899291141
 20
0.1279454482
 30
0.0
 11
6.6855439092
 21
0.5524021266
 31
0.0
  0
LINE
  5
385
330
1F
100
AcDbEntity
  8
0
  6
Continuous
 62
     7
370
    25
100
AcDbLine
 10
6.5822797988
 20
0.4047155877
 30
0.0
 11
6.8313952629
 21
-0.038601185
 31
0.0
  0
LINE
  5
386
330
1F
100
AcDbEntity
  8
0
  6
Continuous
 62
     7
370
    25
100
AcDbLine
 10
6.9604174319
 20
-0.1151079161
 30
0.0
 11
9.277895314
 21
-0.1420803665
 31
0.0
  0
LINE
  5
387
330
1F
100
AcDbEntity
  8
0
  6
Continuous
 62
     7
370
    25
100
AcDbLine
 10
10.9977901122
 20
-2.1966722405
 30
0.0
 11
10.782489515
 21
-2.6605762223
 31
0.0
  0
LINE
  5
388
330
1F
100
AcDbEntity
  8
0
  6
Continuous
 62
     7
370
    25
100
AcDbLine
 10
7.0564431238
 20
-2.2211700213
 30
0.0
 11
6.8324286131
 21
-2.2185627816
 31
0.0
  0
LINE
  5
389
330
1F
100
AcDbEntity
  8
0
  6
Continuous
 62
     7
370
    25
100
AcDbLine
 10
6.7871727107
 20
-2.291014532
 30
0.0
 11
6.9204870547
 21
-2.5562405247
 31
0.0
  0
LINE
  5
38A
330
1F
100
AcDbEntity
  8
0
  6
Continuous
 62
     7
370
    25
100
AcDbLine
 10
6.5768410351
 20
-2.2155880722
 30
0.0
 11
6.2417036968
 21
-2.2116875063
 31
0.0
  0
LINE
  5
38B
330
1F
100
AcDbEntity
  8
0
  6
Continuous
 62
     7
370
    25
100
AcDbLine
 10
6.1533613333
 20
-2.3606694744
 30
0.0
 11
6.442659646
 21
-2.8754941757
 31
0.0
  0
LINE
  5
38C
330
1F
100
AcDbEntity
  8
0
  6
Continuous
 62
     7
370
    25
100
AcDbLine
 10
6.5492991947
 20
-2.950057763
 30
0.0
 11
6.8538462553
 21
-2.9996921387
 31
0.0
  0
LINE
  5
38D
330
1F
100
AcDbEntity
  8
0
  6
Continuous
 62
     7
370
    25
100
AcDbLine
 10
6.959279807
 20
-2.8560840672
 30
0.0
 11
6.6650252558
 21
-2.270671027
 31
0.0
  0
LINE
  5
38E
330
1F
100
AcDbEntity
  8
0
  6
Continuous
 62
     7
370
    25
100
AcDbLine
 10
8.2320840363
 20
-3.0556558131
 30
0.0
 11
8.5183658671
 21
-3.0519533885
 31
0.0
  0
LINE
  5
38F
330
1F
100
AcDbEntity
  8
0
  6
Continuous
 62
     7
370
    25
100
AcDbLine
 10
8.4920788475
 20
-2.1526865588
 30
0.0
 11
8.2244916117
 21
-2.1628181332
 31
0.0
  0
LINE
  5
390
330
1F
100
AcDbEntity
  8
0
  6
Continuous
 62
     7
370
    25
100
AcDbLine
 10
9.0878004659
 20
-1.0716495848
 30
0.0
 11
8.8482771585
 21
-1.8700403542
 31
0.0
  0
LINE
  5
391
330
1F
100
AcDbEntity
  8
0
  6
Continuous
 62
     7
370
    25
100
AcDbLine
 10
9.7525466435
 20
-1.1012742435
 30
0.0
 11
9.9828478953
 21
-1.8151688414
 31
0.0
  0
LINE
  5
392
330
1F
100
AcDbEntity
  8
0
  6
Continuous
 62
     7
370
    25
100
AcDbLine
 10
1.1059095353
 20
-1.9838783636
 30
0.0
 11
1.1265434156
 21
-1.9383345058
 31
0.0
  0
LINE
  5
393
330
1F
100
AcDbEntity
  8
0
  6
Continuous
 62
     7
370
    25
100
AcDbLine
 10
3.4453593763
 20
-1.921048343
 30
0.0
 11
4.0364080664
 21
-0.5913823778
 31
0.0
  0
LINE
  5
394
330
1F
100
AcDbEntity
  8
0
  6
Continuous
 62
     7
370
    25
100
AcDbLine
 10
4.2846409889
 20
-0.4437135017
 30
0.0
 11
5.9709162006
 21
-0.5775887621
 31
0.0
  0
LINE
  5
395
330
1F
100
AcDbEntity
  8
0
  6
Continuous
 62
     7
370
    25
100
AcDbLine
 10
6.1853383262
 20
-0.7393587416
 30
0.0
 11
6.6375886414
 21
-1.9506280476
 31
0.0
  0
LINE
  5
396
330
1F
100
AcDbEntity
  8
0
  6
Continuous
 62
     7
370
    25
100
AcDbLine
 10
10.162722878
 20
-2.2327259661
 30
0.0
 11
10.4406606044
 21
-2.7757773089
 31
0.0
  0
LINE
  5
397
330
1F
100
AcDbEntity
  8
0
  6
Continuous
 62
     7
370
    25
100
AcDbLine
 10
10.6203860627
 20
-2.7723147774
 30
0.0
 11
10.8763450453
 21
-2.2208049688
 31
0.0
  0
LINE
  5
398
330
1F
100
AcDbEntity
  8
0
  6
Continuous
 62
     7
370
    25
100
AcDbLine
 10
10.3209536206
 20
-2.7613762388
 30
0.0
 11
10.0096381939
 21
-2.1531095499
 31
0.0
  0
LINE
  5
399
330
1F
100
AcDbEntity
  8
0
  6
Continuous
 62
     7
370
    25
100
AcDbLine
 10
3.4792086376
 20
-2.4497015032
 30
0.0
 11
6.0835938425
 21
-2.8741581815
 31
0.0
  0
LINE
  5
39A
330
1F
100
AcDbEntity
  8
0
  6
Continuous
 62
     7
370
    25
100
AcDbLine
 10
6.1868579529
 20
-2.7264716426
 30
0.0
 11
5.9377424888
 21
-2.2831548699
 31
0.0
  0
LINE
  5
39B
330
1F
100
AcDbEntity
  8
0
  6
Continuous
 62
     7
370
    25
100
AcDbLine
 10
5.8087203198
 20
-2.2066481388
 30
0.0
 11
3.4912424377
 21
-2.1796756884
 31
0.0
  0
LINE
  5
39C
330
1F
100
AcDbEntity
  8
0
  6
Continuous
 62
     7
370
    25
100
AcDbLine
 10
9.9168363008
 20
-2.0987413994
 30
0.0
 11
9.7100649254
 21
-2.1065703213
 31
0.0
  0
LINE
  5
39D
330
1F
100
AcDbEntity
  8
0
  6
Continuous
 62
     7
370
    25
100
AcDbLine
 10
-9.0290486162
 20
-4.1202936205
 30
0.0
 11
-9.0343313592
 21
-4.0733127668
 31
0.0
  0
LINE
  5
39E
330
1F
100
AcDbEntity
  8
0
  6
Continuous
 62
     7
370
    25
100
AcDbLine
 10
-9.0365296737
 20
-4.1226065941
 30
0.0
 11
-9.0290486162
 21
-4.1202936205
 31
0.0
  0
LINE
  5
39F
330
1F
100
AcDbEntity
  8
0
  6
Continuous
 62
     7
370
    25
100
AcDbLine
 10
-11.9371966529
 20
-1.608516827
 30
0.0
 11
-11.9446777104
 21
-1.6108298006
 31
0.0
  0
LINE
  5
3A0
330
1F
100
AcDbEntity
  8
0
  6
Continuous
 62
     7
370
    25
100
AcDbLine
 10
-11.9446777104
 20
-1.6108298006
 30
0.0
 11
-11.9393949674
 21
-1.6578106543
 31
0.0
  0
LINE
  5
3A1
330
1F
100
AcDbEntity
  8
0
  6
Continuous
 62
     7
370
    25
100
AcDbLine
 10
-9.0311878173
 20
-0.5270639446
 30
0.0
 11
-9.0103274976
 21
-0.5611938004
 31
0.0
  0
LINE
  5
3A2
330
1F
100
AcDbEntity
  8
0
  6
Continuous
 62
     7
370
    25
100
AcDbLine
 10
-9.6551628593
 20
-0.7836397869
 30
0.0
 11
-10.0586001883
 21
-0.8541197513
 31
0.0
  0
LINE
  5
3A3
330
1F
100
AcDbEntity
  8
0
  6
Continuous
 62
     7
370
    25
100
AcDbLine
 10
-8.6305992278
 20
-4.0243279966
 30
0.0
 11
-8.6514595475
 21
-3.9901981407
 31
0.0
  0
LINE
  5
3A4
330
1F
100
AcDbEntity
  8
0
  6
Continuous
 62
     7
370
    25
100
AcDbLine
 10
-8.0066241859
 20
-3.7677521543
 30
0.0
 11
-7.6031868568
 21
-3.6972721899
 31
0.0
  0
LINE
  5
3A5
330
1F
100
AcDbEntity
  8
0
  6
Continuous
 62
     7
370
    25
100
AcDbLine
 10
-11.7697143235
 20
1.1695636394
 30
0.0
 11
-11.7905746432
 21
1.2036934952
 31
0.0
  0
LINE
  5
3A6
330
1F
100
AcDbEntity
  8
0
  6
Continuous
 62
     7
370
    25
100
AcDbLine
 10
-11.1457392816
 20
1.4261394817
 30
0.0
 11
-10.7423019525
 21
1.4966194461
 31
0.0
  0
LINE
  5
3A7
330
1F
100
AcDbEntity
  8
0
  6
Continuous
 62
     7
370
    25
100
AcDbLine
 10
-5.3915569008
 20
-3.6008281446
 30
0.0
 11
-5.370696581
 21
-3.6349580004
 31
0.0
  0
LINE
  5
3A8
330
1F
100
AcDbEntity
  8
0
  6
Continuous
 62
     7
370
    25
100
AcDbLine
 10
-6.0155319427
 20
-3.8574039868
 30
0.0
 11
-6.4189692717
 21
-3.9278839513
 31
0.0
  0
LINE
  5
3A9
330
1F
100
AcDbEntity
  8
0
  6
Continuous
 62
     7
370
    25
100
AcDbLine
 10
-11.803195579
 20
-0.8401489348
 30
0.0
 11
-11.8240558987
 21
-0.806019079
 31
0.0
  0
LINE
  5
3AA
330
1F
100
AcDbEntity
  8
0
  6
Continuous
 62
     7
370
    25
100
AcDbLine
 10
-11.179220537
 20
-0.5835730926
 30
0.0
 11
-10.775783208
 21
-0.5130931281
 31
0.0
  0
LINE
  5
3AB
330
1F
100
AcDbEntity
  8
0
  6
Continuous
 62
     7
370
    25
100
AcDbLine
 10
-8.9163078146
 20
1.4881899686
 30
0.0
 11
-8.8954474949
 21
1.4540601127
 31
0.0
  0
LINE
  5
3AC
330
1F
100
AcDbEntity
  8
0
  6
Continuous
 62
     7
370
    25
100
AcDbLine
 10
-9.5402828565
 20
1.2316141263
 30
0.0
 11
-9.9437201855
 21
1.1611341619
 31
0.0
  0
LINE
  5
3AD
330
1F
100
AcDbEntity
  8
0
  6
Continuous
 62
     7
370
    25
100
AcDbLine
 10
-11.8638468095
 20
3.81751124
 30
0.0
 11
-11.8709590076
 21
3.8142351589
 31
0.0
  0
LINE
  5
3AE
330
1F
100
AcDbEntity
  8
0
  6
Continuous
 62
     7
370
    25
100
AcDbLine
 10
-11.8709590076
 20
3.8142351589
 30
0.0
 11
-11.8595478089
 21
3.7683560511
 31
0.0
  0
LINE
  5
3AF
330
1F
100
AcDbEntity
  8
0
  6
Continuous
 62
     7
370
    25
100
AcDbLine
 10
-9.1546395989
 20
3.9849375618
 30
0.0
 11
-9.1660507975
 21
4.0308166696
 31
0.0
  0
LINE
  5
3B0
330
1F
100
AcDbEntity
  8
0
  6
Continuous
 62
     7
370
    25
100
AcDbLine
 10
-9.1617517969
 20
3.9816614808
 30
0.0
 11
-9.1546395989
 21
3.9849375618
 31
0.0
  0
LINE
  5
3B1
330
1F
100
AcDbEntity
  8
0
  6
Continuous
 62
     7
370
    25
100
AcDbLine
 10
-6.5289390673
 20
-4.4103730528
 30
0.0
 11
-6.5057083835
 21
-4.4490256833
 31
0.0
  0
LINE
  5
3B2
330
1F
100
AcDbEntity
  8
0
  6
Continuous
 62
     7
370
    25
100
AcDbLine
 10
-3.9425844931
 20
-3.7995547893
 30
0.0
 11
-3.8189020724
 21
-3.3046183324
 31
0.0
  0
LINE
  5
3B3
330
1F
100
AcDbEntity
  8
0
  6
Continuous
 62
     7
370
    25
100
AcDbLine
 10
-3.8222709812
 20
-3.8336905426
 30
0.0
 11
-3.6748728606
 21
-3.2438516378
 31
0.0
  0
LINE
  5
3B4
330
1F
100
AcDbEntity
  8
0
  6
Continuous
 62
     7
370
    25
100
AcDbLine
 10
-2.8273112391
 20
-3.7674641233
 30
0.0
 11
-3.5972263927
 21
-3.2153415431
 31
0.0
  0
LINE
  5
3B5
330
1F
100
AcDbEntity
  8
0
  6
Continuous
 62
     7
370
    25
100
AcDbLine
 10
-2.4800558423
 20
-3.7670521869
 30
0.0
 11
-2.4483608077
 21
-2.8594251491
 31
0.0
  0
LINE
  5
3B6
330
1F
100
AcDbEntity
  8
0
  6
Continuous
 62
     7
370
    25
100
AcDbLine
 10
-2.5591635346
 20
-3.8059393195
 30
0.0
 11
-3.4456039087
 21
-3.170254018
 31
0.0
  0
LINE
  5
3B7
330
1F
100
AcDbEntity
  8
0
  6
Continuous
 62
     7
370
    25
100
AcDbLine
 10
0.3578038519
 20
-3.1565975709
 30
0.0
 11
-0.1944178056
 21
-2.4829513147
 31
0.0
  0
LINE
  5
3B8
330
1F
100
AcDbEntity
  8
0
  6
Continuous
 62
     7
370
    25
100
AcDbLine
 10
1.291419413
 20
-2.4679411384
 30
0.0
 11
2.3692725372
 21
-3.7249907649
 31
0.0
  0
LINE
  5
3B9
330
1F
100
AcDbEntity
  8
0
  6
Continuous
 62
     7
370
    25
100
AcDbLine
 10
2.4571992084
 20
-3.6941895219
 30
0.0
 11
2.4686239858
 21
-3.3670267031
 31
0.0
  0
LINE
  5
3BA
330
1F
100
AcDbEntity
  8
0
  6
Continuous
 62
     7
370
    25
100
AcDbLine
 10
2.4970837127
 20
-2.5520467557
 30
0.0
 11
2.4784141576
 21
-3.0866728643
 31
0.0
  0
LINE
  5
3BB
330
1F
100
AcDbEntity
  8
0
  6
Continuous
 62
     7
370
    25
100
AcDbLine
 10
-0.5480294946
 20
-3.7915547901
 30
0.0
 11
-0.5295484953
 21
-3.2623282129
 31
0.0
  0
LINE
  5
3BC
330
1F
100
AcDbEntity
  8
0
  6
Continuous
 62
     7
370
    25
100
AcDbLine
 10
-0.505987226
 20
-2.5876217383
 30
0.0
 11
-0.5197583235
 21
-2.9819743742
 31
0.0
  0
LINE
  5
3BD
330
1F
100
AcDbEntity
  8
0
  6
Continuous
 62
     7
370
    25
100
AcDbLine
 10
-2.0701534722
 20
-3.7525309694
 30
0.0
 11
-0.5874988942
 21
-2.5470812195
 31
0.0
  0
LINE
  5
3BE
330
1F
100
AcDbEntity
  8
0
  6
Continuous
 62
     7
370
    25
100
AcDbLine
 10
-2.3531516457
 20
-3.7147050125
 30
0.0
 11
-2.3238302966
 21
-2.8750514343
 31
0.0
  0
LINE
  5
3BF
330
1F
100
AcDbEntity
  8
0
  6
Continuous
 62
     7
370
    25
100
AcDbLine
 10
-0.8121257828
 20
-2.5686097181
 30
0.0
 11
-2.2716399775
 21
-3.7552455314
 31
0.0
  0
LINE
  5
3C0
330
1F
100
AcDbEntity
  8
0
  6
Continuous
 62
     7
370
    25
100
AcDbLine
 10
3.6956345378
 20
-3.0666853152
 30
0.0
 11
2.8172246285
 21
-3.8198750423
 31
0.0
  0
LINE
  5
3C1
330
1F
100
AcDbEntity
  8
0
  6
Continuous
 62
     7
370
    25
100
AcDbLine
 10
0.6638860563
 20
-3.8568722628
 30
0.0
 11
-0.3489889292
 21
-3.8426894616
 31
0.0
  0
LINE
  5
3C2
330
1F
100
AcDbEntity
  8
0
  6
Continuous
 62
     7
370
    25
100
AcDbLine
 10
0.7032542387
 20
-3.7751789603
 30
0.0
 11
-0.2855048559
 21
-2.5690077548
 31
0.0
  0
LINE
  5
3C3
330
1F
100
AcDbEntity
  8
0
  6
Continuous
 62
     7
370
    25
100
AcDbLine
 10
-0.3698496994
 20
-2.9872092987
 30
0.0
 11
-0.3560786019
 21
-2.5928566628
 31
0.0
  0
LINE
  5
3C4
330
1F
100
AcDbEntity
  8
0
  6
Continuous
 62
     7
370
    25
100
AcDbLine
 10
-0.3981208705
 20
-3.7967897146
 30
0.0
 11
-0.3796398712
 21
-3.2675631375
 31
0.0
  0
LINE
  5
3C5
330
1F
100
AcDbEntity
  8
0
  6
Continuous
 62
     7
370
    25
100
AcDbLine
 10
3.4961835228
 20
-3.0730444941
 30
0.0
 11
2.6887056206
 21
-3.7654138019
 31
0.0
  0
LINE
  5
3C6
330
1F
100
AcDbEntity
  8
0
  6
Continuous
 62
     7
370
    25
100
AcDbLine
 10
2.638796042
 20
-2.7334981272
 30
0.0
 11
2.6263200227
 21
-3.0907645733
 31
0.0
  0
LINE
  5
3C7
330
1F
100
AcDbEntity
  8
0
  6
Continuous
 62
     7
370
    25
100
AcDbLine
 10
2.6061898614
 20
-3.7257116972
 30
0.0
 11
2.6185326098
 21
-3.3722616276
 31
0.0
  0
LINE
  5
3C8
330
1F
100
AcDbEntity
  8
0
  6
Continuous
 62
     7
370
    25
100
AcDbLine
 10
2.2270302384
 20
-3.8787602188
 30
0.0
 11
1.5723863151
 21
-3.8695935548
 31
0.0
  0
LINE
  5
3C9
330
1F
100
AcDbEntity
  8
0
  6
Continuous
 62
     7
370
    25
100
AcDbLine
 10
1.7411291292
 20
-3.1844511243
 30
0.0
 11
2.2656874255
 21
-3.796218902
 31
0.0
  0
LINE
  5
3CA
330
1F
100
AcDbEntity
  8
0
  6
Continuous
 62
     7
370
    25
100
AcDbLine
 10
-10.593908876
 20
0.3702196396
 30
0.0
 11
-10.5713563119
 21
0.3311674647
 31
0.0
  0
LINE
  5
3CB
330
1F
100
AcDbEntity
  8
0
  6
Continuous
 62
     7
370
    25
100
AcDbLine
 10
-7.9972879676
 20
0.9358067612
 30
0.0
 11
-7.8649865522
 21
1.4285092811
 31
0.0
  0
LINE
  5
3CC
330
1F
100
AcDbEntity
  8
0
  6
Continuous
 62
     7
370
    25
100
AcDbLine
 10
-7.877588531
 20
0.8995764467
 30
0.0
 11
-7.7199187516
 21
1.4867530643
 31
0.0
  0
LINE
  5
3CD
330
1F
100
AcDbEntity
  8
0
  6
Continuous
 62
     7
370
    25
100
AcDbLine
 10
-6.8816245158
 20
0.9484283376
 30
0.0
 11
-7.6417865399
 21
1.513903699
 31
0.0
  0
LINE
  5
3CE
330
1F
100
AcDbEntity
  8
0
  6
Continuous
 62
     7
370
    25
100
AcDbLine
 10
-6.5344148184
 20
0.942779769
 30
0.0
 11
-6.4868843351
 21
1.8497154161
 31
0.0
  0
LINE
  5
3CF
330
1F
100
AcDbEntity
  8
0
  6
Continuous
 62
     7
370
    25
100
AcDbLine
 10
-6.6141891363
 20
0.9052791787
 30
0.0
 11
-7.4894002629
 21
1.5563381799
 31
0.0
  0
LINE
  5
3D0
330
1F
100
AcDbEntity
  8
0
  6
Continuous
 62
     7
370
    25
100
AcDbLine
 10
-3.6863334419
 20
1.503613929
 30
0.0
 11
-4.2267142451
 21
2.1867951824
 31
0.0
  0
LINE
  5
3D1
330
1F
100
AcDbEntity
  8
0
  6
Continuous
 62
     7
370
    25
100
AcDbLine
 10
-2.740841363
 20
2.1758716375
 30
0.0
 11
-1.685090942
 21
0.900202335
 31
0.0
  0
LINE
  5
3D2
330
1F
100
AcDbEntity
  8
0
  6
Continuous
 62
     7
370
    25
100
AcDbLine
 10
-1.5966401067
 20
0.9294643548
 30
0.0
 11
-1.5795072909
 21
1.2563779553
 31
0.0
  0
LINE
  5
3D3
330
1F
100
AcDbEntity
  8
0
  6
Continuous
 62
     7
370
    25
100
AcDbLine
 10
-1.5368285373
 20
2.0707370865
 30
0.0
 11
-1.564825761
 21
1.5365182328
 31
0.0
  0
LINE
  5
3D4
330
1F
100
AcDbEntity
  8
0
  6
Continuous
 62
     7
370
    25
100
AcDbLine
 10
-4.603110357
 20
0.8845623885
 30
0.0
 11
-4.5753958951
 21
1.413385824
 31
0.0
  0
LINE
  5
3D5
330
1F
100
AcDbEntity
  8
0
  6
Continuous
 62
     7
370
    25
100
AcDbLine
 10
-4.5400629627
 20
2.0875783368
 30
0.0
 11
-4.5607143653
 21
1.6935261015
 31
0.0
  0
LINE
  5
3D6
330
1F
100
AcDbEntity
  8
0
  6
Continuous
 62
     7
370
    25
100
AcDbLine
 10
-6.1243214482
 20
0.950144992
 30
0.0
 11
-4.6208546867
 21
2.1295352558
 31
0.0
  0
LINE
  5
3D7
330
1F
100
AcDbEntity
  8
0
  6
Continuous
 62
     7
370
    25
100
AcDbLine
 10
-6.4066163657
 20
0.9929041869
 30
0.0
 11
-6.3626455069
 21
1.8319181538
 31
0.0
  0
LINE
  5
3D8
330
1F
100
AcDbEntity
  8
0
  6
Continuous
 62
     7
370
    25
100
AcDbLine
 10
-4.8458230876
 20
2.1119303158
 30
0.0
 11
-6.3258246417
 21
0.9509472679
 31
0.0
  0
LINE
  5
3D9
330
1F
100
AcDbEntity
  8
0
  6
Continuous
 62
     7
370
    25
100
AcDbLine
 10
-0.3474419385
 20
1.5352593129
 30
0.0
 11
-1.238863035
 21
0.7975146669
 31
0.0
  0
LINE
  5
3DA
330
1F
100
AcDbEntity
  8
0
  6
Continuous
 62
     7
370
    25
100
AcDbLine
 10
-3.3925193338
 20
0.7981040213
 30
0.0
 11
-4.4049925295
 21
0.8299617682
 31
0.0
  0
LINE
  5
3DB
330
1F
100
AcDbEntity
  8
0
  6
Continuous
 62
     7
370
    25
100
AcDbLine
 10
-3.3517314027
 20
0.8790978119
 30
0.0
 11
-4.3192893143
 21
2.1023415373
 31
0.0
  0
LINE
  5
3DC
330
1F
100
AcDbEntity
  8
0
  6
Continuous
 62
     7
370
    25
100
AcDbLine
 10
-4.4109199351
 20
1.6856757081
 30
0.0
 11
-4.3902685325
 21
2.0797279433
 31
0.0
  0
LINE
  5
3DD
330
1F
100
AcDbEntity
  8
0
  6
Continuous
 62
     7
370
    25
100
AcDbLine
 10
-4.4533159268
 20
0.8767119951
 30
0.0
 11
-4.4256014649
 21
1.4055354306
 31
0.0
  0
LINE
  5
3DE
330
1F
100
AcDbEntity
  8
0
  6
Continuous
 62
     7
370
    25
100
AcDbLine
 10
-0.5469735591
 20
1.5323820026
 30
0.0
 11
-1.3664119891
 21
0.8542105786
 31
0.0
  0
LINE
  5
3DF
330
1F
100
AcDbEntity
  8
0
  6
Continuous
 62
     7
370
    25
100
AcDbLine
 10
-1.3983045545
 20
1.8868401298
 30
0.0
 11
-1.4170138328
 21
1.5298458336
 31
0.0
  0
LINE
  5
3E0
330
1F
100
AcDbEntity
  8
0
  6
Continuous
 62
     7
370
    25
100
AcDbLine
 10
-1.4482222835
 20
0.895346735
 30
0.0
 11
-1.4297128606
 21
1.2485275618
 31
0.0
  0
LINE
  5
3E1
330
1F
100
AcDbEntity
  8
0
  6
Continuous
 62
     7
370
    25
100
AcDbLine
 10
-1.8299952237
 20
0.7489387713
 30
0.0
 11
-2.4843794612
 21
0.7695291509
 31
0.0
  0
LINE
  5
3E2
330
1F
100
AcDbEntity
  8
0
  6
Continuous
 62
     7
370
    25
100
AcDbLine
 10
-2.3037049633
 20
1.4516222628
 30
0.0
 11
-1.7899033796
 21
0.8307928557
 31
0.0
  0
LINE
  5
3E3
330
1F
100
AcDbEntity
  8
0
  6
Continuous
 62
     7
370
    25
100
AcDbLine
 10
1.7530939019
 20
0.8538672937
 30
0.0
 11
1.7305413377
 21
0.8929194686
 31
0.0
  0
LINE
  5
3E4
330
1F
100
AcDbEntity
  8
0
  6
Continuous
 62
     7
370
    25
100
AcDbLine
 10
-0.8435270065
 20
0.2882801721
 30
0.0
 11
-0.975828422
 21
-0.2044223477
 31
0.0
  0
LINE
  5
3E5
330
1F
100
AcDbEntity
  8
0
  6
Continuous
 62
     7
370
    25
100
AcDbLine
 10
-0.9632264431
 20
0.3245104866
 30
0.0
 11
-1.1208962225
 21
-0.262666131
 31
0.0
  0
LINE
  5
3E6
330
1F
100
AcDbEntity
  8
0
  6
Continuous
 62
     7
370
    25
100
AcDbLine
 10
-1.9591904584
 20
0.2756585958
 30
0.0
 11
-1.1990284342
 21
-0.2898167657
 31
0.0
  0
LINE
  5
3E7
330
1F
100
AcDbEntity
  8
0
  6
Continuous
 62
     7
370
    25
100
AcDbLine
 10
-2.3064001558
 20
0.2813071644
 30
0.0
 11
-2.353930639
 21
-0.6256284828
 31
0.0
  0
LINE
  5
3E8
330
1F
100
AcDbEntity
  8
0
  6
Continuous
 62
     7
370
    25
100
AcDbLine
 10
-2.2266258379
 20
0.3188077547
 30
0.0
 11
-1.3514147112
 21
-0.3322512466
 31
0.0
  0
LINE
  5
3E9
330
1F
100
AcDbEntity
  8
0
  6
Continuous
 62
     7
370
    25
100
AcDbLine
 10
-5.1544815322
 20
-0.2795269956
 30
0.0
 11
-4.614100729
 21
-0.9627082491
 31
0.0
  0
LINE
  5
3EA
330
1F
100
AcDbEntity
  8
0
  6
Continuous
 62
     7
370
    25
100
AcDbLine
 10
-6.0999736111
 20
-0.9517847042
 30
0.0
 11
-7.1557240321
 21
0.3238845983
 31
0.0
  0
LINE
  5
3EB
330
1F
100
AcDbEntity
  8
0
  6
Continuous
 62
     7
370
    25
100
AcDbLine
 10
-7.2441748675
 20
0.2946225785
 30
0.0
 11
-7.2613076833
 21
-0.0322910219
 31
0.0
  0
LINE
  5
3EC
330
1F
100
AcDbEntity
  8
0
  6
Continuous
 62
     7
370
    25
100
AcDbLine
 10
-7.3039864369
 20
-0.8466501532
 30
0.0
 11
-7.2759892131
 21
-0.3124312994
 31
0.0
  0
LINE
  5
3ED
330
1F
100
AcDbEntity
  8
0
  6
Continuous
 62
     7
370
    25
100
AcDbLine
 10
-4.2377046171
 20
0.3395245448
 30
0.0
 11
-4.265419079
 21
-0.1892988907
 31
0.0
  0
LINE
  5
3EE
330
1F
100
AcDbEntity
  8
0
  6
Continuous
 62
     7
370
    25
100
AcDbLine
 10
-4.3007520114
 20
-0.8634914034
 30
0.0
 11
-4.2801006088
 21
-0.4694391682
 31
0.0
  0
LINE
  5
3EF
330
1F
100
AcDbEntity
  8
0
  6
Continuous
 62
     7
370
    25
100
AcDbLine
 10
-2.7164935259
 20
0.2739419413
 30
0.0
 11
-4.2199602874
 21
-0.9054483225
 31
0.0
  0
LINE
  5
3F0
330
1F
100
AcDbEntity
  8
0
  6
Continuous
 62
     7
370
    25
100
AcDbLine
 10
-2.4341986084
 20
0.2311827464
 30
0.0
 11
-2.4781694672
 21
-0.6078312204
 31
0.0
  0
LINE
  5
3F1
330
1F
100
AcDbEntity
  8
0
  6
Continuous
 62
     7
370
    25
100
AcDbLine
 10
-3.9949918865
 20
-0.8878433825
 30
0.0
 11
-2.5149903324
 21
0.2731396655
 31
0.0
  0
LINE
  5
3F2
330
1F
100
AcDbEntity
  8
0
  6
Continuous
 62
     7
370
    25
100
AcDbLine
 10
-8.4933730356
 20
-0.3111723795
 30
0.0
 11
-7.6019519392
 21
0.4265722664
 31
0.0
  0
LINE
  5
3F3
330
1F
100
AcDbEntity
  8
0
  6
Continuous
 62
     7
370
    25
100
AcDbLine
 10
-5.4482956403
 20
0.4259829121
 30
0.0
 11
-4.4358224446
 21
0.3941251651
 31
0.0
  0
LINE
  5
3F4
330
1F
100
AcDbEntity
  8
0
  6
Continuous
 62
     7
370
    25
100
AcDbLine
 10
-5.4890835714
 20
0.3449891214
 30
0.0
 11
-4.5215256598
 21
-0.878254604
 31
0.0
  0
LINE
  5
3F5
330
1F
100
AcDbEntity
  8
0
  6
Continuous
 62
     7
370
    25
100
AcDbLine
 10
-4.4298950391
 20
-0.4615887747
 30
0.0
 11
-4.4505464416
 21
-0.85564101
 31
0.0
  0
LINE
  5
3F6
330
1F
100
AcDbEntity
  8
0
  6
Continuous
 62
     7
370
    25
100
AcDbLine
 10
-4.3874990473
 20
0.3473749383
 30
0.0
 11
-4.4152135092
 21
-0.1814484972
 31
0.0
  0
LINE
  5
3F7
330
1F
100
AcDbEntity
  8
0
  6
Continuous
 62
     7
370
    25
100
AcDbLine
 10
-8.293841415
 20
-0.3082950693
 30
0.0
 11
-7.474402985
 21
0.3698763547
 31
0.0
  0
LINE
  5
3F8
330
1F
100
AcDbEntity
  8
0
  6
Continuous
 62
     7
370
    25
100
AcDbLine
 10
-7.4425104196
 20
-0.6627531965
 30
0.0
 11
-7.4238011413
 21
-0.3057589003
 31
0.0
  0
LINE
  5
3F9
330
1F
100
AcDbEntity
  8
0
  6
Continuous
 62
     7
370
    25
100
AcDbLine
 10
-7.3925926907
 20
0.3287401983
 30
0.0
 11
-7.4111021135
 21
-0.0244406285
 31
0.0
  0
LINE
  5
3FA
330
1F
100
AcDbEntity
  8
0
  6
Continuous
 62
     7
370
    25
100
AcDbLine
 10
-7.0108197504
 20
0.475148162
 30
0.0
 11
-6.356435513
 21
0.4545577824
 31
0.0
  0
LINE
  5
3FB
330
1F
100
AcDbEntity
  8
0
  6
Continuous
 62
     7
370
    25
100
AcDbLine
 10
-6.5371100108
 20
-0.2275353295
 30
0.0
 11
-7.0509115945
 21
0.3932940776
 31
0.0
  0
LINE
  5
3FC
330
1F
100
AcDbEntity
  8
0
  6
Continuous
 62
     7
370
    25
100
AcDbLine
 10
1.893290136
 20
-0.8133014511
 30
0.0
 11
1.8700594523
 21
-0.7746488206
 31
0.0
  0
LINE
  5
3FD
330
1F
100
AcDbEntity
  8
0
  6
Continuous
 62
     7
370
    25
100
AcDbLine
 10
-0.6930644381
 20
-1.4241197146
 30
0.0
 11
-0.8167468588
 21
-1.9190561715
 31
0.0
  0
LINE
  5
3FE
330
1F
100
AcDbEntity
  8
0
  6
Continuous
 62
     7
370
    25
100
AcDbLine
 10
-0.8133779501
 20
-1.3899839614
 30
0.0
 11
-0.9607760706
 21
-1.9798228662
 31
0.0
  0
LINE
  5
3FF
330
1F
100
AcDbEntity
  8
0
  6
Continuous
 62
     7
370
    25
100
AcDbLine
 10
-1.8083376921
 20
-1.4562103806
 30
0.0
 11
-1.0384225385
 21
-2.0083329609
 31
0.0
  0
LINE
  5
400
330
1F
100
AcDbEntity
  8
0
  6
Continuous
 62
     7
370
    25
100
AcDbLine
 10
-2.1555930889
 20
-1.4566223171
 30
0.0
 11
-2.1872881235
 21
-2.3642493549
 31
0.0
  0
LINE
  5
401
330
1F
100
AcDbEntity
  8
0
  6
Continuous
 62
     7
370
    25
100
AcDbLine
 10
-2.0764853966
 20
-1.4177351845
 30
0.0
 11
-1.1900450225
 21
-2.053420486
 31
0.0
  0
LINE
  5
402
330
1F
100
AcDbEntity
  8
0
  6
Continuous
 62
     7
370
    25
100
AcDbLine
 10
-4.9934527831
 20
-2.067076933
 30
0.0
 11
-4.4412311256
 21
-2.7407231893
 31
0.0
  0
LINE
  5
403
330
1F
100
AcDbEntity
  8
0
  6
Continuous
 62
     7
370
    25
100
AcDbLine
 10
-5.9270683442
 20
-2.7557333655
 30
0.0
 11
-7.0049214684
 21
-1.4986837391
 31
0.0
  0
LINE
  5
404
330
1F
100
AcDbEntity
  8
0
  6
Continuous
 62
     7
370
    25
100
AcDbLine
 10
-7.0928481396
 20
-1.5294849821
 30
0.0
 11
-7.104272917
 21
-1.8566478009
 31
0.0
  0
LINE
  5
405
330
1F
100
AcDbEntity
  8
0
  6
Continuous
 62
     7
370
    25
100
AcDbLine
 10
-7.1327326439
 20
-2.6716277482
 30
0.0
 11
-7.1140630888
 21
-2.1370016397
 31
0.0
  0
LINE
  5
406
330
1F
100
AcDbEntity
  8
0
  6
Continuous
 62
     7
370
    25
100
AcDbLine
 10
-4.0876194366
 20
-1.4321197138
 30
0.0
 11
-4.1061004359
 21
-1.961346291
 31
0.0
  0
LINE
  5
407
330
1F
100
AcDbEntity
  8
0
  6
Continuous
 62
     7
370
    25
100
AcDbLine
 10
-4.1296617052
 20
-2.6360527657
 30
0.0
 11
-4.1158906077
 21
-2.2417001298
 31
0.0
  0
LINE
  5
408
330
1F
100
AcDbEntity
  8
0
  6
Continuous
 62
     7
370
    25
100
AcDbLine
 10
-2.565495459
 20
-1.4711435346
 30
0.0
 11
-4.048150037
 21
-2.6765932845
 31
0.0
  0
LINE
  5
409
330
1F
100
AcDbEntity
  8
0
  6
Continuous
 62
     7
370
    25
100
AcDbLine
 10
-2.2824972855
 20
-1.5089694914
 30
0.0
 11
-2.3118186346
 21
-2.3486230696
 31
0.0
  0
LINE
  5
40A
330
1F
100
AcDbEntity
  8
0
  6
Continuous
 62
     7
370
    25
100
AcDbLine
 10
-3.8235231485
 20
-2.6550647858
 30
0.0
 11
-2.3640089538
 21
-1.4684289726
 31
0.0
  0
LINE
  5
40B
330
1F
100
AcDbEntity
  8
0
  6
Continuous
 62
     7
370
    25
100
AcDbLine
 10
-8.3312834691
 20
-2.1569891888
 30
0.0
 11
-7.4528735597
 21
-1.4037994617
 31
0.0
  0
LINE
  5
40C
330
1F
100
AcDbEntity
  8
0
  6
Continuous
 62
     7
370
    25
100
AcDbLine
 10
-5.2995349875
 20
-1.3668022412
 30
0.0
 11
-4.286660002
 21
-1.3809850423
 31
0.0
  0
LINE
  5
40D
330
1F
100
AcDbEntity
  8
0
  6
Continuous
 62
     7
370
    25
100
AcDbLine
 10
-5.3389031699
 20
-1.4484955436
 30
0.0
 11
-4.3501440753
 21
-2.6546667492
 31
0.0
  0
LINE
  5
40E
330
1F
100
AcDbEntity
  8
0
  6
Continuous
 62
     7
370
    25
100
AcDbLine
 10
-4.2657992318
 20
-2.2364652053
 30
0.0
 11
-4.2795703293
 21
-2.6308178412
 31
0.0
  0
LINE
  5
40F
330
1F
100
AcDbEntity
  8
0
  6
Continuous
 62
     7
370
    25
100
AcDbLine
 10
-4.2375280607
 20
-1.4268847893
 30
0.0
 11
-4.25600906
 21
-1.9561113665
 31
0.0
  0
LINE
  5
410
330
1F
100
AcDbEntity
  8
0
  6
Continuous
 62
     7
370
    25
100
AcDbLine
 10
-8.131832454
 20
-2.1506300098
 30
0.0
 11
-7.3243545518
 21
-1.4582607021
 31
0.0
  0
LINE
  5
411
330
1F
100
AcDbEntity
  8
0
  6
Continuous
 62
     7
370
    25
100
AcDbLine
 10
-7.2744449732
 20
-2.4901763768
 30
0.0
 11
-7.261968954
 21
-2.1329099306
 31
0.0
  0
LINE
  5
412
330
1F
100
AcDbEntity
  8
0
  6
Continuous
 62
     7
370
    25
100
AcDbLine
 10
-7.2418387927
 20
-1.4979628067
 30
0.0
 11
-7.2541815411
 21
-1.8514128764
 31
0.0
  0
LINE
  5
413
330
1F
100
AcDbEntity
  8
0
  6
Continuous
 62
     7
370
    25
100
AcDbLine
 10
-6.8626791696
 20
-1.3449142852
 30
0.0
 11
-6.2080352463
 21
-1.3540809491
 31
0.0
  0
LINE
  5
414
330
1F
100
AcDbEntity
  8
0
  6
Continuous
 62
     7
370
    25
100
AcDbLine
 10
-6.3767780604
 20
-2.0392233796
 30
0.0
 11
-6.9013363567
 21
-1.427455602
 31
0.0
  0
LINE
  5
415
330
1F
100
AcDbEntity
  8
0
  6
Continuous
 62
     7
370
    25
100
AcDbLine
 10
2.6865738433
 20
3.8893382746
 30
0.0
 11
2.7372073284
 21
3.0749416644
 31
0.0
  0
LINE
  5
416
330
1F
100
AcDbEntity
  8
0
  6
Continuous
 62
     7
370
    25
100
AcDbLine
 10
0.4725781401
 20
3.2403625659
 30
0.0
 11
0.4830306577
 21
3.0722426961
 31
0.0
  0
LINE
  5
417
330
1F
100
AcDbEntity
  8
0
  6
Continuous
 62
     7
370
    25
100
AcDbLine
 10
9.2104306443
 20
2.713190582
 30
0.0
 11
9.3593128597
 21
3.170129351
 31
0.0
  0
LINE
  5
418
330
1F
100
AcDbEntity
  8
0
  6
Continuous
 62
     7
370
    25
100
AcDbLine
 10
4.9980729708
 20
2.9700542017
 30
0.0
 11
4.9203241626
 21
4.2205777593
 31
0.0
  0
LINE
  5
419
330
1F
100
AcDbEntity
  8
0
  6
Continuous
 62
     7
370
    25
100
AcDbLine
 10
4.224409015
 20
2.9931214095
 30
0.0
 11
4.1514733376
 21
4.166229845
 31
0.0
  0
LINE
  5
41A
330
1F
100
AcDbEntity
  8
0
  6
Continuous
 62
     7
370
    25
100
AcDbLine
 10
4.3184852034
 20
2.8994910908
 30
0.0
 11
4.8917146501
 21
2.8640636939
 31
0.0
  0
LINE
  5
41B
330
1F
100
AcDbEntity
  8
0
  6
Continuous
 62
     7
370
    25
100
AcDbLine
 10
-1.2471897209
 20
2.6377807013
 30
0.0
 11
-1.2260137964
 21
2.5979652428
 31
0.0
  0
LINE
  5
41C
330
1F
100
AcDbEntity
  8
0
  6
Continuous
 62
     7
370
    25
100
AcDbLine
 10
8.8560607428
 20
2.7506672806
 30
0.0
 11
8.3866770284
 21
3.5829826528
 31
0.0
  0
LINE
  5
41D
330
1F
100
AcDbEntity
  8
0
  6
Continuous
 62
     7
370
    25
100
AcDbLine
 10
8.1997661867
 20
3.5276553435
 30
0.0
 11
8.2497991944
 21
2.7229163741
 31
0.0
  0
LINE
  5
41E
330
1F
100
AcDbEntity
  8
0
  6
Continuous
 62
     7
370
    25
100
AcDbLine
 10
8.3427880874
 20
2.6293544121
 30
0.0
 11
8.7628274452
 21
2.6017333315
 31
0.0
  0
LINE
  5
41F
330
1F
100
AcDbEntity
  8
0
  6
Continuous
 62
     7
370
    25
100
AcDbLine
 10
8.9520601837
 20
2.784015015
 30
0.0
 11
8.4537866135
 21
3.667558136
 31
0.0
  0
LINE
  5
420
330
1F
100
AcDbEntity
  8
0
  6
Continuous
 62
     7
370
    25
100
AcDbLine
 10
9.1342440546
 20
2.8021574369
 30
0.0
 11
9.3015742657
 21
3.3157154899
 31
0.0
  0
LINE
  5
421
330
1F
100
AcDbEntity
  8
0
  6
Continuous
 62
     7
370
    25
100
AcDbLine
 10
4.8155548883
 20
4.3142492578
 30
0.0
 11
4.2414921083
 21
4.2719549357
 31
0.0
  0
LINE
  5
422
330
1F
100
AcDbEntity
  8
0
  6
Continuous
 62
     7
370
    25
100
AcDbLine
 10
7.9504754913
 20
1.4446080816
 30
0.0
 11
7.8998420062
 21
2.2590046918
 31
0.0
  0
LINE
  5
423
330
1F
100
AcDbEntity
  8
0
  6
Continuous
 62
     7
370
    25
100
AcDbLine
 10
10.1644711945
 20
2.0935837902
 30
0.0
 11
10.1540186769
 21
2.2617036601
 31
0.0
  0
LINE
  5
424
330
1F
100
AcDbEntity
  8
0
  6
Continuous
 62
     7
370
    25
100
AcDbLine
 10
1.4266186903
 20
2.6207557742
 30
0.0
 11
1.2777364749
 21
2.1638170052
 31
0.0
  0
LINE
  5
425
330
1F
100
AcDbEntity
  8
0
  6
Continuous
 62
     7
370
    25
100
AcDbLine
 10
5.6389763638
 20
2.3638921545
 30
0.0
 11
5.716725172
 21
1.1133685969
 31
0.0
  0
LINE
  5
426
330
1F
100
AcDbEntity
  8
0
  6
Continuous
 62
     7
370
    25
100
AcDbLine
 10
6.4126403196
 20
2.3408249467
 30
0.0
 11
6.485575997
 21
1.1677165112
 31
0.0
  0
LINE
  5
427
330
1F
100
AcDbEntity
  8
0
  6
Continuous
 62
     7
370
    25
100
AcDbLine
 10
11.8842390555
 20
2.6961656549
 30
0.0
 11
11.863063131
 21
2.7359811134
 31
0.0
  0
LINE
  5
428
330
1F
100
AcDbEntity
  8
0
  6
Continuous
 62
     7
370
    25
100
AcDbLine
 10
1.7809885917
 20
2.5832790755
 30
0.0
 11
2.2503723062
 21
1.7509637033
 31
0.0
  0
LINE
  5
429
330
1F
100
AcDbEntity
  8
0
  6
Continuous
 62
     7
370
    25
100
AcDbLine
 10
2.4372831479
 20
1.8062910127
 30
0.0
 11
2.3872501401
 21
2.611029982
 31
0.0
  0
LINE
  5
42A
330
1F
100
AcDbEntity
  8
0
  6
Continuous
 62
     7
370
    25
100
AcDbLine
 10
1.6849891509
 20
2.5499313412
 30
0.0
 11
2.1832627211
 21
1.6663882201
 31
0.0
  0
LINE
  5
42B
330
1F
100
AcDbEntity
  8
0
  6
Continuous
 62
     7
370
    25
100
AcDbLine
 10
1.5028052799
 20
2.5317889192
 30
0.0
 11
1.3354750689
 21
2.0182308662
 31
0.0
  0
LINE
  5
42C
330
1F
100
AcDbEntity
  8
0
  6
Continuous
 62
     7
370
    25
100
AcDbLine
 10
5.8214944463
 20
1.0196970983
 30
0.0
 11
6.3955572263
 21
1.0619914205
 31
0.0
  0
LINE
  5
42D
330
1F
100
AcDbEntity
  8
0
  6
Continuous
 62
     7
370
    25
100
AcDbLine
 10
6.3185641312
 20
2.4344552654
 30
0.0
 11
5.7453346845
 21
2.4698826623
 31
0.0
  0
LINE
  5
42E
330
1F
100
AcDbEntity
  8
0
  6
Continuous
 62
     7
370
    25
100
AcDbLine
 10
2.2942612472
 20
2.7045919441
 30
0.0
 11
1.8742218893
 21
2.7322130247
 31
0.0
  0
LINE
  5
42F
330
1F
100
AcDbEntity
  8
0
  6
Continuous
 62
     7
370
    25
100
AcDbLine
 10
-5.7274765663
 20
2.8669564862
 30
0.0
 11
-5.7172609079
 21
2.4912868377
 31
0.0
  0
LINE
  5
430
330
1F
100
AcDbEntity
  8
0
  6
Continuous
 62
     7
370
    25
100
AcDbLine
 10
-3.4246389372
 20
2.9294010578
 30
0.0
 11
-3.4229836959
 21
2.8685313722
 31
0.0
  0
LINE
  5
431
330
1F
100
AcDbEntity
  8
0
  6
Continuous
 62
     7
370
    25
100
AcDbLine
 10
-1.1655068549
 20
3.2450886842
 30
0.0
 11
-1.1864964341
 21
3.2904697106
 31
0.0
  0
LINE
  5
432
330
1F
100
AcDbEntity
  8
0
  6
Continuous
 62
     7
370
    25
100
AcDbLine
 10
-11.0841111929
 20
2.9681174584
 30
0.0
 11
-11.0749399047
 21
2.6308533808
 31
0.0
  0
LINE
  5
433
330
1F
100
AcDbEntity
  8
0
  6
Continuous
 62
     7
370
    25
100
AcDbLine
 10
-11.6967323644
 20
2.8869413198
 30
0.0
 11
-11.6969388769
 21
2.8871934968
 31
0.0
  0
LINE
  5
434
330
1F
100
AcDbEntity
  8
0
  6
Continuous
 62
     7
370
    25
100
AcDbLine
 10
-2.9408254378
 20
3.9981602225
 30
0.0
 11
-2.9306097794
 21
3.6224905741
 31
0.0
  0
LINE
  5
435
330
1F
100
AcDbEntity
  8
0
  6
Continuous
 62
     7
370
    25
100
AcDbLine
 10
-0.6379878087
 20
4.0606047941
 30
0.0
 11
-0.6363325674
 21
3.9997351085
 31
0.0
  0
LINE
  5
436
330
1F
100
AcDbEntity
  8
0
  6
Continuous
 62
     7
370
    25
100
AcDbLine
 10
1.6211442736
 20
4.3762924205
 30
0.0
 11
1.6001546944
 21
4.421673447
 31
0.0
  0
LINE
  5
437
330
1F
100
AcDbEntity
  8
0
  6
Continuous
 62
     7
370
    25
100
AcDbLine
 10
-8.2974600644
 20
4.0993211948
 30
0.0
 11
-8.2882887762
 21
3.7620571171
 31
0.0
  0
LINE
  5
438
330
1F
100
AcDbEntity
  8
0
  6
Continuous
 62
     7
370
    25
100
AcDbLine
 10
-8.9100812359
 20
4.0181450562
 30
0.0
 11
-8.9102877484
 21
4.0183972331
 31
0.0
  0
ARC
  5
439
330
1F
100
AcDbEntity
  8
0
  6
Continuous
 62
     7
370
    25
100
AcDbCircle
 10
1.9412946748
 20
0.3598690252
 30
0.0
 40
0.050000000000045
100
AcDbArc
 50
335.1037050993
 51
110.8992058592
  0
ARC
  5
43A
330
1F
100
AcDbEntity
  8
0
  6
Continuous
 62
     7
370
    25
100
AcDbCircle
 10
3.3848282777
 20
-3.4205290288
 30
0.0
 40
4.096628066664591
100
AcDbArc
 50
110.8992058591
 51
113.1701375339
  0
ARC
  5
43B
330
1F
100
AcDbEntity
  8
0
  6
Continuous
 62
     7
370
    25
100
AcDbCircle
 10
2.7222527731
 20
-1.8723966182
 30
0.0
 40
2.412668370018135
100
AcDbArc
 50
113.1701375339
 51
131.1783714245
  0
ARC
  5
43C
330
1F
100
AcDbEntity
  8
0
  6
Continuous
 62
     7
370
    25
100
AcDbCircle
 10
1.1995794664
 20
-0.1317355396
 30
0.0
 40
0.1000000000000984
100
AcDbArc
 50
131.1783714245
 51
268.141410177
  0
ARC
  5
43D
330
1F
100
AcDbEntity
  8
0
  6
Continuous
 62
     7
370
    25
100
AcDbCircle
 10
1.9056257013
 20
21.6263085181
 30
0.0
 40
21.86949660657243
100
AcDbArc
 50
268.1414101769
 51
269.1652562498
  0
ARC
  5
43E
330
1F
100
AcDbEntity
  8
0
  6
Continuous
 62
     7
370
    25
100
AcDbCircle
 10
1.5899333916
 20
-0.0408883829
 30
0.0
 40
0.2000000000002131
100
AcDbArc
 50
269.1652562498
 51
335.1037050993
  0
ARC
  5
43F
330
1F
100
AcDbEntity
  8
0
  6
Continuous
 62
     7
370
    25
100
AcDbCircle
 10
5.9372910346
 20
-0.0531966594
 30
0.0
 40
0.0500000000000075
100
AcDbArc
 50
269.3331812101
 51
26.6861305448
  0
ARC
  5
440
330
1F
100
AcDbEntity
  8
0
  6
Continuous
 62
     7
370
    25
100
AcDbCircle
 10
5.8039766905
 20
0.2120293334
 30
0.0
 40
0.0500000000000007
100
AcDbArc
 50
26.6861305448
 51
173.1916741781
  0
ARC
  5
441
330
1F
100
AcDbEntity
  8
0
  6
Continuous
 62
     7
370
    25
100
AcDbCircle
 10
5.1535955593
 20
0.2896784423
 30
0.0
 40
0.6049999999997279
100
AcDbArc
 50
328.7017563449
 51
353.1916741781
  0
ARC
  5
442
330
1F
100
AcDbEntity
  8
0
  6
Continuous
 62
     7
370
    25
100
AcDbCircle
 10
5.7132765239
 20
-0.0505894197
 30
0.0
 40
0.0500000000000022
100
AcDbArc
 50
148.7017563449
 51
269.3331812101
  0
ARC
  5
443
330
1F
100
AcDbEntity
  8
0
  6
Continuous
 62
     7
370
    25
100
AcDbCircle
 10
6.528597847
 20
-0.0100753209
 30
0.0
 40
0.1000000000000636
100
AcDbArc
 50
269.3331812101
 51
29.33318121
  0
ARC
  5
444
330
1F
100
AcDbEntity
  8
0
  6
Continuous
 62
     7
370
    25
100
AcDbCircle
 10
6.1957102485
 20
0.4802550103
 30
0.0
 40
0.1499999999999297
100
AcDbArc
 50
29.33318121
 51
80.7434504215
  0
ARC
  5
445
330
1F
100
AcDbEntity
  8
0
  6
Continuous
 62
     7
370
    25
100
AcDbCircle
 10
5.8992059574
 20
0.5792382852
 30
0.0
 40
0.1000000000000144
100
AcDbArc
 50
80.7434504214
 51
206.6861305449
  0
ARC
  5
446
330
1F
100
AcDbEntity
  8
0
  6
Continuous
 62
     7
370
    25
100
AcDbCircle
 10
6.1934605087
 20
-0.006174755
 30
0.0
 40
0.1000000000000586
100
AcDbArc
 50
206.6861305448
 51
269.3331812101
  0
ARC
  5
447
330
1F
100
AcDbEntity
  8
0
  6
Continuous
 62
     7
370
    25
100
AcDbCircle
 10
5.1535955593
 20
0.2896784423
 30
0.0
 40
0.6050000000000167
100
AcDbArc
 50
150.7731256224
 51
209.6429066353
  0
ARC
  5
448
330
1F
100
AcDbEntity
  8
0
  6
Continuous
 62
     7
370
    25
100
AcDbCircle
 10
4.5383468868
 20
0.63390812
 30
0.0
 40
0.1000000000000023
100
AcDbArc
 50
330.7731256224
 51
90.740953327
  0
ARC
  5
449
330
1F
100
AcDbEntity
  8
0
  6
Continuous
 62
     7
370
    25
100
AcDbCircle
 10
4.2520650561
 20
0.6302056954
 30
0.0
 40
0.0999999999999964
100
AcDbArc
 50
90.740953327
 51
211.4873194762
  0
ARC
  5
44A
330
1F
100
AcDbEntity
  8
0
  6
Continuous
 62
     7
370
    25
100
AcDbCircle
 10
3.6508722303
 20
0.2619772524
 30
0.0
 40
0.6050000000000496
100
AcDbArc
 50
331.9870302282
 51
31.4873194762
  0
ARC
  5
44B
330
1F
100
AcDbEntity
  8
0
  6
Continuous
 62
     7
370
    25
100
AcDbCircle
 10
4.2732753455
 20
-0.0691410983
 30
0.0
 40
0.099999999999993
100
AcDbArc
 50
151.9870302282
 51
272.1683369592
  0
ARC
  5
44C
330
1F
100
AcDbEntity
  8
0
  6
Continuous
 62
     7
370
    25
100
AcDbCircle
 10
4.5408625813
 20
-0.0590095239
 30
0.0
 40
0.0999999999999992
100
AcDbArc
 50
272.1683369592
 51
29.6429066353
  0
ARC
  5
44D
330
1F
100
AcDbEntity
  8
0
  6
Continuous
 62
     7
370
    25
100
AcDbCircle
 10
5.8973414628
 20
-0.4585738642
 30
0.0
 40
0.2499999999999205
100
AcDbArc
 50
20.4740691506
 51
91.4422620687
  0
ARC
  5
44E
330
1F
100
AcDbEntity
  8
0
  6
Continuous
 62
     7
370
    25
100
AcDbCircle
 10
4.1603166629
 20
-0.5235543441
 30
0.0
 40
0.2500000000000975
100
AcDbArc
 50
92.2181439412
 51
163.3003556914
  0
ARC
  5
44F
330
1F
100
AcDbEntity
  8
0
  6
Continuous
 62
     7
370
    25
100
AcDbCircle
 10
3.3526979712
 20
-1.1515121745
 30
0.0
 40
0.3431102362204881
100
AcDbArc
 50
191.5962060023
 51
343.3003556914
  0
ARC
  5
450
330
1F
100
AcDbEntity
  8
0
  6
Continuous
 62
     7
370
    25
100
AcDbCircle
 10
2.5483639359
 20
-0.5833417337
 30
0.0
 40
0.2500000000001
100
AcDbArc
 50
17.8796177566
 51
91.6110313402
  0
ARC
  5
451
330
1F
100
AcDbEntity
  8
0
  6
Continuous
 62
     7
370
    25
100
AcDbCircle
 10
9.5522257761
 20
-0.5022546722
 30
0.0
 40
0.250000000000025
100
AcDbArc
 50
87.0327080206
 51
156.0344151879
  0
ARC
  5
452
330
1F
100
AcDbEntity
  8
0
  6
Continuous
 62
     7
370
    25
100
AcDbCircle
 10
8.5042822846
 20
-1.6288267168
 30
0.0
 40
0.2499999999999972
100
AcDbArc
 50
265.4607453991
 51
336.034415188
  0
ARC
  5
453
330
1F
100
AcDbEntity
  8
0
  6
Continuous
 62
     7
370
    25
100
AcDbCircle
 10
6.8180070729
 20
-1.4949514564
 30
0.0
 40
0.249999999999986
100
AcDbArc
 50
200.4740691506
 51
265.4607453991
  0
ARC
  5
454
330
1F
100
AcDbEntity
  8
0
  6
Continuous
 62
     7
370
    25
100
AcDbCircle
 10
2.5173965392
 20
-0.1345903361
 30
0.0
 40
0.1000000000000017
100
AcDbArc
 50
271.610349698
 51
27.1037050993
  0
ARC
  5
455
330
1F
100
AcDbEntity
  8
0
  6
Continuous
 62
     7
370
    25
100
AcDbCircle
 10
2.2394588129
 20
0.4084610067
 30
0.0
 40
0.0999999999999799
100
AcDbArc
 50
27.1037050993
 51
155.1037050993
  0
ARC
  5
456
330
1F
100
AcDbEntity
  8
0
  6
Continuous
 62
     7
370
    25
100
AcDbCircle
 10
1.9834998303
 20
-0.1430488018
 30
0.0
 40
0.0999999999999402
100
AcDbArc
 50
155.1037050993
 51
270.2049596516
  0
ARC
  5
457
330
1F
100
AcDbEntity
  8
0
  6
Continuous
 62
     7
370
    25
100
AcDbCircle
 10
1.9056257015
 20
21.6263085077
 30
0.0
 40
21.86949659607695
100
AcDbArc
 50
270.2049596512
 51
271.6103496984
  0
ARC
  5
458
330
1F
100
AcDbEntity
  8
0
  6
Continuous
 62
     7
370
    25
100
AcDbCircle
 10
3.6508722303
 20
0.2619772524
 30
0.0
 40
0.6049999999999773
100
AcDbArc
 50
155.1179772067
 51
212.3496436902
  0
ARC
  5
459
330
1F
100
AcDbEntity
  8
0
  6
Continuous
 62
     7
370
    25
100
AcDbCircle
 10
3.0113130978
 20
0.5586068464
 30
0.0
 40
0.0999999999999997
100
AcDbArc
 50
335.1179772067
 51
95.3625505682
  0
ARC
  5
45A
330
1F
100
AcDbEntity
  8
0
  6
Continuous
 62
     7
370
    25
100
AcDbCircle
 10
3.3848282777
 20
-3.4205290289
 30
0.0
 40
4.096628066735605
100
AcDbArc
 50
95.3625505682
 51
102.244580535
  0
ARC
  5
45B
330
1F
100
AcDbEntity
  8
0
  6
Continuous
 62
     7
370
    25
100
AcDbCircle
 10
2.5372024655
 20
0.4851804312
 30
0.0
 40
0.1000000000000385
100
AcDbArc
 50
102.2445805349
 51
207.1037050993
  0
ARC
  5
45C
330
1F
100
AcDbEntity
  8
0
  6
Continuous
 62
     7
370
    25
100
AcDbCircle
 10
2.8485178922
 20
-0.1230862577
 30
0.0
 40
0.100000000000049
100
AcDbArc
 50
207.1037050993
 51
272.1683369592
  0
ARC
  5
45D
330
1F
100
AcDbEntity
  8
0
  6
Continuous
 62
     7
370
    25
100
AcDbCircle
 10
3.0552892676
 20
-0.1152573358
 30
0.0
 40
0.1000000000000186
100
AcDbArc
 50
272.1683369592
 51
32.3496436902
  0
ARC
  5
45E
330
1F
100
AcDbEntity
  8
0
  6
Continuous
 62
     7
370
    25
100
AcDbCircle
 10
6.6694583702
 20
0.4537043281
 30
0.0
 40
0.1000000000000034
100
AcDbArc
 50
80.7434504214
 51
209.3331812101
  0
ARC
  5
45F
330
1F
100
AcDbEntity
  8
0
  6
Continuous
 62
     7
370
    25
100
AcDbCircle
 10
6.96216312
 20
0.0348819255
 30
0.0
 40
0.1500000000000322
100
AcDbArc
 50
209.3331812101
 51
269.3331812101
  0
ARC
  5
460
330
1F
100
AcDbEntity
  8
0
  6
Continuous
 62
     7
370
    25
100
AcDbCircle
 10
9.2680403029
 20
-0.0063601215
 30
0.0
 40
0.1360775739413592
100
AcDbArc
 50
274.1531112722
 51
80.7434504214
  0
ARC
  5
461
330
1F
100
AcDbEntity
  8
0
  6
Continuous
 62
     7
370
    25
100
AcDbCircle
 10
10.8278430769
 20
-2.6816250801
 30
0.0
 40
0.0500000000000414
100
AcDbArc
 50
155.1037050993
 51
290.8992058592
  0
ARC
  5
462
330
1F
100
AcDbEntity
  8
0
  6
Continuous
 62
     7
370
    25
100
AcDbCircle
 10
9.384309474
 20
1.0987729739
 30
0.0
 40
4.096628066662958
100
AcDbArc
 50
290.8992058591
 51
293.1701375339
  0
ARC
  5
463
330
1F
100
AcDbEntity
  8
0
  6
Continuous
 62
     7
370
    25
100
AcDbCircle
 10
10.0468849785
 20
-0.4493594367
 30
0.0
 40
2.412668370018601
100
AcDbArc
 50
293.1701375339
 51
311.1783714245
  0
ARC
  5
464
330
1F
100
AcDbEntity
  8
0
  6
Continuous
 62
     7
370
    25
100
AcDbCircle
 10
11.5695582852
 20
-2.1900205153
 30
0.0
 40
0.1000000000001007
100
AcDbArc
 50
311.1783714245
 51
88.141410177
  0
ARC
  5
465
330
1F
100
AcDbEntity
  8
0
  6
Continuous
 62
     7
370
    25
100
AcDbCircle
 10
10.8635120503
 20
-23.948064573
 30
0.0
 40
21.86949660651438
100
AcDbArc
 50
88.1414101769
 51
89.1652562498
  0
ARC
  5
466
330
1F
100
AcDbEntity
  8
0
  6
Continuous
 62
     7
370
    25
100
AcDbCircle
 10
11.17920436
 20
-2.280867672
 30
0.0
 40
0.2000000000002349
100
AcDbArc
 50
89.1652562498
 51
155.1037050993
  0
ARC
  5
467
330
1F
100
AcDbEntity
  8
0
  6
Continuous
 62
     7
370
    25
100
AcDbCircle
 10
6.831846717
 20
-2.2685593955
 30
0.0
 40
0.0500000000000086
100
AcDbArc
 50
89.3331812101
 51
206.6861305448
  0
ARC
  5
468
330
1F
100
AcDbEntity
  8
0
  6
Continuous
 62
     7
370
    25
100
AcDbCircle
 10
6.9651610611
 20
-2.5337853883
 30
0.0
 40
0.0500000000000014
100
AcDbArc
 50
206.6861305448
 51
353.1916741781
  0
ARC
  5
469
330
1F
100
AcDbEntity
  8
0
  6
Continuous
 62
     7
370
    25
100
AcDbCircle
 10
7.6155421924
 20
-2.6114344972
 30
0.0
 40
0.6049999999998027
100
AcDbArc
 50
148.7017563449
 51
173.1916741781
  0
ARC
  5
46A
330
1F
100
AcDbEntity
  8
0
  6
Continuous
 62
     7
370
    25
100
AcDbCircle
 10
7.0558612278
 20
-2.2711666352
 30
0.0
 40
0.0500000000000112
100
AcDbArc
 50
328.7017563449
 51
89.3331812101
  0
ARC
  5
46B
330
1F
100
AcDbEntity
  8
0
  6
Continuous
 62
     7
370
    25
100
AcDbCircle
 10
6.2405399047
 20
-2.311680734
 30
0.0
 40
0.1000000000000656
100
AcDbArc
 50
89.3331812101
 51
209.33318121
  0
ARC
  5
46C
330
1F
100
AcDbEntity
  8
0
  6
Continuous
 62
     7
370
    25
100
AcDbCircle
 10
6.5734275032
 20
-2.8020110652
 30
0.0
 40
0.1499999999998843
100
AcDbArc
 50
209.33318121
 51
260.7434504215
  0
ARC
  5
46D
330
1F
100
AcDbEntity
  8
0
  6
Continuous
 62
     7
370
    25
100
AcDbCircle
 10
6.8699317942
 20
-2.9009943401
 30
0.0
 40
0.099999999999998
100
AcDbArc
 50
260.7434504214
 51
26.6861305449
  0
ARC
  5
46E
330
1F
100
AcDbEntity
  8
0
  6
Continuous
 62
     7
370
    25
100
AcDbCircle
 10
6.575677243
 20
-2.3155812999
 30
0.0
 40
0.1000000000000831
100
AcDbArc
 50
26.6861305448
 51
89.3331812101
  0
ARC
  5
46F
330
1F
100
AcDbEntity
  8
0
  6
Continuous
 62
     7
370
    25
100
AcDbCircle
 10
7.6155421924
 20
-2.6114344972
 30
0.0
 40
0.6049999999999232
100
AcDbArc
 50
330.7731256224
 51
29.6429066353
  0
ARC
  5
470
330
1F
100
AcDbEntity
  8
0
  6
Continuous
 62
     7
370
    25
100
AcDbCircle
 10
8.2307908649
 20
-2.9556641749
 30
0.0
 40
0.1000000000000179
100
AcDbArc
 50
150.7731256224
 51
270.740953327
  0
ARC
  5
471
330
1F
100
AcDbEntity
  8
0
  6
Continuous
 62
     7
370
    25
100
AcDbCircle
 10
8.5170726956
 20
-2.9519617503
 30
0.0
 40
0.0999999999999923
100
AcDbArc
 50
270.740953327
 51
31.4873194762
  0
ARC
  5
472
330
1F
100
AcDbEntity
  8
0
  6
Continuous
 62
     7
370
    25
100
AcDbCircle
 10
9.1182655214
 20
-2.5837333073
 30
0.0
 40
0.6050000000000614
100
AcDbArc
 50
151.9870302282
 51
211.4873194762
  0
ARC
  5
473
330
1F
100
AcDbEntity
  8
0
  6
Continuous
 62
     7
370
    25
100
AcDbCircle
 10
8.4958624061
 20
-2.2526149566
 30
0.0
 40
0.1000000000000026
100
AcDbArc
 50
331.9870302282
 51
92.1683369592
  0
ARC
  5
474
330
1F
100
AcDbEntity
  8
0
  6
Continuous
 62
     7
370
    25
100
AcDbCircle
 10
8.2282751703
 20
-2.262746531
 30
0.0
 40
0.1000000000000177
100
AcDbArc
 50
92.1683369592
 51
209.6429066353
  0
ARC
  5
475
330
1F
100
AcDbEntity
  8
0
  6
Continuous
 62
     7
370
    25
100
AcDbCircle
 10
6.8717962889
 20
-1.8631821907
 30
0.0
 40
0.2499999999998779
100
AcDbArc
 50
200.4740691506
 51
271.4422620687
  0
ARC
  5
476
330
1F
100
AcDbEntity
  8
0
  6
Continuous
 62
     7
370
    25
100
AcDbCircle
 10
8.6088210888
 20
-1.7982017108
 30
0.0
 40
0.2500000000000697
100
AcDbArc
 50
272.2181439412
 51
343.3003556914
  0
ARC
  5
477
330
1F
100
AcDbEntity
  8
0
  6
Continuous
 62
     7
370
    25
100
AcDbCircle
 10
9.4164397805
 20
-1.1702438804
 30
0.0
 40
0.3431102362204909
100
AcDbArc
 50
11.5962060023
 51
163.3003556914
  0
ARC
  5
478
330
1F
100
AcDbEntity
  8
0
  6
Continuous
 62
     7
370
    25
100
AcDbCircle
 10
10.2207738158
 20
-1.7384143212
 30
0.0
 40
0.250000000000115
100
AcDbArc
 50
197.8796177566
 51
271.6110313402
  0
ARC
  5
479
330
1F
100
AcDbEntity
  8
0
  6
Continuous
 62
     7
370
    25
100
AcDbCircle
 10
3.2169119756
 20
-1.8195013827
 30
0.0
 40
0.2499999999999665
100
AcDbArc
 50
267.0327080206
 51
336.034415188
  0
ARC
  5
47A
330
1F
100
AcDbEntity
  8
0
  6
Continuous
 62
     7
370
    25
100
AcDbCircle
 10
4.2648554671
 20
-0.6929293381
 30
0.0
 40
0.2499999999999555
100
AcDbArc
 50
85.4607453991
 51
156.034415188
  0
ARC
  5
47B
330
1F
100
AcDbEntity
  8
0
  6
Continuous
 62
     7
370
    25
100
AcDbCircle
 10
5.9511306788
 20
-0.8268045985
 30
0.0
 40
0.2500000000000273
100
AcDbArc
 50
20.4740691506
 51
85.4607453991
  0
ARC
  5
47C
330
1F
100
AcDbEntity
  8
0
  6
Continuous
 62
     7
370
    25
100
AcDbCircle
 10
10.2517412125
 20
-2.1871657188
 30
0.0
 40
0.0999999999999834
100
AcDbArc
 50
91.610349698
 51
207.1037050993
  0
ARC
  5
47D
330
1F
100
AcDbEntity
  8
0
  6
Continuous
 62
     7
370
    25
100
AcDbCircle
 10
10.5296789388
 20
-2.7302170616
 30
0.0
 40
0.0999999999999844
100
AcDbArc
 50
207.1037050993
 51
335.1037050993
  0
ARC
  5
47E
330
1F
100
AcDbEntity
  8
0
  6
Continuous
 62
     7
370
    25
100
AcDbCircle
 10
10.7856379213
 20
-2.1787072531
 30
0.0
 40
0.0999999999999259
100
AcDbArc
 50
335.1037050993
 51
90.2049596516
  0
ARC
  5
47F
330
1F
100
AcDbEntity
  8
0
  6
Continuous
 62
     7
370
    25
100
AcDbCircle
 10
10.8635120501
 20
-23.9480645626
 30
0.0
 40
21.86949659612048
100
AcDbArc
 50
90.2049596512
 51
91.6103496984
  0
ARC
  5
480
330
1F
100
AcDbEntity
  8
0
  6
Continuous
 62
     7
370
    25
100
AcDbCircle
 10
9.1182655214
 20
-2.5837333073
 30
0.0
 40
0.6049999999999996
100
AcDbArc
 50
335.1179772067
 51
32.3496436902
  0
ARC
  5
481
330
1F
100
AcDbEntity
  8
0
  6
Continuous
 62
     7
370
    25
100
AcDbCircle
 10
9.7578246538
 20
-2.8803629013
 30
0.0
 40
0.1000000000000125
100
AcDbArc
 50
155.1179772067
 51
275.3625505682
  0
ARC
  5
482
330
1F
100
AcDbEntity
  8
0
  6
Continuous
 62
     7
370
    25
100
AcDbCircle
 10
9.384309474
 20
1.098772974
 30
0.0
 40
4.096628066736529
100
AcDbArc
 50
275.3625505682
 51
282.244580535
  0
ARC
  5
483
330
1F
100
AcDbEntity
  8
0
  6
Continuous
 62
     7
370
    25
100
AcDbCircle
 10
10.2319352861
 20
-2.8069364861
 30
0.0
 40
0.1000000000000172
100
AcDbArc
 50
282.2445805349
 51
27.1037050993
  0
ARC
  5
484
330
1F
100
AcDbEntity
  8
0
  6
Continuous
 62
     7
370
    25
100
AcDbCircle
 10
9.9206198595
 20
-2.1986697972
 30
0.0
 40
0.100000000000069
100
AcDbArc
 50
27.1037050993
 51
92.1683369592
  0
ARC
  5
485
330
1F
100
AcDbEntity
  8
0
  6
Continuous
 62
     7
370
    25
100
AcDbCircle
 10
6.0996793814
 20
-2.775460383
 30
0.0
 40
0.1000000000000184
100
AcDbArc
 50
260.7434504214
 51
29.3331812101
  0
ARC
  5
486
330
1F
100
AcDbEntity
  8
0
  6
Continuous
 62
     7
370
    25
100
AcDbCircle
 10
5.8069746317
 20
-2.3566379804
 30
0.0
 40
0.1499999999999279
100
AcDbArc
 50
29.3331812101
 51
89.3331812101
  0
ARC
  5
487
330
1F
100
AcDbEntity
  8
0
  6
Continuous
 62
     7
370
    25
100
AcDbCircle
 10
3.5010974488
 20
-2.3153959334
 30
0.0
 40
0.1360775739413539
100
AcDbArc
 50
94.1531112722
 51
260.7434504214
  0
ARC
  5
488
330
1F
100
AcDbEntity
  8
0
  6
Continuous
 62
     7
370
    25
100
AcDbCircle
 10
9.713848484
 20
-2.2064987191
 30
0.0
 40
0.1000000000000067
100
AcDbArc
 50
92.1683369592
 51
212.3496436902
  0
ARC
  5
489
330
1F
100
AcDbEntity
  8
0
  6
Continuous
 62
     7
370
    25
100
AcDbCircle
 10
-10.9967146789
 20
-4.2421597661
 30
0.0
 40
0.1386514630836471
100
AcDbArc
 50
83.7140082344
 51
266.2252401168
  0
ARC
  5
48A
330
1F
100
AcDbEntity
  8
0
  6
Continuous
 62
     7
370
    25
100
AcDbCircle
 10
-19.7307315121
 20
-2.7371117567
 30
0.0
 40
10.2408677778212
100
AcDbArc
 50
356.0091535679
 51
4.0091535679
  0
ARC
  5
48B
330
1F
100
AcDbEntity
  8
0
  6
Continuous
 62
     7
370
    25
100
AcDbCircle
 10
-10.0376693926
 20
-3.7607900491
 30
0.0
 40
0.3499999999999688
100
AcDbArc
 50
267.9796423046
 51
353.9713750098
  0
ARC
  5
48C
330
1F
100
AcDbEntity
  8
0
  6
Continuous
 62
     7
370
    25
100
AcDbCircle
 10
-19.7307315121
 20
-2.7371117567
 30
0.0
 40
10.6209887818804
100
AcDbArc
 50
353.9174457175
 51
4.0091535679
  0
ARC
  5
48D
330
1F
100
AcDbEntity
  8
0
  6
Continuous
 62
     7
370
    25
100
AcDbCircle
 10
-9.3968721363
 20
-3.4580666075
 30
0.0
 40
0.1181102362204774
100
AcDbArc
 50
176.0091535679
 51
356.0091535679
  0
ARC
  5
48E
330
1F
100
AcDbEntity
  8
0
  6
Continuous
 62
     7
370
    25
100
AcDbCircle
 10
-9.3971030231
 20
-2.0128550702
 30
0.0
 40
0.1181102362204794
100
AcDbArc
 50
4.0091535679
 51
184.0091535679
  0
ARC
  5
48F
330
1F
100
AcDbEntity
  8
0
  6
Continuous
 62
     7
370
    25
100
AcDbCircle
 10
-8.9706621498
 20
-3.8837178518
 30
0.0
 40
0.2000000000000882
100
AcDbArc
 50
173.9174457175
 51
251.43706975
  0
ARC
  5
490
330
1F
100
AcDbEntity
  8
0
  6
Continuous
 62
     7
370
    25
100
AcDbCircle
 10
-10.5209144176
 20
-4.2614287159
 30
0.0
 40
0.1072565709543682
100
AcDbArc
 50
275.252146586
 51
85.0446436415
  0
ARC
  5
491
330
1F
100
AcDbEntity
  8
0
  6
Continuous
 62
     7
370
    25
100
AcDbCircle
 10
-19.7307315121
 20
-2.7371117567
 30
0.0
 40
10.47708825026092
100
AcDbArc
 50
356.0091535679
 51
4.0091535679
  0
ARC
  5
492
330
1F
100
AcDbEntity
  8
0
  6
Continuous
 62
     7
370
    25
100
AcDbCircle
 10
-19.7307315121
 20
-2.7371117567
 30
0.0
 40
10.09696724619974
100
AcDbArc
 50
353.9713750098
 51
4.0091535679
  0
ARC
  5
493
330
1F
100
AcDbEntity
  8
0
  6
Continuous
 62
     7
370
    25
100
AcDbCircle
 10
-9.3971030231
 20
-2.0128550702
 30
0.0
 40
0.2620107678400748
100
AcDbArc
 50
4.0091535679
 51
184.0091535679
  0
ARC
  5
494
330
1F
100
AcDbEntity
  8
0
  6
Continuous
 62
     7
370
    25
100
AcDbCircle
 10
-11.5766233034
 20
-3.7182683509
 30
0.0
 40
0.1181102362204807
100
AcDbArc
 50
184.0091535679
 51
4.0091535679
  0
ARC
  5
495
330
1F
100
AcDbEntity
  8
0
  6
Continuous
 62
     7
370
    25
100
AcDbCircle
 10
-1.2429948145
 20
-2.9940116644
 30
0.0
 40
10.24086777782337
100
AcDbArc
 50
176.0091535679
 51
184.0091535679
  0
ARC
  5
496
330
1F
100
AcDbEntity
  8
0
  6
Continuous
 62
     7
370
    25
100
AcDbCircle
 10
-10.936056934
 20
-1.970333372
 30
0.0
 40
0.3499999999999716
100
AcDbArc
 50
87.9796423046
 51
173.9713750098
  0
ARC
  5
497
330
1F
100
AcDbEntity
  8
0
  6
Continuous
 62
     7
370
    25
100
AcDbCircle
 10
-12.0030641767
 20
-1.8474055693
 30
0.0
 40
0.2000000000000496
100
AcDbArc
 50
353.9174457175
 51
71.43706975
  0
ARC
  5
498
330
1F
100
AcDbEntity
  8
0
  6
Continuous
 62
     7
370
    25
100
AcDbCircle
 10
-9.9770116476
 20
-1.488963655
 30
0.0
 40
0.138651463083645
100
AcDbArc
 50
263.7140082344
 51
86.2252401168
  0
ARC
  5
499
330
1F
100
AcDbEntity
  8
0
  6
Continuous
 62
     7
370
    25
100
AcDbCircle
 10
-10.452811909
 20
-1.4696947052
 30
0.0
 40
0.1072565709543726
100
AcDbArc
 50
95.252146586
 51
265.0446436415
  0
ARC
  5
49A
330
1F
100
AcDbEntity
  8
0
  6
Continuous
 62
     7
370
    25
100
AcDbCircle
 10
-1.2429948145
 20
-2.9940116644
 30
0.0
 40
10.47708825026281
100
AcDbArc
 50
176.0091535679
 51
184.0091535679
  0
ARC
  5
49B
330
1F
100
AcDbEntity
  8
0
  6
Continuous
 62
     7
370
    25
100
AcDbCircle
 10
-1.2429948145
 20
-2.9940116644
 30
0.0
 40
10.62098878188153
100
AcDbArc
 50
173.9174457175
 51
184.0091535679
  0
ARC
  5
49C
330
1F
100
AcDbEntity
  8
0
  6
Continuous
 62
     7
370
    25
100
AcDbCircle
 10
-11.5766233034
 20
-3.7182683509
 30
0.0
 40
0.2620107678400747
100
AcDbArc
 50
184.0091535679
 51
4.0091535679
  0
ARC
  5
49D
330
1F
100
AcDbEntity
  8
0
  6
Continuous
 62
     7
370
    25
100
AcDbCircle
 10
-11.5768541902
 20
-2.2730568136
 30
0.0
 40
0.1181102362204754
100
AcDbArc
 50
356.0091535679
 51
176.0091535679
  0
ARC
  5
49E
330
1F
100
AcDbEntity
  8
0
  6
Continuous
 62
     7
370
    25
100
AcDbCircle
 10
-1.2429948145
 20
-2.9940116644
 30
0.0
 40
10.0969672462006
100
AcDbArc
 50
173.9713750098
 51
184.0091535679
  0
ARC
  5
49F
330
1F
100
AcDbEntity
  8
0
  6
Continuous
 62
     7
370
    25
100
AcDbCircle
 10
-9.6509518307
 20
-0.8031894166
 30
0.0
 40
0.0200000000000008
100
AcDbArc
 50
294.865187378
 51
102.1558916166
  0
ARC
  5
4A0
330
1F
100
AcDbEntity
  8
0
  6
Continuous
 62
     7
370
    25
100
AcDbCircle
 10
-10.0499126887
 20
-0.9180500942
 30
0.0
 40
0.0645179152575422
100
AcDbArc
 50
97.7385270169
 51
289.3397198356
  0
ARC
  5
4A1
330
1F
100
AcDbEntity
  8
0
  6
Continuous
 62
     7
370
    25
100
AcDbCircle
 10
-10.541566592
 20
-1.0074512047
 30
0.0
 40
0.1096583169580068
100
AcDbArc
 50
281.4784869968
 51
92.4131255974
  0
ARC
  5
4A2
330
1F
100
AcDbEntity
  8
0
  6
Continuous
 62
     7
370
    25
100
AcDbCircle
 10
-11.2447878164
 20
-1.026880234
 30
0.0
 40
0.1238014784685715
100
AcDbArc
 50
90.9284584871
 51
260.0593269083
  0
ARC
  5
4A3
330
1F
100
AcDbEntity
  8
0
  6
Continuous
 62
     7
370
    25
100
AcDbCircle
 10
-8.0108352144
 20
-3.7482025246
 30
0.0
 40
0.0200000000000002
100
AcDbArc
 50
114.865187378
 51
282.1558916167
  0
ARC
  5
4A4
330
1F
100
AcDbEntity
  8
0
  6
Continuous
 62
     7
370
    25
100
AcDbCircle
 10
-7.6118743564
 20
-3.633341847
 30
0.0
 40
0.0645179152575403
100
AcDbArc
 50
277.7385270169
 51
109.3397198356
  0
ARC
  5
4A5
330
1F
100
AcDbEntity
  8
0
  6
Continuous
 62
     7
370
    25
100
AcDbCircle
 10
-7.1202204532
 20
-3.5439407364
 30
0.0
 40
0.1096583169580091
100
AcDbArc
 50
101.4784869968
 51
272.4131255975
  0
ARC
  5
4A6
330
1F
100
AcDbEntity
  8
0
  6
Continuous
 62
     7
370
    25
100
AcDbCircle
 10
-6.4169992288
 20
-3.5245117071
 30
0.0
 40
0.1238014784685763
100
AcDbArc
 50
270.9284584871
 51
80.0593269083
  0
ARC
  5
4A7
330
1F
100
AcDbEntity
  8
0
  6
Continuous
 62
     7
370
    25
100
AcDbCircle
 10
-11.1499503101
 20
1.4456891114
 30
0.0
 40
0.0200000000000004
100
AcDbArc
 50
114.865187378
 51
282.1558916167
  0
ARC
  5
4A8
330
1F
100
AcDbEntity
  8
0
  6
Continuous
 62
     7
370
    25
100
AcDbCircle
 10
-10.2593355489
 20
1.6499508995
 30
0.0
 40
0.109658316958009
100
AcDbArc
 50
101.4784869968
 51
272.4131255974
  0
ARC
  5
4A9
330
1F
100
AcDbEntity
  8
0
  6
Continuous
 62
     7
370
    25
100
AcDbCircle
 10
-9.5561143245
 20
1.6693799288
 30
0.0
 40
0.1238014784685764
100
AcDbArc
 50
270.9284584871
 51
80.0593269083
  0
ARC
  5
4AA
330
1F
100
AcDbEntity
  8
0
  6
Continuous
 62
     7
370
    25
100
AcDbCircle
 10
-10.7509894521
 20
1.560549789
 30
0.0
 40
0.0645179152575404
100
AcDbArc
 50
277.7385270169
 51
109.3397198356
  0
ARC
  5
4AB
330
1F
100
AcDbEntity
  8
0
  6
Continuous
 62
     7
370
    25
100
AcDbCircle
 10
-6.0113209141
 20
-3.8769536166
 30
0.0
 40
0.0200000000000012
100
AcDbArc
 50
294.865187378
 51
102.1558916166
  0
ARC
  5
4AC
330
1F
100
AcDbEntity
  8
0
  6
Continuous
 62
     7
370
    25
100
AcDbCircle
 10
-6.4102817721
 20
-3.9918142941
 30
0.0
 40
0.0645179152575426
100
AcDbArc
 50
97.7385270169
 51
289.3397198356
  0
ARC
  5
4AD
330
1F
100
AcDbEntity
  8
0
  6
Continuous
 62
     7
370
    25
100
AcDbCircle
 10
-6.9019356754
 20
-4.0812154047
 30
0.0
 40
0.109658316958008
100
AcDbArc
 50
281.4784869968
 51
92.4131255974
  0
ARC
  5
4AE
330
1F
100
AcDbEntity
  8
0
  6
Continuous
 62
     7
370
    25
100
AcDbCircle
 10
-7.6051568998
 20
-4.100644434
 30
0.0
 40
0.1238014784685715
100
AcDbArc
 50
90.9284584871
 51
260.0593269083
  0
ARC
  5
4AF
330
1F
100
AcDbEntity
  8
0
  6
Continuous
 62
     7
370
    25
100
AcDbCircle
 10
-11.1834315656
 20
-0.5640234628
 30
0.0
 40
0.0199999999999998
100
AcDbArc
 50
114.865187378
 51
282.1558916167
  0
ARC
  5
4B0
330
1F
100
AcDbEntity
  8
0
  6
Continuous
 62
     7
370
    25
100
AcDbCircle
 10
-10.7844707076
 20
-0.4491627853
 30
0.0
 40
0.0645179152575408
100
AcDbArc
 50
277.7385270169
 51
109.3397198356
  0
ARC
  5
4B1
330
1F
100
AcDbEntity
  8
0
  6
Continuous
 62
     7
370
    25
100
AcDbCircle
 10
-10.2928168044
 20
-0.3597616747
 30
0.0
 40
0.1096583169580088
100
AcDbArc
 50
101.4784869968
 51
272.4131255975
  0
ARC
  5
4B2
330
1F
100
AcDbEntity
  8
0
  6
Continuous
 62
     7
370
    25
100
AcDbCircle
 10
-9.5895955799
 20
-0.3403326454
 30
0.0
 40
0.1238014784685763
100
AcDbArc
 50
270.9284584871
 51
80.0593269083
  0
ARC
  5
4B3
330
1F
100
AcDbEntity
  8
0
  6
Continuous
 62
     7
370
    25
100
AcDbCircle
 10
-9.5360718279
 20
1.2120644965
 30
0.0
 40
0.0200000000000003
100
AcDbArc
 50
294.865187378
 51
102.1558916166
  0
ARC
  5
4B4
330
1F
100
AcDbEntity
  8
0
  6
Continuous
 62
     7
370
    25
100
AcDbCircle
 10
-9.935032686
 20
1.097203819
 30
0.0
 40
0.0645179152575419
100
AcDbArc
 50
97.7385270169
 51
289.3397198356
  0
ARC
  5
4B5
330
1F
100
AcDbEntity
  8
0
  6
Continuous
 62
     7
370
    25
100
AcDbCircle
 10
-10.4266865892
 20
1.0078027084
 30
0.0
 40
0.1096583169580066
100
AcDbArc
 50
281.4784869968
 51
92.4131255974
  0
ARC
  5
4B6
330
1F
100
AcDbEntity
  8
0
  6
Continuous
 62
     7
370
    25
100
AcDbCircle
 10
-11.1299078136
 20
0.9883736791
 30
0.0
 40
0.1238014784685723
100
AcDbArc
 50
90.9284584871
 51
260.0593269083
  0
ARC
  5
4B7
330
1F
100
AcDbEntity
  8
0
  6
Continuous
 62
     7
370
    25
100
AcDbCircle
 10
-10.4106314767
 20
4.147774474
 30
0.0
 40
0.107004516646483
100
AcDbArc
 50
102.7665154859
 51
272.5144676155
  0
ARC
  5
4B8
330
1F
100
AcDbEntity
  8
0
  6
Continuous
 62
     7
370
    25
100
AcDbCircle
 10
-9.9363867826
 20
4.1907456934
 30
0.0
 40
0.1386385080950697
100
AcDbArc
 50
271.199432137
 51
93.7091378837
  0
ARC
  5
4B9
330
1F
100
AcDbEntity
  8
0
  6
Continuous
 62
     7
370
    25
100
AcDbCircle
 10
-11.2415751922
 20
3.9826819298
 30
0.0
 40
0.0200000000000036
100
AcDbArc
 50
110.9800082072
 51
278.4089085046
  0
ARC
  5
4BA
330
1F
100
AcDbEntity
  8
0
  6
Continuous
 62
     7
370
    25
100
AcDbCircle
 10
-10.8542115265
 20
4.0730712997
 30
0.0
 40
0.0633623352552522
100
AcDbArc
 50
275.4248829282
 51
107.5305873583
  0
ARC
  5
4BB
330
1F
100
AcDbEntity
  8
0
  6
Continuous
 62
     7
370
    25
100
AcDbCircle
 10
-9.7840234142
 20
3.816490791
 30
0.0
 40
0.0200000000000034
100
AcDbArc
 50
290.9800082072
 51
98.4089085046
  0
ARC
  5
4BC
330
1F
100
AcDbEntity
  8
0
  6
Continuous
 62
     7
370
    25
100
AcDbCircle
 10
-10.1713870799
 20
3.7261014211
 30
0.0
 40
0.0633623352552524
100
AcDbArc
 50
95.4248829282
 51
287.5305873583
  0
ARC
  5
4BD
330
1F
100
AcDbEntity
  8
0
  6
Continuous
 62
     7
370
    25
100
AcDbCircle
 10
-11.0892118239
 20
3.6084270273
 30
0.0
 40
0.1386385080950693
100
AcDbArc
 50
91.199432137
 51
273.7091378837
  0
ARC
  5
4BE
330
1F
100
AcDbEntity
  8
0
  6
Continuous
 62
     7
370
    25
100
AcDbCircle
 10
-10.6149671297
 20
3.6513982467
 30
0.0
 40
0.1070045166464828
100
AcDbArc
 50
282.7665154859
 51
92.5144676155
  0
ARC
  5
4BF
330
1F
100
AcDbEntity
  8
0
  6
Continuous
 62
     7
370
    25
100
AcDbCircle
 10
-3.8674103893
 20
-3.2924963197
 30
0.0
 40
0.0499999999999976
100
AcDbArc
 50
345.9693889014
 51
111.4077181179
  0
ARC
  5
4C0
330
1F
100
AcDbEntity
  8
0
  6
Continuous
 62
     7
370
    25
100
AcDbCircle
 10
0.4180028587
 20
-14.2232475702
 30
0.0
 40
11.79078743559482
100
AcDbArc
 50
111.4077181179
 51
117.2970623953
  0
ARC
  5
4C1
330
1F
100
AcDbEntity
  8
0
  6
Continuous
 62
     7
370
    25
100
AcDbCircle
 10
-4.9388555235
 20
-3.8534001282
 30
0.0
 40
0.1191333468268544
100
AcDbArc
 50
115.0508987849
 51
274.5678176843
  0
ARC
  5
4C2
330
1F
100
AcDbEntity
  8
0
  6
Continuous
 62
     7
370
    25
100
AcDbCircle
 10
-1.5911568505
 20
-45.7557871106
 30
0.0
 40
41.91676941767132
100
AcDbArc
 50
93.4028994699
 51
94.5678176847
  0
ARC
  5
4C3
330
1F
100
AcDbEntity
  8
0
  6
Continuous
 62
     7
370
    25
100
AcDbCircle
 10
-4.0881094438
 20
-3.763188751
 30
0.0
 40
0.1499999999999908
100
AcDbArc
 50
273.4028994699
 51
345.9693889014
  0
ARC
  5
4C4
330
1F
100
AcDbEntity
  8
0
  6
Continuous
 62
     7
370
    25
100
AcDbCircle
 10
-3.7737626643
 20
-3.8458125554
 30
0.0
 40
0.0499999999999983
100
AcDbArc
 50
165.9693889053
 51
272.9811812273
  0
ARC
  5
4C5
330
1F
100
AcDbEntity
  8
0
  6
Continuous
 62
     7
370
    25
100
AcDbCircle
 10
-1.5911568505
 20
-45.7557871099
 30
0.0
 40
41.91676941704828
100
AcDbArc
 50
91.7277219852
 51
92.9811812273
  0
ARC
  5
4C6
330
1F
100
AcDbEntity
  8
0
  6
Continuous
 62
     7
370
    25
100
AcDbCircle
 10
-2.8564493901
 20
-3.8080962308
 30
0.0
 40
0.0500000000000021
100
AcDbArc
 50
271.7277219852
 51
54.3548856608
  0
ARC
  5
4C7
330
1F
100
AcDbEntity
  8
0
  6
Continuous
 62
     7
370
    25
100
AcDbCircle
 10
-3.6263645437
 20
-3.2559736505
 30
0.0
 40
0.0500000000000024
100
AcDbArc
 50
54.3548856608
 51
165.9693889053
  0
ARC
  5
4C8
330
1F
100
AcDbEntity
  8
0
  6
Continuous
 62
     7
370
    25
100
AcDbCircle
 10
-2.4983303491
 20
-2.8576801742
 30
0.0
 40
0.0499999999999996
100
AcDbArc
 50
358.0
 51
104.5185828479
  0
ARC
  5
4C9
330
1F
100
AcDbEntity
  8
0
  6
Continuous
 62
     7
370
    25
100
AcDbCircle
 10
0.9753934227
 20
-16.2716243255
 30
0.0
 40
13.90643007907032
100
AcDbArc
 50
104.5185828479
 51
108.4788512947
  0
ARC
  5
4CA
330
1F
100
AcDbEntity
  8
0
  6
Continuous
 62
     7
370
    25
100
AcDbCircle
 10
-3.4164657577
 20
-3.1296219105
 30
0.0
 40
0.0499999999999995
100
AcDbArc
 50
108.4788512947
 51
234.3548856608
  0
ARC
  5
4CB
330
1F
100
AcDbEntity
  8
0
  6
Continuous
 62
     7
370
    25
100
AcDbCircle
 10
-2.5300253836
 20
-3.765307212
 30
0.0
 40
0.0500000000000016
100
AcDbArc
 50
234.3548856608
 51
358.0
  0
ARC
  5
4CC
330
1F
100
AcDbEntity
  8
0
  6
Continuous
 62
     7
370
    25
100
AcDbCircle
 10
1.0493871432
 20
-3.1771180009
 30
0.0
 40
0.6049999999999573
100
AcDbArc
 50
118.3434231609
 51
175.427350043
  0
ARC
  5
4CD
330
1F
100
AcDbEntity
  8
0
  6
Continuous
 62
     7
370
    25
100
AcDbCircle
 10
0.6909468415
 20
-2.5126290618
 30
0.0
 40
0.1499999999999998
100
AcDbArc
 50
298.3434231609
 51
89.9534332213
  0
ARC
  5
4CE
330
1F
100
AcDbEntity
  8
0
  6
Continuous
 62
     7
370
    25
100
AcDbCircle
 10
0.6836007035
 20
-11.5513176882
 30
0.0
 40
9.188691611668668
100
AcDbArc
 50
89.9534332213
 51
95.2698031635
  0
ARC
  5
4CF
330
1F
100
AcDbEntity
  8
0
  6
Continuous
 62
     7
370
    25
100
AcDbCircle
 10
-0.1557496806
 20
-2.4512531112
 30
0.0
 40
0.0500000000000001
100
AcDbArc
 50
95.2698031635
 51
219.3431937413
  0
ARC
  5
4D0
330
1F
100
AcDbEntity
  8
0
  6
Continuous
 62
     7
370
    25
100
AcDbCircle
 10
0.3964719769
 20
-3.1248993674
 30
0.0
 40
0.05
100
AcDbArc
 50
219.3431937413
 51
355.427350043
  0
ARC
  5
4D1
330
1F
100
AcDbEntity
  8
0
  6
Continuous
 62
     7
370
    25
100
AcDbCircle
 10
1.3293765428
 20
-2.4353949206
 30
0.0
 40
0.0499999999999992
100
AcDbArc
 50
85.7773432858
 51
220.6113307116
  0
ARC
  5
4D2
330
1F
100
AcDbEntity
  8
0
  6
Continuous
 62
     7
370
    25
100
AcDbCircle
 10
2.4072296671
 20
-3.692444547
 30
0.0
 40
0.0500000000000003
100
AcDbArc
 50
220.6113307116
 51
358.0
  0
ARC
  5
4D3
330
1F
100
AcDbEntity
  8
0
  6
Continuous
 62
     7
370
    25
100
AcDbCircle
 10
2.5484733837
 20
-3.2294672459
 30
0.0
 40
0.159055118110236
100
AcDbArc
 50
116.133960405
 51
239.866039595
  0
ARC
  5
4D4
330
1F
100
AcDbEntity
  8
0
  6
Continuous
 62
     7
370
    25
100
AcDbCircle
 10
2.4471141713
 20
-2.5503017809
 30
0.0
 40
0.0500000000000058
100
AcDbArc
 50
358.0
 51
82.4835315449
  0
ARC
  5
4D5
330
1F
100
AcDbEntity
  8
0
  6
Continuous
 62
     7
370
    25
100
AcDbCircle
 10
-0.1100063271
 20
-21.9305137132
 30
0.0
 40
19.59818354181946
100
AcDbArc
 50
82.4835315449
 51
85.7773432858
  0
ARC
  5
4D6
330
1F
100
AcDbEntity
  8
0
  6
Continuous
 62
     7
370
    25
100
AcDbCircle
 10
-2.0386113454
 20
-3.7913265134
 30
0.0
 40
0.0500000000000077
100
AcDbArc
 50
129.1123107958
 51
270.6777124647
  0
ARC
  5
4D7
330
1F
100
AcDbEntity
  8
0
  6
Continuous
 62
     7
370
    25
100
AcDbCircle
 10
-1.2479307548
 20
-70.6346419007
 30
0.0
 40
66.79799165093613
100
AcDbArc
 50
89.44293119
 51
90.6777124646
  0
ARC
  5
4D8
330
1F
100
AcDbEntity
  8
0
  6
Continuous
 62
     7
370
    25
100
AcDbCircle
 10
-0.5979990359
 20
-3.7898098153
 30
0.0
 40
0.0499999999999822
100
AcDbArc
 50
269.44293119
 51
358.0
  0
ARC
  5
4D9
330
1F
100
AcDbEntity
  8
0
  6
Continuous
 62
     7
370
    25
100
AcDbCircle
 10
-0.4496990973
 20
-3.1247687558
 30
0.0
 40
0.1590551181102366
100
AcDbArc
 50
116.133960405
 51
239.866039595
  0
ARC
  5
4DA
330
1F
100
AcDbEntity
  8
0
  6
Continuous
 62
     7
370
    25
100
AcDbCircle
 10
-0.5559567673
 20
-2.5858767634
 30
0.0
 40
0.0500000000000001
100
AcDbArc
 50
358.0
 51
129.1123107958
  0
ARC
  5
4DB
330
1F
100
AcDbEntity
  8
0
  6
Continuous
 62
     7
370
    25
100
AcDbCircle
 10
-2.1739216726
 20
-2.8802863588
 30
0.0
 40
0.1499999999999986
100
AcDbArc
 50
103.308733403
 51
178.0
  0
ARC
  5
4DC
330
1F
100
AcDbEntity
  8
0
  6
Continuous
 62
     7
370
    25
100
AcDbCircle
 10
-2.3031821043
 20
-3.7164499874
 30
0.0
 40
0.0500000000000007
100
AcDbArc
 50
178.0
 51
309.1123107958
  0
ARC
  5
4DD
330
1F
100
AcDbEntity
  8
0
  6
Continuous
 62
     7
370
    25
100
AcDbCircle
 10
-0.8436679096
 20
-2.5298141741
 30
0.0
 40
0.0499999999999994
100
AcDbArc
 50
309.1123107958
 51
97.8830476768
  0
ARC
  5
4DE
330
1F
100
AcDbEntity
  8
0
  6
Continuous
 62
     7
370
    25
100
AcDbCircle
 10
1.1510687885
 20
-16.9364154887
 30
0.0
 40
14.59404125173198
100
AcDbArc
 50
97.8830476768
 51
103.308733403
  0
ARC
  5
4DF
330
1F
100
AcDbEntity
  8
0
  6
Continuous
 62
     7
370
    25
100
AcDbCircle
 10
3.5299412681
 20
3.5860060057
 30
0.0
 40
7.510792424178535
100
AcDbArc
 50
269.9792104201
 51
272.3157190707
  0
ARC
  5
4E0
330
1F
100
AcDbEntity
  8
0
  6
Continuous
 62
     7
370
    25
100
AcDbCircle
 10
3.6607796381
 20
0.3505513498
 30
0.0
 40
4.272693366079244
100
AcDbArc
 50
272.3157190707
 51
278.7901836446
  0
ARC
  5
4E1
330
1F
100
AcDbEntity
  8
0
  6
Continuous
 62
     7
370
    25
100
AcDbCircle
 10
4.2826906756
 20
-3.6713071318
 30
0.0
 40
0.2030350285402576
100
AcDbArc
 50
278.7901836446
 51
34.2797179312
  0
ARC
  5
4E2
330
1F
100
AcDbEntity
  8
0
  6
Continuous
 62
     7
370
    25
100
AcDbCircle
 10
3.3138271849
 20
-4.331718555
 30
0.0
 40
1.37557061923716
100
AcDbArc
 50
34.2797179312
 51
54.8465907868
  0
ARC
  5
4E3
330
1F
100
AcDbEntity
  8
0
  6
Continuous
 62
     7
370
    25
100
AcDbCircle
 10
1.4783785432
 20
-6.9381298793
 30
0.0
 40
4.563399301570016
100
AcDbArc
 50
54.8465907868
 51
58.3643931411
  0
ARC
  5
4E4
330
1F
100
AcDbEntity
  8
0
  6
Continuous
 62
     7
370
    25
100
AcDbCircle
 10
3.7932731914
 20
-3.1805567046
 30
0.0
 40
0.1500000000000021
100
AcDbArc
 50
58.3643931411
 51
130.6113307116
  0
ARC
  5
4E5
330
1F
100
AcDbEntity
  8
0
  6
Continuous
 62
     7
370
    25
100
AcDbCircle
 10
2.8497708464
 20
-3.8578321721
 30
0.0
 40
0.0499999999999985
100
AcDbArc
 50
130.6113307116
 51
267.1536942953
  0
ARC
  5
4E6
330
1F
100
AcDbEntity
  8
0
  6
Continuous
 62
     7
370
    25
100
AcDbCircle
 10
3.5322208495
 20
9.8684987944
 30
0.0
 40
13.79328562642504
100
AcDbArc
 50
267.1536942953
 51
269.9792104201
  0
ARC
  5
4E7
330
1F
100
AcDbEntity
  8
0
  6
Continuous
 62
     7
370
    25
100
AcDbCircle
 10
-0.3482888718
 20
-3.7926943627
 30
0.0
 40
0.0499999999999994
100
AcDbArc
 50
184.6981908685
 51
269.1977671914
  0
ARC
  5
4E8
330
1F
100
AcDbEntity
  8
0
  6
Continuous
 62
     7
370
    25
100
AcDbCircle
 10
0.6645861136
 20
-3.8068771638
 30
0.0
 40
0.0500000000000015
100
AcDbArc
 50
269.1977671914
 51
39.3431937413
  0
ARC
  5
4E9
330
1F
100
AcDbEntity
  8
0
  6
Continuous
 62
     7
370
    25
100
AcDbCircle
 10
-0.3162926073
 20
-2.5942460203
 30
0.0
 40
0.0398102459850145
100
AcDbArc
 50
39.3431937413
 51
178.0
  0
ARC
  5
4EA
330
1F
100
AcDbEntity
  8
0
  6
Continuous
 62
     7
370
    25
100
AcDbCircle
 10
-0.4496990973
 20
-3.1247687558
 30
0.0
 40
0.1590551181102367
100
AcDbArc
 50
296.133960405
 51
59.866039595
  0
ARC
  5
4EB
330
1F
100
AcDbEntity
  8
0
  6
Continuous
 62
     7
370
    25
100
AcDbCircle
 10
2.6561594028
 20
-3.727456672
 30
0.0
 40
0.0500000000000003
100
AcDbArc
 50
178.0
 51
310.6113307116
  0
ARC
  5
4EC
330
1F
100
AcDbEntity
  8
0
  6
Continuous
 62
     7
370
    25
100
AcDbCircle
 10
3.3985448693
 20
-2.9591731047
 30
0.0
 40
0.1499999999999999
100
AcDbArc
 50
310.6113307116
 51
61.585248563
  0
ARC
  5
4ED
330
1F
100
AcDbEntity
  8
0
  6
Continuous
 62
     7
370
    25
100
AcDbCircle
 10
2.3597405426
 20
-4.8792198061
 30
0.0
 40
2.333046899378296
100
AcDbArc
 50
61.585248563
 51
78.6677601726
  0
ARC
  5
4EE
330
1F
100
AcDbEntity
  8
0
  6
Continuous
 62
     7
370
    25
100
AcDbCircle
 10
2.788704666
 20
-2.7387330517
 30
0.0
 40
0.1499999999999977
100
AcDbArc
 50
78.6677601726
 51
178.0
  0
ARC
  5
4EF
330
1F
100
AcDbEntity
  8
0
  6
Continuous
 62
     7
370
    25
100
AcDbCircle
 10
2.5484733837
 20
-3.2294672459
 30
0.0
 40
0.1590551181102371
100
AcDbArc
 50
296.133960405
 51
60.6967551274
  0
ARC
  5
4F0
330
1F
100
AcDbEntity
  8
0
  6
Continuous
 62
     7
370
    25
100
AcDbCircle
 10
2.2277302957
 20
-3.8287651198
 30
0.0
 40
0.0499999999999999
100
AcDbArc
 50
269.1977671914
 51
40.6113307116
  0
ARC
  5
4F1
330
1F
100
AcDbEntity
  8
0
  6
Continuous
 62
     7
370
    25
100
AcDbCircle
 10
1.7031719993
 20
-3.2169973421
 30
0.0
 40
0.0499999999999997
100
AcDbArc
 50
40.6113307116
 51
176.5094168344
  0
ARC
  5
4F2
330
1F
100
AcDbEntity
  8
0
  6
Continuous
 62
     7
370
    25
100
AcDbCircle
 10
1.0493871432
 20
-3.1771180009
 30
0.0
 40
0.6049999999999599
100
AcDbArc
 50
314.0667408086
 51
356.5094168344
  0
ARC
  5
4F3
330
1F
100
AcDbEntity
  8
0
  6
Continuous
 62
     7
370
    25
100
AcDbCircle
 10
1.5744864871
 20
-3.719608258
 30
0.0
 40
0.15
100
AcDbArc
 50
134.0667408086
 51
269.1977671914
  0
ARC
  5
4F4
330
1F
100
AcDbEntity
  8
0
  6
Continuous
 62
     7
370
    25
100
AcDbCircle
 10
-7.9132759227
 20
1.4414760345
 30
0.0
 40
0.0499999999999972
100
AcDbArc
 50
344.9693889014
 51
110.4077181179
  0
ARC
  5
4F5
330
1F
100
AcDbEntity
  8
0
  6
Continuous
 62
     7
370
    25
100
AcDbCircle
 10
-3.8192832774
 20
-9.5624011835
 30
0.0
 40
11.79078743559437
100
AcDbArc
 50
110.4077181179
 51
116.2970623953
  0
ARC
  5
4F6
330
1F
100
AcDbEntity
  8
0
  6
Continuous
 62
     7
370
    25
100
AcDbCircle
 10
-8.9943469918
 20
0.8993569503
 30
0.0
 40
0.119133346826854
100
AcDbArc
 50
114.0508987849
 51
273.5678176843
  0
ARC
  5
4F7
330
1F
100
AcDbEntity
  8
0
  6
Continuous
 62
     7
370
    25
100
AcDbCircle
 10
-6.3784556778
 20
-41.0550734935
 30
0.0
 40
41.91676941772326
100
AcDbArc
 50
92.4028994699
 51
93.5678176847
  0
ARC
  5
4F8
330
1F
100
AcDbEntity
  8
0
  6
Continuous
 62
     7
370
    25
100
AcDbCircle
 10
-8.1421560792
 20
0.9747070214
 30
0.0
 40
0.1499999999999938
100
AcDbArc
 50
272.4028994699
 51
344.9693889014
  0
ARC
  5
4F9
330
1F
100
AcDbEntity
  8
0
  6
Continuous
 62
     7
370
    25
100
AcDbCircle
 10
-7.8292991605
 20
0.8866096933
 30
0.0
 40
0.0500000000000001
100
AcDbArc
 50
164.9693889053
 51
271.9811812273
  0
ARC
  5
4FA
330
1F
100
AcDbEntity
  8
0
  6
Continuous
 62
     7
370
    25
100
AcDbCircle
 10
-6.3784556779
 20
-41.0550734928
 30
0.0
 40
41.91676941698674
100
AcDbArc
 50
90.7277219852
 51
91.9811812273
  0
ARC
  5
4FB
330
1F
100
AcDbEntity
  8
0
  6
Continuous
 62
     7
370
    25
100
AcDbCircle
 10
-6.911467357
 20
0.9083109494
 30
0.0
 40
0.0500000000000011
100
AcDbArc
 50
270.7277219852
 51
53.3548856608
  0
ARC
  5
4FC
330
1F
100
AcDbEntity
  8
0
  6
Continuous
 62
     7
370
    25
100
AcDbCircle
 10
-7.6716293811
 20
1.4737863109
 30
0.0
 40
0.0500000000000014
100
AcDbArc
 50
53.3548856608
 51
164.9693889053
  0
ARC
  5
4FD
330
1F
100
AcDbEntity
  8
0
  6
Continuous
 62
     7
370
    25
100
AcDbCircle
 10
-6.5368158119
 20
1.8523322139
 30
0.0
 40
0.0500000000000005
100
AcDbArc
 50
357.0
 51
103.5185828479
  0
ARC
  5
4FE
330
1F
100
AcDbEntity
  8
0
  6
Continuous
 62
     7
370
    25
100
AcDbCircle
 10
-3.2977267104
 20
-11.6201937678
 30
0.0
 40
13.90643007907265
100
AcDbArc
 50
103.5185828479
 51
107.4788512947
  0
ARC
  5
4FF
330
1F
100
AcDbEntity
  8
0
  6
Continuous
 62
     7
370
    25
100
AcDbCircle
 10
-7.4595574217
 20
1.596455568
 30
0.0
 40
0.0500000000000013
100
AcDbArc
 50
107.4788512947
 51
233.3548856608
  0
ARC
  5
500
330
1F
100
AcDbEntity
  8
0
  6
Continuous
 62
     7
370
    25
100
AcDbCircle
 10
-6.5843462951
 20
0.9453965668
 30
0.0
 40
0.0500000000000014
100
AcDbArc
 50
233.3548856608
 51
357.0
  0
ARC
  5
501
330
1F
100
AcDbEntity
  8
0
  6
Continuous
 62
     7
370
    25
100
AcDbCircle
 10
-2.995213613
 20
1.4710268317
 30
0.0
 40
0.6049999999999567
100
AcDbArc
 50
117.3434231609
 51
174.427350043
  0
ARC
  5
502
330
1F
100
AcDbEntity
  8
0
  6
Continuous
 62
     7
370
    25
100
AcDbCircle
 10
-3.3420023914
 20
2.1416702117
 30
0.0
 40
0.1499999999999998
100
AcDbArc
 50
297.3434231609
 51
88.9534332213
  0
ARC
  5
503
330
1F
100
AcDbEntity
  8
0
  6
Continuous
 62
     7
370
    25
100
AcDbCircle
 10
-3.5070942782
 20
-6.8955135709
 30
0.0
 40
9.188691611667917
100
AcDbArc
 50
88.9534332213
 51
94.2698031635
  0
ARC
  5
504
330
1F
100
AcDbEntity
  8
0
  6
Continuous
 62
     7
370
    25
100
AcDbCircle
 10
-4.1874987995
 20
2.2178137063
 30
0.0
 40
0.0500000000000002
100
AcDbArc
 50
94.2698031635
 51
218.3431937413
  0
ARC
  5
505
330
1F
100
AcDbEntity
  8
0
  6
Continuous
 62
     7
370
    25
100
AcDbCircle
 10
-3.6471179963
 20
1.5346324528
 30
0.0
 40
0.0500000000000003
100
AcDbArc
 50
218.3431937413
 51
354.427350043
  0
ARC
  5
506
330
1F
100
AcDbEntity
  8
0
  6
Continuous
 62
     7
370
    25
100
AcDbCircle
 10
-2.7023220044
 20
2.2077504551
 30
0.0
 40
0.0499999999999992
100
AcDbArc
 50
84.7773432858
 51
219.6113307116
  0
ARC
  5
507
330
1F
100
AcDbEntity
  8
0
  6
Continuous
 62
     7
370
    25
100
AcDbCircle
 10
-1.6465715834
 20
0.9320811526
 30
0.0
 40
0.0500000000000004
100
AcDbArc
 50
219.6113307116
 51
357.0
  0
ARC
  5
508
330
1F
100
AcDbEntity
  8
0
  6
Continuous
 62
     7
370
    25
100
AcDbCircle
 10
-1.4972693108
 20
1.3925228973
 30
0.0
 40
0.159055118110236
100
AcDbArc
 50
115.133960405
 51
238.866039595
  0
ARC
  5
509
330
1F
100
AcDbEntity
  8
0
  6
Continuous
 62
     7
370
    25
100
AcDbCircle
 10
-1.586760014
 20
2.0733538843
 30
0.0
 40
0.0500000000000059
100
AcDbArc
 50
357.0
 51
81.4835315449
  0
ARC
  5
50A
330
1F
100
AcDbEntity
  8
0
  6
Continuous
 62
     7
370
    25
100
AcDbCircle
 10
-4.4817223861
 20
-17.2592784416
 30
0.0
 40
19.59818354181978
100
AcDbArc
 50
81.4835315449
 51
84.7773432858
  0
ARC
  5
50B
330
1F
100
AcDbEntity
  8
0
  6
Continuous
 62
     7
370
    25
100
AcDbCircle
 10
-6.093461201
 20
0.9108048708
 30
0.0
 40
0.0500000000000079
100
AcDbArc
 50
128.1123107958
 51
269.6777124647
  0
ARC
  5
50C
330
1F
100
AcDbEntity
  8
0
  6
Continuous
 62
     7
370
    25
100
AcDbCircle
 10
-6.4694777426
 20
-65.9361292348
 30
0.0
 40
66.79799165090404
100
AcDbArc
 50
88.44293119
 51
89.6777124646
  0
ARC
  5
50D
330
1F
100
AcDbEntity
  8
0
  6
Continuous
 62
     7
370
    25
100
AcDbCircle
 10
-4.6530418337
 20
0.8871791863
 30
0.0
 40
0.0499999999999814
100
AcDbArc
 50
268.44293119
 51
357.0
  0
ARC
  5
50E
330
1F
100
AcDbEntity
  8
0
  6
Continuous
 62
     7
370
    25
100
AcDbCircle
 10
-4.4931579151
 20
1.549530766
 30
0.0
 40
0.1590551181102357
100
AcDbArc
 50
115.133960405
 51
238.866039595
  0
ARC
  5
50F
330
1F
100
AcDbEntity
  8
0
  6
Continuous
 62
     7
370
    25
100
AcDbCircle
 10
-4.5899944395
 20
2.0901951346
 30
0.0
 40
0.0500000000000004
100
AcDbArc
 50
357.0
 51
128.1123107958
  0
ARC
  5
510
330
1F
100
AcDbEntity
  8
0
  6
Continuous
 62
     7
370
    25
100
AcDbCircle
 10
-6.2128510767
 20
1.8240677603
 30
0.0
 40
0.1500000000000015
100
AcDbArc
 50
102.308733403
 51
177.0
  0
ARC
  5
511
330
1F
100
AcDbEntity
  8
0
  6
Continuous
 62
     7
370
    25
100
AcDbCircle
 10
-6.356684889
 20
0.9902873891
 30
0.0
 40
0.0500000000000021
100
AcDbArc
 50
177.0
 51
308.1123107958
  0
ARC
  5
512
330
1F
100
AcDbEntity
  8
0
  6
Continuous
 62
     7
370
    25
100
AcDbCircle
 10
-4.8766833348
 20
2.1512704371
 30
0.0
 40
0.05
100
AcDbArc
 50
308.1123107958
 51
96.8830476768
  0
ARC
  5
513
330
1F
100
AcDbEntity
  8
0
  6
Continuous
 62
     7
370
    25
100
AcDbCircle
 10
-3.1336803064
 20
-12.2879496379
 30
0.0
 40
14.59404125173309
100
AcDbArc
 50
96.8830476768
 51
102.308733403
  0
ARC
  5
514
330
1F
100
AcDbEntity
  8
0
  6
Continuous
 62
     7
370
    25
100
AcDbCircle
 10
-0.3970044995
 20
8.189829143
 30
0.0
 40
7.510792424182068
100
AcDbArc
 50
268.9792104201
 51
271.3157190707
  0
ARC
  5
515
330
1F
100
AcDbEntity
  8
0
  6
Continuous
 62
     7
370
    25
100
AcDbCircle
 10
-0.3226525265
 20
4.952583818
 30
0.0
 40
4.272693366079115
100
AcDbArc
 50
271.3157190707
 51
277.7901836446
  0
ARC
  5
516
330
1F
100
AcDbEntity
  8
0
  6
Continuous
 62
     7
370
    25
100
AcDbCircle
 10
0.2289726821
 20
0.9204840407
 30
0.0
 40
0.2030350285402574
100
AcDbArc
 50
277.7901836446
 51
33.2797179312
  0
ARC
  5
517
330
1F
100
AcDbEntity
  8
0
  6
Continuous
 62
     7
370
    25
100
AcDbCircle
 10
-0.7512690146
 20
0.2770822009
 30
0.0
 40
1.37557061923719
100
AcDbArc
 50
33.2797179312
 51
53.8465907868
  0
ARC
  5
518
330
1F
100
AcDbEntity
  8
0
  6
Continuous
 62
     7
370
    25
100
AcDbCircle
 10
-2.6319262584
 20
-2.2968991587
 30
0.0
 40
4.563399301569222
100
AcDbArc
 50
53.8465907868
 51
57.3643931411
  0
ARC
  5
519
330
1F
100
AcDbEntity
  8
0
  6
Continuous
 62
     7
370
    25
100
AcDbCircle
 10
-0.2518054856
 20
1.4197012371
 30
0.0
 40
0.1500000000000006
100
AcDbArc
 50
57.3643931411
 51
129.6113307116
  0
ARC
  5
51A
330
1F
100
AcDbEntity
  8
0
  6
Continuous
 62
     7
370
    25
100
AcDbCircle
 10
-1.2069842173
 20
0.7589953084
 30
0.0
 40
0.049999999999999
100
AcDbArc
 50
129.6113307116
 51
266.1536942953
  0
ARC
  5
51B
330
1F
100
AcDbEntity
  8
0
  6
Continuous
 62
     7
370
    25
100
AcDbCircle
 10
-0.2850806477
 20
14.4713252934
 30
0.0
 40
13.79328562642695
100
AcDbArc
 50
266.1536942953
 51
268.9792104201
  0
ARC
  5
51C
330
1F
100
AcDbEntity
  8
0
  6
Continuous
 62
     7
370
    25
100
AcDbCircle
 10
-4.403420044
 20
0.879937035
 30
0.0
 40
0.0499999999999986
100
AcDbArc
 50
183.6981908685
 51
268.1977671914
  0
ARC
  5
51D
330
1F
100
AcDbEntity
  8
0
  6
Continuous
 62
     7
370
    25
100
AcDbCircle
 10
-3.3909468483
 20
0.848079288
 30
0.0
 40
0.0500000000000005
100
AcDbArc
 50
268.1977671914
 51
38.3431937413
  0
ARC
  5
51E
330
1F
100
AcDbEntity
  8
0
  6
Continuous
 62
     7
370
    25
100
AcDbCircle
 10
-4.3505128451
 20
2.077644436
 30
0.0
 40
0.0398102459850142
100
AcDbArc
 50
38.3431937413
 51
177.0
  0
ARC
  5
51F
330
1F
100
AcDbEntity
  8
0
  6
Continuous
 62
     7
370
    25
100
AcDbCircle
 10
-4.4931579151
 20
1.549530766
 30
0.0
 40
0.1590551181102358
100
AcDbArc
 50
295.133960405
 51
58.866039595
  0
ARC
  5
520
330
1F
100
AcDbEntity
  8
0
  6
Continuous
 62
     7
370
    25
100
AcDbCircle
 10
-1.3982908067
 20
0.8927299372
 30
0.0
 40
0.0499999999999998
100
AcDbArc
 50
177.0
 51
309.6113307116
  0
ARC
  5
521
330
1F
100
AcDbEntity
  8
0
  6
Continuous
 62
     7
370
    25
100
AcDbCircle
 10
-0.642610012
 20
1.6479400784
 30
0.0
 40
0.1500000000000009
100
AcDbArc
 50
309.6113307116
 51
60.585248563
  0
ARC
  5
522
330
1F
100
AcDbEntity
  8
0
  6
Continuous
 62
     7
370
    25
100
AcDbCircle
 10
-1.7147655592
 20
-0.2536845553
 30
0.0
 40
2.333046899378264
100
AcDbArc
 50
60.585248563
 51
77.6677601726
  0
ARC
  5
523
330
1F
100
AcDbEntity
  8
0
  6
Continuous
 62
     7
370
    25
100
AcDbCircle
 10
-1.2485101243
 20
1.8789897364
 30
0.0
 40
0.1499999999999989
100
AcDbArc
 50
77.6677601726
 51
177.0
  0
ARC
  5
524
330
1F
100
AcDbEntity
  8
0
  6
Continuous
 62
     7
370
    25
100
AcDbCircle
 10
-1.4972693108
 20
1.3925228973
 30
0.0
 40
0.1590551181102365
100
AcDbArc
 50
295.133960405
 51
59.6967551274
  0
ARC
  5
525
330
1F
100
AcDbEntity
  8
0
  6
Continuous
 62
     7
370
    25
100
AcDbCircle
 10
-1.8284227382
 20
0.7989140381
 30
0.0
 40
0.0499999999999999
100
AcDbArc
 50
268.1977671914
 51
39.6113307116
  0
ARC
  5
526
330
1F
100
AcDbEntity
  8
0
  6
Continuous
 62
     7
370
    25
100
AcDbCircle
 10
-2.3422243219
 20
1.4197434452
 30
0.0
 40
0.0500000000000002
100
AcDbArc
 50
39.6113307116
 51
175.5094168344
  0
ARC
  5
527
330
1F
100
AcDbEntity
  8
0
  6
Continuous
 62
     7
370
    25
100
AcDbCircle
 10
-2.995213613
 20
1.4710268317
 30
0.0
 40
0.6049999999999615
100
AcDbArc
 50
313.0667408086
 51
355.5094168344
  0
ARC
  5
528
330
1F
100
AcDbEntity
  8
0
  6
Continuous
 62
     7
370
    25
100
AcDbCircle
 10
-2.4796620047
 20
0.9194549513
 30
0.0
 40
0.1500000000000004
100
AcDbArc
 50
133.0667408086
 51
268.1977671914
  0
ARC
  5
529
330
1F
100
AcDbEntity
  8
0
  6
Continuous
 62
     7
370
    25
100
AcDbCircle
 10
-0.9275390514
 20
-0.2173891011
 30
0.0
 40
0.0499999999999976
100
AcDbArc
 50
164.9693889014
 51
290.4077181179
  0
ARC
  5
52A
330
1F
100
AcDbEntity
  8
0
  6
Continuous
 62
     7
370
    25
100
AcDbCircle
 10
-5.0215316967
 20
10.7864881168
 30
0.0
 40
11.79078743559417
100
AcDbArc
 50
290.4077181179
 51
296.2970623953
  0
ARC
  5
52B
330
1F
100
AcDbEntity
  8
0
  6
Continuous
 62
     7
370
    25
100
AcDbCircle
 10
0.1535320177
 20
0.3247299831
 30
0.0
 40
0.119133346826854
100
AcDbArc
 50
294.0508987849
 51
93.5678176843
  0
ARC
  5
52C
330
1F
100
AcDbEntity
  8
0
  6
Continuous
 62
     7
370
    25
100
AcDbCircle
 10
-2.4623592963
 20
42.2791604268
 30
0.0
 40
41.91676941768363
100
AcDbArc
 50
272.4028994699
 51
273.5678176847
  0
ARC
  5
52D
330
1F
100
AcDbEntity
  8
0
  6
Continuous
 62
     7
370
    25
100
AcDbCircle
 10
-0.6986588949
 20
0.2493799119
 30
0.0
 40
0.1499999999999945
100
AcDbArc
 50
92.4028994699
 51
164.9693889014
  0
ARC
  5
52E
330
1F
100
AcDbEntity
  8
0
  6
Continuous
 62
     7
370
    25
100
AcDbCircle
 10
-1.0115158136
 20
0.33747724
 30
0.0
 40
0.0499999999999987
100
AcDbArc
 50
344.9693889053
 51
91.9811812273
  0
ARC
  5
52F
330
1F
100
AcDbEntity
  8
0
  6
Continuous
 62
     7
370
    25
100
AcDbCircle
 10
-2.4623592963
 20
42.2791604262
 30
0.0
 40
41.91676941701607
100
AcDbArc
 50
270.7277219852
 51
271.9811812273
  0
ARC
  5
530
330
1F
100
AcDbEntity
  8
0
  6
Continuous
 62
     7
370
    25
100
AcDbCircle
 10
-1.9293476172
 20
0.3157759839
 30
0.0
 40
0.0500000000000016
100
AcDbArc
 50
90.7277219852
 51
233.3548856608
  0
ARC
  5
531
330
1F
100
AcDbEntity
  8
0
  6
Continuous
 62
     7
370
    25
100
AcDbCircle
 10
-1.169185593
 20
-0.2496993776
 30
0.0
 40
0.0500000000000004
100
AcDbArc
 50
233.3548856608
 51
344.9693889053
  0
ARC
  5
532
330
1F
100
AcDbEntity
  8
0
  6
Continuous
 62
     7
370
    25
100
AcDbCircle
 10
-2.3039991623
 20
-0.6282452806
 30
0.0
 40
0.0499999999999996
100
AcDbArc
 50
177.0
 51
283.5185828479
  0
ARC
  5
533
330
1F
100
AcDbEntity
  8
0
  6
Continuous
 62
     7
370
    25
100
AcDbCircle
 10
-5.5430882638
 20
12.8442807011
 30
0.0
 40
13.90643007907448
100
AcDbArc
 50
283.5185828479
 51
287.4788512947
  0
ARC
  5
534
330
1F
100
AcDbEntity
  8
0
  6
Continuous
 62
     7
370
    25
100
AcDbCircle
 10
-1.3812575524
 20
-0.3723686347
 30
0.0
 40
0.0499999999999996
100
AcDbArc
 50
287.4788512947
 51
53.3548856608
  0
ARC
  5
535
330
1F
100
AcDbEntity
  8
0
  6
Continuous
 62
     7
370
    25
100
AcDbCircle
 10
-2.256468679
 20
0.2786903665
 30
0.0
 40
0.0500000000000015
100
AcDbArc
 50
53.3548856608
 51
177.0
  0
ARC
  5
536
330
1F
100
AcDbEntity
  8
0
  6
Continuous
 62
     7
370
    25
100
AcDbCircle
 10
-5.8456013612
 20
-0.2469398983
 30
0.0
 40
0.6049999999999564
100
AcDbArc
 50
297.3434231609
 51
354.427350043
  0
ARC
  5
537
330
1F
100
AcDbEntity
  8
0
  6
Continuous
 62
     7
370
    25
100
AcDbCircle
 10
-5.4988125827
 20
-0.9175832783
 30
0.0
 40
0.1499999999999996
100
AcDbArc
 50
117.3434231609
 51
268.9534332213
  0
ARC
  5
538
330
1F
100
AcDbEntity
  8
0
  6
Continuous
 62
     7
370
    25
100
AcDbCircle
 10
-5.3337206959
 20
8.1196005042
 30
0.0
 40
9.188691611667302
100
AcDbArc
 50
268.9534332213
 51
274.2698031635
  0
ARC
  5
539
330
1F
100
AcDbEntity
  8
0
  6
Continuous
 62
     7
370
    25
100
AcDbCircle
 10
-4.6533161747
 20
-0.9937267729
 30
0.0
 40
0.0499999999999995
100
AcDbArc
 50
274.2698031635
 51
38.3431937413
  0
ARC
  5
53A
330
1F
100
AcDbEntity
  8
0
  6
Continuous
 62
     7
370
    25
100
AcDbCircle
 10
-5.1936969779
 20
-0.3105455195
 30
0.0
 40
0.0500000000000003
100
AcDbArc
 50
38.3431937413
 51
174.427350043
  0
ARC
  5
53B
330
1F
100
AcDbEntity
  8
0
  6
Continuous
 62
     7
370
    25
100
AcDbCircle
 10
-6.1384929697
 20
-0.9836635218
 30
0.0
 40
0.0499999999999986
100
AcDbArc
 50
264.7773432858
 51
39.6113307116
  0
ARC
  5
53C
330
1F
100
AcDbEntity
  8
0
  6
Continuous
 62
     7
370
    25
100
AcDbCircle
 10
-7.1942433907
 20
0.2920057807
 30
0.0
 40
0.0500000000000005
100
AcDbArc
 50
39.6113307116
 51
177.0
  0
ARC
  5
53D
330
1F
100
AcDbEntity
  8
0
  6
Continuous
 62
     7
370
    25
100
AcDbCircle
 10
-7.3435456633
 20
-0.168435964
 30
0.0
 40
0.159055118110237
100
AcDbArc
 50
295.133960405
 51
58.866039595
  0
ARC
  5
53E
330
1F
100
AcDbEntity
  8
0
  6
Continuous
 62
     7
370
    25
100
AcDbCircle
 10
-7.2540549601
 20
-0.849266951
 30
0.0
 40
0.0500000000000064
100
AcDbArc
 50
177.0
 51
261.4835315449
  0
ARC
  5
53F
330
1F
100
AcDbEntity
  8
0
  6
Continuous
 62
     7
370
    25
100
AcDbCircle
 10
-4.359092588
 20
18.4833653749
 30
0.0
 40
19.59818354182006
100
AcDbArc
 50
261.4835315449
 51
264.7773432858
  0
ARC
  5
540
330
1F
100
AcDbEntity
  8
0
  6
Continuous
 62
     7
370
    25
100
AcDbCircle
 10
-2.7473537731
 20
0.3132820626
 30
0.0
 40
0.0500000000000081
100
AcDbArc
 50
308.1123107958
 51
89.6777124647
  0
ARC
  5
541
330
1F
100
AcDbEntity
  8
0
  6
Continuous
 62
     7
370
    25
100
AcDbCircle
 10
-2.3713372315
 20
67.1602161682
 30
0.0
 40
66.79799165097003
100
AcDbArc
 50
268.44293119
 51
269.6777124646
  0
ARC
  5
542
330
1F
100
AcDbEntity
  8
0
  6
Continuous
 62
     7
370
    25
100
AcDbCircle
 10
-4.1877731404
 20
0.336907747
 30
0.0
 40
0.0499999999999824
100
AcDbArc
 50
88.44293119
 51
177.0
  0
ARC
  5
543
330
1F
100
AcDbEntity
  8
0
  6
Continuous
 62
     7
370
    25
100
AcDbCircle
 10
-4.347657059
 20
-0.3254438327
 30
0.0
 40
0.1590551181102359
100
AcDbArc
 50
295.133960405
 51
58.866039595
  0
ARC
  5
544
330
1F
100
AcDbEntity
  8
0
  6
Continuous
 62
     7
370
    25
100
AcDbCircle
 10
-4.2508205347
 20
-0.8661082012
 30
0.0
 40
0.0500000000000002
100
AcDbArc
 50
177.0
 51
308.1123107958
  0
ARC
  5
545
330
1F
100
AcDbEntity
  8
0
  6
Continuous
 62
     7
370
    25
100
AcDbCircle
 10
-2.6279638974
 20
-0.599980827
 30
0.0
 40
0.149999999999997
100
AcDbArc
 50
282.308733403
 51
357.0
  0
ARC
  5
546
330
1F
100
AcDbEntity
  8
0
  6
Continuous
 62
     7
370
    25
100
AcDbCircle
 10
-2.4841300852
 20
0.2337995442
 30
0.0
 40
0.0500000000000001
100
AcDbArc
 50
357.0
 51
128.1123107958
  0
ARC
  5
547
330
1F
100
AcDbEntity
  8
0
  6
Continuous
 62
     7
370
    25
100
AcDbCircle
 10
-3.9641316393
 20
-0.9271835038
 30
0.0
 40
0.0499999999999995
100
AcDbArc
 50
128.1123107958
 51
276.8830476768
  0
ARC
  5
548
330
1F
100
AcDbEntity
  8
0
  6
Continuous
 62
     7
370
    25
100
AcDbCircle
 10
-5.7071346678
 20
13.5120365713
 30
0.0
 40
14.59404125173152
100
AcDbArc
 50
276.8830476768
 51
282.308733403
  0
ARC
  5
549
330
1F
100
AcDbEntity
  8
0
  6
Continuous
 62
     7
370
    25
100
AcDbCircle
 10
-8.4438104746
 20
-6.9657422096
 30
0.0
 40
7.510792424180075
100
AcDbArc
 50
88.9792104201
 51
91.3157190707
  0
ARC
  5
54A
330
1F
100
AcDbEntity
  8
0
  6
Continuous
 62
     7
370
    25
100
AcDbCircle
 10
-8.5181624477
 20
-3.7284968846
 30
0.0
 40
4.272693366078995
100
AcDbArc
 50
91.3157190707
 51
97.7901836446
  0
ARC
  5
54B
330
1F
100
AcDbEntity
  8
0
  6
Continuous
 62
     7
370
    25
100
AcDbCircle
 10
-9.0697876562
 20
0.3036028926
 30
0.0
 40
0.2030350285402575
100
AcDbArc
 50
97.7901836446
 51
213.2797179312
  0
ARC
  5
54C
330
1F
100
AcDbEntity
  8
0
  6
Continuous
 62
     7
370
    25
100
AcDbCircle
 10
-8.0895459595
 20
0.9470047325
 30
0.0
 40
1.375570619237181
100
AcDbArc
 50
213.2797179312
 51
233.8465907868
  0
ARC
  5
54D
330
1F
100
AcDbEntity
  8
0
  6
Continuous
 62
     7
370
    25
100
AcDbCircle
 10
-6.2088887158
 20
3.5209860921
 30
0.0
 40
4.563399301570659
100
AcDbArc
 50
233.8465907868
 51
237.3643931411
  0
ARC
  5
54E
330
1F
100
AcDbEntity
  8
0
  6
Continuous
 62
     7
370
    25
100
AcDbCircle
 10
-8.5890094885
 20
-0.1956143038
 30
0.0
 40
0.1500000000000009
100
AcDbArc
 50
237.3643931411
 51
309.6113307116
  0
ARC
  5
54F
330
1F
100
AcDbEntity
  8
0
  6
Continuous
 62
     7
370
    25
100
AcDbCircle
 10
-7.6338307568
 20
0.465091625
 30
0.0
 40
0.0499999999999988
100
AcDbArc
 50
309.6113307116
 51
86.1536942953
  0
ARC
  5
550
330
1F
100
AcDbEntity
  8
0
  6
Continuous
 62
     7
370
    25
100
AcDbCircle
 10
-8.5557343264
 20
-13.24723836
 30
0.0
 40
13.79328562642497
100
AcDbArc
 50
86.1536942953
 51
88.9792104201
  0
ARC
  5
551
330
1F
100
AcDbEntity
  8
0
  6
Continuous
 62
     7
370
    25
100
AcDbCircle
 10
-4.4373949301
 20
0.3441498983
 30
0.0
 40
0.0500000000000007
100
AcDbArc
 50
3.6981908685
 51
88.1977671914
  0
ARC
  5
552
330
1F
100
AcDbEntity
  8
0
  6
Continuous
 62
     7
370
    25
100
AcDbCircle
 10
-5.4498681258
 20
0.3760076453
 30
0.0
 40
0.0500000000000027
100
AcDbArc
 50
88.1977671914
 51
218.3431937413
  0
ARC
  5
553
330
1F
100
AcDbEntity
  8
0
  6
Continuous
 62
     7
370
    25
100
AcDbCircle
 10
-4.4903021291
 20
-0.8535575027
 30
0.0
 40
0.0398102459850151
100
AcDbArc
 50
218.3431937413
 51
357.0
  0
ARC
  5
554
330
1F
100
AcDbEntity
  8
0
  6
Continuous
 62
     7
370
    25
100
AcDbCircle
 10
-4.347657059
 20
-0.3254438327
 30
0.0
 40
0.1590551181102367
100
AcDbArc
 50
115.133960405
 51
238.866039595
  0
ARC
  5
555
330
1F
100
AcDbEntity
  8
0
  6
Continuous
 62
     7
370
    25
100
AcDbCircle
 10
-7.4425241674
 20
0.3313569961
 30
0.0
 40
0.0500000000000005
100
AcDbArc
 50
357.0
 51
129.6113307116
  0
ARC
  5
556
330
1F
100
AcDbEntity
  8
0
  6
Continuous
 62
     7
370
    25
100
AcDbCircle
 10
-8.1982049621
 20
-0.4238531451
 30
0.0
 40
0.1500000000000012
100
AcDbArc
 50
129.6113307116
 51
240.585248563
  0
ARC
  5
557
330
1F
100
AcDbEntity
  8
0
  6
Continuous
 62
     7
370
    25
100
AcDbCircle
 10
-7.1260494149
 20
1.4777714886
 30
0.0
 40
2.33304689937829
100
AcDbArc
 50
240.585248563
 51
257.6677601726
  0
ARC
  5
558
330
1F
100
AcDbEntity
  8
0
  6
Continuous
 62
     7
370
    25
100
AcDbCircle
 10
-7.5923048498
 20
-0.654902803
 30
0.0
 40
0.1500000000000019
100
AcDbArc
 50
257.6677601726
 51
357.0
  0
ARC
  5
559
330
1F
100
AcDbEntity
  8
0
  6
Continuous
 62
     7
370
    25
100
AcDbCircle
 10
-7.3435456633
 20
-0.168435964
 30
0.0
 40
0.1590551181102363
100
AcDbArc
 50
115.133960405
 51
239.6967551274
  0
ARC
  5
55A
330
1F
100
AcDbEntity
  8
0
  6
Continuous
 62
     7
370
    25
100
AcDbCircle
 10
-7.0123922359
 20
0.4251728952
 30
0.0
 40
0.0500000000000011
100
AcDbArc
 50
88.1977671914
 51
219.6113307116
  0
ARC
  5
55B
330
1F
100
AcDbEntity
  8
0
  6
Continuous
 62
     7
370
    25
100
AcDbCircle
 10
-6.4985906522
 20
-0.1956565118
 30
0.0
 40
0.0500000000000011
100
AcDbArc
 50
219.6113307116
 51
355.5094168344
  0
ARC
  5
55C
330
1F
100
AcDbEntity
  8
0
  6
Continuous
 62
     7
370
    25
100
AcDbCircle
 10
-5.8456013612
 20
-0.2469398983
 30
0.0
 40
0.6049999999999651
100
AcDbArc
 50
133.0667408086
 51
175.5094168344
  0
ARC
  5
55D
330
1F
100
AcDbEntity
  8
0
  6
Continuous
 62
     7
370
    25
100
AcDbCircle
 10
-6.3611529694
 20
0.3046319821
 30
0.0
 40
0.1500000000000008
100
AcDbArc
 50
313.0667408086
 51
88.1977671914
  0
ARC
  5
55E
330
1F
100
AcDbEntity
  8
0
  6
Continuous
 62
     7
370
    25
100
AcDbCircle
 10
-0.7682385419
 20
-1.9311781843
 30
0.0
 40
0.0499999999999977
100
AcDbArc
 50
165.9693889014
 51
291.4077181179
  0
ARC
  5
55F
330
1F
100
AcDbEntity
  8
0
  6
Continuous
 62
     7
370
    25
100
AcDbCircle
 10
-5.0536517899
 20
8.9995730663
 30
0.0
 40
11.79078743559499
100
AcDbArc
 50
291.4077181179
 51
297.2970623953
  0
ARC
  5
560
330
1F
100
AcDbEntity
  8
0
  6
Continuous
 62
     7
370
    25
100
AcDbCircle
 10
0.3032065923
 20
-1.3702743758
 30
0.0
 40
0.1191333468268543
100
AcDbArc
 50
295.0508987849
 51
94.5678176843
  0
ARC
  5
561
330
1F
100
AcDbEntity
  8
0
  6
Continuous
 62
     7
370
    25
100
AcDbCircle
 10
-3.0444920807
 20
40.5321126065
 30
0.0
 40
41.91676941756467
100
AcDbArc
 50
273.4028994699
 51
274.5678176847
  0
ARC
  5
562
330
1F
100
AcDbEntity
  8
0
  6
Continuous
 62
     7
370
    25
100
AcDbCircle
 10
-0.5475394875
 20
-1.4604857529
 30
0.0
 40
0.1499999999999924
100
AcDbArc
 50
93.4028994699
 51
165.9693889014
  0
ARC
  5
563
330
1F
100
AcDbEntity
  8
0
  6
Continuous
 62
     7
370
    25
100
AcDbCircle
 10
-0.8618862669
 20
-1.3778619486
 30
0.0
 40
0.0499999999999982
100
AcDbArc
 50
345.9693889053
 51
92.9811812273
  0
ARC
  5
564
330
1F
100
AcDbEntity
  8
0
  6
Continuous
 62
     7
370
    25
100
AcDbCircle
 10
-3.0444920807
 20
40.532112606
 30
0.0
 40
41.91676941702902
100
AcDbArc
 50
271.7277219852
 51
272.9811812273
  0
ARC
  5
565
330
1F
100
AcDbEntity
  8
0
  6
Continuous
 62
     7
370
    25
100
AcDbCircle
 10
-1.7791995411
 20
-1.4155782732
 30
0.0
 40
0.0500000000000017
100
AcDbArc
 50
91.7277219852
 51
234.3548856608
  0
ARC
  5
566
330
1F
100
AcDbEntity
  8
0
  6
Continuous
 62
     7
370
    25
100
AcDbCircle
 10
-1.0092843875
 20
-1.9677008534
 30
0.0
 40
0.0500000000000002
100
AcDbArc
 50
234.3548856608
 51
345.9693889053
  0
ARC
  5
567
330
1F
100
AcDbEntity
  8
0
  6
Continuous
 62
     7
370
    25
100
AcDbCircle
 10
-2.1373185822
 20
-2.3659943297
 30
0.0
 40
0.0500000000000004
100
AcDbArc
 50
178.0
 51
284.5185828479
  0
ARC
  5
568
330
1F
100
AcDbEntity
  8
0
  6
Continuous
 62
     7
370
    25
100
AcDbCircle
 10
-5.6110423539
 20
11.0479498216
 30
0.0
 40
13.90643007907209
100
AcDbArc
 50
284.5185828479
 51
288.4788512947
  0
ARC
  5
569
330
1F
100
AcDbEntity
  8
0
  6
Continuous
 62
     7
370
    25
100
AcDbCircle
 10
-1.2191831735
 20
-2.0940525934
 30
0.0
 40
0.0499999999999999
100
AcDbArc
 50
288.4788512947
 51
54.3548856608
  0
ARC
  5
56A
330
1F
100
AcDbEntity
  8
0
  6
Continuous
 62
     7
370
    25
100
AcDbCircle
 10
-2.1056235476
 20
-1.4583672919
 30
0.0
 40
0.0500000000000008
100
AcDbArc
 50
54.3548856608
 51
178.0
  0
ARC
  5
56B
330
1F
100
AcDbEntity
  8
0
  6
Continuous
 62
     7
370
    25
100
AcDbCircle
 10
-5.6850360744
 20
-2.0465565031
 30
0.0
 40
0.6049999999999599
100
AcDbArc
 50
298.3434231609
 51
355.427350043
  0
ARC
  5
56C
330
1F
100
AcDbEntity
  8
0
  6
Continuous
 62
     7
370
    25
100
AcDbCircle
 10
-5.3265957727
 20
-2.7110454421
 30
0.0
 40
0.1500000000000002
100
AcDbArc
 50
118.3434231609
 51
269.9534332213
  0
ARC
  5
56D
330
1F
100
AcDbEntity
  8
0
  6
Continuous
 62
     7
370
    25
100
AcDbCircle
 10
-5.3192496347
 20
6.3276431843
 30
0.0
 40
9.188691611668398
100
AcDbArc
 50
269.9534332213
 51
275.2698031635
  0
ARC
  5
56E
330
1F
100
AcDbEntity
  8
0
  6
Continuous
 62
     7
370
    25
100
AcDbCircle
 10
-4.4798992507
 20
-2.7724213928
 30
0.0
 40
0.05
100
AcDbArc
 50
275.2698031635
 51
39.3431937413
  0
ARC
  5
56F
330
1F
100
AcDbEntity
  8
0
  6
Continuous
 62
     7
370
    25
100
AcDbCircle
 10
-5.0321209081
 20
-2.0987751365
 30
0.0
 40
0.0500000000000009
100
AcDbArc
 50
39.3431937413
 51
175.427350043
  0
ARC
  5
570
330
1F
100
AcDbEntity
  8
0
  6
Continuous
 62
     7
370
    25
100
AcDbCircle
 10
-5.965025474
 20
-2.7882795834
 30
0.0
 40
0.0499999999999997
100
AcDbArc
 50
265.7773432858
 51
40.6113307116
  0
ARC
  5
571
330
1F
100
AcDbEntity
  8
0
  6
Continuous
 62
     7
370
    25
100
AcDbCircle
 10
-7.0428785983
 20
-1.5312299569
 30
0.0
 40
0.0500000000000022
100
AcDbArc
 50
40.6113307116
 51
178.0
  0
ARC
  5
572
330
1F
100
AcDbEntity
  8
0
  6
Continuous
 62
     7
370
    25
100
AcDbCircle
 10
-7.1841223149
 20
-1.994207258
 30
0.0
 40
0.1590551181102374
100
AcDbArc
 50
296.133960405
 51
59.866039595
  0
ARC
  5
573
330
1F
100
AcDbEntity
  8
0
  6
Continuous
 62
     7
370
    25
100
AcDbCircle
 10
-7.0827631025
 20
-2.6733727231
 30
0.0
 40
0.050000000000008
100
AcDbArc
 50
178.0
 51
262.4835315449
  0
ARC
  5
574
330
1F
100
AcDbEntity
  8
0
  6
Continuous
 62
     7
370
    25
100
AcDbCircle
 10
-4.5256426041
 20
16.7068392092
 30
0.0
 40
19.59818354182127
100
AcDbArc
 50
262.4835315449
 51
265.7773432858
  0
ARC
  5
575
330
1F
100
AcDbEntity
  8
0
  6
Continuous
 62
     7
370
    25
100
AcDbCircle
 10
-2.5970375858
 20
-1.4323479906
 30
0.0
 40
0.0500000000000074
100
AcDbArc
 50
309.1123107958
 51
90.6777124647
  0
ARC
  5
576
330
1F
100
AcDbEntity
  8
0
  6
Continuous
 62
     7
370
    25
100
AcDbCircle
 10
-3.3877181764
 20
65.4109673968
 30
0.0
 40
66.79799165095696
100
AcDbArc
 50
269.44293119
 51
270.6777124646
  0
ARC
  5
577
330
1F
100
AcDbEntity
  8
0
  6
Continuous
 62
     7
370
    25
100
AcDbCircle
 10
-4.0376498953
 20
-1.4338646887
 30
0.0
 40
0.0499999999999815
100
AcDbArc
 50
89.44293119
 51
178.0
  0
ARC
  5
578
330
1F
100
AcDbEntity
  8
0
  6
Continuous
 62
     7
370
    25
100
AcDbCircle
 10
-4.1859498339
 20
-2.0989057481
 30
0.0
 40
0.1590551181102361
100
AcDbArc
 50
296.133960405
 51
59.866039595
  0
ARC
  5
579
330
1F
100
AcDbEntity
  8
0
  6
Continuous
 62
     7
370
    25
100
AcDbCircle
 10
-4.0796921639
 20
-2.6377977405
 30
0.0
 40
0.0499999999999999
100
AcDbArc
 50
178.0
 51
309.1123107958
  0
ARC
  5
57A
330
1F
100
AcDbEntity
  8
0
  6
Continuous
 62
     7
370
    25
100
AcDbCircle
 10
-2.4617272587
 20
-2.3433881451
 30
0.0
 40
0.149999999999999
100
AcDbArc
 50
283.308733403
 51
358.0
  0
ARC
  5
57B
330
1F
100
AcDbEntity
  8
0
  6
Continuous
 62
     7
370
    25
100
AcDbCircle
 10
-2.3324668269
 20
-1.5072245166
 30
0.0
 40
0.0500000000000007
100
AcDbArc
 50
358.0
 51
129.1123107958
  0
ARC
  5
57C
330
1F
100
AcDbEntity
  8
0
  6
Continuous
 62
     7
370
    25
100
AcDbCircle
 10
-3.7919810216
 20
-2.6938603298
 30
0.0
 40
0.0499999999999994
100
AcDbArc
 50
129.1123107958
 51
277.8830476768
  0
ARC
  5
57D
330
1F
100
AcDbEntity
  8
0
  6
Continuous
 62
     7
370
    25
100
AcDbCircle
 10
-5.7867177197
 20
11.7127409848
 30
0.0
 40
14.59404125173028
100
AcDbArc
 50
277.8830476768
 51
283.308733403
  0
ARC
  5
57E
330
1F
100
AcDbEntity
  8
0
  6
Continuous
 62
     7
370
    25
100
AcDbCircle
 10
-8.1655901993
 20
-8.8096805097
 30
0.0
 40
7.510792424184201
100
AcDbArc
 50
89.9792104201
 51
92.3157190707
  0
ARC
  5
57F
330
1F
100
AcDbEntity
  8
0
  6
Continuous
 62
     7
370
    25
100
AcDbCircle
 10
-8.2964285693
 20
-5.5742258537
 30
0.0
 40
4.272693366079112
100
AcDbArc
 50
92.3157190707
 51
98.7901836446
  0
ARC
  5
580
330
1F
100
AcDbEntity
  8
0
  6
Continuous
 62
     7
370
    25
100
AcDbCircle
 10
-8.9183396068
 20
-1.5523673721
 30
0.0
 40
0.2030350285402566
100
AcDbArc
 50
98.7901836446
 51
214.2797179312
  0
ARC
  5
581
330
1F
100
AcDbEntity
  8
0
  6
Continuous
 62
     7
370
    25
100
AcDbCircle
 10
-7.9494761161
 20
-0.891955949
 30
0.0
 40
1.375570619237238
100
AcDbArc
 50
214.2797179312
 51
234.8465907868
  0
ARC
  5
582
330
1F
100
AcDbEntity
  8
0
  6
Continuous
 62
     7
370
    25
100
AcDbCircle
 10
-6.1140274744
 20
1.7144553754
 30
0.0
 40
4.563399301569274
100
AcDbArc
 50
234.8465907868
 51
238.3643931411
  0
ARC
  5
583
330
1F
100
AcDbEntity
  8
0
  6
Continuous
 62
     7
370
    25
100
AcDbCircle
 10
-8.4289221226
 20
-2.0431177993
 30
0.0
 40
0.1500000000000038
100
AcDbArc
 50
238.3643931411
 51
310.6113307116
  0
ARC
  5
584
330
1F
100
AcDbEntity
  8
0
  6
Continuous
 62
     7
370
    25
100
AcDbCircle
 10
-7.4854197776
 20
-1.3658423318
 30
0.0
 40
0.0499999999999995
100
AcDbArc
 50
310.6113307116
 51
87.1536942953
  0
ARC
  5
585
330
1F
100
AcDbEntity
  8
0
  6
Continuous
 62
     7
370
    25
100
AcDbCircle
 10
-8.1678697807
 20
-15.0921732984
 30
0.0
 40
13.79328562642243
100
AcDbArc
 50
87.1536942953
 51
89.9792104201
  0
ARC
  5
586
330
1F
100
AcDbEntity
  8
0
  6
Continuous
 62
     7
370
    25
100
AcDbCircle
 10
-4.2873600594
 20
-1.4309801413
 30
0.0
 40
0.0499999999999996
100
AcDbArc
 50
4.6981908685
 51
89.1977671914
  0
ARC
  5
587
330
1F
100
AcDbEntity
  8
0
  6
Continuous
 62
     7
370
    25
100
AcDbCircle
 10
-5.3002350448
 20
-1.4167973401
 30
0.0
 40
0.0500000000000018
100
AcDbArc
 50
89.1977671914
 51
219.3431937413
  0
ARC
  5
588
330
1F
100
AcDbEntity
  8
0
  6
Continuous
 62
     7
370
    25
100
AcDbCircle
 10
-4.3193563239
 20
-2.6294284836
 30
0.0
 40
0.0398102459850145
100
AcDbArc
 50
219.3431937413
 51
358.0
  0
ARC
  5
589
330
1F
100
AcDbEntity
  8
0
  6
Continuous
 62
     7
370
    25
100
AcDbCircle
 10
-4.1859498339
 20
-2.0989057481
 30
0.0
 40
0.1590551181102367
100
AcDbArc
 50
116.133960405
 51
239.866039595
  0
ARC
  5
58A
330
1F
100
AcDbEntity
  8
0
  6
Continuous
 62
     7
370
    25
100
AcDbCircle
 10
-7.291808334
 20
-1.4962178319
 30
0.0
 40
0.0500000000000012
100
AcDbArc
 50
358.0
 51
130.6113307116
  0
ARC
  5
58B
330
1F
100
AcDbEntity
  8
0
  6
Continuous
 62
     7
370
    25
100
AcDbCircle
 10
-8.0341938005
 20
-2.2645013993
 30
0.0
 40
0.1500000000000007
100
AcDbArc
 50
130.6113307116
 51
241.585248563
  0
ARC
  5
58C
330
1F
100
AcDbEntity
  8
0
  6
Continuous
 62
     7
370
    25
100
AcDbCircle
 10
-6.9953894738
 20
-0.3444546979
 30
0.0
 40
2.333046899378319
100
AcDbArc
 50
241.585248563
 51
258.6677601726
  0
ARC
  5
58D
330
1F
100
AcDbEntity
  8
0
  6
Continuous
 62
     7
370
    25
100
AcDbCircle
 10
-7.4243535972
 20
-2.4849414523
 30
0.0
 40
0.1500000000000002
100
AcDbArc
 50
258.6677601726
 51
358.0
  0
ARC
  5
58E
330
1F
100
AcDbEntity
  8
0
  6
Continuous
 62
     7
370
    25
100
AcDbCircle
 10
-7.1841223149
 20
-1.994207258
 30
0.0
 40
0.1590551181102368
100
AcDbArc
 50
116.133960405
 51
240.6967551274
  0
ARC
  5
58F
330
1F
100
AcDbEntity
  8
0
  6
Continuous
 62
     7
370
    25
100
AcDbCircle
 10
-6.8633792269
 20
-1.3949093841
 30
0.0
 40
0.049999999999999
100
AcDbArc
 50
89.1977671914
 51
220.6113307116
  0
ARC
  5
590
330
1F
100
AcDbEntity
  8
0
  6
Continuous
 62
     7
370
    25
100
AcDbCircle
 10
-6.3388209306
 20
-2.0066771618
 30
0.0
 40
0.0499999999999998
100
AcDbArc
 50
220.6113307116
 51
356.5094168344
  0
ARC
  5
591
330
1F
100
AcDbEntity
  8
0
  6
Continuous
 62
     7
370
    25
100
AcDbCircle
 10
-5.6850360744
 20
-2.0465565031
 30
0.0
 40
0.6049999999999581
100
AcDbArc
 50
134.0667408086
 51
176.5094168344
  0
ARC
  5
592
330
1F
100
AcDbEntity
  8
0
  6
Continuous
 62
     7
370
    25
100
AcDbCircle
 10
-6.2101354183
 20
-1.504066246
 30
0.0
 40
0.1500000000000003
100
AcDbArc
 50
314.0667408086
 51
89.1977671914
  0
ARC
  5
593
330
1F
100
AcDbEntity
  8
0
  6
Continuous
 62
     7
370
    25
100
AcDbCircle
 10
2.637400044
 20
3.0687363455
 30
0.0
 40
0.1000000000000257
100
AcDbArc
 50
268.4890178799
 51
3.5576715008
  0
ARC
  5
594
330
1F
100
AcDbEntity
  8
0
  6
Continuous
 62
     7
370
    25
100
AcDbCircle
 10
2.5867665589
 20
3.8831329557
 30
0.0
 40
0.1000000000000292
100
AcDbArc
 50
3.5576715008
 51
103.8498926897
  0
ARC
  5
595
330
1F
100
AcDbEntity
  8
0
  6
Continuous
 62
     7
370
    25
100
AcDbCircle
 10
0.5723854245
 20
3.2465678848
 30
0.0
 40
0.1000000000001206
100
AcDbArc
 50
111.0812302213
 51
183.5576715008
  0
ARC
  5
596
330
1F
100
AcDbEntity
  8
0
  6
Continuous
 62
     7
370
    25
100
AcDbCircle
 10
0.5828379421
 20
3.078448015
 30
0.0
 40
0.1000000000000413
100
AcDbArc
 50
183.5576715009
 51
272.523010157
  0
ARC
  5
597
330
1F
100
AcDbEntity
  8
0
  6
Continuous
 62
     7
370
    25
100
AcDbCircle
 10
9.3055109582
 20
2.6822110094
 30
0.0
 40
0.1000000000000175
100
AcDbArc
 50
161.9530795774
 51
270.8162349725
  0
ARC
  5
598
330
1F
100
AcDbEntity
  8
0
  6
Continuous
 62
     7
370
    25
100
AcDbCircle
 10
4.8982656864
 20
2.9638488828
 30
0.0
 40
0.1000000000000073
100
AcDbArc
 50
266.2438427243
 51
3.5576715008
  0
ARC
  5
599
330
1F
100
AcDbEntity
  8
0
  6
Continuous
 62
     7
370
    25
100
AcDbCircle
 10
4.8205168782
 20
4.2143724404
 30
0.0
 40
0.1000000000000025
100
AcDbArc
 50
3.5576715008
 51
92.8441787168
  0
ARC
  5
59A
330
1F
100
AcDbEntity
  8
0
  6
Continuous
 62
     7
370
    25
100
AcDbCircle
 10
4.2512806219
 20
4.1724351638
 30
0.0
 40
0.0999999999999696
100
AcDbArc
 50
95.617400212
 51
183.5576715008
  0
ARC
  5
59B
330
1F
100
AcDbEntity
  8
0
  6
Continuous
 62
     7
370
    25
100
AcDbCircle
 10
4.3242162993
 20
2.9993267284
 30
0.0
 40
0.1000000000000503
100
AcDbArc
 50
183.5576715008
 51
266.7145236469
  0
ARC
  5
59C
330
1F
100
AcDbEntity
  8
0
  6
Continuous
 62
     7
370
    25
100
AcDbCircle
 10
8.7689571858
 20
2.7015452861
 30
0.0
 40
0.1000000000000068
100
AcDbArc
 50
266.485714283
 51
29.4207966178
  0
ARC
  5
59D
330
1F
100
AcDbEntity
  8
0
  6
Continuous
 62
     7
370
    25
100
AcDbCircle
 10
8.2995734713
 20
3.5338606583
 30
0.0
 40
0.0999999999999912
100
AcDbArc
 50
29.4207966178
 51
183.5576691779
  0
ARC
  5
59E
330
1F
100
AcDbEntity
  8
0
  6
Continuous
 62
     7
370
    25
100
AcDbCircle
 10
8.3496064791
 20
2.729121689
 30
0.0
 40
0.1000000000000186
100
AcDbArc
 50
183.5576691779
 51
266.0903159363
  0
ARC
  5
59F
330
1F
100
AcDbEntity
  8
0
  6
Continuous
 62
     7
370
    25
100
AcDbCircle
 10
9.0391637408
 20
2.8331370095
 30
0.0
 40
0.0999999999999973
100
AcDbArc
 50
209.4207966179
 51
341.9530795774
  0
ARC
  5
5A0
330
1F
100
AcDbEntity
  8
0
  6
Continuous
 62
     7
370
    25
100
AcDbCircle
 10
9.2064939518
 20
3.3466950625
 30
0.0
 40
0.1000000000000087
100
AcDbArc
 50
341.9530795774
 51
54.1125551728
  0
ARC
  5
5A1
330
1F
100
AcDbEntity
  8
0
  6
Continuous
 62
     7
370
    25
100
AcDbCircle
 10
8.5408901706
 20
3.7166801306
 30
0.0
 40
0.0999999999999986
100
AcDbArc
 50
66.7292726796
 51
209.4207966179
  0
ARC
  5
5A2
330
1F
100
AcDbEntity
  8
0
  6
Continuous
 62
     7
370
    25
100
AcDbCircle
 10
9.4543931735
 20
3.1391497784
 30
0.0
 40
0.1000000000000018
100
AcDbArc
 50
45.2859299682
 51
161.9530795773
  0
ARC
  5
5A3
330
1F
100
AcDbEntity
  8
0
  6
Continuous
 62
     7
370
    25
100
AcDbCircle
 10
7.9996492906
 20
2.2652100106
 30
0.0
 40
0.0999999999999812
100
AcDbArc
 50
88.4890178799
 51
183.5576715008
  0
ARC
  5
5A4
330
1F
100
AcDbEntity
  8
0
  6
Continuous
 62
     7
370
    25
100
AcDbCircle
 10
8.0502827757
 20
1.4508134004
 30
0.0
 40
0.0999999999999684
100
AcDbArc
 50
183.5576715008
 51
283.8498926898
  0
ARC
  5
5A5
330
1F
100
AcDbEntity
  8
0
  6
Continuous
 62
     7
370
    25
100
AcDbCircle
 10
10.0646639101
 20
2.0873784714
 30
0.0
 40
0.1000000000001211
100
AcDbArc
 50
291.0812302213
 51
3.5576715008
  0
ARC
  5
5A6
330
1F
100
AcDbEntity
  8
0
  6
Continuous
 62
     7
370
    25
100
AcDbCircle
 10
10.0542113925
 20
2.2554983412
 30
0.0
 40
0.1000000000000379
100
AcDbArc
 50
3.5576715009
 51
92.523010157
  0
ARC
  5
5A7
330
1F
100
AcDbEntity
  8
0
  6
Continuous
 62
     7
370
    25
100
AcDbCircle
 10
5.8165324564
 20
1.1195739158
 30
0.0
 40
0.0999999999999959
100
AcDbArc
 50
183.5576715008
 51
272.8441787169
  0
ARC
  5
5A8
330
1F
100
AcDbEntity
  8
0
  6
Continuous
 62
     7
370
    25
100
AcDbCircle
 10
6.3128330352
 20
2.3346196278
 30
0.0
 40
0.1000000000000485
100
AcDbArc
 50
3.5576715008
 51
86.7145236469
  0
ARC
  5
5A9
330
1F
100
AcDbEntity
  8
0
  6
Continuous
 62
     7
370
    25
100
AcDbCircle
 10
1.8680921488
 20
2.6324010701
 30
0.0
 40
0.1000000000000056
100
AcDbArc
 50
86.485714283
 51
209.4207966178
  0
ARC
  5
5AA
330
1F
100
AcDbEntity
  8
0
  6
Continuous
 62
     7
370
    25
100
AcDbCircle
 10
2.3374758632
 20
1.8000856979
 30
0.0
 40
0.1000000000000041
100
AcDbArc
 50
209.4207966178
 51
3.5576691779
  0
ARC
  5
5AB
330
1F
100
AcDbEntity
  8
0
  6
Continuous
 62
     7
370
    25
100
AcDbCircle
 10
1.5978855938
 20
2.5008093466
 30
0.0
 40
0.1000000000000031
100
AcDbArc
 50
29.4207966179
 51
161.9530795774
  0
ARC
  5
5AC
330
1F
100
AcDbEntity
  8
0
  6
Continuous
 62
     7
370
    25
100
AcDbCircle
 10
1.4305553827
 20
1.9872512936
 30
0.0
 40
0.0999999999999952
100
AcDbArc
 50
161.9530795773
 51
234.1125551728
  0
ARC
  5
5AD
330
1F
100
AcDbEntity
  8
0
  6
Continuous
 62
     7
370
    25
100
AcDbCircle
 10
2.2874428555
 20
2.6048246672
 30
0.0
 40
0.0999999999999683
100
AcDbArc
 50
3.5576691779
 51
86.0903159363
  0
ARC
  5
5AE
330
1F
100
AcDbEntity
  8
0
  6
Continuous
 62
     7
370
    25
100
AcDbCircle
 10
2.096159164
 20
1.6172662256
 30
0.0
 40
0.0999999999999961
100
AcDbArc
 50
246.7292726796
 51
29.4207966179
  0
ARC
  5
5AF
330
1F
100
AcDbEntity
  8
0
  6
Continuous
 62
     7
370
    25
100
AcDbCircle
 10
5.7387836482
 20
2.3700974734
 30
0.0
 40
0.100000000000006
100
AcDbArc
 50
86.2438427243
 51
183.5576715008
  0
ARC
  5
5B0
330
1F
100
AcDbEntity
  8
0
  6
Continuous
 62
     7
370
    25
100
AcDbCircle
 10
1.3315383764
 20
2.6517353468
 30
0.0
 40
0.100000000000024
100
AcDbArc
 50
341.9530795774
 51
90.8162349725
  0
ARC
  5
5B1
330
1F
100
AcDbEntity
  8
0
  6
Continuous
 62
     7
370
    25
100
AcDbCircle
 10
1.182656161
 20
2.1947965778
 30
0.0
 40
0.0999999999999982
100
AcDbArc
 50
225.2859299682
 51
341.9530795773
  0
ARC
  5
5B2
330
1F
100
AcDbEntity
  8
0
  6
Continuous
 62
     7
370
    25
100
AcDbCircle
 10
6.3857687126
 20
1.1615111924
 30
0.0
 40
0.1000000000000029
100
AcDbArc
 50
275.6174002121
 51
3.5576715008
  0
ARC
  5
5B3
330
1F
100
AcDbEntity
  8
0
  6
Continuous
 62
     7
370
    25
100
AcDbCircle
 10
-3.5246019842
 20
2.926682743
 30
0.0
 40
0.0999999999999723
100
AcDbArc
 50
1.5576715008
 51
93.4669996323
  0
ARC
  5
5B4
330
1F
100
AcDbEntity
  8
0
  6
Continuous
 62
     7
370
    25
100
AcDbCircle
 10
-5.6275135193
 20
2.869674801
 30
0.0
 40
0.1000000000000278
100
AcDbArc
 50
90.4857738184
 51
181.5576715008
  0
ARC
  5
5B5
330
1F
100
AcDbEntity
  8
0
  6
Continuous
 62
     7
370
    25
100
AcDbCircle
 10
-5.6172978609
 20
2.4940051525
 30
0.0
 40
0.0999999999999998
100
AcDbArc
 50
181.5576715008
 51
278.5582930692
  0
ARC
  5
5B6
330
1F
100
AcDbEntity
  8
0
  6
Continuous
 62
     7
370
    25
100
AcDbCircle
 10
-3.5229467429
 20
2.8658130575
 30
0.0
 40
0.0999999999999782
100
AcDbArc
 50
281.7952585861
 51
1.5576715008
  0
ARC
  5
5B7
330
1F
100
AcDbEntity
  8
0
  6
Continuous
 62
     7
370
    25
100
AcDbCircle
 10
-11.1749029517
 20
2.628135066
 30
0.0
 40
0.1000000000000403
100
AcDbArc
 50
245.414499852
 51
1.5576715008
  0
ARC
  5
5B8
330
1F
100
AcDbEntity
  8
0
  6
Continuous
 62
     7
370
    25
100
AcDbCircle
 10
-11.1840742399
 20
2.9653991437
 30
0.0
 40
0.0999999999999194
100
AcDbArc
 50
1.5576715008
 51
91.3049228003
  0
ARC
  5
5B9
330
1F
100
AcDbEntity
  8
0
  6
Continuous
 62
     7
370
    25
100
AcDbCircle
 10
-11.6341138467
 20
2.9572211449
 30
0.0
 40
0.0999999997344475
100
AcDbArc
 50
90.4906403029
 51
91.2609065471
  0
ARC
  5
5BA
330
1F
100
AcDbEntity
  8
0
  6
Continuous
 62
     7
370
    25
100
AcDbCircle
 10
-0.7379508557
 20
4.0578864794
 30
0.0
 40
0.0999999999999653
100
AcDbArc
 50
1.5576715008
 51
93.4669996323
  0
ARC
  5
5BB
330
1F
100
AcDbEntity
  8
0
  6
Continuous
 62
     7
370
    25
100
AcDbCircle
 10
-2.8408623908
 20
4.0008785373
 30
0.0
 40
0.1000000000000282
100
AcDbArc
 50
90.4857738184
 51
181.5576715008
  0
ARC
  5
5BC
330
1F
100
AcDbEntity
  8
0
  6
Continuous
 62
     7
370
    25
100
AcDbCircle
 10
-2.8306467324
 20
3.6252088888
 30
0.0
 40
0.1000000000000069
100
AcDbArc
 50
181.5576715008
 51
278.5582930692
  0
ARC
  5
5BD
330
1F
100
AcDbEntity
  8
0
  6
Continuous
 62
     7
370
    25
100
AcDbCircle
 10
-0.7362956144
 20
3.9970167938
 30
0.0
 40
0.1000000000000057
100
AcDbArc
 50
281.7952585862
 51
1.5576715008
  0
ARC
  5
5BE
330
1F
100
AcDbEntity
  8
0
  6
Continuous
 62
     7
370
    25
100
AcDbCircle
 10
-8.3882518232
 20
3.7593388023
 30
0.0
 40
0.1000000000000403
100
AcDbArc
 50
245.414499852
 51
1.5576715008
  0
ARC
  5
5BF
330
1F
100
AcDbEntity
  8
0
  6
Continuous
 62
     7
370
    25
100
AcDbCircle
 10
-8.3974231114
 20
4.09660288
 30
0.0
 40
0.0999999999999562
100
AcDbArc
 50
1.5576715008
 51
91.3049228003
  0
ARC
  5
5C0
330
1F
100
AcDbEntity
  8
0
  6
Continuous
 62
     7
370
    25
100
AcDbCircle
 10
-8.8474627182
 20
4.0884248814
 30
0.0
 40
0.0999999994896349
100
AcDbArc
 50
90.4906403016
 51
91.2609065477
  0
MTEXT
  5
B24
330
1F
100
AcDbEntity
  8
0
  6
Continuous
 62
     7
100
AcDbMText
 10
-11.9446777104
 20
-4.4926727104
 30
0.0
 40
0.1903
 41
0.0
 71
     1
 72
     1
  1
SOLIDWORKS Educational Product.
  7
SLDTEXTSTYLE0
 73
     1
 44
1.0
  0
MTEXT
  5
B25
330
1F
100
AcDbEntity
  8
0
  6
Continuous
 62
     7
100
AcDbMText
 10
-11.9446777104
 20
-4.7781227104
 30
0.0
 40
0.1903
 41
0.0
 71
     1
 72
     1
  1
For Instructional Use Only.
  7
SLDTEXTSTYLE0
 73
     1
 44
1.0
  0
CIRCLE
  5
5C8
330
1B
100
AcDbEntity
 67
     1
  8
0
  6
Continuous
 62
     7
370
    25
100
AcDbCircle
 10
5.1535955593
 20
0.2896784423
 30
0.0
 40
0.4550000000000059
  0
CIRCLE
  5
5C9
330
1B
100
AcDbEntity
 67
     1
  8
0
  6
Continuous
 62
     7
370
    25
100
AcDbCircle
 10
3.6508722303
 20
0.2619772524
 30
0.0
 40
0.4550000000000028
  0
CIRCLE
  5
5E0
330
1B
100
AcDbEntity
 67
     1
  8
0
  6
Continuous
 62
     7
370
    25
100
AcDbCircle
 10
8.0628772797
 20
-1.5254585369
 30
0.0
 40
0.1181102362204834
  0
CIRCLE
  5
5E1
330
1B
100
AcDbEntity
 67
     1
  8
0
  6
Continuous
 62
     7
370
    25
100
AcDbCircle
 10
7.6641319414
 20
-1.493801702
 30
0.0
 40
0.1181102362204648
  0
CIRCLE
  5
5E2
330
1B
100
AcDbEntity
 67
     1
  8
0
  6
Continuous
 62
     7
370
    25
100
AcDbCircle
 10
8.461622618
 20
-1.5571153718
 30
0.0
 40
0.1181102362204837
  0
CIRCLE
  5
5E3
330
1B
100
AcDbEntity
 67
     1
  8
0
  6
Continuous
 62
     7
370
    25
100
AcDbCircle
 10
7.2653866031
 20
-1.4621448671
 30
0.0
 40
0.1181102362204648
  0
CIRCLE
  5
5E4
330
1B
100
AcDbEntity
 67
     1
  8
0
  6
Continuous
 62
     7
370
    25
100
AcDbCircle
 10
6.8666412648
 20
-1.4304880322
 30
0.0
 40
0.1181102362204657
  0
SPLINE
  5
5E6
330
1B
100
AcDbEntity
 67
     1
  8
0
  6
Continuous
 62
     7
370
    25
100
AcDbSpline
210
0.0
220
0.0
230
1.0
 70
     8
 71
     3
 72
     9
 73
     5
 74
     0
 42
0.00000001
 43
0.00000001
 40
0.0
 40
0.0
 40
0.0
 40
0.0
 40
0.5600095428437422
 40
1.0
 40
1.0
 40
1.0
 40
1.0
 10
4.150640601552049
 20
-0.2737416666324528
 30
0.0
 10
4.475479656556343
 20
-0.2604399445491804
 30
0.0
 10
5.055539512955851
 20
-0.2366872741648046
 30
0.0
 10
5.63575832956175
 20
-0.2172189444370701
 30
0.0
 10
5.891049071930844
 20
-0.2086530651400955
 30
0.0
  0
SPLINE
  5
5EC
330
1B
100
AcDbEntity
 67
     1
  8
0
  6
Continuous
 62
     7
370
    25
100
AcDbSpline
210
0.0
220
0.0
230
1.0
 70
     8
 71
     3
 72
     9
 73
     5
 74
     0
 42
0.00000001
 43
0.00000001
 40
0.0
 40
0.0
 40
0.0
 40
0.0
 40
0.5600254466930072
 40
1.0
 40
1.0
 40
1.0
 40
1.0
 10
1.191868916035363
 20
-0.3319237276714165
 30
0.0
 10
1.443781804571221
 20
-0.3363534330922348
 30
0.0
 10
1.893605808147169
 20
-0.3442632619169357
 30
0.0
 10
2.34342598180551
 20
-0.3367473594223774
 30
0.0
 10
2.541335411779312
 20
-0.3334405535796351
 30
0.0
  0
SPLINE
  5
5ED
330
1B
100
AcDbEntity
 67
     1
  8
0
  6
Continuous
 62
     7
370
    25
100
AcDbSpline
210
0.0
220
0.0
230
1.0
 70
     8
 71
     3
 72
    15
 73
    11
 74
     0
 42
0.00000001
 43
0.00000001
 40
0.0
 40
0.0
 40
0.0
 40
0.0
 40
0.2493506067842836
 40
0.3130204017095215
 40
0.3756083666696753
 40
0.4372454478611314
 40
0.5011722410328459
 40
0.624613279529378
 40
0.7504519728929221
 40
1.0
 40
1.0
 40
1.0
 40
1.0
 10
1.191868916035363
 20
-0.3319237276714165
 30
0.0
 10
1.146055788120255
 20
-0.3310644930386726
 30
0.0
 10
1.08854462386645
 20
-0.3299858593294036
 30
0.0
 10
1.02135731164954
 20
-0.3161560089424233
 30
0.0
 10
0.9886029663492495
 20
-0.3032173245625659
 30
0.0
 10
0.9657775925797186
 20
-0.2759871497531515
 30
0.0
 10
0.9474736783161831
 20
-0.2341719382189947
 30
0.0
 10
0.9417316364604068
 20
-0.1743614416159472
 30
0.0
 10
0.9817623722795604
 20
-0.089979462092885
 30
0.0
 10
1.023621445331504
 20
-0.0357210746380544
 30
0.0
 10
1.051448346303248
 20
0.0003485911359219
 30
0.0
  0
SPLINE
  5
5EE
330
1B
100
AcDbEntity
 67
     1
  8
0
  6
Continuous
 62
     7
370
    25
100
AcDbSpline
210
0.0
220
0.0
230
1.0
 70
     8
 71
     3
 72
    30
 73
    26
 74
     0
 42
0.00000001
 43
0.00000001
 40
0.0
 40
0.0
 40
0.0
 40
0.0
 40
0.0199852284469479
 40
0.0399909945833396
 40
0.0599918104368597
 40
0.0800359715673075
 40
0.1000540317088949
 40
0.1200488676977029
 40
0.1400385570815858
 40
0.1767147924726677
 40
0.213405452962698
 40
0.2500636414427654
 40
0.3125503299101302
 40
0.3750555749010129
 40
0.4375288821493125
 40
0.5000326630591913
 40
0.5933607559114115
 40
0.6866890396101868
 40
0.7799683617885685
 40
0.816621565242432
 40
0.8533036665723418
 40
0.8900234411976609
 40
0.9267225213551109
 40
0.9633496652920402
 40
1.0
 40
1.0
 40
1.0
 40
1.0
 10
1.051448346303248
 20
0.0003485911359219
 30
0.0
 10
1.100408843387482
 20
0.0543828736222912
 30
0.0
 10
1.198380151490906
 20
0.162506966572404
 30
0.0
 10
1.378752027765755
 20
0.2881831181391883
 30
0.0
 10
1.572574729445856
 20
0.3895207286289296
 30
0.0
 10
1.775332580733999
 20
0.4716713825663902
 30
0.0
 10
1.981864023391017
 20
0.5431802269346465
 30
0.0
 10
2.191695928621045
 20
0.6037788073635753
 30
0.0
 10
2.463148459870312
 20
0.6682338931417696
 30
0.0
 10
2.797859676999473
 20
0.7272891599402925
 30
0.0
 10
3.19474945408168
 20
0.7797978964795076
 30
0.0
 10
3.686636340879561
 20
0.8287723866143899
 30
0.0
 10
4.274684644933862
 20
0.8534982523109458
 30
0.0
 10
4.957003689898133
 20
0.8430950780784444
 30
0.0
 10
5.637558609293273
 20
0.7912283097639928
 30
0.0
 10
6.425452187728676
 20
0.6900727792923094
 30
0.0
 10
7.323355619576302
 20
0.5658349759203605
 30
0.0
 10
8.330503494960073
 20
0.4134832330730779
 30
0.0
 10
9.128885268645016
 20
0.2630738276128292
 30
0.0
 10
9.722803390117368
 20
0.1417858468436571
 30
0.0
 10
10.11493844306337
 20
0.0608457360552786
 30
0.0
 10
10.50781376884131
 20
-0.0174241163173412
 30
0.0
 10
10.89922595605127
 20
-0.1013769633177078
 30
0.0
 10
11.28750743108652
 20
-0.2000888864623283
 30
0.0
 10
11.53796153346249
 20
-0.2919384002415694
 30
0.0
 10
11.66322821636167
 20
-0.3378776913447212
 30
0.0
  0
SPLINE
  5
5F0
330
1B
100
AcDbEntity
 67
     1
  8
0
  6
Continuous
 62
     7
370
    25
100
AcDbSpline
210
0.0
220
0.0
230
1.0
 70
     8
 71
     3
 72
    11
 73
     7
 74
     0
 42
0.00000001
 43
0.00000001
 40
0.0
 40
0.0
 40
0.0
 40
0.0
 40
0.2800134148414498
 40
0.5600083365744044
 40
0.7800013087174404
 40
1.0
 40
1.0
 40
1.0
 40
1.0
 10
9.565167242912647
 20
-0.2525898599866461
 30
0.0
 10
9.759272833513723
 20
-0.2621127848160301
 30
0.0
 10
10.14747119527382
 20
-0.2811580055460656
 30
0.0
 10
10.68703416858326
 20
-0.3246008485455351
 30
0.0
 10
11.18446968818909
 20
-0.3743207371807739
 30
0.0
 10
11.48988479680724
 20
-0.3803879188699538
 30
0.0
 10
11.64259433605348
 20
-0.3834215491460394
 30
0.0
  0
CIRCLE
  5
5F7
330
1B
100
AcDbEntity
 67
     1
  8
0
  6
Continuous
 62
     7
370
    25
100
AcDbCircle
 10
3.3526979712
 20
-1.1515121745
 30
0.0
 40
0.1181102362204839
  0
CIRCLE
  5
613
330
1B
100
AcDbEntity
 67
     1
  8
0
  6
Continuous
 62
     7
370
    25
100
AcDbCircle
 10
7.6155421924
 20
-2.6114344972
 30
0.0
 40
0.4549999999999857
  0
CIRCLE
  5
614
330
1B
100
AcDbEntity
 67
     1
  8
0
  6
Continuous
 62
     7
370
    25
100
AcDbCircle
 10
9.1182655214
 20
-2.5837333073
 30
0.0
 40
0.4550000000000017
  0
CIRCLE
  5
62B
330
1B
100
AcDbEntity
 67
     1
  8
0
  6
Continuous
 62
     7
370
    25
100
AcDbCircle
 10
4.706260472
 20
-0.796297518
 30
0.0
 40
0.1181102362204843
  0
CIRCLE
  5
62C
330
1B
100
AcDbEntity
 67
     1
  8
0
  6
Continuous
 62
     7
370
    25
100
AcDbCircle
 10
5.1050058103
 20
-0.8279543529
 30
0.0
 40
0.1181102362204848
  0
CIRCLE
  5
62D
330
1B
100
AcDbEntity
 67
     1
  8
0
  6
Continuous
 62
     7
370
    25
100
AcDbCircle
 10
4.3075151337
 20
-0.7646406831
 30
0.0
 40
0.1181102362204838
  0
CIRCLE
  5
62E
330
1B
100
AcDbEntity
 67
     1
  8
0
  6
Continuous
 62
     7
370
    25
100
AcDbCircle
 10
5.5037511486
 20
-0.8596111878
 30
0.0
 40
0.1181102362204835
  0
CIRCLE
  5
62F
330
1B
100
AcDbEntity
 67
     1
  8
0
  6
Continuous
 62
     7
370
    25
100
AcDbCircle
 10
5.9024964868
 20
-0.8912680227
 30
0.0
 40
0.1181102362204666
  0
SPLINE
  5
631
330
1B
100
AcDbEntity
 67
     1
  8
0
  6
Continuous
 62
     7
370
    25
100
AcDbSpline
210
0.0
220
0.0
230
1.0
 70
     8
 71
     3
 72
     9
 73
     5
 74
     0
 42
0.00000001
 43
0.00000001
 40
0.0
 40
0.0
 40
0.0
 40
0.0
 40
0.5600095428437378
 40
1.0
 40
1.0
 40
1.0
 40
1.0
 10
8.618497150118545
 20
-2.048014388272898
 30
0.0
 10
8.293658095114255
 20
-2.061316110356171
 30
0.0
 10
7.713598238714756
 20
-2.085068780740549
 30
0.0
 10
7.133379422108861
 20
-2.104537110468276
 30
0.0
 10
6.878088679739768
 20
-2.113102989765247
 30
0.0
  0
SPLINE
  5
637
330
1B
100
AcDbEntity
 67
     1
  8
0
  6
Continuous
 62
     7
370
    25
100
AcDbSpline
210
0.0
220
0.0
230
1.0
 70
     8
 71
     3
 72
     9
 73
     5
 74
     0
 42
0.00000001
 43
0.00000001
 40
0.0
 40
0.0
 40
0.0
 40
0.0
 40
0.5600254466930072
 40
1.0
 40
1.0
 40
1.0
 40
1.0
 10
11.57726883563525
 20
-1.989832327233952
 30
0.0
 10
11.32535594709939
 20
-1.985402621813133
 30
0.0
 10
10.87553194352344
 20
-1.977492792988432
 30
0.0
 10
10.4257117698651
 20
-1.985008695482991
 30
0.0
 10
10.2278023398913
 20
-1.988315501325733
 30
0.0
  0
SPLINE
  5
638
330
1B
100
AcDbEntity
 67
     1
  8
0
  6
Continuous
 62
     7
370
    25
100
AcDbSpline
210
0.0
220
0.0
230
1.0
 70
     8
 71
     3
 72
    15
 73
    11
 74
     0
 42
0.00000001
 43
0.00000001
 40
0.0
 40
0.0
 40
0.0
 40
0.0
 40
0.2493506067842839
 40
0.3130204017095216
 40
0.3756083666696527
 40
0.4372454478611181
 40
0.5011722410328324
 40
0.6246132795293823
 40
0.750451972892923
 40
1.0
 40
1.0
 40
1.0
 40
1.0
 10
11.57726883563525
 20
-1.989832327233952
 30
0.0
 10
11.62308196355036
 20
-1.990691561866703
 30
0.0
 10
11.68059312780416
 20
-1.991770195575981
 30
0.0
 10
11.74778044002107
 20
-2.005600045962946
 30
0.0
 10
11.78053478532135
 20
-2.018538730342833
 30
0.0
 10
11.8033601590909
 20
-2.045768905152217
 30
0.0
 10
11.82166407335442
 20
-2.087584116686388
 30
0.0
 10
11.82740611521023
 20
-2.147394613289434
 30
0.0
 10
11.78737537939104
 20
-2.231776592812488
 30
0.0
 10
11.7455163063391
 20
-2.286034980267321
 30
0.0
 10
11.71768940536737
 20
-2.322104646041299
 30
0.0
  0
SPLINE
  5
639
330
1B
100
AcDbEntity
 67
     1
  8
0
  6
Continuous
 62
     7
370
    25
100
AcDbSpline
210
0.0
220
0.0
230
1.0
 70
     8
 71
     3
 72
    30
 73
    26
 74
     0
 42
0.00000001
 43
0.00000001
 40
0.0
 40
0.0
 40
0.0
 40
0.0
 40
0.019985228446948
 40
0.0399909945833392
 40
0.0599918104368593
 40
0.0800359715673072
 40
0.1000540317088961
 40
0.1200488676977026
 40
0.1400385570815872
 40
0.176714792472669
 40
0.2134054529626993
 40
0.2500636414427667
 40
0.3125503299101317
 40
0.3750555749010128
 40
0.4375288821493142
 40
0.500032663059193
 40
0.5933607559114136
 40
0.6866890396101891
 40
0.7799683617885697
 40
0.8166215652424347
 40
0.8533036665723446
 40
0.8900234411976621
 40
0.9267225213551138
 40
0.9633496652920434
 40
1.0
 40
1.0
 40
1.0
 40
1.0
 10
11.71768940536736
 20
-2.322104646041299
 30
0.0
 10
11.66872890828313
 20
-2.376138928527668
 30
0.0
 10
11.57075760017971
 20
-2.484263021477781
 30
0.0
 10
11.39038572390485
 20
-2.609939173044555
 30
0.0
 10
11.19656302222476
 20
-2.711276783534298
 30
0.0
 10
10.9938051709366
 20
-2.793427437471761
 30
0.0
 10
10.78727372827959
 20
-2.864936281840009
 30
0.0
 10
10.57744182304956
 20
-2.925534862268946
 30
0.0
 10
10.30598929180029
 20
-2.989989948047151
 30
0.0
 10
9.971278074671119
 20
-3.049045214845649
 30
0.0
 10
9.574388297588916
 20
-3.101553951384876
 30
0.0
 10
9.08250141079103
 20
-3.150528441519738
 30
0.0
 10
8.494453106736742
 20
-3.175254307216304
 30
0.0
 10
7.812134061772466
 20
-3.164851132983795
 30
0.0
 10
7.131579142377328
 20
-3.112984364669333
 30
0.0
 10
6.343685563941918
 20
-3.011828834197654
 30
0.0
 10
5.445782132094294
 20
-2.887591030825691
 30
0.0
 10
4.438634256710524
 20
-2.735239287978406
 30
0.0
 10
3.640252483025586
 20
-2.584829882518139
 30
0.0
 10
3.04633436155323
 20
-2.463541901748974
 30
0.0
 10
2.654199308607224
 20
-2.382601790960599
 30
0.0
 10
2.261323982829298
 20
-2.304331938587958
 30
0.0
 10
1.869911795619328
 20
-2.220379091587605
 30
0.0
 10
1.481630320584089
 20
-2.121667168442972
 30
0.0
 10
1.231176218208131
 20
-2.029817654663733
 30
0.0
 10
1.105909535308961
 20
-1.983878363560586
 30
0.0
  0
SPLINE
  5
63B
330
1B
100
AcDbEntity
 67
     1
  8
0
  6
Continuous
 62
     7
370
    25
100
AcDbSpline
210
0.0
220
0.0
230
1.0
 70
     8
 71
     3
 72
    11
 73
     7
 74
     0
 42
0.00000001
 43
0.00000001
 40
0.0
 40
0.0
 40
0.0
 40
0.0
 40
0.2800134148414353
 40
0.5600083365744009
 40
0.7800013087174387
 40
1.0
 40
1.0
 40
1.0
 40
1.0
 10
3.203970508757946
 20
-2.069166194918669
 30
0.0
 10
3.009864918156882
 20
-2.059643270089286
 30
0.0
 10
2.621666556396789
 20
-2.040598049359251
 30
0.0
 10
2.082103583087359
 20
-1.99715520635977
 30
0.0
 10
1.584668063481515
 20
-1.947435317724535
 30
0.0
 10
1.279252954863376
 20
-1.941368136035349
 30
0.0
 10
1.126543415617132
 20
-1.938334505759259
 30
0.0
  0
CIRCLE
  5
642
330
1B
100
AcDbEntity
 67
     1
  8
0
  6
Continuous
 62
     7
370
    25
100
AcDbCircle
 10
9.4164397805
 20
-1.1702438804
 30
0.0
 40
0.1181102362204841
  0
SPLINE
  5
658
330
1B
100
AcDbEntity
 67
     1
  8
0
  6
Continuous
 62
     7
370
    25
100
AcDbSpline
210
0.0
220
0.0
230
1.0
 70
     8
 71
     3
 72
     9
 73
     5
 74
     0
 42
0.00000001
 43
0.00000001
 40
0.0
 40
0.0
 40
0.0
 40
0.0
 40
0.5593529695396313
 40
0.9999999999999999
 40
0.9999999999999999
 40
0.9999999999999999
 40
0.9999999999999999
 10
-11.00584270636717
 20
-4.380510434058438
 30
0.0
 10
-10.91345329395907
 20
-4.383133780546632
 30
0.0
 10
-10.74828135881382
 20
-4.38782374668796
 30
0.0
 10
-10.5836434651531
 20
-4.374226539152797
 30
0.0
 10
-10.51109626621026
 20
-4.368234970029873
 30
0.0
  0
SPLINE
  5
65A
330
1B
100
AcDbEntity
 67
     1
  8
0
  6
Continuous
 62
     7
370
    25
100
AcDbSpline
210
0.0
220
0.0
230
1.0
 70
     8
 71
     3
 72
     9
 73
     5
 74
     0
 42
0.00000001
 43
0.00000001
 40
0.0
 40
0.0
 40
0.0
 40
0.0
 40
0.5612826096125227
 40
1.0
 40
1.0
 40
1.0
 40
1.0
 10
-10.51164964829166
 20
-4.15457303725484
 30
0.0
 10
-10.59963721297531
 20
-4.145872306542386
 30
0.0
 10
-10.7563988214356
 20
-4.130370791684367
 30
0.0
 10
-10.9128817629701
 20
-4.112279064810823
 30
0.0
 10
-10.98153355072027
 20
-4.104341909609258
 30
0.0
  0
SPLINE
  5
660
330
1B
100
AcDbEntity
 67
     1
  8
0
  6
Continuous
 62
     7
370
    25
100
AcDbSpline
210
0.0
220
0.0
230
1.0
 70
     8
 71
     3
 72
    34
 73
    30
 74
     0
 42
0.00000001
 43
0.00000001
 40
0.0
 40
0.0
 40
0.0
 40
0.0
 40
0.0831359464401174
 40
0.166210071180022
 40
0.248608024548838
 40
0.2775223250385708
 40
0.3062551618455371
 40
0.3344440845025204
 40
0.3614999860792648
 40
0.3658277767603001
 40
0.3682269128550309
 40
0.3684737247324458
 40
0.3686514691978084
 40
0.3691165149067467
 40
0.3716968402816483
 40
0.3756739209890316
 40
0.3806568780773126
 40
0.3856920532821071
 40
0.4076385847511234
 40
0.4302370023671646
 40
0.4668619580581289
 40
0.5000556716072391
 40
0.5335968783008299
 40
0.5848235456948109
 40
0.6364255679148761
 40
0.6882341448256445
 40
0.7919740709629991
 40
0.8959079195521777
 40
1.0
 40
1.0
 40
1.0
 40
1.0
 10
-10.0500084979841
 20
-4.110572476392847
 30
0.0
 10
-10.17598167982957
 20
-4.104711711242532
 30
0.0
 10
-10.4278343671192
 20
-4.092994539134495
 30
0.0
 10
-10.80279323379865
 20
-4.05254727461827
 30
0.0
 10
-11.09544519719408
 20
-4.016191301586339
 30
0.0
 10
-11.30748744299238
 20
-4.003165025259568
 30
0.0
 10
-11.43785956005925
 20
-4.003542449160868
 30
0.0
 10
-11.56462323451651
 20
-4.015358767118471
 30
0.0
 10
-11.65363301250342
 20
-4.037169372336646
 30
0.0
 10
-11.69962798129416
 20
-4.059657242605955
 30
0.0
 10
-11.70898949749882
 20
-4.064689441720343
 30
0.0
 10
-11.71226573898345
 20
-4.067502568210149
 30
0.0
 10
-11.71297124120482
 20
-4.068672203757747
 30
0.0
 10
-11.71404089843149
 20
-4.073501089164456
 30
0.0
 10
-11.71425667012475
 20
-4.084157085949616
 30
0.0
 10
-11.71548833685951
 20
-4.10160824192721
 30
0.0
 10
-11.71325494779467
 20
-4.122998092373208
 30
0.0
 10
-11.69437179753032
 20
-4.16804117724763
 30
0.0
 10
-11.6461441455203
 20
-4.22765297062344
 30
0.0
 10
-11.54985694211465
 20
-4.305012955945101
 30
0.0
 10
-11.42279579296754
 20
-4.367384809212393
 30
0.0
 10
-11.27240676002228
 20
-4.412717326919469
 30
0.0
 10
-11.09582703810577
 20
-4.443561332724013
 30
0.0
 10
-10.88891452379956
 20
-4.455694838535438
 30
0.0
 10
-10.65433916891556
 20
-4.448733657867726
 30
0.0
 10
-10.34124427307757
 20
-4.421809974956486
 30
0.0
 10
-9.951652129425241
 20
-4.363074986745868
 30
0.0
 10
-9.490679074386618
 20
-4.256195017373289
 30
0.0
 10
-9.187989552692981
 20
-4.167158643235419
 30
0.0
 10
-9.036529673683173
 20
-4.122606594063255
 30
0.0
  0
CIRCLE
  5
667
330
1B
100
AcDbEntity
 67
     1
  8
0
  6
Continuous
 62
     7
370
    25
100
AcDbCircle
 10
-10.2709325342
 20
-4.2584190671
 30
0.0
 40
0.0590551181102376
  0
CIRCLE
  5
668
330
1B
100
AcDbEntity
 67
     1
  8
0
  6
Continuous
 62
     7
370
    25
100
AcDbCircle
 10
-11.269704685
 20
-4.2088792773
 30
0.0
 40
0.0590551181102523
  0
SPLINE
  5
66A
330
1B
100
AcDbEntity
 67
     1
  8
0
  6
Continuous
 62
     7
370
    25
100
AcDbSpline
210
0.0
220
0.0
230
1.0
 70
     8
 71
     3
 72
     9
 73
     5
 74
     0
 42
0.00000001
 43
0.00000001
 40
0.0
 40
0.0
 40
0.0
 40
0.0
 40
0.5593529695396817
 40
1.0
 40
1.0
 40
1.0
 40
1.0
 10
-9.967883620168934
 20
-1.350612987039397
 30
0.0
 10
-10.06027303257704
 20
-1.347989640551201
 30
0.0
 10
-10.22544496772229
 20
-1.343299674409866
 30
0.0
 10
-10.39008286138302
 20
-1.356896881945036
 30
0.0
 10
-10.46263006032586
 20
-1.362888451067962
 30
0.0
  0
SPLINE
  5
66C
330
1B
100
AcDbEntity
 67
     1
  8
0
  6
Continuous
 62
     7
370
    25
100
AcDbSpline
210
0.0
220
0.0
230
1.0
 70
     8
 71
     3
 72
     9
 73
     5
 74
     0
 42
0.00000001
 43
0.00000001
 40
0.0
 40
0.0
 40
0.0
 40
0.0
 40
0.5612826096125183
 40
1.0
 40
1.0
 40
1.0
 40
1.0
 10
-10.46207667824448
 20
-1.576550383842999
 30
0.0
 10
-10.37408911356082
 20
-1.585251114555454
 30
0.0
 10
-10.21732750510052
 20
-1.600752629413472
 30
0.0
 10
-10.06084456356601
 20
-1.618844356287017
 30
0.0
 10
-9.992192775815832
 20
-1.626781511488582
 30
0.0
  0
CIRCLE
  5
678
330
1B
100
AcDbEntity
 67
     1
  8
0
  6
Continuous
 62
     7
370
    25
100
AcDbCircle
 10
-10.7027937923
 20
-1.472704354
 30
0.0
 40
0.0590551181102357
  0
CIRCLE
  5
679
330
1B
100
AcDbEntity
 67
     1
  8
0
  6
Continuous
 62
     7
370
    25
100
AcDbCircle
 10
-9.7040216415
 20
-1.5222441438
 30
0.0
 40
0.0590551181102355
  0
SPLINE
  5
67A
330
1B
100
AcDbEntity
 67
     1
  8
0
  6
Continuous
 62
     7
370
    25
100
AcDbSpline
210
0.0
220
0.0
230
1.0
 70
     8
 71
     3
 72
    34
 73
    30
 74
     0
 42
0.00000001
 43
0.00000001
 40
0.0
 40
0.0
 40
0.0
 40
0.0
 40
0.0831359464401136
 40
0.1662100711800218
 40
0.2486080245488418
 40
0.2775223250385707
 40
0.3062551618455331
 40
0.3344440845025204
 40
0.361499986079268
 40
0.3658277767602999
 40
0.3682269128550316
 40
0.3684737247324466
 40
0.3686514691978092
 40
0.3691165149067445
 40
0.371696840281648
 40
0.3756739209890314
 40
0.3806568780773101
 40
0.3856920532821078
 40
0.4076385847511241
 40
0.4302370023671646
 40
0.4668619580581285
 40
0.5000556716072426
 40
0.5335968783008296
 40
0.5848235456948144
 40
0.6364255679148796
 40
0.688234144825644
 40
0.7919740709629949
 40
0.8959079195521777
 40
0.9999999999999999
 40
0.9999999999999999
 40
0.9999999999999999
 40
0.9999999999999999
 10
-10.92371782855202
 20
-1.620550944704992
 30
0.0
 10
-10.79774464670655
 20
-1.626411709855309
 30
0.0
 10
-10.54589195941692
 20
-1.638128881963348
 30
0.0
 10
-10.17093309273747
 20
-1.678576146479556
 30
0.0
 10
-9.878281129342028
 20
-1.714932119511497
 30
0.0
 10
-9.666238883543738
 20
-1.727958395838265
 30
0.0
 10
-9.53586676647687
 20
-1.727580971936971
 30
0.0
 10
-9.409103092019622
 20
-1.715764653979344
 30
0.0
 10
-9.320093314032677
 20
-1.6939540487612
 30
0.0
 10
-9.274098345241951
 20
-1.671466178491881
 30
0.0
 10
-9.264736829037298
 20
-1.666433979377485
 30
0.0
 10
-9.261460587552667
 20
-1.663620852887677
 30
0.0
 10
-9.260755085331303
 20
-1.662451217340084
 30
0.0
 10
-9.25968542810467
 20
-1.657622331933361
 30
0.0
 10
-9.259469656411374
 20
-1.646966335148221
 30
0.0
 10
-9.258237989676612
 20
-1.629515179170619
 30
0.0
 10
-9.260471378741421
 20
-1.608125328724616
 30
0.0
 10
-9.279354529005829
 20
-1.56308224385021
 30
0.0
 10
-9.3275821810158
 20
-1.50347045047438
 30
0.0
 10
-9.423869384421474
 20
-1.426110465152733
 30
0.0
 10
-9.550930533568584
 20
-1.36373861188544
 30
0.0
 10
-9.701319566513838
 20
-1.318406094178363
 30
0.0
 10
-9.877899288430358
 20
-1.287562088373822
 30
0.0
 10
-10.08481180273657
 20
-1.275428582562397
 30
0.0
 10
-10.31938715762058
 20
-1.282389763230116
 30
0.0
 10
-10.63248205345855
 20
-1.309313446141346
 30
0.0
 10
-11.02207419711087
 20
-1.368048434351974
 30
0.0
 10
-11.4830472521495
 20
-1.474928403724559
 30
0.0
 10
-11.78573677384314
 20
-1.56396477786243
 30
0.0
 10
-11.93719665285294
 20
-1.608516827034593
 30
0.0
  0
SPLINE
  5
67B
330
1B
100
AcDbEntity
 67
     1
  8
0
  6
Continuous
 62
     7
370
    25
100
AcDbSpline
210
0.0
220
0.0
230
1.0
 70
     8
 71
     3
 72
    14
 73
    10
 74
     0
 42
0.00000001
 43
0.00000001
 40
0.0
 40
0.0
 40
0.0
 40
0.0
 40
0.1410297955591318
 40
0.2818753607524433
 40
0.4226187214233205
 40
0.5633370663268681
 40
0.7104470631168425
 40
0.8560893655250684
 40
1.0
 40
1.0
 40
1.0
 40
1.0
 10
-9.031187817347757
 20
-0.5270639445804269
 30
0.0
 10
-9.14605247324235
 20
-0.5676388841003133
 30
0.0
 10
-9.375631734770943
 20
-0.6487357591920812
 30
0.0
 10
-9.731439359609125
 20
-0.7321014156834988
 30
0.0
 10
-10.09119089476621
 20
-0.7919606245899622
 30
0.0
 10
-10.45975406921443
 20
-0.8280960574114585
 30
0.0
 10
-10.83406125324382
 20
-0.8363157395933508
 30
0.0
 10
-11.21113335536328
 20
-0.8267475903540246
 30
0.0
 10
-11.46064853273303
 20
-0.8438119228642058
 30
0.0
 10
-11.58466001012619
 20
-0.8522930625993637
 30
0.0
  0
SPLINE
  5
67D
330
1B
100
AcDbEntity
 67
     1
  8
0
  6
Continuous
 62
     7
370
    25
100
AcDbSpline
210
0.0
220
0.0
230
1.0
 70
     8
 71
     3
 72
    17
 73
    13
 74
     0
 42
0.00000001
 43
0.00000001
 40
0.0
 40
0.0
 40
0.0
 40
0.0
 40
0.077750418476685
 40
0.1561923543650414
 40
0.23545469328054
 40
0.3153159739395784
 40
0.3955146565098583
 40
0.4759056415804941
 40
0.5563746065809106
 40
0.7039743663759467
 40
0.851911810140771
 40
1.0
 40
1.0
 40
1.0
 40
1.0
 10
-11.5167059617841
 20
-1.149738066293148
 30
0.0
 10
-11.45153201094032
 20
-1.172237091314106
 30
0.0
 10
-11.32060444778367
 20
-1.217435249186341
 30
0.0
 10
-11.1123052736311
 20
-1.240791595735806
 30
0.0
 10
-10.90203121019401
 20
-1.240103837791749
 30
0.0
 10
-10.69118334780903
 20
-1.218234820252492
 30
0.0
 10
-10.48175149287865
 20
-1.180683238345299
 30
0.0
 10
-10.27439169518673
 20
-1.130690500993963
 30
0.0
 10
-10.01304850973068
 20
-1.052007142431902
 30
0.0
 10
-9.70279934087434
 20
-0.9310049254057109
 30
0.0
 10
-9.349349479066893
 20
-0.7597193575761065
 30
0.0
 10
-9.123373182990985
 20
-0.6273914480790186
 30
0.0
 10
-9.010327497631607
 20
-0.5611938004450082
 30
0.0
  0
SPLINE
  5
67E
330
1B
100
AcDbEntity
 67
     1
  8
0
  6
Continuous
 62
     7
370
    25
100
AcDbSpline
210
0.0
220
0.0
230
1.0
 70
     8
 71
     3
 72
    20
 73
    16
 74
     0
 42
0.00000001
 43
0.00000001
 40
0.0
 40
0.0
 40
0.0
 40
0.0
 40
0.1392005106672345
 40
0.2789014764855759
 40
0.4191075240222894
 40
0.5420411612669166
 40
0.5970657093604116
 40
0.6193117162847503
 40
0.6386887834813201
 40
0.6569884638284357
 40
0.6754946973261672
 40
0.7216344160078662
 40
0.8248693514104853
 40
0.9278854279941495
 40
1.0
 40
1.0
 40
1.0
 40
1.0
 10
-11.5167059617841
 20
-1.149738066293148
 30
0.0
 10
-11.54152103278811
 20
-1.138146023134235
 30
0.0
 10
-11.59124039020237
 20
-1.114920260979998
 30
0.0
 10
-11.66240376561577
 20
-1.072964077812051
 30
0.0
 10
-11.72508400539486
 20
-1.023944610471652
 30
0.0
 10
-11.76436174747575
 20
-0.9736913317056691
 30
0.0
 10
-11.77885307630651
 20
-0.9368228339306279
 30
0.0
 10
-11.78378862084232
 20
-0.9184724037353633
 30
0.0
 10
-11.78494886794999
 20
-0.9065703151212615
 30
0.0
 10
-11.78105279539355
 20
-0.8956671149205929
 30
0.0
 10
-11.76806644303346
 20
-0.8849630051571871
 30
0.0
 10
-11.735454045281
 20
-0.876736957785142
 30
0.0
 10
-11.68694077747389
 20
-0.867949436266554
 30
0.0
 10
-11.63281428399853
 20
-0.858993551790328
 30
0.0
 10
-11.59870527596467
 20
-0.8542474094177677
 30
0.0
 10
-11.58466001012619
 20
-0.8522930625993637
 30
0.0
  0
SPLINE
  5
67F
330
1B
100
AcDbEntity
 67
     1
  8
0
  6
Continuous
 62
     7
370
    25
100
AcDbSpline
210
0.0
220
0.0
230
1.0
 70
     8
 71
     3
 72
     9
 73
     5
 74
     0
 42
0.00000001
 43
0.00000001
 40
0.0
 40
0.0
 40
0.0
 40
0.0
 40
0.4881028496550873
 40
1.0
 40
1.0
 40
1.0
 40
1.0
 10
-10.02854638135017
 20
-0.9789273665807762
 30
0.0
 10
-9.964819945181214
 20
-0.9555521689680728
 30
0.0
 10
-9.834260502199077
 20
-0.9076622670156027
 30
0.0
 10
-9.707470326821
 20
-0.8505286281686301
 30
0.0
 10
-9.64256679735323
 20
-0.8212820812540295
 30
0.0
  0
SPLINE
  5
683
330
1B
100
AcDbEntity
 67
     1
  8
0
  6
Continuous
 62
     7
370
    25
100
AcDbSpline
210
0.0
220
0.0
230
1.0
 70
     8
 71
     3
 72
    10
 73
     6
 74
     0
 42
0.00000001
 43
0.00000001
 40
0.0
 40
0.0
 40
0.0
 40
0.0
 40
0.2957661269280474
 40
0.6274282949601703
 40
1.0
 40
1.0
 40
1.0
 40
1.0
 10
-11.26615946326777
 20
-1.148823084514467
 30
0.0
 10
-11.19254668914945
 20
-1.157725251846383
 30
0.0
 10
-11.03638703073264
 20
-1.176610009639735
 30
0.0
 10
-10.78518258710049
 20
-1.161891966740423
 30
0.0
 10
-10.6115853903297
 20
-1.131169748550035
 30
0.0
 10
-10.5197445884823
 20
-1.114916299729307
 30
0.0
  0
SPLINE
  5
685
330
1B
100
AcDbEntity
 67
     1
  8
0
  6
Continuous
 62
     7
370
    25
100
AcDbSpline
210
0.0
220
0.0
230
1.0
 70
     8
 71
     3
 72
    12
 73
     8
 74
     0
 42
0.00000001
 43
0.00000001
 40
0.0
 40
0.0
 40
0.0
 40
0.0
 40
0.1795797026916889
 40
0.3895620622295052
 40
0.6054961619923986
 40
0.8038854573821447
 40
1.0
 40
1.0
 40
1.0
 40
1.0
 10
-10.54618370456861
 20
-0.8978901315855278
 30
0.0
 10
-10.58810374486763
 20
-0.899313017577508
 30
0.0
 10
-10.67904084467823
 20
-0.9023996826796604
 30
0.0
 10
-10.82046962408717
 20
-0.9034974267206406
 30
0.0
 10
-10.96628031479878
 20
-0.9031457000796476
 30
0.0
 10
-11.10885248393661
 20
-0.9016682400638131
 30
0.0
 10
-11.20099051342683
 20
-0.9026212516087633
 30
0.0
 10
-11.24679388913654
 20
-0.9030950097962407
 30
0.0
  0
CIRCLE
  5
687
330
1B
100
AcDbEntity
 67
     1
  8
0
  6
Continuous
 62
     7
370
    25
100
AcDbCircle
 10
-10.2942324861
 20
-0.9710391177
 30
0.0
 40
0.0590551181102355
  0
CIRCLE
  5
688
330
1B
100
AcDbEntity
 67
     1
  8
0
  6
Continuous
 62
     7
370
    25
100
AcDbCircle
 10
-11.4937701669
 20
-1.0043460576
 30
0.0
 40
0.0590551181102348
  0
SPLINE
  5
689
330
1B
100
AcDbEntity
 67
     1
  8
0
  6
Continuous
 62
     7
370
    25
100
AcDbSpline
210
0.0
220
0.0
230
1.0
 70
     8
 71
     3
 72
    14
 73
    10
 74
     0
 42
0.00000001
 43
0.00000001
 40
0.0
 40
0.0
 40
0.0
 40
0.0
 40
0.1410297955591276
 40
0.2818753607524401
 40
0.4226187214233179
 40
0.5633370663268729
 40
0.7104470631168411
 40
0.8560893655250678
 40
1.0
 40
1.0
 40
1.0
 40
1.0
 10
-8.630599227790611
 20
-4.024327996594061
 30
0.0
 10
-8.515734571896022
 20
-3.983753057074169
 30
0.0
 10
-8.286155310367436
 20
-3.902656181982389
 30
0.0
 10
-7.930347685529263
 20
-3.819290525490971
 30
0.0
 10
-7.570596150372174
 20
-3.759431316584508
 30
0.0
 10
-7.20203297592395
 20
-3.723295883763013
 30
0.0
 10
-6.827725791894558
 20
-3.715076201581115
 30
0.0
 10
-6.45065368977511
 20
-3.724644350820437
 30
0.0
 10
-6.20113851240535
 20
-3.707580018310256
 30
0.0
 10
-6.077127035012197
 20
-3.699098878575098
 30
0.0
  0
SPLINE
  5
68B
330
1B
100
AcDbEntity
 67
     1
  8
0
  6
Continuous
 62
     7
370
    25
100
AcDbSpline
210
0.0
220
0.0
230
1.0
 70
     8
 71
     3
 72
    17
 73
    13
 74
     0
 42
0.00000001
 43
0.00000001
 40
0.0
 40
0.0
 40
0.0
 40
0.0
 40
0.0777504184766917
 40
0.1561923543650485
 40
0.2354546932805409
 40
0.3153159739395798
 40
0.3955146565098602
 40
0.4759056415805034
 40
0.5563746065809132
 40
0.7039743663759511
 40
0.8519118101407761
 40
1.0
 40
1.0
 40
1.0
 40
1.0
 10
-6.145081083354282
 20
-3.401653874881314
 30
0.0
 10
-6.210255034198074
 20
-3.379154849860356
 30
0.0
 10
-6.341182597354731
 20
-3.333956691988125
 30
0.0
 10
-6.5494817715073
 20
-3.310600345438654
 30
0.0
 10
-6.75975583494438
 20
-3.311288103382725
 30
0.0
 10
-6.970603697329361
 20
-3.33315712092198
 30
0.0
 10
-7.180035552259736
 20
-3.370708702829171
 30
0.0
 10
-7.387395349951663
 20
-3.420701440180514
 30
0.0
 10
-7.648738535407715
 20
-3.499384798742567
 30
0.0
 10
-7.958987704264037
 20
-3.620387015768772
 30
0.0
 10
-8.312437566071495
 20
-3.791672583598368
 30
0.0
 10
-8.53841386214739
 20
-3.92400049309546
 30
0.0
 10
-8.651459547506759
 20
-3.990198140729471
 30
0.0
  0
SPLINE
  5
68C
330
1B
100
AcDbEntity
 67
     1
  8
0
  6
Continuous
 62
     7
370
    25
100
AcDbSpline
210
0.0
220
0.0
230
1.0
 70
     8
 71
     3
 72
    20
 73
    16
 74
     0
 42
0.00000001
 43
0.00000001
 40
0.0
 40
0.0
 40
0.0
 40
0.0
 40
0.139200510667233
 40
0.278901476485595
 40
0.4191075240222761
 40
0.542041161266899
 40
0.5970657093603812
 40
0.6193117162847336
 40
0.6386887834812952
 40
0.656988463828417
 40
0.6754946973261529
 40
0.7216344160078757
 40
0.8248693514104913
 40
0.9278854279941227
 40
1.0
 40
1.0
 40
1.0
 40
1.0
 10
-6.145081083354282
 20
-3.401653874881314
 30
0.0
 10
-6.120266012350275
 20
-3.413245918040229
 30
0.0
 10
-6.070546654936015
 20
-3.436471680194475
 30
0.0
 10
-5.999383279522594
 20
-3.478427863362404
 30
0.0
 10
-5.936703039743539
 20
-3.527447330702821
 30
0.0
 10
-5.897425297662596
 20
-3.577700609468779
 30
0.0
 10
-5.882933968831918
 20
-3.614569107243847
 30
0.0
 10
-5.877998424296044
 20
-3.632919537439092
 30
0.0
 10
-5.876838177188383
 20
-3.644821626053199
 30
0.0
 10
-5.880734249744819
 20
-3.655724826253868
 30
0.0
 10
-5.893720602104915
 20
-3.666428936017286
 30
0.0
 10
-5.926332999857387
 20
-3.674654983389306
 30
0.0
 10
-5.974846267664491
 20
-3.683442504907909
 30
0.0
 10
-6.028972761139851
 20
-3.692398389384138
 30
0.0
 10
-6.063081769173706
 20
-3.697144531756694
 30
0.0
 10
-6.077127035012197
 20
-3.699098878575098
 30
0.0
  0
SPLINE
  5
68D
330
1B
100
AcDbEntity
 67
     1
  8
0
  6
Continuous
 62
     7
370
    25
100
AcDbSpline
210
0.0
220
0.0
230
1.0
 70
     8
 71
     3
 72
     9
 73
     5
 74
     0
 42
0.00000001
 43
0.00000001
 40
0.0
 40
0.0
 40
0.0
 40
0.0
 40
0.4881028496550839
 40
1.0
 40
1.0
 40
1.0
 40
1.0
 10
-7.633240663788229
 20
-3.572464574593698
 30
0.0
 10
-7.696967099957185
 20
-3.595839772206402
 30
0.0
 10
-7.82752654293931
 20
-3.643729674158872
 30
0.0
 10
-7.954316718317376
 20
-3.700863313005847
 30
0.0
 10
-8.019220247785139
 20
-3.73010985992045
 30
0.0
  0
SPLINE
  5
691
330
1B
100
AcDbEntity
 67
     1
  8
0
  6
Continuous
 62
     7
370
    25
100
AcDbSpline
210
0.0
220
0.0
230
1.0
 70
     8
 71
     3
 72
    10
 73
     6
 74
     0
 42
0.00000001
 43
0.00000001
 40
0.0
 40
0.0
 40
0.0
 40
0.0
 40
0.2957661269280473
 40
0.6274282949601704
 40
0.9999999999999999
 40
0.9999999999999999
 40
0.9999999999999999
 40
0.9999999999999999
 10
-6.39562758187062
 20
-3.402568856659999
 30
0.0
 10
-6.469240355988939
 20
-3.393666689328084
 30
0.0
 10
-6.625400014405743
 20
-3.374781931534731
 30
0.0
 10
-6.876604458037896
 20
-3.389499974434048
 30
0.0
 10
-7.050201654808689
 20
-3.420222192624436
 30
0.0
 10
-7.142042456656091
 20
-3.436475641445164
 30
0.0
  0
SPLINE
  5
693
330
1B
100
AcDbEntity
 67
     1
  8
0
  6
Continuous
 62
     7
370
    25
100
AcDbSpline
210
0.0
220
0.0
230
1.0
 70
     8
 71
     3
 72
    12
 73
     8
 74
     0
 42
0.00000001
 43
0.00000001
 40
0.0
 40
0.0
 40
0.0
 40
0.0
 40
0.1795797026917139
 40
0.3895620622295052
 40
0.6054961619923986
 40
0.8038854573821447
 40
1.0
 40
1.0
 40
1.0
 40
1.0
 10
-7.115603340569776
 20
-3.653501809588943
 30
0.0
 10
-7.073683300270748
 20
-3.652078923596963
 30
0.0
 10
-6.982746200460151
 20
-3.648992258494811
 30
0.0
 10
-6.841317421051212
 20
-3.64789451445383
 30
0.0
 10
-6.695506730339607
 20
-3.648246241094824
 30
0.0
 10
-6.552934561201782
 20
-3.649723701110659
 30
0.0
 10
-6.460796531711555
 20
-3.648770689565705
 30
0.0
 10
-6.414993156001842
 20
-3.648296931378225
 30
0.0
  0
CIRCLE
  5
694
330
1B
100
AcDbEntity
 67
     1
  8
0
  6
Continuous
 62
     7
370
    25
100
AcDbCircle
 10
-7.367554559
 20
-3.5803528234
 30
0.0
 40
0.0590551181102317
  0
CIRCLE
  5
695
330
1B
100
AcDbEntity
 67
     1
  8
0
  6
Continuous
 62
     7
370
    25
100
AcDbCircle
 10
-6.1680168782
 20
-3.5470458836
 30
0.0
 40
0.0590551181102354
  0
SPLINE
  5
697
330
1B
100
AcDbEntity
 67
     1
  8
0
  6
Continuous
 62
     7
370
    25
100
AcDbSpline
210
0.0
220
0.0
230
1.0
 70
     8
 71
     3
 72
    14
 73
    10
 74
     0
 42
0.00000001
 43
0.00000001
 40
0.0
 40
0.0
 40
0.0
 40
0.0
 40
0.1410297955591276
 40
0.2818753607524401
 40
0.4226187214233179
 40
0.5633370663268729
 40
0.7104470631168411
 40
0.8560893655250678
 40
1.0
 40
1.0
 40
1.0
 40
1.0
 10
-11.76971432348628
 20
1.169563639376343
 30
0.0
 10
-11.65484966759169
 20
1.210138578896234
 30
0.0
 10
-11.4252704060631
 20
1.291235453988014
 30
0.0
 10
-11.06946278122493
 20
1.374601110479432
 30
0.0
 10
-10.70971124606784
 20
1.434460319385897
 30
0.0
 10
-10.34114807161962
 20
1.470595752207389
 30
0.0
 10
-9.966840887590225
 20
1.478815434389289
 30
0.0
 10
-9.58976878547078
 20
1.469247285149967
 30
0.0
 10
-9.34025360810102
 20
1.486311617660148
 30
0.0
 10
-9.216242130707865
 20
1.494792757395305
 30
0.0
  0
SPLINE
  5
699
330
1B
100
AcDbEntity
 67
     1
  8
0
  6
Continuous
 62
     7
370
    25
100
AcDbSpline
210
0.0
220
0.0
230
1.0
 70
     8
 71
     3
 72
    17
 73
    13
 74
     0
 42
0.00000001
 43
0.00000001
 40
0.0
 40
0.0
 40
0.0
 40
0.0
 40
0.0777504184766917
 40
0.1561923543650485
 40
0.2354546932805409
 40
0.3153159739395798
 40
0.3955146565098602
 40
0.4759056415805034
 40
0.5563746065809132
 40
0.7039743663759511
 40
0.8519118101407761
 40
1.0
 40
1.0
 40
1.0
 40
1.0
 10
-9.28419617904995
 20
1.79223776108909
 30
0.0
 10
-9.34937012989374
 20
1.814736786110048
 30
0.0
 10
-9.480297693050398
 20
1.85993494398228
 30
0.0
 10
-9.688596867202968
 20
1.883291290531751
 30
0.0
 10
-9.89887093064005
 20
1.882603532587678
 30
0.0
 10
-10.10971879302503
 20
1.860734515048426
 30
0.0
 10
-10.31915064795541
 20
1.823182933141232
 30
0.0
 10
-10.52651044564733
 20
1.773190195789887
 30
0.0
 10
-10.78785363110339
 20
1.694506837227837
 30
0.0
 10
-11.0981027999597
 20
1.573504620201631
 30
0.0
 10
-11.45155266176716
 20
1.402219052372037
 30
0.0
 10
-11.67752895784306
 20
1.269891142874944
 30
0.0
 10
-11.79057464320243
 20
1.203693495240933
 30
0.0
  0
SPLINE
  5
69A
330
1B
100
AcDbEntity
 67
     1
  8
0
  6
Continuous
 62
     7
370
    25
100
AcDbSpline
210
0.0
220
0.0
230
1.0
 70
     8
 71
     3
 72
    20
 73
    16
 74
     0
 42
0.00000001
 43
0.00000001
 40
0.0
 40
0.0
 40
0.0
 40
0.0
 40
0.139200510667233
 40
0.278901476485595
 40
0.4191075240222761
 40
0.542041161266899
 40
0.5970657093603812
 40
0.6193117162847336
 40
0.6386887834812952
 40
0.656988463828417
 40
0.6754946973261529
 40
0.7216344160078757
 40
0.8248693514104913
 40
0.9278854279941227
 40
1.0
 40
1.0
 40
1.0
 40
1.0
 10
-9.28419617904995
 20
1.79223776108909
 30
0.0
 10
-9.259381108045945
 20
1.780645717930174
 30
0.0
 10
-9.209661750631685
 20
1.75741995577593
 30
0.0
 10
-9.138498375218264
 20
1.715463772608001
 30
0.0
 10
-9.075818135439206
 20
1.666444305267582
 30
0.0
 10
-9.036540393358264
 20
1.616191026501626
 30
0.0
 10
-9.022049064527586
 20
1.579322528726556
 30
0.0
 10
-9.017113519991712
 20
1.560972098531312
 30
0.0
 10
-9.015953272884051
 20
1.549070009917205
 30
0.0
 10
-9.019849345440486
 20
1.538166809716536
 30
0.0
 10
-9.032835697800584
 20
1.527462699953118
 30
0.0
 10
-9.065448095553053
 20
1.519236652581096
 30
0.0
 10
-9.11396136336016
 20
1.510449131062494
 30
0.0
 10
-9.168087856835522
 20
1.501493246586267
 30
0.0
 10
-9.202196864869375
 20
1.496747104213709
 30
0.0
 10
-9.216242130707865
 20
1.494792757395305
 30
0.0
  0
SPLINE
  5
69B
330
1B
100
AcDbEntity
 67
     1
  8
0
  6
Continuous
 62
     7
370
    25
100
AcDbSpline
210
0.0
220
0.0
230
1.0
 70
     8
 71
     3
 72
     9
 73
     5
 74
     0
 42
0.00000001
 43
0.00000001
 40
0.0
 40
0.0
 40
0.0
 40
0.0
 40
0.4881028496550839
 40
1.0
 40
1.0
 40
1.0
 40
1.0
 10
-10.7723557594839
 20
1.621427061376705
 30
0.0
 10
-10.83608219565285
 20
1.598051863764002
 30
0.0
 10
-10.96664163863498
 20
1.550161961811532
 30
0.0
 10
-11.09343181401304
 20
1.493028322964556
 30
0.0
 10
-11.15833534348081
 20
1.463781776049954
 30
0.0
  0
SPLINE
  5
69F
330
1B
100
AcDbEntity
 67
     1
  8
0
  6
Continuous
 62
     7
370
    25
100
AcDbSpline
210
0.0
220
0.0
230
1.0
 70
     8
 71
     3
 72
    10
 73
     6
 74
     0
 42
0.00000001
 43
0.00000001
 40
0.0
 40
0.0
 40
0.0
 40
0.0
 40
0.2957661269280473
 40
0.6274282949601704
 40
0.9999999999999999
 40
0.9999999999999999
 40
0.9999999999999999
 40
0.9999999999999999
 10
-9.534742677566289
 20
1.791322779310404
 30
0.0
 10
-9.608355451684607
 20
1.800224946642321
 30
0.0
 10
-9.764515110101414
 20
1.819109704435674
 30
0.0
 10
-10.01571955373356
 20
1.804391661536354
 30
0.0
 10
-10.18931675050436
 20
1.773669443345968
 30
0.0
 10
-10.28115755235176
 20
1.75741599452524
 30
0.0
  0
SPLINE
  5
6A1
330
1B
100
AcDbEntity
 67
     1
  8
0
  6
Continuous
 62
     7
370
    25
100
AcDbSpline
210
0.0
220
0.0
230
1.0
 70
     8
 71
     3
 72
    12
 73
     8
 74
     0
 42
0.00000001
 43
0.00000001
 40
0.0
 40
0.0
 40
0.0
 40
0.0
 40
0.1795797026917139
 40
0.3895620622295052
 40
0.6054961619923986
 40
0.8038854573821447
 40
1.0
 40
1.0
 40
1.0
 40
1.0
 10
-10.25471843626544
 20
1.540389826381461
 30
0.0
 10
-10.21279839596641
 20
1.541812712373441
 30
0.0
 10
-10.12186129615582
 20
1.544899377475593
 30
0.0
 10
-9.98043251674688
 20
1.545997121516574
 30
0.0
 10
-9.834621826035276
 20
1.545645394875581
 30
0.0
 10
-9.692049656897453
 20
1.544167934859745
 30
0.0
 10
-9.599911627407224
 20
1.545120946404699
 30
0.0
 10
-9.55410825169751
 20
1.545594704592178
 30
0.0
  0
CIRCLE
  5
6A2
330
1B
100
AcDbEntity
 67
     1
  8
0
  6
Continuous
 62
     7
370
    25
100
AcDbCircle
 10
-10.5066696547
 20
1.6135388125
 30
0.0
 40
0.0590551181102365
  0
CIRCLE
  5
6A3
330
1B
100
AcDbEntity
 67
     1
  8
0
  6
Continuous
 62
     7
370
    25
100
AcDbCircle
 10
-9.3071319739
 20
1.6468457524
 30
0.0
 40
0.0590551181102366
  0
SPLINE
  5
6A5
330
1B
100
AcDbEntity
 67
     1
  8
0
  6
Continuous
 62
     7
370
    25
100
AcDbSpline
210
0.0
220
0.0
230
1.0
 70
     8
 71
     3
 72
    14
 73
    10
 74
     0
 42
0.00000001
 43
0.00000001
 40
0.0
 40
0.0
 40
0.0
 40
0.0
 40
0.1410297955591318
 40
0.2818753607524433
 40
0.4226187214233205
 40
0.5633370663268681
 40
0.7104470631168425
 40
0.8560893655250684
 40
1.0
 40
1.0
 40
1.0
 40
1.0
 10
-5.391556900758856
 20
-3.600828144561193
 30
0.0
 10
-5.506421556653451
 20
-3.641403084081079
 30
0.0
 10
-5.736000818182044
 20
-3.722499959172847
 30
0.0
 10
-6.091808443020223
 20
-3.805865615664266
 30
0.0
 10
-6.451559978177307
 20
-3.865724824570729
 30
0.0
 10
-6.820123152625529
 20
-3.901860257392225
 30
0.0
 10
-7.194430336654923
 20
-3.910079939574117
 30
0.0
 10
-7.571502438774375
 20
-3.900511790334791
 30
0.0
 10
-7.821017616144134
 20
-3.917576122844972
 30
0.0
 10
-7.945029093537289
 20
-3.92605726258013
 30
0.0
  0
SPLINE
  5
6A7
330
1B
100
AcDbEntity
 67
     1
  8
0
  6
Continuous
 62
     7
370
    25
100
AcDbSpline
210
0.0
220
0.0
230
1.0
 70
     8
 71
     3
 72
    17
 73
    13
 74
     0
 42
0.00000001
 43
0.00000001
 40
0.0
 40
0.0
 40
0.0
 40
0.0
 40
0.077750418476685
 40
0.1561923543650414
 40
0.23545469328054
 40
0.3153159739395784
 40
0.3955146565098583
 40
0.4759056415804941
 40
0.5563746065809106
 40
0.7039743663759467
 40
0.851911810140771
 40
1.0
 40
1.0
 40
1.0
 40
1.0
 10
-7.877075045195204
 20
-4.223502266273915
 30
0.0
 10
-7.811901094351418
 20
-4.246001291294873
 30
0.0
 10
-7.680973531194769
 20
-4.291199449167108
 30
0.0
 10
-7.472674357042198
 20
-4.314555795716571
 30
0.0
 10
-7.262400293605112
 20
-4.313868037772516
 30
0.0
 10
-7.051552431220126
 20
-4.291999020233258
 30
0.0
 10
-6.842120576289753
 20
-4.254447438326065
 30
0.0
 10
-6.634760778597826
 20
-4.20445470097473
 30
0.0
 10
-6.373417593141778
 20
-4.125771342412669
 30
0.0
 10
-6.063168424285442
 20
-4.004769125386476
 30
0.0
 10
-5.70971856247799
 20
-3.833483557556873
 30
0.0
 10
-5.483742266402085
 20
-3.701155648059785
 30
0.0
 10
-5.370696581042708
 20
-3.634958000425775
 30
0.0
  0
SPLINE
  5
6A8
330
1B
100
AcDbEntity
 67
     1
  8
0
  6
Continuous
 62
     7
370
    25
100
AcDbSpline
210
0.0
220
0.0
230
1.0
 70
     8
 71
     3
 72
    20
 73
    16
 74
     0
 42
0.00000001
 43
0.00000001
 40
0.0
 40
0.0
 40
0.0
 40
0.0
 40
0.1392005106672345
 40
0.2789014764855759
 40
0.4191075240222894
 40
0.5420411612669166
 40
0.5970657093604116
 40
0.6193117162847503
 40
0.6386887834813201
 40
0.6569884638284357
 40
0.6754946973261672
 40
0.7216344160078662
 40
0.8248693514104853
 40
0.9278854279941495
 40
1.0
 40
1.0
 40
1.0
 40
1.0
 10
-7.877075045195204
 20
-4.223502266273915
 30
0.0
 10
-7.901890116199209
 20
-4.211910223115001
 30
0.0
 10
-7.951609473613471
 20
-4.188684460960765
 30
0.0
 10
-8.022772849026873
 20
-4.146728277792816
 30
0.0
 10
-8.085453088805961
 20
-4.097708810452419
 30
0.0
 10
-8.12473083088685
 20
-4.047455531686436
 30
0.0
 10
-8.139222159717615
 20
-4.010587033911393
 30
0.0
 10
-8.144157704253416
 20
-3.992236603716131
 30
0.0
 10
-8.14531795136109
 20
-3.980334515102028
 30
0.0
 10
-8.141421878804646
 20
-3.96943131490136
 30
0.0
 10
-8.128435526444555
 20
-3.958727205137954
 30
0.0
 10
-8.095823128692095
 20
-3.950501157765908
 30
0.0
 10
-8.04730986088499
 20
-3.941713636247321
 30
0.0
 10
-7.993183367409633
 20
-3.932757751771095
 30
0.0
 10
-7.959074359375772
 20
-3.928011609398534
 30
0.0
 10
-7.945029093537289
 20
-3.92605726258013
 30
0.0
  0
SPLINE
  5
6A9
330
1B
100
AcDbEntity
 67
     1
  8
0
  6
Continuous
 62
     7
370
    25
100
AcDbSpline
210
0.0
220
0.0
230
1.0
 70
     8
 71
     3
 72
     9
 73
     5
 74
     0
 42
0.00000001
 43
0.00000001
 40
0.0
 40
0.0
 40
0.0
 40
0.0
 40
0.4881028496550873
 40
1.0
 40
1.0
 40
1.0
 40
1.0
 10
-6.388915464761274
 20
-4.052691566561543
 30
0.0
 10
-6.325189028592313
 20
-4.02931636894884
 30
0.0
 10
-6.194629585610178
 20
-3.981426466996369
 30
0.0
 10
-6.067839410232099
 20
-3.924292828149396
 30
0.0
 10
-6.002935880764329
 20
-3.895046281234796
 30
0.0
  0
SPLINE
  5
6AD
330
1B
100
AcDbEntity
 67
     1
  8
0
  6
Continuous
 62
     7
370
    25
100
AcDbSpline
210
0.0
220
0.0
230
1.0
 70
     8
 71
     3
 72
    10
 73
     6
 74
     0
 42
0.00000001
 43
0.00000001
 40
0.0
 40
0.0
 40
0.0
 40
0.0
 40
0.2957661269280474
 40
0.6274282949601703
 40
1.0
 40
1.0
 40
1.0
 40
1.0
 10
-7.626528546678865
 20
-4.222587284495233
 30
0.0
 10
-7.552915772560545
 20
-4.231489451827149
 30
0.0
 10
-7.396756114143744
 20
-4.250374209620502
 30
0.0
 10
-7.14555167051159
 20
-4.23565616672119
 30
0.0
 10
-6.971954473740796
 20
-4.204933948530802
 30
0.0
 10
-6.880113671893395
 20
-4.188680499710073
 30
0.0
  0
SPLINE
  5
6AF
330
1B
100
AcDbEntity
 67
     1
  8
0
  6
Continuous
 62
     7
370
    25
100
AcDbSpline
210
0.0
220
0.0
230
1.0
 70
     8
 71
     3
 72
    12
 73
     8
 74
     0
 42
0.00000001
 43
0.00000001
 40
0.0
 40
0.0
 40
0.0
 40
0.0
 40
0.1795797026916889
 40
0.3895620622295052
 40
0.6054961619923986
 40
0.8038854573821447
 40
1.0
 40
1.0
 40
1.0
 40
1.0
 10
-6.90655278797971
 20
-3.971654331566294
 30
0.0
 10
-6.948472828278732
 20
-3.973077217558274
 30
0.0
 10
-7.03940992808933
 20
-3.976163882660427
 30
0.0
 10
-7.180838707498268
 20
-3.977261626701407
 30
0.0
 10
-7.326649398209881
 20
-3.976909900060415
 30
0.0
 10
-7.469221567347706
 20
-3.97543244004458
 30
0.0
 10
-7.561359596837931
 20
-3.976385451589529
 30
0.0
 10
-7.607162972547644
 20
-3.976859209777007
 30
0.0
  0
CIRCLE
  5
6B1
330
1B
100
AcDbEntity
 67
     1
  8
0
  6
Continuous
 62
     7
370
    25
100
AcDbCircle
 10
-6.6546015695
 20
-4.0448033177
 30
0.0
 40
0.0590551181102347
  0
CIRCLE
  5
6B2
330
1B
100
AcDbEntity
 67
     1
  8
0
  6
Continuous
 62
     7
370
    25
100
AcDbCircle
 10
-7.8541392503
 20
-4.0781102576
 30
0.0
 40
0.0590551181102363
  0
SPLINE
  5
6B3
330
1B
100
AcDbEntity
 67
     1
  8
0
  6
Continuous
 62
     7
370
    25
100
AcDbSpline
210
0.0
220
0.0
230
1.0
 70
     8
 71
     3
 72
    14
 73
    10
 74
     0
 42
0.00000001
 43
0.00000001
 40
0.0
 40
0.0
 40
0.0
 40
0.0
 40
0.1410297955591276
 40
0.2818753607524401
 40
0.4226187214233179
 40
0.5633370663268729
 40
0.7104470631168411
 40
0.8560893655250678
 40
1.0
 40
1.0
 40
1.0
 40
1.0
 10
-11.80319557896235
 20
-0.8401489348441783
 30
0.0
 10
-11.68833092306776
 20
-0.7995739953242866
 30
0.0
 10
-11.45875166153917
 20
-0.7184771202325064
 30
0.0
 10
-11.102944036701
 20
-0.6351114637410893
 30
0.0
 10
-10.74319250154391
 20
-0.575252254834624
 30
0.0
 10
-10.37462932709568
 20
-0.5391168220131316
 30
0.0
 10
-10.00032214306629
 20
-0.5308971398312323
 30
0.0
 10
-9.623250040946845
 20
-0.5404652890705538
 30
0.0
 10
-9.373734863577084
 20
-0.523400956560373
 30
0.0
 10
-9.24972338618393
 20
-0.5149198168252155
 30
0.0
  0
SPLINE
  5
6B5
330
1B
100
AcDbEntity
 67
     1
  8
0
  6
Continuous
 62
     7
370
    25
100
AcDbSpline
210
0.0
220
0.0
230
1.0
 70
     8
 71
     3
 72
    17
 73
    13
 74
     0
 42
0.00000001
 43
0.00000001
 40
0.0
 40
0.0
 40
0.0
 40
0.0
 40
0.0777504184766917
 40
0.1561923543650485
 40
0.2354546932805409
 40
0.3153159739395798
 40
0.3955146565098602
 40
0.4759056415805034
 40
0.5563746065809132
 40
0.7039743663759511
 40
0.8519118101407761
 40
1.0
 40
1.0
 40
1.0
 40
1.0
 10
-9.317677434526015
 20
-0.217474813131431
 30
0.0
 10
-9.382851385369806
 20
-0.1949757881104731
 30
0.0
 10
-9.513778948526467
 20
-0.1497776302382416
 30
0.0
 10
-9.722078122679035
 20
-0.1264212836887703
 30
0.0
 10
-9.932352186116116
 20
-0.1271090416328428
 30
0.0
 10
-10.14320004850109
 20
-0.1489780591720959
 30
0.0
 10
-10.35263190343147
 20
-0.1865296410792885
 30
0.0
 10
-10.5599917011234
 20
-0.2365223784306329
 30
0.0
 10
-10.82133488657945
 20
-0.3152057369926841
 30
0.0
 10
-11.13158405543577
 20
-0.4362079540188896
 30
0.0
 10
-11.48503391724323
 20
-0.6074935218484847
 30
0.0
 10
-11.71101021331913
 20
-0.7398214313455772
 30
0.0
 10
-11.82405589867849
 20
-0.8060190789795884
 30
0.0
  0
SPLINE
  5
6B6
330
1B
100
AcDbEntity
 67
     1
  8
0
  6
Continuous
 62
     7
370
    25
100
AcDbSpline
210
0.0
220
0.0
230
1.0
 70
     8
 71
     3
 72
    20
 73
    16
 74
     0
 42
0.00000001
 43
0.00000001
 40
0.0
 40
0.0
 40
0.0
 40
0.0
 40
0.139200510667233
 40
0.278901476485595
 40
0.4191075240222761
 40
0.542041161266899
 40
0.5970657093603812
 40
0.6193117162847336
 40
0.6386887834812952
 40
0.656988463828417
 40
0.6754946973261529
 40
0.7216344160078757
 40
0.8248693514104913
 40
0.9278854279941227
 40
1.0
 40
1.0
 40
1.0
 40
1.0
 10
-9.317677434526015
 20
-0.217474813131431
 30
0.0
 10
-9.292862363522008
 20
-0.2290668562903473
 30
0.0
 10
-9.243143006107749
 20
-0.2522926184445916
 30
0.0
 10
-9.17197963069433
 20
-0.2942488016125201
 30
0.0
 10
-9.109299390915274
 20
-0.343268268952939
 30
0.0
 10
-9.070021648834329
 20
-0.3935215477188955
 30
0.0
 10
-9.055530320003653
 20
-0.4303900454939643
 30
0.0
 10
-9.050594775467777
 20
-0.4487404756892094
 30
0.0
 10
-9.049434528360118
 20
-0.4606425643033167
 30
0.0
 10
-9.053330600916555
 20
-0.4715457645039852
 30
0.0
 10
-9.066316953276647
 20
-0.4822498742674027
 30
0.0
 10
-9.098929351029122
 20
-0.4904759216394247
 30
0.0
 10
-9.147442618836223
 20
-0.4992634431580266
 30
0.0
 10
-9.201569112311587
 20
-0.5082193276342545
 30
0.0
 10
-9.23567812034544
 20
-0.5129654700068115
 30
0.0
 10
-9.24972338618393
 20
-0.5149198168252155
 30
0.0
  0
SPLINE
  5
6B7
330
1B
100
AcDbEntity
 67
     1
  8
0
  6
Continuous
 62
     7
370
    25
100
AcDbSpline
210
0.0
220
0.0
230
1.0
 70
     8
 71
     3
 72
     9
 73
     5
 74
     0
 42
0.00000001
 43
0.00000001
 40
0.0
 40
0.0
 40
0.0
 40
0.0
 40
0.4881028496550839
 40
1.0
 40
1.0
 40
1.0
 40
1.0
 10
-10.80583701495996
 20
-0.388285512843816
 30
0.0
 10
-10.86956345112892
 20
-0.4116607104565191
 30
0.0
 10
-11.00012289411104
 20
-0.4595506124089891
 30
0.0
 10
-11.12691306948911
 20
-0.5166842512559647
 30
0.0
 10
-11.19181659895687
 20
-0.5459307981705671
 30
0.0
  0
SPLINE
  5
6BB
330
1B
100
AcDbEntity
 67
     1
  8
0
  6
Continuous
 62
     7
370
    25
100
AcDbSpline
210
0.0
220
0.0
230
1.0
 70
     8
 71
     3
 72
    10
 73
     6
 74
     0
 42
0.00000001
 43
0.00000001
 40
0.0
 40
0.0
 40
0.0
 40
0.0
 40
0.2957661269280473
 40
0.6274282949601704
 40
0.9999999999999999
 40
0.9999999999999999
 40
0.9999999999999999
 40
0.9999999999999999
 10
-9.568223933042354
 20
-0.2183897949101167
 30
0.0
 10
-9.641836707160675
 20
-0.2094876275782006
 30
0.0
 10
-9.797996365577479
 20
-0.1906028697848476
 30
0.0
 10
-10.04920080920963
 20
-0.2053209126841664
 30
0.0
 10
-10.22279800598042
 20
-0.2360431308745533
 30
0.0
 10
-10.31463880782782
 20
-0.2522965796952814
 30
0.0
  0
SPLINE
  5
6BD
330
1B
100
AcDbEntity
 67
     1
  8
0
  6
Continuous
 62
     7
370
    25
100
AcDbSpline
210
0.0
220
0.0
230
1.0
 70
     8
 71
     3
 72
    12
 73
     8
 74
     0
 42
0.00000001
 43
0.00000001
 40
0.0
 40
0.0
 40
0.0
 40
0.0
 40
0.1795797026917139
 40
0.3895620622295052
 40
0.6054961619923986
 40
0.8038854573821447
 40
1.0
 40
1.0
 40
1.0
 40
1.0
 10
-10.28819969174151
 20
-0.4693227478390601
 30
0.0
 10
-10.24627965144248
 20
-0.4678998618470798
 30
0.0
 10
-10.15534255163189
 20
-0.4648131967449278
 30
0.0
 10
-10.01391377222294
 20
-0.4637154527039473
 30
0.0
 10
-9.868103081511341
 20
-0.4640671793449404
 30
0.0
 10
-9.725530912373516
 20
-0.4655446393607761
 30
0.0
 10
-9.633392882883289
 20
-0.4645916278158222
 30
0.0
 10
-9.587589507173575
 20
-0.4641178696283428
 30
0.0
  0
CIRCLE
  5
6BF
330
1B
100
AcDbEntity
 67
     1
  8
0
  6
Continuous
 62
     7
370
    25
100
AcDbCircle
 10
-10.5401509102
 20
-0.3961737617
 30
0.0
 40
0.0590551181102349
  0
CIRCLE
  5
6C0
330
1B
100
AcDbEntity
 67
     1
  8
0
  6
Continuous
 62
     7
370
    25
100
AcDbCircle
 10
-9.3406132294
 20
-0.3628668218
 30
0.0
 40
0.0590551181102348
  0
SPLINE
  5
6C1
330
1B
100
AcDbEntity
 67
     1
  8
0
  6
Continuous
 62
     7
370
    25
100
AcDbSpline
210
0.0
220
0.0
230
1.0
 70
     8
 71
     3
 72
    14
 73
    10
 74
     0
 42
0.00000001
 43
0.00000001
 40
0.0
 40
0.0
 40
0.0
 40
0.0
 40
0.1410297955591318
 40
0.2818753607524433
 40
0.4226187214233205
 40
0.5633370663268681
 40
0.7104470631168425
 40
0.8560893655250684
 40
1.0
 40
1.0
 40
1.0
 40
1.0
 10
-8.916307814582662
 20
1.488189968550292
 30
0.0
 10
-9.031172470477255
 20
1.447615029030406
 30
0.0
 10
-9.26075173200585
 20
1.366518153938638
 30
0.0
 10
-9.61655935684403
 20
1.283152497447221
 30
0.0
 10
-9.976310892001111
 20
1.223293288540757
 30
0.0
 10
-10.34487406644933
 20
1.18715785571926
 30
0.0
 10
-10.71918125047873
 20
1.178938173537369
 30
0.0
 10
-11.09625335259818
 20
1.188506322776695
 30
0.0
 10
-11.34576852996794
 20
1.171441990266514
 30
0.0
 10
-11.46978000736109
 20
1.162960850531356
 30
0.0
  0
SPLINE
  5
6C3
330
1B
100
AcDbEntity
 67
     1
  8
0
  6
Continuous
 62
     7
370
    25
100
AcDbSpline
210
0.0
220
0.0
230
1.0
 70
     8
 71
     3
 72
    17
 73
    13
 74
     0
 42
0.00000001
 43
0.00000001
 40
0.0
 40
0.0
 40
0.0
 40
0.0
 40
0.077750418476685
 40
0.1561923543650414
 40
0.23545469328054
 40
0.3153159739395784
 40
0.3955146565098583
 40
0.4759056415804941
 40
0.5563746065809106
 40
0.7039743663759467
 40
0.851911810140771
 40
1.0
 40
1.0
 40
1.0
 40
1.0
 10
-11.40182595901901
 20
0.8655158468375712
 30
0.0
 10
-11.33665200817522
 20
0.8430168218166127
 30
0.0
 10
-11.20572444501858
 20
0.797818663944379
 30
0.0
 10
-10.997425270866
 20
0.7744623173949133
 30
0.0
 10
-10.78715120742892
 20
0.7751500753389708
 30
0.0
 10
-10.57630334504393
 20
0.7970190928782277
 30
0.0
 10
-10.36687149011356
 20
0.8345706747854202
 30
0.0
 10
-10.15951169242163
 20
0.884563412136756
 30
0.0
 10
-9.898168506965584
 20
0.9632467706988178
 30
0.0
 10
-9.587919338109248
 20
1.084248987725008
 30
0.0
 10
-9.234469476301797
 20
1.255534555554613
 30
0.0
 10
-9.00849318022589
 20
1.387862465051701
 30
0.0
 10
-8.895447494866515
 20
1.454060112685711
 30
0.0
  0
SPLINE
  5
6C4
330
1B
100
AcDbEntity
 67
     1
  8
0
  6
Continuous
 62
     7
370
    25
100
AcDbSpline
210
0.0
220
0.0
230
1.0
 70
     8
 71
     3
 72
    20
 73
    16
 74
     0
 42
0.00000001
 43
0.00000001
 40
0.0
 40
0.0
 40
0.0
 40
0.0
 40
0.1392005106672345
 40
0.2789014764855759
 40
0.4191075240222894
 40
0.5420411612669166
 40
0.5970657093604116
 40
0.6193117162847503
 40
0.6386887834813201
 40
0.6569884638284357
 40
0.6754946973261672
 40
0.7216344160078662
 40
0.8248693514104853
 40
0.9278854279941495
 40
1.0
 40
1.0
 40
1.0
 40
1.0
 10
-11.40182595901901
 20
0.8655158468375712
 30
0.0
 10
-11.42664103002302
 20
0.8771078899964845
 30
0.0
 10
-11.47636038743728
 20
0.9003336521507208
 30
0.0
 10
-11.54752376285068
 20
0.9422898353186685
 30
0.0
 10
-11.61020400262977
 20
0.9913093026590672
 30
0.0
 10
-11.64948174471066
 20
1.04156258142505
 30
0.0
 10
-11.66397307354142
 20
1.07843107920009
 30
0.0
 10
-11.66890861807722
 20
1.096781509395357
 30
0.0
 10
-11.67006886518489
 20
1.108683598009458
 30
0.0
 10
-11.66617279262845
 20
1.119586798210127
 30
0.0
 10
-11.65318644026836
 20
1.130290907973533
 30
0.0
 10
-11.6205740425159
 20
1.138516955345577
 30
0.0
 10
-11.5720607747088
 20
1.147304476864165
 30
0.0
 10
-11.51793428123344
 20
1.156260361340392
 30
0.0
 10
-11.48382527319958
 20
1.161006503712952
 30
0.0
 10
-11.46978000736109
 20
1.162960850531356
 30
0.0
  0
SPLINE
  5
6C5
330
1B
100
AcDbEntity
 67
     1
  8
0
  6
Continuous
 62
     7
370
    25
100
AcDbSpline
210
0.0
220
0.0
230
1.0
 70
     8
 71
     3
 72
     9
 73
     5
 74
     0
 42
0.00000001
 43
0.00000001
 40
0.0
 40
0.0
 40
0.0
 40
0.0
 40
0.4881028496550873
 40
1.0
 40
1.0
 40
1.0
 40
1.0
 10
-9.91366637858508
 20
1.036326546549943
 30
0.0
 10
-9.84993994241612
 20
1.059701744162647
 30
0.0
 10
-9.719380499433983
 20
1.107591646115117
 30
0.0
 10
-9.592590324055903
 20
1.164725284962089
 30
0.0
 10
-9.527686794588135
 20
1.19397183187669
 30
0.0
  0
SPLINE
  5
6C9
330
1B
100
AcDbEntity
 67
     1
  8
0
  6
Continuous
 62
     7
370
    25
100
AcDbSpline
210
0.0
220
0.0
230
1.0
 70
     8
 71
     3
 72
    10
 73
     6
 74
     0
 42
0.00000001
 43
0.00000001
 40
0.0
 40
0.0
 40
0.0
 40
0.0
 40
0.2957661269280474
 40
0.6274282949601703
 40
1.0
 40
1.0
 40
1.0
 40
1.0
 10
-11.15127946050267
 20
0.8664308286162524
 30
0.0
 10
-11.07766668638435
 20
0.8575286612843366
 30
0.0
 10
-10.92150702796755
 20
0.8386439034909848
 30
0.0
 10
-10.6703025843354
 20
0.8533619463902962
 30
0.0
 10
-10.4967053875646
 20
0.8840841645806843
 30
0.0
 10
-10.4048645857172
 20
0.9003376134014127
 30
0.0
  0
SPLINE
  5
6CB
330
1B
100
AcDbEntity
 67
     1
  8
0
  6
Continuous
 62
     7
370
    25
100
AcDbSpline
210
0.0
220
0.0
230
1.0
 70
     8
 71
     3
 72
    12
 73
     8
 74
     0
 42
0.00000001
 43
0.00000001
 40
0.0
 40
0.0
 40
0.0
 40
0.0
 40
0.1795797026916889
 40
0.3895620622295052
 40
0.6054961619923986
 40
0.8038854573821447
 40
1.0
 40
1.0
 40
1.0
 40
1.0
 10
-10.43130370180352
 20
1.117363781545192
 30
0.0
 10
-10.47322374210254
 20
1.115940895553211
 30
0.0
 10
-10.56416084191313
 20
1.112854230451058
 30
0.0
 10
-10.70558962132208
 20
1.111756486410079
 30
0.0
 10
-10.85140031203369
 20
1.112108213051072
 30
0.0
 10
-10.99397248117151
 20
1.113585673066906
 30
0.0
 10
-11.08611051066174
 20
1.112632661521956
 30
0.0
 10
-11.13191388637145
 20
1.112158903334479
 30
0.0
  0
CIRCLE
  5
6CD
330
1B
100
AcDbEntity
 67
     1
  8
0
  6
Continuous
 62
     7
370
    25
100
AcDbCircle
 10
-10.1793524833
 20
1.0442147954
 30
0.0
 40
0.0590551181102348
  0
CIRCLE
  5
6CE
330
1B
100
AcDbEntity
 67
     1
  8
0
  6
Continuous
 62
     7
370
    25
100
AcDbCircle
 10
-11.3788901642
 20
1.0109078555
 30
0.0
 40
0.0590551181102364
  0
SPLINE
  5
6D0
330
1B
100
AcDbEntity
 67
     1
  8
0
  6
Continuous
 62
     7
370
    25
100
AcDbSpline
210
0.0
220
0.0
230
1.0
 70
     8
 71
     3
 72
    36
 73
    32
 74
     0
 42
0.00000001
 43
0.00000001
 40
0.0
 40
0.0
 40
0.0
 40
0.0
 40
0.0774582263678653
 40
0.1547646431350747
 40
0.2320361202111983
 40
0.3092767603809876
 40
0.3859046630270891
 40
0.4095356506631168
 40
0.4330183322370502
 40
0.4560564853826467
 40
0.4781686466596781
 40
0.4817056496769643
 40
0.4836664080017907
 40
0.4838681216287772
 40
0.4840133880606897
 40
0.4843934591401183
 40
0.4865022992641593
 40
0.4897529926664387
 40
0.4938252211284933
 40
0.4979403531218136
 40
0.515876744631
 40
0.534345907579211
 40
0.5642786349993552
 40
0.5914070877437441
 40
0.6188195385811828
 40
0.660685906548552
 40
0.702859043315581
 40
0.7452009924439503
 40
0.8299852296688739
 40
0.9149279552190935
 40
0.9999999999999999
 40
0.9999999999999999
 40
0.9999999999999999
 40
0.9999999999999999
 10
-11.85954780890432
 20
3.768356051115105
 30
0.0
 10
-11.71948540296133
 20
3.800909191987432
 30
0.0
 10
-11.43963509797938
 20
3.865951673157925
 30
0.0
 10
-11.01277973806337
 20
3.925706811365758
 30
0.0
 10
-10.58427279081711
 20
3.964872254071548
 30
0.0
 10
-10.1555386507688
 20
3.980814878531141
 30
0.0
 10
-9.825998265748337
 20
3.98138794553293
 30
0.0
 10
-9.596888544039166
 20
3.997557735481156
 30
0.0
 10
-9.467697046113845
 20
4.015065066500656
 30
0.0
 10
-9.343585685254974
 20
4.043438439556491
 30
0.0
 10
-9.25821431128755
 20
4.076757608159391
 30
0.0
 10
-9.215573651621344
 20
4.105095142907425
 30
0.0
 10
-9.206954669586862
 20
4.111313996352948
 30
0.0
 10
-9.204076547380831
 20
4.114533290897723
 30
0.0
 10
-9.203530880115265
 20
4.115785499499938
 30
0.0
 10
-9.203105085989183
 20
4.120713081709137
 30
0.0
 10
-9.204292596165178
 20
4.131305482888834
 30
0.0
 10
-9.205358490720664
 20
4.148768132432321
 30
0.0
 10
-9.210391011772526
 20
4.169677512699208
 30
0.0
 10
-9.235026031898164
 20
4.211848706338943
 30
0.0
 10
-9.290672650592247
 20
4.264604695190382
 30
0.0
 10
-9.396290184499025
 20
4.328639809258488
 30
0.0
 10
-9.530446780330546
 20
4.373772064772719
 30
0.0
 10
-9.685488938209573
 20
4.398947137707692
 30
0.0
 10
-9.864590714828037
 20
4.406317314433349
 30
0.0
 10
-10.07130318324373
 20
4.391152918142598
 30
0.0
 10
-10.30292913971406
 20
4.353423965376505
 30
0.0
 10
-10.60977010806338
 20
4.285586530514781
 30
0.0
 10
-10.98826416191656
 20
4.176160349491015
 30
0.0
 10
-11.4311927477004
 20
4.009625809615364
 30
0.0
 10
-11.71955567588343
 20
3.881581894748732
 30
0.0
 10
-11.86384680948177
 20
3.817511239956556
 30
0.0
  0
SPLINE
  5
6D2
330
1B
100
AcDbEntity
 67
     1
  8
0
  6
Continuous
 62
     7
370
    25
100
AcDbSpline
210
0.0
220
0.0
230
1.0
 70
     8
 71
     3
 72
     9
 73
     5
 74
     0
 42
0.00000001
 43
0.00000001
 40
0.0
 40
0.0
 40
0.0
 40
0.0
 40
0.5559131818896733
 40
1.0
 40
1.0
 40
1.0
 40
1.0
 10
-9.945355510222123
 20
4.329093797282381
 30
0.0
 10
-10.03676769839016
 20
4.319856142320036
 30
0.0
 10
-10.20120378507785
 20
4.303239060258873
 30
0.0
 10
-10.36260225058876
 20
4.267849661553199
 30
0.0
 10
-10.43427718158539
 20
4.252133696087159
 30
0.0
  0
SPLINE
  5
6D4
330
1B
100
AcDbEntity
 67
     1
  8
0
  6
Continuous
 62
     7
370
    25
100
AcDbSpline
210
0.0
220
0.0
230
1.0
 70
     8
 71
     3
 72
     9
 73
     5
 74
     0
 42
0.00000001
 43
0.00000001
 40
0.0
 40
0.0
 40
0.0
 40
0.0
 40
0.5628454781264363
 40
1.0
 40
1.0
 40
1.0
 40
1.0
 10
-10.40593701169757
 20
4.040872983968659
 30
0.0
 10
-10.31731498631494
 20
4.04373003554015
 30
0.0
 10
-10.159861424322
 20
4.048806120687003
 30
0.0
 10
-10.00234412857653
 20
4.05112420235641
 30
0.0
 10
-9.933484730468095
 20
4.052137562240262
 30
0.0
  0
SPLINE
  5
6D6
330
1B
100
AcDbEntity
 67
     1
  8
0
  6
Continuous
 62
     7
370
    25
100
AcDbSpline
210
0.0
220
0.0
230
1.0
 70
     8
 71
     3
 72
     9
 73
     5
 74
     0
 42
0.00000001
 43
0.00000001
 40
0.0
 40
0.0
 40
0.0
 40
0.0
 40
0.5590960637894103
 40
1.0
 40
1.0
 40
1.0
 40
1.0
 10
-10.87329720587915
 20
4.133490852570122
 30
0.0
 10
-10.94380272115664
 20
4.110381894658877
 30
0.0
 10
-11.06990898418347
 20
4.069049180286649
 30
0.0
 10
-11.1940165302184
 20
4.022069544387913
 30
0.0
 10
-11.24873603577864
 20
4.001356037998418
 30
0.0
  0
SPLINE
  5
6D8
330
1B
100
AcDbEntity
 67
     1
  8
0
  6
Continuous
 62
     7
370
    25
100
AcDbSpline
210
0.0
220
0.0
230
1.0
 70
     8
 71
     3
 72
     9
 73
     5
 74
     0
 42
0.00000001
 43
0.00000001
 40
0.0
 40
0.0
 40
0.0
 40
0.0
 40
0.5602772183836191
 40
0.9999999999999999
 40
0.9999999999999999
 40
0.9999999999999999
 40
0.9999999999999999
 10
-11.23865045533891
 20
3.962896937599211
 30
0.0
 10
-11.16589621652567
 20
3.9730530918312
 30
0.0
 10
-11.03604221492422
 20
3.991180108063074
 30
0.0
 10
-10.90558584637441
 20
4.00424696820392
 30
0.0
 10
-10.84822120911611
 20
4.009992764292045
 30
0.0
  0
CIRCLE
  5
6DA
330
1B
100
AcDbEntity
 67
     1
  8
0
  6
Continuous
 62
     7
370
    25
100
AcDbCircle
 10
-10.6581151237
 20
4.1123930599
 30
0.0
 40
0.0590551181102388
  0
CIRCLE
  5
6DB
330
1B
100
AcDbEntity
 67
     1
  8
0
  6
Continuous
 62
     7
370
    25
100
AcDbCircle
 10
-9.6613867826
 20
4.1932176471
 30
0.0
 40
0.0590551181102388
  0
SPLINE
  5
6DC
330
1B
100
AcDbEntity
 67
     1
  8
0
  6
Continuous
 62
     7
370
    25
100
AcDbSpline
210
0.0
220
0.0
230
1.0
 70
     8
 71
     3
 72
     9
 73
     5
 74
     0
 42
0.00000001
 43
0.00000001
 40
0.0
 40
0.0
 40
0.0
 40
0.0
 40
0.5559131818896729
 40
1.0
 40
1.0
 40
1.0
 40
1.0
 10
-11.0802430961966
 20
3.470078923449594
 30
0.0
 10
-10.98883090802856
 20
3.479316578411936
 30
0.0
 10
-10.82439482134087
 20
3.495933660473096
 30
0.0
 10
-10.66299635582996
 20
3.531323059178771
 30
0.0
 10
-10.59132142483334
 20
3.547039024644811
 30
0.0
  0
SPLINE
  5
6DE
330
1B
100
AcDbEntity
 67
     1
  8
0
  6
Continuous
 62
     7
370
    25
100
AcDbSpline
210
0.0
220
0.0
230
1.0
 70
     8
 71
     3
 72
     9
 73
     5
 74
     0
 42
0.00000001
 43
0.00000001
 40
0.0
 40
0.0
 40
0.0
 40
0.0
 40
0.5628454781264361
 40
1.0
 40
1.0
 40
1.0
 40
1.0
 10
-10.61966159472115
 20
3.75829973676331
 30
0.0
 10
-10.70828362010378
 20
3.755442685191821
 30
0.0
 10
-10.86573718209672
 20
3.750366600044971
 30
0.0
 10
-11.0232544778422
 20
3.748048518375565
 30
0.0
 10
-11.09211387595063
 20
3.747035158491712
 30
0.0
  0
SPLINE
  5
6E0
330
1B
100
AcDbEntity
 67
     1
  8
0
  6
Continuous
 62
     7
370
    25
100
AcDbSpline
210
0.0
220
0.0
230
1.0
 70
     8
 71
     3
 72
     9
 73
     5
 74
     0
 42
0.00000001
 43
0.00000001
 40
0.0
 40
0.0
 40
0.0
 40
0.0
 40
0.5590960637894103
 40
1.0
 40
1.0
 40
1.0
 40
1.0
 10
-10.15230140053957
 20
3.665681868161843
 30
0.0
 10
-10.08179588526208
 20
3.688790826073087
 30
0.0
 10
-9.955689622235253
 20
3.730123540445315
 30
0.0
 10
-9.831582076200325
 20
3.777103176344053
 30
0.0
 10
-9.776862570640088
 20
3.797816682733547
 30
0.0
  0
SPLINE
  5
6E2
330
1B
100
AcDbEntity
 67
     1
  8
0
  6
Continuous
 62
     7
370
    25
100
AcDbSpline
210
0.0
220
0.0
230
1.0
 70
     8
 71
     3
 72
     9
 73
     5
 74
     0
 42
0.00000001
 43
0.00000001
 40
0.0
 40
0.0
 40
0.0
 40
0.0
 40
0.5602772183836191
 40
0.9999999999999999
 40
0.9999999999999999
 40
0.9999999999999999
 40
0.9999999999999999
 10
-9.78694815107981
 20
3.836275783132753
 30
0.0
 10
-9.859702389893052
 20
3.826119628900764
 30
0.0
 10
-9.989556391494494
 20
3.807992612668887
 30
0.0
 10
-10.12001276004432
 20
3.794925752528045
 30
0.0
 10
-10.17737739730261
 20
3.789179956439921
 30
0.0
  0
CIRCLE
  5
6E4
330
1B
100
AcDbEntity
 67
     1
  8
0
  6
Continuous
 62
     7
370
    25
100
AcDbCircle
 10
-10.3674834827
 20
3.6867796608
 30
0.0
 40
0.0590551181102388
  0
CIRCLE
  5
6E5
330
1B
100
AcDbEntity
 67
     1
  8
0
  6
Continuous
 62
     7
370
    25
100
AcDbCircle
 10
-11.3642118239
 20
3.6059550737
 30
0.0
 40
0.0590551181102388
  0
SPLINE
  5
6E7
330
1B
100
AcDbEntity
 67
     1
  8
0
  6
Continuous
 62
     7
370
    25
100
AcDbSpline
210
0.0
220
0.0
230
1.0
 70
     8
 71
     3
 72
    36
 73
    32
 74
     0
 42
0.00000001
 43
0.00000001
 40
0.0
 40
0.0
 40
0.0
 40
0.0
 40
0.077458226367865
 40
0.1547646431350745
 40
0.2320361202111983
 40
0.3092767603809877
 40
0.3859046630270893
 40
0.4095356506631169
 40
0.4330183322370503
 40
0.4560564853826469
 40
0.4781686466596782
 40
0.4817056496769645
 40
0.4836664080017909
 40
0.4838681216287775
 40
0.4840133880606899
 40
0.4843934591401185
 40
0.4865022992641596
 40
0.489752992666439
 40
0.4938252211284935
 40
0.4979403531218138
 40
0.5158767446310002
 40
0.5343459075792112
 40
0.5642786349993557
 40
0.5914070877437446
 40
0.6188195385811834
 40
0.6606859065485526
 40
0.7028590433155817
 40
0.7452009924439509
 40
0.8299852296688744
 40
0.914927955219094
 40
1.0
 40
1.0
 40
1.0
 40
1.0
 10
-9.166050797514398
 20
4.030816669616851
 30
0.0
 10
-9.306113203457397
 20
3.998263528744527
 30
0.0
 10
-9.585963508439349
 20
3.933221047574041
 30
0.0
 10
-10.01281886835535
 20
3.873465909366207
 30
0.0
 10
-10.44132581560161
 20
3.834300466660417
 30
0.0
 10
-10.87005995564992
 20
3.818357842200829
 30
0.0
 10
-11.19960034067039
 20
3.817784775199046
 30
0.0
 10
-11.42871006237955
 20
3.801614985250817
 30
0.0
 10
-11.55790156030488
 20
3.784107654231323
 30
0.0
 10
-11.68201292116376
 20
3.755734281175491
 30
0.0
 10
-11.76738429513115
 20
3.722415112572572
 30
0.0
 10
-11.81002495479739
 20
3.69407757782456
 30
0.0
 10
-11.81864393683184
 20
3.687858724379022
 30
0.0
 10
-11.8215220590379
 20
3.684639429834257
 30
0.0
 10
-11.82206772630346
 20
3.683387221232039
 30
0.0
 10
-11.82249352042955
 20
3.678459639022842
 30
0.0
 10
-11.82130601025353
 20
3.667867237843141
 30
0.0
 10
-11.82024011569806
 20
3.650404588299657
 30
0.0
 10
-11.8152075946462
 20
3.62949520803277
 30
0.0
 10
-11.79057257452056
 20
3.587324014393037
 30
0.0
 10
-11.73492595582648
 20
3.534568025541598
 30
0.0
 10
-11.62930842191969
 20
3.470532911473489
 30
0.0
 10
-11.49515182608818
 20
3.425400655959253
 30
0.0
 10
-11.34010966820914
 20
3.400225583024279
 30
0.0
 10
-11.1610078915907
 20
3.392855406298627
 30
0.0
 10
-10.95429542317499
 20
3.408019802589376
 30
0.0
 10
-10.72266946670466
 20
3.445748755355464
 30
0.0
 10
-10.41582849835534
 20
3.513586190217188
 30
0.0
 10
-10.03733444450216
 20
3.62301237124095
 30
0.0
 10
-9.594405858718321
 20
3.789546911116597
 30
0.0
 10
-9.306042930535295
 20
3.917590825983226
 30
0.0
 10
-9.16175179693695
 20
3.981661480775401
 30
0.0
  0
CIRCLE
  5
702
330
1B
100
AcDbEntity
 67
     1
  8
0
  6
Continuous
 62
     7
370
    25
100
AcDbCircle
 10
-0.4496990973
 20
-3.1247687558
 30
0.0
 40
0.0590551181102362
  0
CIRCLE
  5
703
330
1B
100
AcDbEntity
 67
     1
  8
0
  6
Continuous
 62
     7
370
    25
100
AcDbCircle
 10
2.5484733837
 20
-3.2294672459
 30
0.0
 40
0.0590551181102374
  0
CIRCLE
  5
704
330
1B
100
AcDbEntity
 67
     1
  8
0
  6
Continuous
 62
     7
370
    25
100
AcDbCircle
 10
1.0493871432
 20
-3.1771180009
 30
0.0
 40
0.4549999999999588
  0
SPLINE
  5
73A
330
1B
100
AcDbEntity
 67
     1
  8
0
  6
Continuous
 62
     7
370
    25
100
AcDbSpline
210
0.0
220
0.0
230
1.0
 70
     8
 71
     3
 72
    55
 73
    51
 74
     0
 42
0.00000001
 43
0.00000001
 40
0.0
 40
0.0
 40
0.0
 40
0.0
 40
0.0190136358875781
 40
0.0394311578822572
 40
0.0602807673586436
 40
0.0807414835354871
 40
0.1008911534488374
 40
0.1209815928087885
 40
0.1411548651644125
 40
0.1966956792566836
 40
0.2521819736969201
 40
0.2900078264790376
 40
0.327804298793113
 40
0.3656044724280279
 40
0.4034169728383467
 40
0.4411608714670017
 40
0.4509984658853112
 40
0.4607219328702203
 40
0.4657594483853404
 40
0.4707176570746286
 40
0.4750932855376749
 40
0.4788933329767588
 40
0.4828154126548224
 40
0.4865167811554742
 40
0.4902777200286224
 40
0.4944157852317408
 40
0.4988488473699141
 40
0.5119336339534666
 40
0.52491841378924
 40
0.538027877487694
 40
0.5511230862291385
 40
0.5642685982350383
 40
0.5774308431751869
 40
0.5994690182379278
 40
0.6215456245088867
 40
0.6436577374074696
 40
0.6657956357196215
 40
0.6879435672395602
 40
0.710087240352492
 40
0.73618874560471
 40
0.7622817683490659
 40
0.7883559044229493
 40
0.8144501508365025
 40
0.8493233617882915
 40
0.8840832622201066
 40
0.9187287698130344
 40
0.9396046553379616
 40
0.9607637775860937
 40
0.9812062280180756
 40
1.0
 40
1.0
 40
1.0
 40
1.0
 10
-6.505708383525556
 20
-4.44902568333265
 30
0.0
 10
-6.364216186629116
 20
-4.406369131919052
 30
0.0
 10
-6.070784610053281
 20
-4.31790645053358
 30
0.0
 10
-5.614706667466767
 20
-4.209835769573602
 30
0.0
 10
-5.142920201726846
 20
-4.121642803043795
 30
0.0
 10
-4.668200093710314
 20
-4.066302921181393
 30
0.0
 10
-4.197518762115396
 20
-4.034136408718835
 30
0.0
 10
-3.728541073761088
 20
-4.012315232306942
 30
0.0
 10
-2.984598637790669
 20
-3.983535082063324
 30
0.0
 10
-1.965292462654942
 20
-3.956968534726912
 30
0.0
 10
-0.8084318590366093
 20
-3.955620683215436
 30
0.0
 10
0.2102793635871865
 20
-3.972854432682882
 30
0.0
 10
1.09152967999091
 20
-3.989385576830731
 30
0.0
 10
1.972800613792635
 20
-3.999426195806947
 30
0.0
 10
2.853532497646263
 20
-4.012279653450181
 30
0.0
 10
3.517162354850419
 20
-4.028364478168037
 30
0.0
 10
3.962394283828508
 20
-4.018728149251454
 30
0.0
 10
4.153281825710966
 20
-4.004242362260964
 30
0.0
 10
4.304455254760211
 20
-3.97804284393378
 30
0.0
 10
4.412937397201246
 20
-3.952041464907411
 30
0.0
 10
4.507301063825442
 20
-3.906664602920197
 30
0.0
 10
4.566437720975873
 20
-3.830591069696006
 30
0.0
 10
4.599552954950494
 20
-3.747073266993691
 30
0.0
 10
4.604608017741061
 20
-3.656839792960551
 30
0.0
 10
4.577547449836208
 20
-3.569449579244264
 30
0.0
 10
4.529590014851797
 20
-3.48596411848466
 30
0.0
 10
4.425237535595932
 20
-3.353628283153407
 30
0.0
 10
4.25804022269758
 20
-3.18411984362465
 30
0.0
 10
4.013445905417763
 20
-3.00138807590573
 30
0.0
 10
3.750620194785883
 20
-2.846649012119804
 30
0.0
 10
3.474232787581261
 20
-2.715034610389374
 30
0.0
 10
3.188464016398513
 20
-2.60438450317197
 30
0.0
 10
2.830014028716084
 20
-2.491145756728147
 30
0.0
 10
2.395819144340209
 20
-2.390364552331694
 30
0.0
 10
1.886530495237704
 20
-2.313574083141799
 30
0.0
 10
1.372758664927112
 20
-2.268951771661671
 30
0.0
 10
0.8569068762321546
 20
-2.250888159182388
 30
0.0
 10
0.3405488739835901
 20
-2.255602929614317
 30
0.0
 10
-0.2059264706371672
 20
-2.283153206107348
 30
0.0
 10
-0.7812776727792654
 20
-2.337506225332342
 30
0.0
 10
-1.383467451257457
 20
-2.424912375378426
 30
0.0
 10
-1.980076207278822
 20
-2.544481332367649
 30
0.0
 10
-2.635582192763608
 20
-2.712438610709256
 30
0.0
 10
-3.345381702279666
 20
-2.936496204121473
 30
0.0
 10
-4.105449494229947
 20
-3.218074298358257
 30
0.0
 10
-4.753626324744672
 20
-3.487287016940448
 30
0.0
 10
-5.293031942871351
 20
-3.740814653145303
 30
0.0
 10
-5.725346276020166
 20
-3.961899738327789
 30
0.0
 10
-6.138553758637699
 20
-4.184594218183189
 30
0.0
 10
-6.402507683764833
 20
-4.337251626881467
 30
0.0
 10
-6.528939067251313
 20
-4.410373052796568
 30
0.0
  0
SPLINE
  5
73C
330
1B
100
AcDbEntity
 67
     1
  8
0
  6
Continuous
 62
     7
370
    25
100
AcDbSpline
210
0.0
220
0.0
230
1.0
 70
     8
 71
     3
 72
    55
 73
    51
 74
     0
 42
0.00000001
 43
0.00000001
 40
0.0
 40
0.0
 40
0.0
 40
0.0
 40
0.0190136358875783
 40
0.0394311578822572
 40
0.0602807673586436
 40
0.0807414835354871
 40
0.1008911534488374
 40
0.1209815928087886
 40
0.1411548651644126
 40
0.1966956792566837
 40
0.2521819736969201
 40
0.2900078264790376
 40
0.327804298793113
 40
0.3656044724280279
 40
0.4034169728383467
 40
0.4411608714670017
 40
0.4509984658853112
 40
0.4607219328702203
 40
0.4657594483853404
 40
0.4707176570746286
 40
0.4750932855376749
 40
0.4788933329767588
 40
0.4828154126548224
 40
0.4865167811554742
 40
0.4902777200286224
 40
0.4944157852317408
 40
0.4988488473699141
 40
0.5119336339534666
 40
0.52491841378924
 40
0.5380278774876939
 40
0.5511230862291384
 40
0.5642685982350382
 40
0.5774308431751869
 40
0.5994690182379276
 40
0.6215456245088866
 40
0.6436577374074695
 40
0.6657956357196214
 40
0.6879435672395601
 40
0.7100872403524919
 40
0.7361887456047099
 40
0.7622817683490658
 40
0.7883559044229492
 40
0.8144501508365024
 40
0.8493233617882915
 40
0.8840832622201066
 40
0.9187287698130344
 40
0.9396046553379616
 40
0.9607637775860937
 40
0.9812062280180756
 40
1.0
 40
1.0
 40
1.0
 40
1.0
 10
-10.57135631186031
 20
0.3311674646970503
 30
0.0
 10
-10.42914120543831
 20
0.371348139983315
 30
0.0
 10
-10.13421043324278
 20
0.4546762609379971
 30
0.0
 10
-9.676315860087922
 20
0.5547708245887153
 30
0.0
 10
-9.203062070215093
 20
0.6347165497508456
 30
0.0
 10
-8.727448450259917
 20
0.681762994812137
 30
0.0
 10
-8.256277422662432
 20
0.7057100862576116
 30
0.0
 10
-7.786990329841922
 20
0.7193431499714648
 30
0.0
 10
-7.042658917028493
 20
0.7351353311003047
 30
0.0
 10
-6.023044336978607
 20
0.7439084865703761
 30
0.0
 10
-4.866336405581188
 20
0.7250661313519114
 30
0.0
 10
-3.848081108010983
 20
0.6900560443685284
 30
0.0
 10
-2.967253518545419
 20
0.6581474792991427
 30
0.0
 10
-2.086292039538699
 20
0.6327280910397558
 30
0.0
 10
-1.205918619183816
 20
0.6045057002410917
 30
0.0
 10
-0.5426705549197242
 20
0.5768413873281036
 30
0.0
 10
-0.0973382597921328
 20
0.5787058800017395
 30
0.0
 10
0.0937730208352346
 20
0.5898580137719579
 30
0.0
 10
0.245380670081317
 20
0.6134152016593168
 30
0.0
 10
0.3543000768013125
 20
0.6375193461086512
 30
0.0
 10
0.4494413068202697
 20
0.6812424239171582
 30
0.0
 10
0.5098966233923301
 20
0.7562722937978381
 30
0.0
 10
0.5444644003939286
 20
0.839199435811683
 30
0.0
 10
0.5510934845370239
 20
0.9293309438392852
 30
0.0
 10
0.5255622076161515
 20
1.017180119632238
 30
0.0
 10
0.4790690989741546
 20
1.101489837798835
 30
0.0
 10
0.3770420918907422
 20
1.235626719622096
 30
0.0
 10
0.2128285741341871
 20
1.408027337654404
 30
0.0
 10
-0.0285393811671517
 20
1.595000033877436
 30
0.0
 10
-0.2886244931373648
 20
1.754302471278569
 30
0.0
 10
-0.5626728171691561
 20
1.890720452862808
 30
0.0
 10
-0.846466953740415
 20
2.006341060274702
 30
0.0
 10
-1.202886059126139
 20
2.125818374781428
 30
0.0
 10
-1.635255938977693
 20
2.234161975307427
 30
0.0
 10
-2.143126842473329
 20
2.31982906143495
 30
0.0
 10
-2.656041656129534
 20
2.373411131519515
 30
0.0
 10
-3.171499624591775
 20
2.400474847900829
 30
0.0
 10
-3.687861267105398
 20
2.40477248527366
 30
0.0
 10
-4.234734199507073
 20
2.386763714643457
 30
0.0
 10
-4.810946363856917
 20
2.342460236670519
 30
0.0
 10
-5.414569873570796
 20
2.265577059770827
 30
0.0
 10
-6.013174529223538
 20
2.156438572207026
 30
0.0
 10
-6.671511936657442
 20
1.999947031453183
 30
0.0
 10
-7.385113684455793
 20
1.788311272626748
 30
0.0
 10
-8.14997992974435
 20
1.520041076122576
 30
0.0
 10
-8.802756449571048
 20
1.262181605430758
 30
0.0
 10
-9.346504580959554
 20
1.018106508794986
 30
0.0
 10
-9.782611537305293
 20
0.8046000213926013
 30
0.0
 10
-10.19964264099558
 20
0.5891509239146943
 30
0.0
 10
-10.4662206038037
 20
0.4411233968612095
 30
0.0
 10
-10.59390887602243
 20
0.3702196395844811
 30
0.0
  0
CIRCLE
  5
755
330
1B
100
AcDbEntity
 67
     1
  8
0
  6
Continuous
 62
     7
370
    25
100
AcDbCircle
 10
-4.4931579151
 20
1.549530766
 30
0.0
 40
0.0590551181102364
  0
CIRCLE
  5
756
330
1B
100
AcDbEntity
 67
     1
  8
0
  6
Continuous
 62
     7
370
    25
100
AcDbCircle
 10
-1.4972693108
 20
1.3925228973
 30
0.0
 40
0.0590551181102367
  0
CIRCLE
  5
757
330
1B
100
AcDbEntity
 67
     1
  8
0
  6
Continuous
 62
     7
370
    25
100
AcDbCircle
 10
-2.995213613
 20
1.4710268317
 30
0.0
 40
0.4549999999999573
  0
CIRCLE
  5
7A6
330
1B
100
AcDbEntity
 67
     1
  8
0
  6
Continuous
 62
     7
370
    25
100
AcDbCircle
 10
-4.347657059
 20
-0.3254438327
 30
0.0
 40
0.059055118110237
  0
CIRCLE
  5
7A7
330
1B
100
AcDbEntity
 67
     1
  8
0
  6
Continuous
 62
     7
370
    25
100
AcDbCircle
 10
-7.3435456633
 20
-0.168435964
 30
0.0
 40
0.0590551181102352
  0
CIRCLE
  5
7A8
330
1B
100
AcDbEntity
 67
     1
  8
0
  6
Continuous
 62
     7
370
    25
100
AcDbCircle
 10
-5.8456013612
 20
-0.2469398983
 30
0.0
 40
0.4549999999999585
  0
SPLINE
  5
7DE
330
1B
100
AcDbEntity
 67
     1
  8
0
  6
Continuous
 62
     7
370
    25
100
AcDbSpline
210
0.0
220
0.0
230
1.0
 70
     8
 71
     3
 72
    55
 73
    51
 74
     0
 42
0.00000001
 43
0.00000001
 40
0.0
 40
0.0
 40
0.0
 40
0.0
 40
0.0190136358875782
 40
0.0394311578822572
 40
0.0602807673586436
 40
0.0807414835354871
 40
0.1008911534488374
 40
0.1209815928087886
 40
0.1411548651644126
 40
0.1966956792566838
 40
0.2521819736969202
 40
0.2900078264790377
 40
0.3278042987931132
 40
0.3656044724280281
 40
0.4034169728383468
 40
0.4411608714670019
 40
0.4509984658853114
 40
0.4607219328702205
 40
0.4657594483853405
 40
0.4707176570746288
 40
0.475093285537675
 40
0.478893332976759
 40
0.4828154126548225
 40
0.4865167811554743
 40
0.4902777200286225
 40
0.4944157852317409
 40
0.4988488473699143
 40
0.5119336339534667
 40
0.5249184137892401
 40
0.5380278774876942
 40
0.5511230862291386
 40
0.5642685982350385
 40
0.577430843175187
 40
0.5994690182379279
 40
0.6215456245088867
 40
0.6436577374074697
 40
0.6657956357196217
 40
0.6879435672395604
 40
0.7100872403524922
 40
0.7361887456047104
 40
0.7622817683490661
 40
0.7883559044229496
 40
0.8144501508365029
 40
0.8493233617882917
 40
0.8840832622201068
 40
0.9187287698130346
 40
0.9396046553379618
 40
0.9607637775860939
 40
0.9812062280180758
 40
1.0
 40
1.0
 40
1.0
 40
1.0
 10
1.730541337728818
 20
0.8929194686351636
 30
0.0
 10
1.588326231306816
 20
0.8527387933489001
 30
0.0
 10
1.293395459111289
 20
0.7694106723942195
 30
0.0
 10
0.8355008859564252
 20
0.6693161087435052
 30
0.0
 10
0.3622470960835975
 20
0.5893703835813776
 30
0.0
 10
-0.1133665238715795
 20
0.5423239385200902
 30
0.0
 10
-0.5845375514690659
 20
0.5183768470746186
 30
0.0
 10
-1.053824644289572
 20
0.5047437833607696
 30
0.0
 10
-1.798156057103009
 20
0.4889516022319336
 30
0.0
 10
-2.817770637152889
 20
0.4801784467618695
 30
0.0
 10
-3.974478568550308
 20
0.4990208019803425
 30
0.0
 10
-4.992733866120514
 20
0.5340308889637324
 30
0.0
 10
-5.873561455586077
 20
0.5659394540331238
 30
0.0
 10
-6.754522934592795
 20
0.5913588422925178
 30
0.0
 10
-7.634896354947683
 20
0.6195812330911878
 30
0.0
 10
-8.298144419211765
 20
0.6472455460041798
 30
0.0
 10
-8.743476714339367
 20
0.6453810533305478
 30
0.0
 10
-8.934587994966726
 20
0.6342289195603299
 30
0.0
 10
-9.086195644212818
 20
0.6106717316729725
 30
0.0
 10
-9.195115050932804
 20
0.586567587223639
 30
0.0
 10
-9.290256280951768
 20
0.5428445094151327
 30
0.0
 10
-9.350711597523828
 20
0.4678146395344538
 30
0.0
 10
-9.385279374525428
 20
0.384887497520608
 30
0.0
 10
-9.39190845866852
 20
0.2947559894930072
 30
0.0
 10
-9.366377181747652
 20
0.2069068137000528
 30
0.0
 10
-9.319884073105651
 20
0.1225970955334564
 30
0.0
 10
-9.217857066022248
 20
-0.0115397862898045
 30
0.0
 10
-9.053643548265686
 20
-0.1839404043221148
 30
0.0
 10
-8.812275592964351
 20
-0.3709131005451502
 30
0.0
 10
-8.552190480994142
 20
-0.5302155379462797
 30
0.0
 10
-8.278142156962344
 20
-0.6666335195305257
 30
0.0
 10
-7.994348020391095
 20
-0.7822541269424174
 30
0.0
 10
-7.637928915005363
 20
-0.901731441449151
 30
0.0
 10
-7.205559035153819
 20
-1.010075041975149
 30
0.0
 10
-6.697688131658175
 20
-1.095742128102678
 30
0.0
 10
-6.184773318001974
 20
-1.149324198187246
 30
0.0
 10
-5.669315349539732
 20
-1.176387914568563
 30
0.0
 10
-5.152953707026116
 20
-1.180685551941398
 30
0.0
 10
-4.606080774624429
 20
-1.162676781311198
 30
0.0
 10
-4.029868610274599
 20
-1.118373303338266
 30
0.0
 10
-3.426245100560708
 20
-1.041490126438577
 30
0.0
 10
-2.827640444907967
 20
-0.9323516388747802
 30
0.0
 10
-2.16930303747407
 20
-0.7758600981209413
 30
0.0
 10
-1.455701289675706
 20
-0.5642243392945117
 30
0.0
 10
-0.6908350443871546
 20
-0.2959541427903442
 30
0.0
 10
-0.0380585245604498
 20
-0.0380946720985318
 30
0.0
 10
0.5056896068280543
 20
0.2059804245372366
 30
0.0
 10
0.9417965631737968
 20
0.4194869119396186
 30
0.0
 10
1.358827666864089
 20
0.6349360094175218
 30
0.0
 10
1.625405629672204
 20
0.7829635364710053
 30
0.0
 10
1.753093901890938
 20
0.8538672937477327
 30
0.0
  0
SPLINE
  5
7E0
330
1B
100
AcDbEntity
 67
     1
  8
0
  6
Continuous
 62
     7
370
    25
100
AcDbSpline
210
0.0
220
0.0
230
1.0
 70
     8
 71
     3
 72
    55
 73
    51
 74
     0
 42
0.00000001
 43
0.00000001
 40
0.0
 40
0.0
 40
0.0
 40
0.0
 40
0.0190136358875782
 40
0.0394311578822572
 40
0.0602807673586436
 40
0.0807414835354871
 40
0.1008911534488374
 40
0.1209815928087886
 40
0.1411548651644126
 40
0.1966956792566837
 40
0.2521819736969202
 40
0.2900078264790377
 40
0.3278042987931131
 40
0.3656044724280281
 40
0.4034169728383468
 40
0.4411608714670019
 40
0.4509984658853113
 40
0.4607219328702204
 40
0.4657594483853405
 40
0.4707176570746288
 40
0.475093285537675
 40
0.478893332976759
 40
0.4828154126548225
 40
0.4865167811554743
 40
0.4902777200286225
 40
0.494415785231741
 40
0.4988488473699143
 40
0.5119336339534667
 40
0.5249184137892401
 40
0.5380278774876941
 40
0.5511230862291386
 40
0.5642685982350384
 40
0.577430843175187
 40
0.5994690182379279
 40
0.6215456245088868
 40
0.6436577374074697
 40
0.6657956357196216
 40
0.6879435672395604
 40
0.7100872403524922
 40
0.7361887456047103
 40
0.7622817683490661
 40
0.7883559044229496
 40
0.8144501508365027
 40
0.8493233617882917
 40
0.8840832622201068
 40
0.9187287698130346
 40
0.9396046553379618
 40
0.9607637775860939
 40
0.9812062280180758
 40
1.0
 40
1.0
 40
1.0
 40
1.0
 10
1.87005945231581
 20
-0.7746488206135541
 30
0.0
 10
1.728567255419371
 20
-0.8173053720271501
 30
0.0
 10
1.435135678843536
 20
-0.9057680534126183
 30
0.0
 10
0.9790577362570211
 20
-1.013838734372596
 30
0.0
 10
0.5072712705170994
 20
-1.1020317009024
 30
0.0
 10
0.0325511625005671
 20
-1.157371582764795
 30
0.0
 10
-0.4381301690943513
 20
-1.189538095227354
 30
0.0
 10
-0.9071078574486574
 20
-1.21135927163924
 30
0.0
 10
-1.65105029341908
 20
-1.240139421882858
 30
0.0
 10
-2.670356468554806
 20
-1.266705969219259
 30
0.0
 10
-3.827217072173137
 20
-1.268053820730729
 30
0.0
 10
-4.845928294796934
 20
-1.250820071263275
 30
0.0
 10
-5.727178611200658
 20
-1.234288927115419
 30
0.0
 10
-6.608449545002381
 20
-1.224248308139197
 30
0.0
 10
-7.489181428856011
 20
-1.211394850495957
 30
0.0
 10
-8.152811286060166
 20
-1.195310025778095
 30
0.0
 10
-8.598043215038253
 20
-1.204946354694677
 30
0.0
 10
-8.788930756920712
 20
-1.219432141685165
 30
0.0
 10
-8.94010418596996
 20
-1.245631660012348
 30
0.0
 10
-9.048586328410995
 20
-1.271633039038717
 30
0.0
 10
-9.14294999503519
 20
-1.317009901025929
 30
0.0
 10
-9.20208665218562
 20
-1.393083434250121
 30
0.0
 10
-9.235201886160242
 20
-1.476601236952436
 30
0.0
 10
-9.24025694895081
 20
-1.566834710985574
 30
0.0
 10
-9.21319638104596
 20
-1.654224924701864
 30
0.0
 10
-9.165238946061548
 20
-1.737710385461465
 30
0.0
 10
-9.060886466805682
 20
-1.87004622079272
 30
0.0
 10
-8.893689153907332
 20
-2.039554660321478
 30
0.0
 10
-8.649094836627517
 20
-2.2222864280404
 30
0.0
 10
-8.38626912599564
 20
-2.377025491826327
 30
0.0
 10
-8.109881718791017
 20
-2.50863989355676
 30
0.0
 10
-7.824112947608272
 20
-2.619290000774165
 30
0.0
 10
-7.465662959925839
 20
-2.732528747217991
 30
0.0
 10
-7.03146807554997
 20
-2.833309951614449
 30
0.0
 10
-6.522179426447461
 20
-2.910100420804344
 30
0.0
 10
-6.008407596136874
 20
-2.954722732284477
 30
0.0
 10
-5.492555807441913
 20
-2.972786344763763
 30
0.0
 10
-4.976197805193352
 20
-2.96807157433184
 30
0.0
 10
-4.429722460572588
 20
-2.940521297838812
 30
0.0
 10
-3.854371258430497
 20
-2.886168278613823
 30
0.0
 10
-3.252181479952301
 20
-2.798762128567741
 30
0.0
 10
-2.655572723930936
 20
-2.679193171578524
 30
0.0
 10
-2.000066738446147
 20
-2.51123589323692
 30
0.0
 10
-1.29026722893009
 20
-2.287178299824709
 30
0.0
 10
-0.5301994369798055
 20
-2.005600205587931
 30
0.0
 10
0.1179773935349205
 20
-1.736387487005742
 30
0.0
 10
0.6573830116616033
 20
-1.482859850800891
 30
0.0
 10
1.089697344810418
 20
-1.26177476561841
 30
0.0
 10
1.502904827427952
 20
-1.039080285763012
 30
0.0
 10
1.76685875255509
 20
-0.8864228770647357
 30
0.0
 10
1.893290136041569
 20
-0.8133014511496355
 30
0.0
  0
CIRCLE
  5
7F9
330
1B
100
AcDbEntity
 67
     1
  8
0
  6
Continuous
 62
     7
370
    25
100
AcDbCircle
 10
-4.1859498339
 20
-2.0989057481
 30
0.0
 40
0.0590551181102354
  0
CIRCLE
  5
7FA
330
1B
100
AcDbEntity
 67
     1
  8
0
  6
Continuous
 62
     7
370
    25
100
AcDbCircle
 10
-7.1841223149
 20
-1.994207258
 30
0.0
 40
0.0590551181102365
  0
CIRCLE
  5
7FB
330
1B
100
AcDbEntity
 67
     1
  8
0
  6
Continuous
 62
     7
370
    25
100
AcDbCircle
 10
-5.6850360744
 20
-2.0465565031
 30
0.0
 40
0.4549999999999578
  0
SPLINE
  5
834
330
1B
100
AcDbEntity
 67
     1
  8
0
  6
Continuous
 62
     7
370
    25
100
AcDbSpline
210
0.0
220
0.0
230
1.0
 70
     8
 71
     3
 72
    10
 73
     6
 74
     0
 42
0.00000001
 43
0.00000001
 40
0.0
 40
0.0
 40
0.0
 40
0.0
 40
0.334412549134745
 40
0.6677053124600847
 40
0.9999999999999999
 40
0.9999999999999999
 40
0.9999999999999999
 40
0.9999999999999999
 10
2.562828656630282
 20
3.980225575615132
 30
0.0
 10
2.333586157375615
 20
3.919899367283504
 30
0.0
 10
1.875868781068983
 20
3.799448953900928
 30
0.0
 10
1.200122057698775
 20
3.584383455038457
 30
0.0
 10
0.7574302801287031
 20
3.421296317426675
 30
0.0
 10
0.5364163086169156
 20
3.339875026559433
 30
0.0
  0
SPLINE
  5
838
330
1B
100
AcDbEntity
 67
     1
  8
0
  6
Continuous
 62
     7
370
    25
100
AcDbSpline
210
0.0
220
0.0
230
1.0
 70
     8
 71
     3
 72
    10
 73
     6
 74
     0
 42
0.00000001
 43
0.00000001
 40
0.0
 40
0.0
 40
0.0
 40
0.0
 40
0.3340008855489984
 40
0.666513618579516
 40
0.9999999999999999
 40
0.9999999999999999
 40
0.9999999999999999
 40
0.9999999999999999
 10
0.5872400025382576
 20
2.978544952626252
 30
0.0
 10
0.8151896655665287
 20
2.983783272843521
 30
0.0
 10
1.270073354001138
 20
2.994236573760826
 30
0.0
 10
1.952702558792516
 20
2.984107275718178
 30
0.0
 10
2.407188168789945
 20
2.97388814956332
 30
0.0
 10
2.634763188331319
 20
2.968771116629316
 30
0.0
  0
SPLINE
  5
83C
330
1B
100
AcDbEntity
 67
     1
  8
0
  6
Continuous
 62
     7
370
    25
100
AcDbSpline
210
0.0
220
0.0
230
1.0
 70
     8
 71
     3
 72
    19
 73
    15
 74
     0
 42
0.00000001
 43
0.00000001
 40
0.0
 40
0.0
 40
0.0
 40
0.0
 40
0.1301445324709948
 40
0.2556147447423868
 40
0.3185347350074422
 40
0.3678121316702133
 40
0.4017106865793105
 40
0.4704256405087484
 40
0.5368986000605378
 40
0.5809137257845558
 40
0.6374970660269854
 40
0.7058905790103921
 40
0.8548929662720022
 40
0.9999999999999999
 40
0.9999999999999999
 40
0.9999999999999999
 40
0.9999999999999999
 10
9.306935508740555
 20
2.582221156605856
 30
0.0
 10
9.355213433341312
 20
2.583500936733995
 30
0.0
 10
9.450035314362438
 20
2.586014531923662
 30
0.0
 10
9.567775387759522
 20
2.59933175749264
 30
0.0
 10
9.654170238383347
 20
2.616659055151096
 30
0.0
 10
9.70676634028179
 20
2.631074418166973
 30
0.0
 10
9.755861679161125
 20
2.660369284846936
 30
0.0
 10
9.792338673096788
 20
2.714121555040751
 30
0.0
 10
9.810431060145106
 20
2.780178440259854
 30
0.0
 10
9.799476924894824
 20
2.842220991503483
 30
0.0
 10
9.775139234617397
 20
2.900309675892289
 30
0.0
 10
9.721543392295406
 20
2.986996524481988
 30
0.0
 10
9.637214973985175
 20
3.092252236730761
 30
0.0
 10
9.561905910338693
 20
3.171241103829394
 30
0.0
 10
9.524750096690136
 20
3.210212450492317
 30
0.0
  0
CIRCLE
  5
845
330
1B
100
AcDbEntity
 67
     1
  8
0
  6
Continuous
 62
     7
370
    25
100
AcDbCircle
 10
7.8401222921
 20
3.2171497544
 30
0.0
 40
0.0590551199999831
  0
CIRCLE
  5
846
330
1B
100
AcDbEntity
 67
     1
  8
0
  6
Continuous
 62
     7
370
    25
100
AcDbCircle
 10
7.8246089949
 20
3.4666679654
 30
0.0
 40
0.0590551199999824
  0
CIRCLE
  5
847
330
1B
100
AcDbEntity
 67
     1
  8
0
  6
Continuous
 62
     7
370
    25
100
AcDbCircle
 10
7.1671025637
 20
3.5672158001
 30
0.0
 40
0.0590551200000008
  0
CIRCLE
  5
848
330
1B
100
AcDbEntity
 67
     1
  8
0
  6
Continuous
 62
     7
370
    25
100
AcDbCircle
 10
7.1875348636
 20
3.2385796063
 30
0.0
 40
0.0590551199999843
  0
CIRCLE
  5
849
330
1B
100
AcDbEntity
 67
     1
  8
0
  6
Continuous
 62
     7
370
    25
100
AcDbCircle
 10
5.3961756067
 20
3.8187546673
 30
0.0
 40
0.0590551199999842
  0
CIRCLE
  5
84A
330
1B
100
AcDbEntity
 67
     1
  8
0
  6
Continuous
 62
     7
370
    25
100
AcDbCircle
 10
5.427983363
 20
3.3071539175
 30
0.0
 40
0.0590551200000016
  0
CIRCLE
  5
84B
330
1B
100
AcDbEntity
 67
     1
  8
0
  6
Continuous
 62
     7
370
    25
100
AcDbCircle
 10
3.7247730564
 20
3.7774982193
 30
0.0
 40
0.0590551199999848
  0
CIRCLE
  5
84C
330
1B
100
AcDbEntity
 67
     1
  8
0
  6
Continuous
 62
     7
370
    25
100
AcDbCircle
 10
3.7468114045
 20
3.4230301037
 30
0.0
 40
0.0590551199999847
  0
CIRCLE
  5
84D
330
1B
100
AcDbEntity
 67
     1
  8
0
  6
Continuous
 62
     7
370
    25
100
AcDbCircle
 10
3.1475360127
 20
3.7269965219
 30
0.0
 40
0.0590551199999848
  0
CIRCLE
  5
84E
330
1B
100
AcDbEntity
 67
     1
  8
0
  6
Continuous
 62
     7
370
    25
100
AcDbCircle
 10
3.1695743609
 20
3.3725284063
 30
0.0
 40
0.0590551199999839
  0
CIRCLE
  5
84F
330
1B
100
AcDbEntity
 67
     1
  8
0
  6
Continuous
 62
     7
370
    25
100
AcDbCircle
 10
6.3852942393
 20
3.4727266711
 30
0.0
 40
0.4549999999999705
  0
SPLINE
  5
85C
330
1B
100
AcDbEntity
 67
     1
  8
0
  6
Continuous
 62
     7
370
    25
100
AcDbSpline
210
0.0
220
0.0
230
1.0
 70
     8
 71
     3
 72
     9
 73
     5
 74
     0
 42
0.00000001
 43
0.00000001
 40
0.0
 40
0.0
 40
0.0
 40
0.0
 40
0.4979340491079592
 40
0.9999999999999999
 40
0.9999999999999999
 40
0.9999999999999999
 40
0.9999999999999999
 10
9.265113435726567
 20
3.427712073755842
 30
0.0
 10
9.15667272232783
 20
3.500278913845392
 30
0.0
 10
8.938891444680703
 20
3.646014760228169
 30
0.0
 10
8.700224392385271
 20
3.75421920023702
 30
0.0
 10
8.580397791827965
 20
3.808544965300804
 30
0.0
  0
SPLINE
  5
85D
330
1B
100
AcDbEntity
 67
     1
  8
0
  6
Continuous
 62
     7
370
    25
100
AcDbSpline
210
0.0
220
0.0
230
1.0
 70
     8
 71
     3
 72
    55
 73
    51
 74
     0
 42
0.00000001
 43
0.00000001
 40
0.0
 40
0.0
 40
0.0
 40
0.0
 40
0.0188262787386035
 40
0.0390381900319157
 40
0.0596942791746269
 40
0.0799758069448016
 40
0.0999432623244303
 40
0.1198414268171929
 40
0.139819362882791
 40
0.1948381073448067
 40
0.249799827188085
 40
0.2880659259170849
 40
0.3263018103589979
 40
0.3645395409928938
 40
0.4027908056747344
 40
0.4409742295559965
 40
0.4509267572912455
 40
0.4607630951501058
 40
0.4658590057643942
 40
0.4708661746080625
 40
0.4752754176871873
 40
0.4791359957262268
 40
0.4830934363121961
 40
0.4868247803731681
 40
0.4906586769519781
 40
0.4948821301522922
 40
0.4993871671178061
 40
0.5125909306753785
 40
0.5257442188302447
 40
0.5390031131771955
 40
0.5522537141232786
 40
0.5655544903250337
 40
0.5788705363531967
 40
0.600835770111923
 40
0.6228394598930956
 40
0.6448776575308172
 40
0.6669408941158685
 40
0.6890131817023145
 40
0.7110809988095685
 40
0.737093559437875
 40
0.7630966263287642
 40
0.7890815100957455
 40
0.8150878854893252
 40
0.8498427295086488
 40
0.8844799951524682
 40
0.9190105545013083
 40
0.9398213010845896
 40
0.9609072921755225
 40
0.9812735627294811
 40
1.0
 40
1.0
 40
1.0
 40
1.0
 10
-1.226013796383404
 20
2.597965242804137
 30
0.0
 10
-1.083903560356444
 20
2.632833825921131
 30
0.0
 10
-0.789223635739947
 20
2.705137354024838
 30
0.0
 10
-0.3326619492529255
 20
2.788666311958462
 30
0.0
 10
0.1385345296415119
 20
2.852145834618307
 30
0.0
 10
0.6111285311053254
 20
2.883260540314228
 30
0.0
 10
1.078537126540385
 20
2.891440388681393
 30
0.0
 10
1.543587494141158
 20
2.888979033198536
 30
0.0
 10
2.280950992393224
 20
2.879227128893568
 30
0.0
 10
3.29060799542566
 20
2.85316037563901
 30
0.0
 10
4.441308303077572
 20
2.795493832998517
 30
0.0
 10
5.460511971262662
 20
2.725312498886606
 30
0.0
 10
6.34987682577467
 20
2.661674098394548
 30
0.0
 10
7.239612998209574
 20
2.604809768167479
 30
0.0
 10
8.128674924638075
 20
2.545368591237985
 30
0.0
 10
8.79824700453486
 20
2.493879547998209
 30
0.0
 10
9.24853521204411
 20
2.479793003761191
 30
0.0
 10
9.442170631082243
 20
2.484219358019891
 30
0.0
 10
9.596159973398096
 20
2.502908846659183
 30
0.0
 10
9.706988276999194
 20
2.523413297816862
 30
0.0
 10
9.804083409741214
 20
2.565869981235881
 30
0.0
 10
9.866306144061458
 20
2.640780317518046
 30
0.0
 10
9.902694006641502
 20
2.724073428731659
 30
0.0
 10
9.909879597775383
 20
2.815312173998698
 30
0.0
 10
9.884727886623761
 20
2.904746174371239
 30
0.0
 10
9.838837754177803
 20
2.991373844047856
 30
0.0
 10
9.738794176936203
 20
3.129621343372054
 30
0.0
 10
9.57801049381419
 20
3.308980066428915
 30
0.0
 10
9.338997305166483
 20
3.504437011158572
 30
0.0
 10
9.080534978248416
 20
3.673144294745621
 30
0.0
 10
8.807277504757447
 20
3.818923949441922
 30
0.0
 10
8.523621068095238
 20
3.94410226145524
 30
0.0
 10
8.169037084310332
 20
4.074350890670527
 30
0.0
 10
7.739999572256263
 20
4.195358170200135
 30
0.0
 10
7.236687797448186
 20
4.296239676244084
 30
0.0
 10
6.727445720227862
 20
4.365822682904316
 30
0.0
 10
6.214878101348067
 20
4.409433464165788
 30
0.0
 10
5.700694591645493
 20
4.430582949492655
 30
0.0
 10
5.155397034011694
 20
4.430639258443209
 30
0.0
 10
4.580013151430711
 20
4.405555129701368
 30
0.0
 10
3.976249534474604
 20
4.348925925472297
 30
0.0
 10
3.376400938311227
 20
4.260084931202196
 30
0.0
 10
2.715434913888803
 20
4.126252504476274
 30
0.0
 10
1.997539594213167
 20
3.939623046933549
 30
0.0
 10
1.226544999133822
 20
3.698642435699208
 30
0.0
 10
0.5674971124004954
 20
3.464197312163192
 30
0.0
 10
0.017483768832618
 20
3.239753785899208
 30
0.0
 10
-0.4242399332996804
 20
3.042176657969869
 30
0.0
 10
-0.8469901099846724
 20
2.842086143136224
 30
0.0
 10
-1.117573260853744
 20
2.703951050832174
 30
0.0
 10
-1.247189720884081
 20
2.637780701300402
 30
0.0
  0
SPLINE
  5
861
330
1B
100
AcDbEntity
 67
     1
  8
0
  6
Continuous
 62
     7
370
    25
100
AcDbSpline
210
0.0
220
0.0
230
1.0
 70
     8
 71
     3
 72
    10
 73
     6
 74
     0
 42
0.00000001
 43
0.00000001
 40
0.0
 40
0.0
 40
0.0
 40
0.0
 40
0.3344125491347454
 40
0.6677053124600844
 40
1.0
 40
1.0
 40
1.0
 40
1.0
 10
8.074220677937294
 20
1.353720780557943
 30
0.0
 10
8.303463177191961
 20
1.414046988889571
 30
0.0
 10
8.76118055349859
 20
1.534497402272149
 30
0.0
 10
9.436927276868804
 20
1.749562901134607
 30
0.0
 10
9.879619054438875
 20
1.912650038746391
 30
0.0
 10
10.10063302595066
 20
1.994071329613634
 30
0.0
  0
SPLINE
  5
865
330
1B
100
AcDbEntity
 67
     1
  8
0
  6
Continuous
 62
     7
370
    25
100
AcDbSpline
210
0.0
220
0.0
230
1.0
 70
     8
 71
     3
 72
    10
 73
     6
 74
     0
 42
0.00000001
 43
0.00000001
 40
0.0
 40
0.0
 40
0.0
 40
0.0
 40
0.3340008855489898
 40
0.666513618579516
 40
1.0
 40
1.0
 40
1.0
 40
1.0
 10
10.0498093320293
 20
2.355401403546815
 30
0.0
 10
9.821859669001038
 20
2.35016308332955
 30
0.0
 10
9.36697598056643
 20
2.339709782412252
 30
0.0
 10
8.684346775775051
 20
2.349839080454895
 30
0.0
 10
8.229861165777612
 20
2.36005820660976
 30
0.0
 10
8.00228614623624
 20
2.365175239543768
 30
0.0
  0
SPLINE
  5
869
330
1B
100
AcDbEntity
 67
     1
  8
0
  6
Continuous
 62
     7
370
    25
100
AcDbSpline
210
0.0
220
0.0
230
1.0
 70
     8
 71
     3
 72
    19
 73
    15
 74
     0
 42
0.00000001
 43
0.00000001
 40
0.0
 40
0.0
 40
0.0
 40
0.0
 40
0.1301445324709947
 40
0.2556147447423858
 40
0.3185347350074411
 40
0.3678121316702097
 40
0.4017106865793244
 40
0.4704256405087529
 40
0.5368986000605422
 40
0.5809137257845526
 40
0.6374970660269895
 40
0.705890579010388
 40
0.8548929662720076
 40
0.9999999999999999
 40
0.9999999999999999
 40
0.9999999999999999
 40
0.9999999999999999
 10
1.330113825827031
 20
2.751725199567262
 30
0.0
 10
1.281835901226274
 20
2.750445419439123
 30
0.0
 10
1.187014020205148
 20
2.747931824249454
 30
0.0
 10
1.069273946808065
 20
2.734614598680491
 30
0.0
 10
0.9828790961842373
 20
2.717287301022028
 30
0.0
 10
0.9302829942857899
 20
2.702871938006162
 30
0.0
 10
0.8811876554064448
 20
2.673577071326199
 30
0.0
 10
0.8447106614708015
 20
2.619824801132371
 30
0.0
 10
0.826618274422473
 20
2.553767915913277
 30
0.0
 10
0.8375724096727651
 20
2.491725364669648
 30
0.0
 10
0.8619100999501847
 20
2.433636680280846
 30
0.0
 10
0.9155059422721582
 20
2.346949831691126
 30
0.0
 10
0.9998343605824084
 20
2.241694119442376
 30
0.0
 10
1.07514342422889
 20
2.162705252343736
 30
0.0
 10
1.112299237877441
 20
2.123733905680811
 30
0.0
  0
CIRCLE
  5
872
330
1B
100
AcDbEntity
 67
     1
  8
0
  6
Continuous
 62
     7
370
    25
100
AcDbCircle
 10
2.7969270425
 20
2.1167966018
 30
0.0
 40
0.0590551200000016
  0
CIRCLE
  5
873
330
1B
100
AcDbEntity
 67
     1
  8
0
  6
Continuous
 62
     7
370
    25
100
AcDbCircle
 10
2.8124403396
 20
1.8672783908
 30
0.0
 40
0.0590551200000012
  0
CIRCLE
  5
874
330
1B
100
AcDbEntity
 67
     1
  8
0
  6
Continuous
 62
     7
370
    25
100
AcDbCircle
 10
3.4699467709
 20
1.766730556
 30
0.0
 40
0.0590551199999848
  0
CIRCLE
  5
875
330
1B
100
AcDbEntity
 67
     1
  8
0
  6
Continuous
 62
     7
370
    25
100
AcDbCircle
 10
3.449514471
 20
2.0953667499
 30
0.0
 40
0.0590551200000016
  0
CIRCLE
  5
876
330
1B
100
AcDbEntity
 67
     1
  8
0
  6
Continuous
 62
     7
370
    25
100
AcDbCircle
 10
5.2408737279
 20
1.5151916889
 30
0.0
 40
0.0590551200000008
  0
CIRCLE
  5
877
330
1B
100
AcDbEntity
 67
     1
  8
0
  6
Continuous
 62
     7
370
    25
100
AcDbCircle
 10
5.2090659716
 20
2.0267924387
 30
0.0
 40
0.0590551200000016
  0
CIRCLE
  5
878
330
1B
100
AcDbEntity
 67
     1
  8
0
  6
Continuous
 62
     7
370
    25
100
AcDbCircle
 10
6.9122762782
 20
1.5564481368
 30
0.0
 40
0.0590551199999843
  0
CIRCLE
  5
879
330
1B
100
AcDbEntity
 67
     1
  8
0
  6
Continuous
 62
     7
370
    25
100
AcDbCircle
 10
6.89023793
 20
1.9109162524
 30
0.0
 40
0.0590551200000003
  0
CIRCLE
  5
87A
330
1B
100
AcDbEntity
 67
     1
  8
0
  6
Continuous
 62
     7
370
    25
100
AcDbCircle
 10
7.4895133218
 20
1.6069498343
 30
0.0
 40
0.0590551200000016
  0
CIRCLE
  5
87B
330
1B
100
AcDbEntity
 67
     1
  8
0
  6
Continuous
 62
     7
370
    25
100
AcDbCircle
 10
7.4674749737
 20
1.9614179499
 30
0.0
 40
0.0590551200000008
  0
CIRCLE
  5
87C
330
1B
100
AcDbEntity
 67
     1
  8
0
  6
Continuous
 62
     7
370
    25
100
AcDbCircle
 10
4.2517550953
 20
1.8612196851
 30
0.0
 40
0.4549999999999517
  0
SPLINE
  5
87D
330
1B
100
AcDbEntity
 67
     1
  8
0
  6
Continuous
 62
     7
370
    25
100
AcDbSpline
210
0.0
220
0.0
230
1.0
 70
     8
 71
     3
 72
    55
 73
    51
 74
     0
 42
0.00000001
 43
0.00000001
 40
0.0
 40
0.0
 40
0.0
 40
0.0
 40
0.0188262787386028
 40
0.039038190031915
 40
0.0596942791746262
 40
0.0799758069448016
 40
0.0999432623244295
 40
0.1198414268171922
 40
0.1398193628827911
 40
0.1948381073448053
 40
0.2497998271880844
 40
0.2880659259170842
 40
0.3263018103589965
 40
0.3645395409928937
 40
0.4027908056747331
 40
0.440974229555996
 40
0.4509267572912447
 40
0.4607630951501054
 40
0.4658590057643937
 40
0.470866174608062
 40
0.4752754176871868
 40
0.4791359957262261
 40
0.4830934363121956
 40
0.4868247803731677
 40
0.4906586769519777
 40
0.4948821301522917
 40
0.4993871671178051
 40
0.512590930675378
 40
0.525744218830244
 40
0.5390031131771945
 40
0.5522537141232778
 40
0.5655544903250328
 40
0.5788705363531957
 40
0.6008357701119218
 40
0.6228394598930952
 40
0.6448776575308159
 40
0.6669408941158674
 40
0.6890131817023141
 40
0.7110809988095682
 40
0.7370935594378747
 40
0.7630966263287638
 40
0.7890815100957443
 40
0.8150878854893249
 40
0.8498427295086481
 40
0.8844799951524669
 40
0.9190105545013076
 40
0.9398213010845891
 40
0.9609072921755225
 40
0.9812735627294811
 40
1.0
 40
1.0
 40
1.0
 40
1.0
 10
11.86306313095096
 20
2.73598111336892
 30
0.0
 10
11.72095289492401
 20
2.701112530251922
 30
0.0
 10
11.42627297030752
 20
2.628809002148205
 30
0.0
 10
10.9697112838205
 20
2.545280044214595
 30
0.0
 10
10.49851480492606
 20
2.481800521554762
 30
0.0
 10
10.02592080346225
 20
2.450685815858836
 30
0.0
 10
9.558512208027182
 20
2.442505967491686
 30
0.0
 10
9.093461840426414
 20
2.44496732297454
 30
0.0
 10
8.35609834217435
 20
2.454719227279506
 30
0.0
 10
7.346441339141921
 20
2.480785980534077
 30
0.0
 10
6.19574103149001
 20
2.538452523174577
 30
0.0
 10
5.176537363304919
 20
2.608633857286484
 30
0.0
 10
4.287172508792909
 20
2.672272257778554
 30
0.0
 10
3.397436336358011
 20
2.72913658800564
 30
0.0
 10
2.508374409929505
 20
2.788577764935141
 30
0.0
 10
1.838802330032727
 20
2.840066808174897
 30
0.0
 10
1.388514122523467
 20
2.854153352411939
 30
0.0
 10
1.19487870348534
 20
2.849726998153236
 30
0.0
 10
1.04088936116948
 20
2.831037509513944
 30
0.0
 10
0.9300610575683798
 20
2.810533058356264
 30
0.0
 10
0.8329659248263599
 20
2.768076374937249
 30
0.0
 10
0.7707431905061319
 20
2.693166038655077
 30
0.0
 10
0.7343553279260734
 20
2.609872927441472
 30
0.0
 10
0.7271697367921905
 20
2.518634182174428
 30
0.0
 10
0.7523214479438305
 20
2.429200181801892
 30
0.0
 10
0.7982115803897675
 20
2.342572512125273
 30
0.0
 10
0.8982551576313871
 20
2.20432501280108
 30
0.0
 10
1.059038840753374
 20
2.024966289744213
 30
0.0
 10
1.2980520294011
 20
1.829509345014559
 30
0.0
 10
1.556514356319154
 20
1.660802061427505
 30
0.0
 10
1.829771829810117
 20
1.515022406731198
 30
0.0
 10
2.11342826647233
 20
1.389844094717876
 30
0.0
 10
2.468012250257238
 20
1.259595465502608
 30
0.0
 10
2.897049762311306
 20
1.138588185972979
 30
0.0
 10
3.40036153711938
 20
1.037706679929029
 30
0.0
 10
3.909603614339704
 20
0.9681236732687952
 30
0.0
 10
4.422171233219493
 20
0.924512892007308
 30
0.0
 10
4.936354742922084
 20
0.9033634066804525
 30
0.0
 10
5.481652300555878
 20
0.9033070977298816
 30
0.0
 10
6.057036183136868
 20
0.9283912264717104
 30
0.0
 10
6.660799800092965
 20
0.9850204307008014
 30
0.0
 10
7.260648396256342
 20
1.073861424970886
 30
0.0
 10
7.921614420678764
 20
1.207693851696813
 30
0.0
 10
8.639509740354411
 20
1.394323309239506
 30
0.0
 10
9.410504335433743
 20
1.635303920473874
 30
0.0
 10
10.06955222216708
 20
1.869749044009851
 30
0.0
 10
10.61956556573496
 20
2.094192570273869
 30
0.0
 10
11.06128926786727
 20
2.29176969820318
 30
0.0
 10
11.48403944455227
 20
2.491860213036836
 30
0.0
 10
11.75462259542134
 20
2.629995305340884
 30
0.0
 10
11.88423905545167
 20
2.696165654872656
 30
0.0
  0
SPLINE
  5
88A
330
1B
100
AcDbEntity
 67
     1
  8
0
  6
Continuous
 62
     7
370
    25
100
AcDbSpline
210
0.0
220
0.0
230
1.0
 70
     8
 71
     3
 72
     9
 73
     5
 74
     0
 42
0.00000001
 43
0.00000001
 40
0.0
 40
0.0
 40
0.0
 40
0.0
 40
0.4979340491079563
 40
0.9999999999999999
 40
0.9999999999999999
 40
0.9999999999999999
 40
0.9999999999999999
 10
1.371935898841009
 20
1.906234282417277
 30
0.0
 10
1.480376612239747
 20
1.833667442327729
 30
0.0
 10
1.698157889886872
 20
1.687931595944959
 30
0.0
 10
1.936824942182304
 20
1.579727155936108
 30
0.0
 10
2.056651542739612
 20
1.525401390872323
 30
0.0
  0
SPLINE
  5
88C
330
1B
100
AcDbEntity
 67
     1
  8
0
  6
Continuous
 62
     7
370
    25
100
AcDbSpline
210
0.0
220
0.0
230
1.0
 70
     8
 71
     3
 72
    14
 73
    10
 74
     0
 42
0.00000001
 43
0.00000001
 40
0.0
 40
0.0
 40
0.0
 40
0.0
 40
0.1160781187520677
 40
0.2209888979368297
 40
0.3254921144219415
 40
0.4354121102794369
 40
0.5493991998218534
 40
0.77779456818926
 40
1.0
 40
1.0
 40
1.0
 40
1.0
 10
-5.628361344423261
 20
2.969671206860606
 30
0.0
 10
-5.547162551443056
 20
2.970469635671045
 30
0.0
 10
-5.392576726246981
 20
2.971989680144515
 30
0.0
 10
-5.164906841523837
 20
2.975646160217643
 30
0.0
 10
-4.941553255171453
 20
2.97967640150071
 30
0.0
 10
-4.711854051647771
 20
2.984037219848698
 30
0.0
 10
-4.395528991003132
 20
2.991175642669579
 30
0.0
 10
-4.000690709519282
 20
3.002016729269526
 30
0.0
 10
-3.685888313966498
 20
3.018413807392588
 30
0.0
 10
-3.530649348098691
 20
3.026499722515972
 30
0.0
  0
SPLINE
  5
890
330
1B
100
AcDbEntity
 67
     1
  8
0
  6
Continuous
 62
     7
370
    25
100
AcDbSpline
210
0.0
220
0.0
230
1.0
 70
     8
 71
     3
 72
     9
 73
     5
 74
     0
 42
0.00000001
 43
0.00000001
 40
0.0
 40
0.0
 40
0.0
 40
0.0
 40
0.4997237150160966
 40
1.0
 40
1.0
 40
1.0
 40
1.0
 10
-3.50250523826257
 20
2.767924626637969
 30
0.0
 10
-3.850861767484155
 20
2.697740632033423
 30
0.0
 10
-4.547960021487095
 20
2.557295036806296
 30
0.0
 10
-5.25080142037579
 20
2.449197359818026
 30
0.0
 10
-5.602416304344717
 20
2.395118655558945
 30
0.0
  0
SPLINE
  5
893
330
1B
100
AcDbEntity
 67
     1
  8
0
  6
Continuous
 62
     7
370
    25
100
AcDbSpline
210
0.0
220
0.0
230
1.0
 70
     8
 71
     3
 72
    13
 73
     9
 74
     0
 42
0.00000001
 43
0.00000001
 40
0.0
 40
0.0
 40
0.0
 40
0.0
 40
0.1400055923962391
 40
0.2799955208871576
 40
0.4199993768585871
 40
0.5600017925973578
 40
0.7800055064700483
 40
1.0
 40
1.0
 40
1.0
 40
1.0
 10
-11.63649907356878
 20
3.15720806687388
 30
0.0
 10
-11.40881497839997
 20
3.162527505136873
 30
0.0
 10
-10.95347226148843
 20
3.17316578652108
 30
0.0
 10
-10.27016310781705
 20
3.172247468479722
 30
0.0
 10
-9.587249817117879
 20
3.151463249299669
 30
0.0
 10
-8.774340864540529
 20
3.125094009083836
 30
0.0
 10
-7.83138176642331
 20
3.093796709161036
 30
0.0
 10
-7.115852580880212
 20
3.076728416713343
 30
0.0
 10
-6.758095485212308
 20
3.068194449326028
 30
0.0
  0
SPLINE
  5
894
330
1B
100
AcDbEntity
 67
     1
  8
0
  6
Continuous
 62
     7
370
    25
100
AcDbSpline
210
0.0
220
0.0
230
1.0
 70
     8
 71
     3
 72
    19
 73
    15
 74
     0
 42
0.00000001
 43
0.00000001
 40
0.0
 40
0.0
 40
0.0
 40
0.0
 40
0.0927392820556047
 40
0.1726417761615663
 40
0.2415899269570694
 40
0.3014662264281319
 40
0.3541531791488674
 40
0.4015332292451448
 40
0.4697927081222116
 40
0.5368780975110383
 40
0.6074088178502509
 40
0.7393772308776767
 40
0.8727123900766798
 40
1.0
 40
1.0
 40
1.0
 40
1.0
 10
-6.758095485212308
 20
3.068194449326028
 30
0.0
 10
-6.655309536598724
 20
3.067916998517268
 30
0.0
 10
-6.463965067030146
 20
3.067400501091797
 30
0.0
 10
-6.196202002487698
 20
3.06727891444881
 30
0.0
 10
-5.964862522299512
 20
3.067684760549077
 30
0.0
 10
-5.763688633416736
 20
3.068595371664033
 30
0.0
 10
-5.58642260288353
 20
3.069956065651378
 30
0.0
 10
-5.399871210557228
 20
3.07200729112032
 30
0.0
 10
-5.197373128430739
 20
3.075073914529517
 30
0.0
 10
-4.969231136327391
 20
3.079194014143761
 30
0.0
 10
-4.670492197708134
 20
3.084791152950664
 30
0.0
 10
-4.298382960217231
 20
3.09360454849475
 30
0.0
 10
-3.863449716869789
 20
3.107644475076433
 30
0.0
 10
-3.575078815964347
 20
3.124607391387925
 30
0.0
 10
-3.4342390770908
 20
3.132892043883523
 30
0.0
  0
SPLINE
  5
895
330
1B
100
AcDbEntity
 67
     1
  8
0
  6
Continuous
 62
     7
370
    25
100
AcDbSpline
210
0.0
220
0.0
230
1.0
 70
     8
 71
     3
 72
    11
 73
     7
 74
     0
 42
0.00000001
 43
0.00000001
 40
0.0
 40
0.0
 40
0.0
 40
0.0
 40
0.2800127809470878
 40
0.5600037821462783
 40
0.7800057018668503
 40
1.0
 40
1.0
 40
1.0
 40
1.0
 10
-3.4342390770908
 20
3.132892043883523
 30
0.0
 10
-3.224226645129459
 20
3.144914332371296
 30
0.0
 10
-2.804218116239084
 20
3.168957974238051
 30
0.0
 10
-2.220036132351973
 20
3.214840460916343
 30
0.0
 10
-1.682315966874216
 20
3.276032852002416
 30
0.0
 10
-1.351767703124529
 20
3.285657480006322
 30
0.0
 10
-1.186496434118033
 20
3.290469710649668
 30
0.0
  0
SPLINE
  5
897
330
1B
100
AcDbEntity
 67
     1
  8
0
  6
Continuous
 62
     7
370
    25
100
AcDbSpline
210
0.0
220
0.0
230
1.0
 70
     8
 71
     3
 72
    30
 73
    26
 74
     0
 42
0.00000001
 43
0.00000001
 40
0.0
 40
0.0
 40
0.0
 40
0.0
 40
0.0199852284469482
 40
0.0399909945833414
 40
0.0599918104368615
 40
0.0800359715673102
 40
0.1000540317088955
 40
0.1200488676977009
 40
0.1400385570815861
 40
0.1767147924726657
 40
0.2134054529627007
 40
0.2500636414427662
 40
0.3125503299101317
 40
0.3750555749010144
 40
0.4375288821493133
 40
0.5000326630591955
 40
0.5933607559114142
 40
0.6866890396101865
 40
0.7799683617885677
 40
0.8166215652424316
 40
0.8533036665723422
 40
0.8900234411976615
 40
0.9267225213551127
 40
0.96334966529204
 40
1.0
 40
1.0
 40
1.0
 40
1.0
 10
-11.7743156810533
 20
2.823847281911163
 30
0.0
 10
-11.72493392385362
 20
2.770197715142879
 30
0.0
 10
-11.62611966261411
 20
2.662843448979528
 30
0.0
 10
-11.4447700297522
 20
2.538582354970178
 30
0.0
 10
-11.25016040541326
 20
2.438764294975985
 30
0.0
 10
-11.04676602171615
 20
2.358202511965635
 30
0.0
 10
-10.83968142257026
 20
2.288311736998883
 30
0.0
 10
-10.6293818226496
 20
2.229356714518429
 30
0.0
 10
-10.35743330984111
 20
2.16702741815186
 30
0.0
 10
-10.02227029494789
 20
2.110592704930005
 30
0.0
 10
-9.624981842588141
 20
2.061190800240984
 30
0.0
 10
-9.132726839683077
 20
2.016066281377914
 30
0.0
 10
-8.544503081486763
 20
1.995942001788887
 30
0.0
 10
-7.862286313726735
 20
2.01168325148926
 30
0.0
 10
-7.182158024427316
 20
2.06887302385253
 30
0.0
 10
-6.39507999161287
 20
2.176189856389163
 30
0.0
 10
-5.498176065798312
 20
2.307448961097552
 30
0.0
 10
-4.492251000673362
 20
2.467675862059829
 30
0.0
 10
-3.695070450864344
 20
2.624327120622864
 30
0.0
 10
-3.102119452193071
 20
2.75025814327833
 30
0.0
 10
-2.710629668467529
 20
2.834263800956466
 30
0.0
 10
-2.318378742741096
 20
2.915605073766175
 30
0.0
 10
-1.927635373964336
 20
3.002617719818036
 30
0.0
 10
-1.540138095030621
 20
3.104364495911517
 30
0.0
 10
-1.290410279469569
 20
3.198170725520939
 30
0.0
 10
-1.165506854905043
 20
3.245088684168755
 30
0.0
  0
SPLINE
  5
898
330
1B
100
AcDbEntity
 67
     1
  8
0
  6
Continuous
 62
     7
370
    25
100
AcDbSpline
210
0.0
220
0.0
230
1.0
 70
     8
 71
     3
 72
    15
 73
    11
 74
     0
 42
0.00000001
 43
0.00000001
 40
0.0
 40
0.0
 40
0.0
 40
0.0
 40
0.2493506067842678
 40
0.313020401709499
 40
0.375608366669679
 40
0.4372454478611228
 40
0.5011722410328164
 40
0.6246132795293683
 40
0.7504519728929204
 40
1.0
 40
1.0
 40
1.0
 40
1.0
 10
-11.63649907356878
 20
3.15720806687388
 30
0.0
 10
-11.6823040767114
 20
3.155990421349132
 30
0.0
 10
-11.7398050415934
 20
3.154461859232471
 30
0.0
 10
-11.80688209407424
 20
3.140106765532211
 30
0.0
 10
-11.83953420592439
 20
3.126912210547016
 30
0.0
 10
-11.86214583499328
 20
3.099504285803966
 30
0.0
 10
-11.88012203112107
 20
3.057547146175671
 30
0.0
 10
-11.88539594606879
 20
2.997693555057848
 30
0.0
 10
-11.84470623956601
 20
2.913627354577656
 30
0.0
 10
-11.80242393567012
 20
2.859698128890459
 30
0.0
 10
-11.7743156810533
 20
2.823847281911163
 30
0.0
  0
CIRCLE
  5
899
330
1B
100
AcDbEntity
 67
     1
  8
0
  6
Continuous
 62
     7
370
    25
100
AcDbCircle
 10
-7.6700303362
 20
2.5666210633
 30
0.0
 40
0.4549999999999997
  0
CIRCLE
  5
89A
330
1B
100
AcDbEntity
 67
     1
  8
0
  6
Continuous
 62
     7
370
    25
100
AcDbCircle
 10
-9.1729244023
 20
2.5825642529
 30
0.0
 40
0.455000000000005
  0
CIRCLE
  5
89B
330
1B
100
AcDbEntity
 67
     1
  8
0
  6
Continuous
 62
     7
370
    25
100
AcDbCircle
 10
-6.7452900345
 20
2.4320894958
 30
0.0
 40
0.0590551181102461
  0
CIRCLE
  5
89C
330
1B
100
AcDbEntity
 67
     1
  8
0
  6
Continuous
 62
     7
370
    25
100
AcDbCircle
 10
-6.7549441987
 20
2.7871108057
 30
0.0
 40
0.0590551181102124
  0
CIRCLE
  5
89D
330
1B
100
AcDbEntity
 67
     1
  8
0
  6
Continuous
 62
     7
370
    25
100
AcDbCircle
 10
-10.8316295918
 20
2.8802578165
 30
0.0
 40
0.0590551181102304
  0
CIRCLE
  5
89E
330
1B
100
AcDbEntity
 67
     1
  8
0
  6
Continuous
 62
     7
370
    25
100
AcDbCircle
 10
-10.8234720629
 20
2.5802736307
 30
0.0
 40
0.0590551181102461
  0
CIRCLE
  5
89F
330
1B
100
AcDbEntity
 67
     1
  8
0
  6
Continuous
 62
     7
370
    25
100
AcDbCircle
 10
-10.1806166896
 20
2.8518456037
 30
0.0
 40
0.0590551181102461
  0
CIRCLE
  5
8A0
330
1B
100
AcDbEntity
 67
     1
  8
0
  6
Continuous
 62
     7
370
    25
100
AcDbCircle
 10
-10.1697399845
 20
2.4518666893
 30
0.0
 40
0.0590551181102444
  0
CIRCLE
  5
8A1
330
1B
100
AcDbEntity
 67
     1
  8
0
  6
Continuous
 62
     7
370
    25
100
AcDbCircle
 10
-8.4268872529
 20
2.8085810991
 30
0.0
 40
0.0590551181102656
  0
CIRCLE
  5
8A2
330
1B
100
AcDbEntity
 67
     1
  8
0
  6
Continuous
 62
     7
370
    25
100
AcDbCircle
 10
-8.4132913715
 20
2.308607456
 30
0.0
 40
0.0590551181102639
  0
CIRCLE
  5
8A3
330
1B
100
AcDbEntity
 67
     1
  8
0
  6
Continuous
 62
     7
370
    25
100
AcDbCircle
 10
-6.1762277848
 20
2.8149165767
 30
0.0
 40
0.0590551181102452
  0
CIRCLE
  5
8A4
330
1B
100
AcDbEntity
 67
     1
  8
0
  6
Continuous
 62
     7
370
    25
100
AcDbCircle
 10
-6.1667106679
 20
2.4649350266
 30
0.0
 40
0.0590551181102461
  0
SPLINE
  5
8A8
330
1B
100
AcDbEntity
 67
     1
  8
0
  6
Continuous
 62
     7
370
    25
100
AcDbSpline
210
0.0
220
0.0
230
1.0
 70
     8
 71
     3
 72
     9
 73
     5
 74
     0
 42
0.00000001
 43
0.00000001
 40
0.0
 40
0.0
 40
0.0
 40
0.0
 40
0.5606570928571022
 40
1.0
 40
1.0
 40
1.0
 40
1.0
 10
-11.63497016506106
 20
3.057217478131315
 30
0.0
 10
-11.55112216056938
 20
3.058332648323272
 30
0.0
 10
-11.40156906374795
 20
3.060321689764403
 30
0.0
 10
-11.25204423562533
 20
3.06383129093791
 30
0.0
 10
-11.18635156294789
 20
3.065373209320391
 30
0.0
  0
SPLINE
  5
8AA
330
1B
100
AcDbEntity
 67
     1
  8
0
  6
Continuous
 62
     7
370
    25
100
AcDbSpline
210
0.0
220
0.0
230
1.0
 70
     8
 71
     3
 72
    18
 73
    14
 74
     0
 42
0.00000001
 43
0.00000001
 40
0.0
 40
0.0
 40
0.0
 40
0.0
 40
0.2010100264873878
 40
0.3737356905473659
 40
0.4392779816639221
 40
0.4878569142994347
 40
0.5127539199821584
 40
0.5338067955282821
 40
0.5532882361937161
 40
0.5922002881617763
 40
0.6397892832843651
 40
0.7363329123871313
 40
1.0
 40
1.0
 40
1.0
 40
1.0
 10
-11.69693887690716
 20
2.887193496761868
 30
0.0
 10
-11.71063231524963
 20
2.904217513843919
 30
0.0
 10
-11.7360923717668
 20
2.935870078102695
 30
0.0
 10
-11.76358371630173
 20
2.97507729974448
 30
0.0
 10
-11.77830314045698
 20
3.002612073931147
 30
0.0
 10
-11.78320999356206
 20
3.017065741262881
 30
0.0
 10
-11.78395406938579
 20
3.027410155515736
 30
0.0
 10
-11.78246261195733
 20
3.034484301025786
 30
0.0
 10
-11.77788680831027
 20
3.042010366674139
 30
0.0
 10
-11.76776745954342
 20
3.04839345258079
 30
0.0
 10
-11.74846921374898
 20
3.053513433254302
 30
0.0
 10
-11.70409762487576
 20
3.056956860391225
 30
0.0
 10
-11.66496134521397
 20
3.057095470441205
 30
0.0
 10
-11.63631436609987
 20
3.05719693024375
 30
0.0
  0
SPLINE
  5
8AC
330
1B
100
AcDbEntity
 67
     1
  8
0
  6
Continuous
 62
     7
370
    25
100
AcDbSpline
210
0.0
220
0.0
230
1.0
 70
     8
 71
     3
 72
    10
 73
     6
 74
     0
 42
0.00000001
 43
0.00000001
 40
0.0
 40
0.0
 40
0.0
 40
0.0
 40
0.3392906296950254
 40
0.6724618601023923
 40
1.0
 40
1.0
 40
1.0
 40
1.0
 10
-11.21650801949797
 20
2.537200923195333
 30
0.0
 10
-11.27726360151762
 20
2.567159277883935
 30
0.0
 10
-11.39767898620793
 20
2.626535662482631
 30
0.0
 10
-11.56274501278381
 20
2.741556302127909
 30
0.0
 10
-11.65232449341
 20
2.838755882711014
 30
0.0
 10
-11.69673236436808
 20
2.88694131983948
 30
0.0
  0
SPLINE
  5
8AE
330
1B
100
AcDbEntity
 67
     1
  8
0
  6
Continuous
 62
     7
370
    25
100
AcDbSpline
210
0.0
220
0.0
230
1.0
 70
     8
 71
     3
 72
    14
 73
    10
 74
     0
 42
0.00000001
 43
0.00000001
 40
0.0
 40
0.0
 40
0.0
 40
0.0
 40
0.116078118752077
 40
0.2209888979368314
 40
0.3254921144219357
 40
0.4354121102794404
 40
0.549399199821866
 40
0.7777945681892745
 40
1.0
 40
1.0
 40
1.0
 40
1.0
 10
-2.841710215925202
 20
4.100874943178075
 30
0.0
 10
-2.760511422944991
 20
4.101673371988519
 30
0.0
 10
-2.605925597748915
 20
4.103193416461997
 30
0.0
 10
-2.378255713025779
 20
4.106849896535112
 30
0.0
 10
-2.154902126673398
 20
4.110880137818177
 30
0.0
 10
-1.925202923149711
 20
4.115240956166182
 30
0.0
 10
-1.60887786250506
 20
4.12237937898704
 30
0.0
 10
-1.214039581021216
 20
4.133220465586994
 30
0.0
 10
-0.8992371854684441
 20
4.149617543710063
 30
0.0
 10
-0.743998219600649
 20
4.157703458833451
 30
0.0
  0
SPLINE
  5
8B2
330
1B
100
AcDbEntity
 67
     1
  8
0
  6
Continuous
 62
     7
370
    25
100
AcDbSpline
210
0.0
220
0.0
230
1.0
 70
     8
 71
     3
 72
     9
 73
     5
 74
     0
 42
0.00000001
 43
0.00000001
 40
0.0
 40
0.0
 40
0.0
 40
0.0
 40
0.4997237150160972
 40
0.9999999999999999
 40
0.9999999999999999
 40
0.9999999999999999
 40
0.9999999999999999
 10
-0.7158541097644928
 20
3.899128362955448
 30
0.0
 10
-1.064210638986082
 20
3.828944368350896
 30
0.0
 10
-1.761308892989032
 20
3.68849877312376
 30
0.0
 10
-2.464150291877742
 20
3.5804010961355
 30
0.0
 10
-2.815765175846675
 20
3.526322391876423
 30
0.0
  0
SPLINE
  5
8B5
330
1B
100
AcDbEntity
 67
     1
  8
0
  6
Continuous
 62
     7
370
    25
100
AcDbSpline
210
0.0
220
0.0
230
1.0
 70
     8
 71
     3
 72
    13
 73
     9
 74
     0
 42
0.00000001
 43
0.00000001
 40
0.0
 40
0.0
 40
0.0
 40
0.0
 40
0.1400055923962363
 40
0.2799955208871591
 40
0.4199993768585876
 40
0.560001792597359
 40
0.7800055064700506
 40
1.0
 40
1.0
 40
1.0
 40
1.0
 10
-8.849847945070715
 20
4.288411803191359
 30
0.0
 10
-8.62216384990191
 20
4.293731241454347
 30
0.0
 10
-8.166821132990371
 20
4.304369522838545
 30
0.0
 10
-7.483511979318986
 20
4.303451204797206
 30
0.0
 10
-6.800598688619815
 20
4.282666985617133
 30
0.0
 10
-5.987689736042469
 20
4.25629774540132
 30
0.0
 10
-5.044730637925253
 20
4.225000445478512
 30
0.0
 10
-4.329201452382161
 20
4.20793215303082
 30
0.0
 10
-3.971444356714265
 20
4.199398185643505
 30
0.0
  0
SPLINE
  5
8B6
330
1B
100
AcDbEntity
 67
     1
  8
0
  6
Continuous
 62
     7
370
    25
100
AcDbSpline
210
0.0
220
0.0
230
1.0
 70
     8
 71
     3
 72
    19
 73
    15
 74
     0
 42
0.00000001
 43
0.00000001
 40
0.0
 40
0.0
 40
0.0
 40
0.0
 40
0.0927392820556147
 40
0.1726417761615653
 40
0.2415899269570733
 40
0.3014662264281303
 40
0.354153179148876
 40
0.4015332292451479
 40
0.4697927081222143
 40
0.536878097511046
 40
0.6074088178502528
 40
0.7393772308776727
 40
0.872712390076675
 40
0.9999999999999999
 40
0.9999999999999999
 40
0.9999999999999999
 40
0.9999999999999999
 10
-3.971444356714265
 20
4.199398185643505
 30
0.0
 10
-3.868658408100671
 20
4.199120734834743
 30
0.0
 10
-3.677313938532095
 20
4.198604237409268
 30
0.0
 10
-3.409550873989637
 20
4.198482650766274
 30
0.0
 10
-3.178211393801465
 20
4.198888496866562
 30
0.0
 10
-2.977037504918677
 20
4.1997991079815
 30
0.0
 10
-2.799771474385467
 20
4.201159801968847
 30
0.0
 10
-2.613220082059164
 20
4.203211027437792
 30
0.0
 10
-2.410721999932673
 20
4.206277650846981
 30
0.0
 10
-2.182580007829326
 20
4.210397750461247
 30
0.0
 10
-1.883841069210073
 20
4.215994889268123
 30
0.0
 10
-1.511731831719182
 20
4.224808284812224
 30
0.0
 10
-1.076798588371742
 20
4.238848211393901
 30
0.0
 10
-0.7884276874662928
 20
4.255811127705394
 30
0.0
 10
-0.6475879485927405
 20
4.264095780200993
 30
0.0
  0
SPLINE
  5
8B7
330
1B
100
AcDbEntity
 67
     1
  8
0
  6
Continuous
 62
     7
370
    25
100
AcDbSpline
210
0.0
220
0.0
230
1.0
 70
     8
 71
     3
 72
    11
 73
     7
 74
     0
 42
0.00000001
 43
0.00000001
 40
0.0
 40
0.0
 40
0.0
 40
0.0
 40
0.2800127809470856
 40
0.5600037821462661
 40
0.780005701866844
 40
0.9999999999999999
 40
0.9999999999999999
 40
0.9999999999999999
 40
0.9999999999999999
 10
-0.6475879485927405
 20
4.264095780200993
 30
0.0
 10
-0.4375755166313992
 20
4.276118068688764
 30
0.0
 10
-0.0175669877410303
 20
4.300161710555519
 30
0.0
 10
0.5666149961460808
 20
4.346044197233815
 30
0.0
 10
1.104335161623844
 20
4.407236588319885
 30
0.0
 10
1.434883425373543
 20
4.416861216323793
 30
0.0
 10
1.600154694380044
 20
4.421673446967137
 30
0.0
  0
SPLINE
  5
8B9
330
1B
100
AcDbEntity
 67
     1
  8
0
  6
Continuous
 62
     7
370
    25
100
AcDbSpline
210
0.0
220
0.0
230
1.0
 70
     8
 71
     3
 72
    30
 73
    26
 74
     0
 42
0.00000001
 43
0.00000001
 40
0.0
 40
0.0
 40
0.0
 40
0.0
 40
0.0199852284469483
 40
0.0399909945833432
 40
0.0599918104368633
 40
0.0800359715673105
 40
0.1000540317088956
 40
0.1200488676977012
 40
0.1400385570815862
 40
0.1767147924726669
 40
0.2134054529627001
 40
0.2500636414427674
 40
0.3125503299101345
 40
0.3750555749010157
 40
0.4375288821493131
 40
0.5000326630591969
 40
0.593360755911416
 40
0.6866890396101881
 40
0.7799683617885695
 40
0.8166215652424349
 40
0.8533036665723425
 40
0.8900234411976634
 40
0.9267225213551145
 40
0.9633496652920435
 40
1.0
 40
1.0
 40
1.0
 40
1.0
 10
-8.987664552555247
 20
3.955051018228641
 30
0.0
 10
-8.938282795355567
 20
3.901401451460356
 30
0.0
 10
-8.839468534116047
 20
3.794047185297001
 30
0.0
 10
-8.65811890125413
 20
3.669786091287649
 30
0.0
 10
-8.463509276915197
 20
3.569968031293461
 30
0.0
 10
-8.260114893218095
 20
3.489406248283097
 30
0.0
 10
-8.053030294072204
 20
3.419515473316369
 30
0.0
 10
-7.842730694151552
 20
3.360560450835892
 30
0.0
 10
-7.570782181343047
 20
3.298231154469347
 30
0.0
 10
-7.235619166449848
 20
3.241796441247468
 30
0.0
 10
-6.838330714090088
 20
3.192394536558468
 30
0.0
 10
-6.346075711185013
 20
3.147270017695374
 30
0.0
 10
-5.757851952988696
 20
3.127145738106376
 30
0.0
 10
-5.075635185228676
 20
3.14288698780672
 30
0.0
 10
-4.395506895929263
 20
3.20007676017002
 30
0.0
 10
-3.608428863114812
 20
3.30739359270662
 30
0.0
 10
-2.711524937300255
 20
3.438652697415041
 30
0.0
 10
-1.705599872175299
 20
3.598879598377291
 30
0.0
 10
-0.9084193223662822
 20
3.755530856940348
 30
0.0
 10
-0.3154683236950082
 20
3.881461879595804
 30
0.0
 10
0.0760214600305285
 20
3.965467537273936
 30
0.0
 10
0.4682723857569583
 20
4.046808810083657
 30
0.0
 10
0.8590157545337297
 20
4.133821456135504
 30
0.0
 10
1.246513033467438
 20
4.23556823222899
 30
0.0
 10
1.496240849028485
 20
4.32937446183841
 30
0.0
 10
1.621144273592999
 20
4.376292420486224
 30
0.0
  0
SPLINE
  5
8BA
330
1B
100
AcDbEntity
 67
     1
  8
0
  6
Continuous
 62
     7
370
    25
100
AcDbSpline
210
0.0
220
0.0
230
1.0
 70
     8
 71
     3
 72
    15
 73
    11
 74
     0
 42
0.00000001
 43
0.00000001
 40
0.0
 40
0.0
 40
0.0
 40
0.0
 40
0.2493506067842948
 40
0.3130204017095283
 40
0.3756083666697004
 40
0.4372454478611219
 40
0.5011722410328417
 40
0.6246132795293754
 40
0.7504519728929251
 40
1.0
 40
1.0
 40
1.0
 40
1.0
 10
-8.849847945070715
 20
4.288411803191359
 30
0.0
 10
-8.895652948213346
 20
4.287194157666619
 30
0.0
 10
-8.95315391309536
 20
4.285665595549968
 30
0.0
 10
-9.020230965576186
 20
4.271310501849675
 30
0.0
 10
-9.052883077426339
 20
4.258115946864501
 30
0.0
 10
-9.075494706495208
 20
4.230708022121432
 30
0.0
 10
-9.093470902623022
 20
4.188750882493153
 30
0.0
 10
-9.098744817570736
 20
4.128897291375321
 30
0.0
 10
-9.058055111067967
 20
4.044831090895137
 30
0.0
 10
-9.015772807172072
 20
3.990901865207939
 30
0.0
 10
-8.987664552555247
 20
3.955051018228641
 30
0.0
  0
CIRCLE
  5
8BB
330
1B
100
AcDbEntity
 67
     1
  8
0
  6
Continuous
 62
     7
370
    25
100
AcDbCircle
 10
-4.8833792077
 20
3.6978247997
 30
0.0
 40
0.4549999999999842
  0
CIRCLE
  5
8BC
330
1B
100
AcDbEntity
 67
     1
  8
0
  6
Continuous
 62
     7
370
    25
100
AcDbCircle
 10
-6.3862732738
 20
3.7137679892
 30
0.0
 40
0.4550000000000162
  0
CIRCLE
  5
8BD
330
1B
100
AcDbEntity
 67
     1
  8
0
  6
Continuous
 62
     7
370
    25
100
AcDbCircle
 10
-3.958638906
 20
3.5632932322
 30
0.0
 40
0.0590551181102467
  0
CIRCLE
  5
8BE
330
1B
100
AcDbEntity
 67
     1
  8
0
  6
Continuous
 62
     7
370
    25
100
AcDbCircle
 10
-3.9682930702
 20
3.918314542
 30
0.0
 40
0.0590551181102299
  0
CIRCLE
  5
8BF
330
1B
100
AcDbEntity
 67
     1
  8
0
  6
Continuous
 62
     7
370
    25
100
AcDbCircle
 10
-8.0449784633
 20
4.0114615529
 30
0.0
 40
0.0590551181102479
  0
CIRCLE
  5
8C0
330
1B
100
AcDbEntity
 67
     1
  8
0
  6
Continuous
 62
     7
370
    25
100
AcDbCircle
 10
-8.0368209344
 20
3.711477367
 30
0.0
 40
0.0590551181102479
  0
CIRCLE
  5
8C1
330
1B
100
AcDbEntity
 67
     1
  8
0
  6
Continuous
 62
     7
370
    25
100
AcDbCircle
 10
-7.3939655611
 20
3.98304934
 30
0.0
 40
0.0590551181102298
  0
CIRCLE
  5
8C2
330
1B
100
AcDbEntity
 67
     1
  8
0
  6
Continuous
 62
     7
370
    25
100
AcDbCircle
 10
-7.383088856
 20
3.5830704256
 30
0.0
 40
0.059055118110228
  0
CIRCLE
  5
8C3
330
1B
100
AcDbEntity
 67
     1
  8
0
  6
Continuous
 62
     7
370
    25
100
AcDbCircle
 10
-5.6402361244
 20
3.9397848354
 30
0.0
 40
0.0590551181102469
  0
CIRCLE
  5
8C4
330
1B
100
AcDbEntity
 67
     1
  8
0
  6
Continuous
 62
     7
370
    25
100
AcDbCircle
 10
-5.626640243
 20
3.4398111923
 30
0.0
 40
0.0590551181102461
  0
CIRCLE
  5
8C5
330
1B
100
AcDbEntity
 67
     1
  8
0
  6
Continuous
 62
     7
370
    25
100
AcDbCircle
 10
-3.3895766563
 20
3.9461203131
 30
0.0
 40
0.0590551181102301
  0
CIRCLE
  5
8C6
330
1B
100
AcDbEntity
 67
     1
  8
0
  6
Continuous
 62
     7
370
    25
100
AcDbCircle
 10
-3.3800595394
 20
3.5961387629
 30
0.0
 40
0.0590551181102288
  0
SPLINE
  5
8CA
330
1B
100
AcDbEntity
 67
     1
  8
0
  6
Continuous
 62
     7
370
    25
100
AcDbSpline
210
0.0
220
0.0
230
1.0
 70
     8
 71
     3
 72
     9
 73
     5
 74
     0
 42
0.00000001
 43
0.00000001
 40
0.0
 40
0.0
 40
0.0
 40
0.0
 40
0.5606570928571238
 40
1.0
 40
1.0
 40
1.0
 40
1.0
 10
-8.848319036562991
 20
4.188421214448784
 30
0.0
 10
-8.764471032071315
 20
4.18953638464074
 30
0.0
 10
-8.614917935249894
 20
4.19152542608187
 30
0.0
 10
-8.465393107127271
 20
4.195035027255384
 30
0.0
 10
-8.399700434449839
 20
4.196576945637869
 30
0.0
  0
SPLINE
  5
8CC
330
1B
100
AcDbEntity
 67
     1
  8
0
  6
Continuous
 62
     7
370
    25
100
AcDbSpline
210
0.0
220
0.0
230
1.0
 70
     8
 71
     3
 72
    18
 73
    14
 74
     0
 42
0.00000001
 43
0.00000001
 40
0.0
 40
0.0
 40
0.0
 40
0.0
 40
0.2010100264874021
 40
0.3737356905473642
 40
0.4392779816638899
 40
0.4878569142994135
 40
0.5127539199821348
 40
0.5338067955282948
 40
0.5532882361936854
 40
0.5922002881617636
 40
0.6397892832843993
 40
0.7363329123871566
 40
1.0
 40
1.0
 40
1.0
 40
1.0
 10
-8.910287748409097
 20
4.018397233079338
 30
0.0
 10
-8.923981186751563
 20
4.035421250161391
 30
0.0
 10
-8.949441243268742
 20
4.067073814420165
 30
0.0
 10
-8.976932587803699
 20
4.106281036061938
 30
0.0
 10
-8.9916520119589
 20
4.133815810248627
 30
0.0
 10
-8.996558865063994
 20
4.148269477580344
 30
0.0
 10
-8.997302940887751
 20
4.158613891833213
 30
0.0
 10
-8.995811483459248
 20
4.165688037343251
 30
0.0
 10
-8.991235679812242
 20
4.173214102991635
 30
0.0
 10
-8.981116331045355
 20
4.179597188898263
 30
0.0
 10
-8.961818085250917
 20
4.18471716957178
 30
0.0
 10
-8.917446496377678
 20
4.188160596708703
 30
0.0
 10
-8.8783102167159
 20
4.18829920675868
 30
0.0
 10
-8.849663237601806
 20
4.188400666561219
 30
0.0
  0
SPLINE
  5
8CE
330
1B
100
AcDbEntity
 67
     1
  8
0
  6
Continuous
 62
     7
370
    25
100
AcDbSpline
210
0.0
220
0.0
230
1.0
 70
     8
 71
     3
 72
    10
 73
     6
 74
     0
 42
0.00000001
 43
0.00000001
 40
0.0
 40
0.0
 40
0.0
 40
0.0
 40
0.3392906296950442
 40
0.672461860102389
 40
1.0
 40
1.0
 40
1.0
 40
1.0
 10
-8.429856890999897
 20
3.668404659512802
 30
0.0
 10
-8.490612473019565
 20
3.698363014201403
 30
0.0
 10
-8.61102785770988
 20
3.757739398800089
 30
0.0
 10
-8.776093884285737
 20
3.8727600384454
 30
0.0
 10
-8.865673364911945
 20
3.96995961902849
 30
0.0
 10
-8.910081235870031
 20
4.018145056156949
 30
0.0
  0
LINE
  5
8CF
330
1B
100
AcDbEntity
 67
     1
  8
0
  6
Continuous
 62
     7
370
    25
100
AcDbLine
 10
1.7713476395
 20
-0.1250838144
 30
0.0
 11
1.9866482367
 21
0.3388201674
 31
0.0
  0
LINE
  5
8D0
330
1B
100
AcDbEntity
 67
     1
  8
0
  6
Continuous
 62
     7
370
    25
100
AcDbLine
 10
5.7126946278
 20
-0.1005860336
 30
0.0
 11
5.9367091386
 21
-0.1031932733
 31
0.0
  0
LINE
  5
8D1
330
1B
100
AcDbEntity
 67
     1
  8
0
  6
Continuous
 62
     7
370
    25
100
AcDbLine
 10
5.981965041
 20
-0.0307415229
 30
0.0
 11
5.8486506969
 21
0.2344844698
 31
0.0
  0
LINE
  5
8D2
330
1B
100
AcDbEntity
 67
     1
  8
0
  6
Continuous
 62
     7
370
    25
100
AcDbLine
 10
6.1922967166
 20
-0.1061679827
 30
0.0
 11
6.5274340549
 21
-0.1100685486
 31
0.0
  0
LINE
  5
8D3
330
1B
100
AcDbEntity
 67
     1
  8
0
  6
Continuous
 62
     7
370
    25
100
AcDbLine
 10
6.6157764184
 20
0.0389134195
 30
0.0
 11
6.3264781057
 21
0.5537381208
 31
0.0
  0
LINE
  5
8D4
330
1B
100
AcDbEntity
 67
     1
  8
0
  6
Continuous
 62
     7
370
    25
100
AcDbLine
 10
6.219838557
 20
0.6283017081
 30
0.0
 11
5.9152914964
 21
0.6779360838
 31
0.0
  0
LINE
  5
8D5
330
1B
100
AcDbEntity
 67
     1
  8
0
  6
Continuous
 62
     7
370
    25
100
AcDbLine
 10
5.8098579447
 20
0.5343280123
 30
0.0
 11
6.1041124959
 21
-0.0510850279
 31
0.0
  0
LINE
  5
8D6
330
1B
100
AcDbEntity
 67
     1
  8
0
  6
Continuous
 62
     7
370
    25
100
AcDbLine
 10
4.5370537153
 20
0.7338997581
 30
0.0
 11
4.2507718846
 21
0.7301973336
 31
0.0
  0
LINE
  5
8D7
330
1B
100
AcDbEntity
 67
     1
  8
0
  6
Continuous
 62
     7
370
    25
100
AcDbLine
 10
4.2770589042
 20
-0.1690694961
 30
0.0
 11
4.54464614
 21
-0.1589379217
 31
0.0
  0
LINE
  5
8D8
330
1B
100
AcDbEntity
 67
     1
  8
0
  6
Continuous
 62
     7
370
    25
100
AcDbLine
 10
3.6813372857
 20
-1.2501064701
 30
0.0
 11
3.9208605932
 21
-0.4517157007
 31
0.0
  0
LINE
  5
8D9
330
1B
100
AcDbEntity
 67
     1
  8
0
  6
Continuous
 62
     7
370
    25
100
AcDbLine
 10
3.0165911082
 20
-1.2204818114
 30
0.0
 11
2.7862898563
 21
-0.5065872136
 31
0.0
  0
LINE
  5
8DA
330
1B
100
AcDbEntity
 67
     1
  8
0
  6
Continuous
 62
     7
370
    25
100
AcDbLine
 10
11.6632282164
 20
-0.3378776913
 30
0.0
 11
11.6425943361
 21
-0.3834215491
 31
0.0
  0
LINE
  5
8DB
330
1B
100
AcDbEntity
 67
     1
  8
0
  6
Continuous
 62
     7
370
    25
100
AcDbLine
 10
9.3237783754
 20
-0.4007077119
 30
0.0
 11
8.7327296852
 21
-1.7303736771
 31
0.0
  0
LINE
  5
8DC
330
1B
100
AcDbEntity
 67
     1
  8
0
  6
Continuous
 62
     7
370
    25
100
AcDbLine
 10
8.4844967628
 20
-1.8780425532
 30
0.0
 11
6.798221551
 21
-1.7441672928
 31
0.0
  0
LINE
  5
8DD
330
1B
100
AcDbEntity
 67
     1
  8
0
  6
Continuous
 62
     7
370
    25
100
AcDbLine
 10
6.5837994254
 20
-1.5823973133
 30
0.0
 11
6.1315491102
 21
-0.3711280073
 31
0.0
  0
LINE
  5
8DE
330
1B
100
AcDbEntity
 67
     1
  8
0
  6
Continuous
 62
     7
370
    25
100
AcDbLine
 10
2.6064148736
 20
-0.0890300888
 30
0.0
 11
2.3284771473
 21
0.454021254
 31
0.0
  0
LINE
  5
8DF
330
1B
100
AcDbEntity
 67
     1
  8
0
  6
Continuous
 62
     7
370
    25
100
AcDbLine
 10
2.148751689
 20
0.4505587225
 30
0.0
 11
1.8927927064
 21
-0.1009510861
 31
0.0
  0
LINE
  5
8E0
330
1B
100
AcDbEntity
 67
     1
  8
0
  6
Continuous
 62
     7
370
    25
100
AcDbLine
 10
2.4481841311
 20
0.4396201839
 30
0.0
 11
2.7594995578
 21
-0.168646505
 31
0.0
  0
LINE
  5
8E1
330
1B
100
AcDbEntity
 67
     1
  8
0
  6
Continuous
 62
     7
370
    25
100
AcDbLine
 10
2.8523014508
 20
-0.2230146555
 30
0.0
 11
3.0590728263
 21
-0.2151857336
 31
0.0
  0
LINE
  5
8E2
330
1B
100
AcDbEntity
 67
     1
  8
0
  6
Continuous
 62
     7
370
    25
100
AcDbLine
 10
9.2899291141
 20
0.1279454482
 30
0.0
 11
6.6855439092
 21
0.5524021266
 31
0.0
  0
LINE
  5
8E3
330
1B
100
AcDbEntity
 67
     1
  8
0
  6
Continuous
 62
     7
370
    25
100
AcDbLine
 10
6.5822797988
 20
0.4047155877
 30
0.0
 11
6.8313952629
 21
-0.038601185
 31
0.0
  0
LINE
  5
8E4
330
1B
100
AcDbEntity
 67
     1
  8
0
  6
Continuous
 62
     7
370
    25
100
AcDbLine
 10
6.9604174319
 20
-0.1151079161
 30
0.0
 11
9.277895314
 21
-0.1420803665
 31
0.0
  0
LINE
  5
8E5
330
1B
100
AcDbEntity
 67
     1
  8
0
  6
Continuous
 62
     7
370
    25
100
AcDbLine
 10
10.9977901122
 20
-2.1966722405
 30
0.0
 11
10.782489515
 21
-2.6605762223
 31
0.0
  0
LINE
  5
8E6
330
1B
100
AcDbEntity
 67
     1
  8
0
  6
Continuous
 62
     7
370
    25
100
AcDbLine
 10
7.0564431238
 20
-2.2211700213
 30
0.0
 11
6.8324286131
 21
-2.2185627816
 31
0.0
  0
LINE
  5
8E7
330
1B
100
AcDbEntity
 67
     1
  8
0
  6
Continuous
 62
     7
370
    25
100
AcDbLine
 10
6.7871727107
 20
-2.291014532
 30
0.0
 11
6.9204870547
 21
-2.5562405247
 31
0.0
  0
LINE
  5
8E8
330
1B
100
AcDbEntity
 67
     1
  8
0
  6
Continuous
 62
     7
370
    25
100
AcDbLine
 10
6.5768410351
 20
-2.2155880722
 30
0.0
 11
6.2417036968
 21
-2.2116875063
 31
0.0
  0
LINE
  5
8E9
330
1B
100
AcDbEntity
 67
     1
  8
0
  6
Continuous
 62
     7
370
    25
100
AcDbLine
 10
6.1533613333
 20
-2.3606694744
 30
0.0
 11
6.442659646
 21
-2.8754941757
 31
0.0
  0
LINE
  5
8EA
330
1B
100
AcDbEntity
 67
     1
  8
0
  6
Continuous
 62
     7
370
    25
100
AcDbLine
 10
6.5492991947
 20
-2.950057763
 30
0.0
 11
6.8538462553
 21
-2.9996921387
 31
0.0
  0
LINE
  5
8EB
330
1B
100
AcDbEntity
 67
     1
  8
0
  6
Continuous
 62
     7
370
    25
100
AcDbLine
 10
6.959279807
 20
-2.8560840672
 30
0.0
 11
6.6650252558
 21
-2.270671027
 31
0.0
  0
LINE
  5
8EC
330
1B
100
AcDbEntity
 67
     1
  8
0
  6
Continuous
 62
     7
370
    25
100
AcDbLine
 10
8.2320840363
 20
-3.0556558131
 30
0.0
 11
8.5183658671
 21
-3.0519533885
 31
0.0
  0
LINE
  5
8ED
330
1B
100
AcDbEntity
 67
     1
  8
0
  6
Continuous
 62
     7
370
    25
100
AcDbLine
 10
8.4920788475
 20
-2.1526865588
 30
0.0
 11
8.2244916117
 21
-2.1628181332
 31
0.0
  0
LINE
  5
8EE
330
1B
100
AcDbEntity
 67
     1
  8
0
  6
Continuous
 62
     7
370
    25
100
AcDbLine
 10
9.0878004659
 20
-1.0716495848
 30
0.0
 11
8.8482771585
 21
-1.8700403542
 31
0.0
  0
LINE
  5
8EF
330
1B
100
AcDbEntity
 67
     1
  8
0
  6
Continuous
 62
     7
370
    25
100
AcDbLine
 10
9.7525466435
 20
-1.1012742435
 30
0.0
 11
9.9828478953
 21
-1.8151688414
 31
0.0
  0
LINE
  5
8F0
330
1B
100
AcDbEntity
 67
     1
  8
0
  6
Continuous
 62
     7
370
    25
100
AcDbLine
 10
1.1059095353
 20
-1.9838783636
 30
0.0
 11
1.1265434156
 21
-1.9383345058
 31
0.0
  0
LINE
  5
8F1
330
1B
100
AcDbEntity
 67
     1
  8
0
  6
Continuous
 62
     7
370
    25
100
AcDbLine
 10
3.4453593763
 20
-1.921048343
 30
0.0
 11
4.0364080664
 21
-0.5913823778
 31
0.0
  0
LINE
  5
8F2
330
1B
100
AcDbEntity
 67
     1
  8
0
  6
Continuous
 62
     7
370
    25
100
AcDbLine
 10
4.2846409889
 20
-0.4437135017
 30
0.0
 11
5.9709162006
 21
-0.5775887621
 31
0.0
  0
LINE
  5
8F3
330
1B
100
AcDbEntity
 67
     1
  8
0
  6
Continuous
 62
     7
370
    25
100
AcDbLine
 10
6.1853383262
 20
-0.7393587416
 30
0.0
 11
6.6375886414
 21
-1.9506280476
 31
0.0
  0
LINE
  5
8F4
330
1B
100
AcDbEntity
 67
     1
  8
0
  6
Continuous
 62
     7
370
    25
100
AcDbLine
 10
10.162722878
 20
-2.2327259661
 30
0.0
 11
10.4406606044
 21
-2.7757773089
 31
0.0
  0
LINE
  5
8F5
330
1B
100
AcDbEntity
 67
     1
  8
0
  6
Continuous
 62
     7
370
    25
100
AcDbLine
 10
10.6203860627
 20
-2.7723147774
 30
0.0
 11
10.8763450453
 21
-2.2208049688
 31
0.0
  0
LINE
  5
8F6
330
1B
100
AcDbEntity
 67
     1
  8
0
  6
Continuous
 62
     7
370
    25
100
AcDbLine
 10
10.3209536206
 20
-2.7613762388
 30
0.0
 11
10.0096381939
 21
-2.1531095499
 31
0.0
  0
LINE
  5
8F7
330
1B
100
AcDbEntity
 67
     1
  8
0
  6
Continuous
 62
     7
370
    25
100
AcDbLine
 10
9.9168363008
 20
-2.0987413994
 30
0.0
 11
9.7100649254
 21
-2.1065703213
 31
0.0
  0
LINE
  5
8F8
330
1B
100
AcDbEntity
 67
     1
  8
0
  6
Continuous
 62
     7
370
    25
100
AcDbLine
 10
3.4792086376
 20
-2.4497015032
 30
0.0
 11
6.0835938425
 21
-2.8741581815
 31
0.0
  0
LINE
  5
8F9
330
1B
100
AcDbEntity
 67
     1
  8
0
  6
Continuous
 62
     7
370
    25
100
AcDbLine
 10
6.1868579529
 20
-2.7264716426
 30
0.0
 11
5.9377424888
 21
-2.2831548699
 31
0.0
  0
LINE
  5
8FA
330
1B
100
AcDbEntity
 67
     1
  8
0
  6
Continuous
 62
     7
370
    25
100
AcDbLine
 10
5.8087203198
 20
-2.2066481388
 30
0.0
 11
3.4912424377
 21
-2.1796756884
 31
0.0
  0
LINE
  5
8FB
330
1B
100
AcDbEntity
 67
     1
  8
0
  6
Continuous
 62
     7
370
    25
100
AcDbLine
 10
-9.0290486162
 20
-4.1202936205
 30
0.0
 11
-9.0343313592
 21
-4.0733127668
 31
0.0
  0
LINE
  5
8FC
330
1B
100
AcDbEntity
 67
     1
  8
0
  6
Continuous
 62
     7
370
    25
100
AcDbLine
 10
-9.0365296737
 20
-4.1226065941
 30
0.0
 11
-9.0290486162
 21
-4.1202936205
 31
0.0
  0
LINE
  5
8FD
330
1B
100
AcDbEntity
 67
     1
  8
0
  6
Continuous
 62
     7
370
    25
100
AcDbLine
 10
-11.9446777104
 20
-1.6108298006
 30
0.0
 11
-11.9393949674
 21
-1.6578106543
 31
0.0
  0
LINE
  5
8FE
330
1B
100
AcDbEntity
 67
     1
  8
0
  6
Continuous
 62
     7
370
    25
100
AcDbLine
 10
-11.9371966529
 20
-1.608516827
 30
0.0
 11
-11.9446777104
 21
-1.6108298006
 31
0.0
  0
LINE
  5
8FF
330
1B
100
AcDbEntity
 67
     1
  8
0
  6
Continuous
 62
     7
370
    25
100
AcDbLine
 10
-9.0311878173
 20
-0.5270639446
 30
0.0
 11
-9.0103274976
 21
-0.5611938004
 31
0.0
  0
LINE
  5
900
330
1B
100
AcDbEntity
 67
     1
  8
0
  6
Continuous
 62
     7
370
    25
100
AcDbLine
 10
-9.6551628593
 20
-0.7836397869
 30
0.0
 11
-10.0586001883
 21
-0.8541197513
 31
0.0
  0
LINE
  5
901
330
1B
100
AcDbEntity
 67
     1
  8
0
  6
Continuous
 62
     7
370
    25
100
AcDbLine
 10
-8.6305992278
 20
-4.0243279966
 30
0.0
 11
-8.6514595475
 21
-3.9901981407
 31
0.0
  0
LINE
  5
902
330
1B
100
AcDbEntity
 67
     1
  8
0
  6
Continuous
 62
     7
370
    25
100
AcDbLine
 10
-8.0066241859
 20
-3.7677521543
 30
0.0
 11
-7.6031868568
 21
-3.6972721899
 31
0.0
  0
LINE
  5
903
330
1B
100
AcDbEntity
 67
     1
  8
0
  6
Continuous
 62
     7
370
    25
100
AcDbLine
 10
-11.7697143235
 20
1.1695636394
 30
0.0
 11
-11.7905746432
 21
1.2036934952
 31
0.0
  0
LINE
  5
904
330
1B
100
AcDbEntity
 67
     1
  8
0
  6
Continuous
 62
     7
370
    25
100
AcDbLine
 10
-11.1457392816
 20
1.4261394817
 30
0.0
 11
-10.7423019525
 21
1.4966194461
 31
0.0
  0
LINE
  5
905
330
1B
100
AcDbEntity
 67
     1
  8
0
  6
Continuous
 62
     7
370
    25
100
AcDbLine
 10
-5.3915569008
 20
-3.6008281446
 30
0.0
 11
-5.370696581
 21
-3.6349580004
 31
0.0
  0
LINE
  5
906
330
1B
100
AcDbEntity
 67
     1
  8
0
  6
Continuous
 62
     7
370
    25
100
AcDbLine
 10
-6.0155319427
 20
-3.8574039868
 30
0.0
 11
-6.4189692717
 21
-3.9278839513
 31
0.0
  0
LINE
  5
907
330
1B
100
AcDbEntity
 67
     1
  8
0
  6
Continuous
 62
     7
370
    25
100
AcDbLine
 10
-11.803195579
 20
-0.8401489348
 30
0.0
 11
-11.8240558987
 21
-0.806019079
 31
0.0
  0
LINE
  5
908
330
1B
100
AcDbEntity
 67
     1
  8
0
  6
Continuous
 62
     7
370
    25
100
AcDbLine
 10
-11.179220537
 20
-0.5835730926
 30
0.0
 11
-10.775783208
 21
-0.5130931281
 31
0.0
  0
LINE
  5
909
330
1B
100
AcDbEntity
 67
     1
  8
0
  6
Continuous
 62
     7
370
    25
100
AcDbLine
 10
-8.9163078146
 20
1.4881899686
 30
0.0
 11
-8.8954474949
 21
1.4540601127
 31
0.0
  0
LINE
  5
90A
330
1B
100
AcDbEntity
 67
     1
  8
0
  6
Continuous
 62
     7
370
    25
100
AcDbLine
 10
-9.5402828565
 20
1.2316141263
 30
0.0
 11
-9.9437201855
 21
1.1611341619
 31
0.0
  0
LINE
  5
90B
330
1B
100
AcDbEntity
 67
     1
  8
0
  6
Continuous
 62
     7
370
    25
100
AcDbLine
 10
-11.8638468095
 20
3.81751124
 30
0.0
 11
-11.8709590076
 21
3.8142351589
 31
0.0
  0
LINE
  5
90C
330
1B
100
AcDbEntity
 67
     1
  8
0
  6
Continuous
 62
     7
370
    25
100
AcDbLine
 10
-11.8709590076
 20
3.8142351589
 30
0.0
 11
-11.8595478089
 21
3.7683560511
 31
0.0
  0
LINE
  5
90D
330
1B
100
AcDbEntity
 67
     1
  8
0
  6
Continuous
 62
     7
370
    25
100
AcDbLine
 10
-9.1546395989
 20
3.9849375618
 30
0.0
 11
-9.1660507975
 21
4.0308166696
 31
0.0
  0
LINE
  5
90E
330
1B
100
AcDbEntity
 67
     1
  8
0
  6
Continuous
 62
     7
370
    25
100
AcDbLine
 10
-9.1617517969
 20
3.9816614808
 30
0.0
 11
-9.1546395989
 21
3.9849375618
 31
0.0
  0
LINE
  5
90F
330
1B
100
AcDbEntity
 67
     1
  8
0
  6
Continuous
 62
     7
370
    25
100
AcDbLine
 10
-6.5289390673
 20
-4.4103730528
 30
0.0
 11
-6.5057083835
 21
-4.4490256833
 31
0.0
  0
LINE
  5
910
330
1B
100
AcDbEntity
 67
     1
  8
0
  6
Continuous
 62
     7
370
    25
100
AcDbLine
 10
-3.9425844931
 20
-3.7995547893
 30
0.0
 11
-3.8189020724
 21
-3.3046183324
 31
0.0
  0
LINE
  5
911
330
1B
100
AcDbEntity
 67
     1
  8
0
  6
Continuous
 62
     7
370
    25
100
AcDbLine
 10
-3.8222709812
 20
-3.8336905426
 30
0.0
 11
-3.6748728606
 21
-3.2438516378
 31
0.0
  0
LINE
  5
912
330
1B
100
AcDbEntity
 67
     1
  8
0
  6
Continuous
 62
     7
370
    25
100
AcDbLine
 10
-2.8273112391
 20
-3.7674641233
 30
0.0
 11
-3.5972263927
 21
-3.2153415431
 31
0.0
  0
LINE
  5
913
330
1B
100
AcDbEntity
 67
     1
  8
0
  6
Continuous
 62
     7
370
    25
100
AcDbLine
 10
-2.4800558423
 20
-3.7670521869
 30
0.0
 11
-2.4483608077
 21
-2.8594251491
 31
0.0
  0
LINE
  5
914
330
1B
100
AcDbEntity
 67
     1
  8
0
  6
Continuous
 62
     7
370
    25
100
AcDbLine
 10
-2.5591635346
 20
-3.8059393195
 30
0.0
 11
-3.4456039087
 21
-3.170254018
 31
0.0
  0
LINE
  5
915
330
1B
100
AcDbEntity
 67
     1
  8
0
  6
Continuous
 62
     7
370
    25
100
AcDbLine
 10
0.3578038519
 20
-3.1565975709
 30
0.0
 11
-0.1944178056
 21
-2.4829513147
 31
0.0
  0
LINE
  5
916
330
1B
100
AcDbEntity
 67
     1
  8
0
  6
Continuous
 62
     7
370
    25
100
AcDbLine
 10
1.291419413
 20
-2.4679411384
 30
0.0
 11
2.3692725372
 21
-3.7249907649
 31
0.0
  0
LINE
  5
917
330
1B
100
AcDbEntity
 67
     1
  8
0
  6
Continuous
 62
     7
370
    25
100
AcDbLine
 10
2.4571992084
 20
-3.6941895219
 30
0.0
 11
2.4686239858
 21
-3.3670267031
 31
0.0
  0
LINE
  5
918
330
1B
100
AcDbEntity
 67
     1
  8
0
  6
Continuous
 62
     7
370
    25
100
AcDbLine
 10
2.4970837127
 20
-2.5520467557
 30
0.0
 11
2.4784141576
 21
-3.0866728643
 31
0.0
  0
LINE
  5
919
330
1B
100
AcDbEntity
 67
     1
  8
0
  6
Continuous
 62
     7
370
    25
100
AcDbLine
 10
-0.5480294946
 20
-3.7915547901
 30
0.0
 11
-0.5295484953
 21
-3.2623282129
 31
0.0
  0
LINE
  5
91A
330
1B
100
AcDbEntity
 67
     1
  8
0
  6
Continuous
 62
     7
370
    25
100
AcDbLine
 10
-0.505987226
 20
-2.5876217383
 30
0.0
 11
-0.5197583235
 21
-2.9819743742
 31
0.0
  0
LINE
  5
91B
330
1B
100
AcDbEntity
 67
     1
  8
0
  6
Continuous
 62
     7
370
    25
100
AcDbLine
 10
-2.0701534722
 20
-3.7525309694
 30
0.0
 11
-0.5874988942
 21
-2.5470812195
 31
0.0
  0
LINE
  5
91C
330
1B
100
AcDbEntity
 67
     1
  8
0
  6
Continuous
 62
     7
370
    25
100
AcDbLine
 10
-2.3531516457
 20
-3.7147050125
 30
0.0
 11
-2.3238302966
 21
-2.8750514343
 31
0.0
  0
LINE
  5
91D
330
1B
100
AcDbEntity
 67
     1
  8
0
  6
Continuous
 62
     7
370
    25
100
AcDbLine
 10
-0.8121257828
 20
-2.5686097181
 30
0.0
 11
-2.2716399775
 21
-3.7552455314
 31
0.0
  0
LINE
  5
91E
330
1B
100
AcDbEntity
 67
     1
  8
0
  6
Continuous
 62
     7
370
    25
100
AcDbLine
 10
3.6956345378
 20
-3.0666853152
 30
0.0
 11
2.8172246285
 21
-3.8198750423
 31
0.0
  0
LINE
  5
91F
330
1B
100
AcDbEntity
 67
     1
  8
0
  6
Continuous
 62
     7
370
    25
100
AcDbLine
 10
0.6638860563
 20
-3.8568722628
 30
0.0
 11
-0.3489889292
 21
-3.8426894616
 31
0.0
  0
LINE
  5
920
330
1B
100
AcDbEntity
 67
     1
  8
0
  6
Continuous
 62
     7
370
    25
100
AcDbLine
 10
0.7032542387
 20
-3.7751789603
 30
0.0
 11
-0.2855048559
 21
-2.5690077548
 31
0.0
  0
LINE
  5
921
330
1B
100
AcDbEntity
 67
     1
  8
0
  6
Continuous
 62
     7
370
    25
100
AcDbLine
 10
-0.3698496994
 20
-2.9872092987
 30
0.0
 11
-0.3560786019
 21
-2.5928566628
 31
0.0
  0
LINE
  5
922
330
1B
100
AcDbEntity
 67
     1
  8
0
  6
Continuous
 62
     7
370
    25
100
AcDbLine
 10
-0.3981208705
 20
-3.7967897146
 30
0.0
 11
-0.3796398712
 21
-3.2675631375
 31
0.0
  0
LINE
  5
923
330
1B
100
AcDbEntity
 67
     1
  8
0
  6
Continuous
 62
     7
370
    25
100
AcDbLine
 10
3.4961835228
 20
-3.0730444941
 30
0.0
 11
2.6887056206
 21
-3.7654138019
 31
0.0
  0
LINE
  5
924
330
1B
100
AcDbEntity
 67
     1
  8
0
  6
Continuous
 62
     7
370
    25
100
AcDbLine
 10
2.638796042
 20
-2.7334981272
 30
0.0
 11
2.6263200227
 21
-3.0907645733
 31
0.0
  0
LINE
  5
925
330
1B
100
AcDbEntity
 67
     1
  8
0
  6
Continuous
 62
     7
370
    25
100
AcDbLine
 10
2.6061898614
 20
-3.7257116972
 30
0.0
 11
2.6185326098
 21
-3.3722616276
 31
0.0
  0
LINE
  5
926
330
1B
100
AcDbEntity
 67
     1
  8
0
  6
Continuous
 62
     7
370
    25
100
AcDbLine
 10
2.2270302384
 20
-3.8787602188
 30
0.0
 11
1.5723863151
 21
-3.8695935548
 31
0.0
  0
LINE
  5
927
330
1B
100
AcDbEntity
 67
     1
  8
0
  6
Continuous
 62
     7
370
    25
100
AcDbLine
 10
1.7411291292
 20
-3.1844511243
 30
0.0
 11
2.2656874255
 21
-3.796218902
 31
0.0
  0
LINE
  5
928
330
1B
100
AcDbEntity
 67
     1
  8
0
  6
Continuous
 62
     7
370
    25
100
AcDbLine
 10
-10.593908876
 20
0.3702196396
 30
0.0
 11
-10.5713563119
 21
0.3311674647
 31
0.0
  0
LINE
  5
929
330
1B
100
AcDbEntity
 67
     1
  8
0
  6
Continuous
 62
     7
370
    25
100
AcDbLine
 10
-7.9972879676
 20
0.9358067612
 30
0.0
 11
-7.8649865522
 21
1.4285092811
 31
0.0
  0
LINE
  5
92A
330
1B
100
AcDbEntity
 67
     1
  8
0
  6
Continuous
 62
     7
370
    25
100
AcDbLine
 10
-7.877588531
 20
0.8995764467
 30
0.0
 11
-7.7199187516
 21
1.4867530643
 31
0.0
  0
LINE
  5
92B
330
1B
100
AcDbEntity
 67
     1
  8
0
  6
Continuous
 62
     7
370
    25
100
AcDbLine
 10
-6.8816245158
 20
0.9484283376
 30
0.0
 11
-7.6417865399
 21
1.513903699
 31
0.0
  0
LINE
  5
92C
330
1B
100
AcDbEntity
 67
     1
  8
0
  6
Continuous
 62
     7
370
    25
100
AcDbLine
 10
-6.5344148184
 20
0.942779769
 30
0.0
 11
-6.4868843351
 21
1.8497154161
 31
0.0
  0
LINE
  5
92D
330
1B
100
AcDbEntity
 67
     1
  8
0
  6
Continuous
 62
     7
370
    25
100
AcDbLine
 10
-6.6141891363
 20
0.9052791787
 30
0.0
 11
-7.4894002629
 21
1.5563381799
 31
0.0
  0
LINE
  5
92E
330
1B
100
AcDbEntity
 67
     1
  8
0
  6
Continuous
 62
     7
370
    25
100
AcDbLine
 10
-3.6863334419
 20
1.503613929
 30
0.0
 11
-4.2267142451
 21
2.1867951824
 31
0.0
  0
LINE
  5
92F
330
1B
100
AcDbEntity
 67
     1
  8
0
  6
Continuous
 62
     7
370
    25
100
AcDbLine
 10
-2.740841363
 20
2.1758716375
 30
0.0
 11
-1.685090942
 21
0.900202335
 31
0.0
  0
LINE
  5
930
330
1B
100
AcDbEntity
 67
     1
  8
0
  6
Continuous
 62
     7
370
    25
100
AcDbLine
 10
-1.5966401067
 20
0.9294643548
 30
0.0
 11
-1.5795072909
 21
1.2563779553
 31
0.0
  0
LINE
  5
931
330
1B
100
AcDbEntity
 67
     1
  8
0
  6
Continuous
 62
     7
370
    25
100
AcDbLine
 10
-1.5368285373
 20
2.0707370865
 30
0.0
 11
-1.564825761
 21
1.5365182328
 31
0.0
  0
LINE
  5
932
330
1B
100
AcDbEntity
 67
     1
  8
0
  6
Continuous
 62
     7
370
    25
100
AcDbLine
 10
-4.603110357
 20
0.8845623885
 30
0.0
 11
-4.5753958951
 21
1.413385824
 31
0.0
  0
LINE
  5
933
330
1B
100
AcDbEntity
 67
     1
  8
0
  6
Continuous
 62
     7
370
    25
100
AcDbLine
 10
-4.5400629627
 20
2.0875783368
 30
0.0
 11
-4.5607143653
 21
1.6935261015
 31
0.0
  0
LINE
  5
934
330
1B
100
AcDbEntity
 67
     1
  8
0
  6
Continuous
 62
     7
370
    25
100
AcDbLine
 10
-6.1243214482
 20
0.950144992
 30
0.0
 11
-4.6208546867
 21
2.1295352558
 31
0.0
  0
LINE
  5
935
330
1B
100
AcDbEntity
 67
     1
  8
0
  6
Continuous
 62
     7
370
    25
100
AcDbLine
 10
-6.4066163657
 20
0.9929041869
 30
0.0
 11
-6.3626455069
 21
1.8319181538
 31
0.0
  0
LINE
  5
936
330
1B
100
AcDbEntity
 67
     1
  8
0
  6
Continuous
 62
     7
370
    25
100
AcDbLine
 10
-4.8458230876
 20
2.1119303158
 30
0.0
 11
-6.3258246417
 21
0.9509472679
 31
0.0
  0
LINE
  5
937
330
1B
100
AcDbEntity
 67
     1
  8
0
  6
Continuous
 62
     7
370
    25
100
AcDbLine
 10
-0.3474419385
 20
1.5352593129
 30
0.0
 11
-1.238863035
 21
0.7975146669
 31
0.0
  0
LINE
  5
938
330
1B
100
AcDbEntity
 67
     1
  8
0
  6
Continuous
 62
     7
370
    25
100
AcDbLine
 10
-3.3925193338
 20
0.7981040213
 30
0.0
 11
-4.4049925295
 21
0.8299617682
 31
0.0
  0
LINE
  5
939
330
1B
100
AcDbEntity
 67
     1
  8
0
  6
Continuous
 62
     7
370
    25
100
AcDbLine
 10
-3.3517314027
 20
0.8790978119
 30
0.0
 11
-4.3192893143
 21
2.1023415373
 31
0.0
  0
LINE
  5
93A
330
1B
100
AcDbEntity
 67
     1
  8
0
  6
Continuous
 62
     7
370
    25
100
AcDbLine
 10
-4.4109199351
 20
1.6856757081
 30
0.0
 11
-4.3902685325
 21
2.0797279433
 31
0.0
  0
LINE
  5
93B
330
1B
100
AcDbEntity
 67
     1
  8
0
  6
Continuous
 62
     7
370
    25
100
AcDbLine
 10
-4.4533159268
 20
0.8767119951
 30
0.0
 11
-4.4256014649
 21
1.4055354306
 31
0.0
  0
LINE
  5
93C
330
1B
100
AcDbEntity
 67
     1
  8
0
  6
Continuous
 62
     7
370
    25
100
AcDbLine
 10
-0.5469735591
 20
1.5323820026
 30
0.0
 11
-1.3664119891
 21
0.8542105786
 31
0.0
  0
LINE
  5
93D
330
1B
100
AcDbEntity
 67
     1
  8
0
  6
Continuous
 62
     7
370
    25
100
AcDbLine
 10
-1.3983045545
 20
1.8868401298
 30
0.0
 11
-1.4170138328
 21
1.5298458336
 31
0.0
  0
LINE
  5
93E
330
1B
100
AcDbEntity
 67
     1
  8
0
  6
Continuous
 62
     7
370
    25
100
AcDbLine
 10
-1.4482222835
 20
0.895346735
 30
0.0
 11
-1.4297128606
 21
1.2485275618
 31
0.0
  0
LINE
  5
93F
330
1B
100
AcDbEntity
 67
     1
  8
0
  6
Continuous
 62
     7
370
    25
100
AcDbLine
 10
-1.8299952237
 20
0.7489387713
 30
0.0
 11
-2.4843794612
 21
0.7695291509
 31
0.0
  0
LINE
  5
940
330
1B
100
AcDbEntity
 67
     1
  8
0
  6
Continuous
 62
     7
370
    25
100
AcDbLine
 10
-2.3037049633
 20
1.4516222628
 30
0.0
 11
-1.7899033796
 21
0.8307928557
 31
0.0
  0
LINE
  5
941
330
1B
100
AcDbEntity
 67
     1
  8
0
  6
Continuous
 62
     7
370
    25
100
AcDbLine
 10
1.7530939019
 20
0.8538672937
 30
0.0
 11
1.7305413377
 21
0.8929194686
 31
0.0
  0
LINE
  5
942
330
1B
100
AcDbEntity
 67
     1
  8
0
  6
Continuous
 62
     7
370
    25
100
AcDbLine
 10
-0.8435270065
 20
0.2882801721
 30
0.0
 11
-0.975828422
 21
-0.2044223477
 31
0.0
  0
LINE
  5
943
330
1B
100
AcDbEntity
 67
     1
  8
0
  6
Continuous
 62
     7
370
    25
100
AcDbLine
 10
-0.9632264431
 20
0.3245104866
 30
0.0
 11
-1.1208962225
 21
-0.262666131
 31
0.0
  0
LINE
  5
944
330
1B
100
AcDbEntity
 67
     1
  8
0
  6
Continuous
 62
     7
370
    25
100
AcDbLine
 10
-1.9591904584
 20
0.2756585958
 30
0.0
 11
-1.1990284342
 21
-0.2898167657
 31
0.0
  0
LINE
  5
945
330
1B
100
AcDbEntity
 67
     1
  8
0
  6
Continuous
 62
     7
370
    25
100
AcDbLine
 10
-2.3064001558
 20
0.2813071644
 30
0.0
 11
-2.353930639
 21
-0.6256284828
 31
0.0
  0
LINE
  5
946
330
1B
100
AcDbEntity
 67
     1
  8
0
  6
Continuous
 62
     7
370
    25
100
AcDbLine
 10
-2.2266258379
 20
0.3188077547
 30
0.0
 11
-1.3514147112
 21
-0.3322512466
 31
0.0
  0
LINE
  5
947
330
1B
100
AcDbEntity
 67
     1
  8
0
  6
Continuous
 62
     7
370
    25
100
AcDbLine
 10
-5.1544815322
 20
-0.2795269956
 30
0.0
 11
-4.614100729
 21
-0.9627082491
 31
0.0
  0
LINE
  5
948
330
1B
100
AcDbEntity
 67
     1
  8
0
  6
Continuous
 62
     7
370
    25
100
AcDbLine
 10
-6.0999736111
 20
-0.9517847042
 30
0.0
 11
-7.1557240321
 21
0.3238845983
 31
0.0
  0
LINE
  5
949
330
1B
100
AcDbEntity
 67
     1
  8
0
  6
Continuous
 62
     7
370
    25
100
AcDbLine
 10
-7.2441748675
 20
0.2946225785
 30
0.0
 11
-7.2613076833
 21
-0.0322910219
 31
0.0
  0
LINE
  5
94A
330
1B
100
AcDbEntity
 67
     1
  8
0
  6
Continuous
 62
     7
370
    25
100
AcDbLine
 10
-7.3039864369
 20
-0.8466501532
 30
0.0
 11
-7.2759892131
 21
-0.3124312994
 31
0.0
  0
LINE
  5
94B
330
1B
100
AcDbEntity
 67
     1
  8
0
  6
Continuous
 62
     7
370
    25
100
AcDbLine
 10
-4.2377046171
 20
0.3395245448
 30
0.0
 11
-4.265419079
 21
-0.1892988907
 31
0.0
  0
LINE
  5
94C
330
1B
100
AcDbEntity
 67
     1
  8
0
  6
Continuous
 62
     7
370
    25
100
AcDbLine
 10
-4.3007520114
 20
-0.8634914034
 30
0.0
 11
-4.2801006088
 21
-0.4694391682
 31
0.0
  0
LINE
  5
94D
330
1B
100
AcDbEntity
 67
     1
  8
0
  6
Continuous
 62
     7
370
    25
100
AcDbLine
 10
-2.7164935259
 20
0.2739419413
 30
0.0
 11
-4.2199602874
 21
-0.9054483225
 31
0.0
  0
LINE
  5
94E
330
1B
100
AcDbEntity
 67
     1
  8
0
  6
Continuous
 62
     7
370
    25
100
AcDbLine
 10
-2.4341986084
 20
0.2311827464
 30
0.0
 11
-2.4781694672
 21
-0.6078312204
 31
0.0
  0
LINE
  5
94F
330
1B
100
AcDbEntity
 67
     1
  8
0
  6
Continuous
 62
     7
370
    25
100
AcDbLine
 10
-3.9949918865
 20
-0.8878433825
 30
0.0
 11
-2.5149903324
 21
0.2731396655
 31
0.0
  0
LINE
  5
950
330
1B
100
AcDbEntity
 67
     1
  8
0
  6
Continuous
 62
     7
370
    25
100
AcDbLine
 10
-8.4933730356
 20
-0.3111723795
 30
0.0
 11
-7.6019519392
 21
0.4265722664
 31
0.0
  0
LINE
  5
951
330
1B
100
AcDbEntity
 67
     1
  8
0
  6
Continuous
 62
     7
370
    25
100
AcDbLine
 10
-5.4482956403
 20
0.4259829121
 30
0.0
 11
-4.4358224446
 21
0.3941251651
 31
0.0
  0
LINE
  5
952
330
1B
100
AcDbEntity
 67
     1
  8
0
  6
Continuous
 62
     7
370
    25
100
AcDbLine
 10
-5.4890835714
 20
0.3449891214
 30
0.0
 11
-4.5215256598
 21
-0.878254604
 31
0.0
  0
LINE
  5
953
330
1B
100
AcDbEntity
 67
     1
  8
0
  6
Continuous
 62
     7
370
    25
100
AcDbLine
 10
-4.4298950391
 20
-0.4615887747
 30
0.0
 11
-4.4505464416
 21
-0.85564101
 31
0.0
  0
LINE
  5
954
330
1B
100
AcDbEntity
 67
     1
  8
0
  6
Continuous
 62
     7
370
    25
100
AcDbLine
 10
-4.3874990473
 20
0.3473749383
 30
0.0
 11
-4.4152135092
 21
-0.1814484972
 31
0.0
  0
LINE
  5
955
330
1B
100
AcDbEntity
 67
     1
  8
0
  6
Continuous
 62
     7
370
    25
100
AcDbLine
 10
-8.293841415
 20
-0.3082950693
 30
0.0
 11
-7.474402985
 21
0.3698763547
 31
0.0
  0
LINE
  5
956
330
1B
100
AcDbEntity
 67
     1
  8
0
  6
Continuous
 62
     7
370
    25
100
AcDbLine
 10
-7.4425104196
 20
-0.6627531965
 30
0.0
 11
-7.4238011413
 21
-0.3057589003
 31
0.0
  0
LINE
  5
957
330
1B
100
AcDbEntity
 67
     1
  8
0
  6
Continuous
 62
     7
370
    25
100
AcDbLine
 10
-7.3925926907
 20
0.3287401983
 30
0.0
 11
-7.4111021135
 21
-0.0244406285
 31
0.0
  0
LINE
  5
958
330
1B
100
AcDbEntity
 67
     1
  8
0
  6
Continuous
 62
     7
370
    25
100
AcDbLine
 10
-7.0108197504
 20
0.475148162
 30
0.0
 11
-6.356435513
 21
0.4545577824
 31
0.0
  0
LINE
  5
959
330
1B
100
AcDbEntity
 67
     1
  8
0
  6
Continuous
 62
     7
370
    25
100
AcDbLine
 10
-6.5371100108
 20
-0.2275353295
 30
0.0
 11
-7.0509115945
 21
0.3932940776
 31
0.0
  0
LINE
  5
95A
330
1B
100
AcDbEntity
 67
     1
  8
0
  6
Continuous
 62
     7
370
    25
100
AcDbLine
 10
1.893290136
 20
-0.8133014511
 30
0.0
 11
1.8700594523
 21
-0.7746488206
 31
0.0
  0
LINE
  5
95B
330
1B
100
AcDbEntity
 67
     1
  8
0
  6
Continuous
 62
     7
370
    25
100
AcDbLine
 10
-0.6930644381
 20
-1.4241197146
 30
0.0
 11
-0.8167468588
 21
-1.9190561715
 31
0.0
  0
LINE
  5
95C
330
1B
100
AcDbEntity
 67
     1
  8
0
  6
Continuous
 62
     7
370
    25
100
AcDbLine
 10
-0.8133779501
 20
-1.3899839614
 30
0.0
 11
-0.9607760706
 21
-1.9798228662
 31
0.0
  0
LINE
  5
95D
330
1B
100
AcDbEntity
 67
     1
  8
0
  6
Continuous
 62
     7
370
    25
100
AcDbLine
 10
-1.8083376921
 20
-1.4562103806
 30
0.0
 11
-1.0384225385
 21
-2.0083329609
 31
0.0
  0
LINE
  5
95E
330
1B
100
AcDbEntity
 67
     1
  8
0
  6
Continuous
 62
     7
370
    25
100
AcDbLine
 10
-2.1555930889
 20
-1.4566223171
 30
0.0
 11
-2.1872881235
 21
-2.3642493549
 31
0.0
  0
LINE
  5
95F
330
1B
100
AcDbEntity
 67
     1
  8
0
  6
Continuous
 62
     7
370
    25
100
AcDbLine
 10
-2.0764853966
 20
-1.4177351845
 30
0.0
 11
-1.1900450225
 21
-2.053420486
 31
0.0
  0
LINE
  5
960
330
1B
100
AcDbEntity
 67
     1
  8
0
  6
Continuous
 62
     7
370
    25
100
AcDbLine
 10
-4.9934527831
 20
-2.067076933
 30
0.0
 11
-4.4412311256
 21
-2.7407231893
 31
0.0
  0
LINE
  5
961
330
1B
100
AcDbEntity
 67
     1
  8
0
  6
Continuous
 62
     7
370
    25
100
AcDbLine
 10
-5.9270683442
 20
-2.7557333655
 30
0.0
 11
-7.0049214684
 21
-1.4986837391
 31
0.0
  0
LINE
  5
962
330
1B
100
AcDbEntity
 67
     1
  8
0
  6
Continuous
 62
     7
370
    25
100
AcDbLine
 10
-7.0928481396
 20
-1.5294849821
 30
0.0
 11
-7.104272917
 21
-1.8566478009
 31
0.0
  0
LINE
  5
963
330
1B
100
AcDbEntity
 67
     1
  8
0
  6
Continuous
 62
     7
370
    25
100
AcDbLine
 10
-7.1327326439
 20
-2.6716277482
 30
0.0
 11
-7.1140630888
 21
-2.1370016397
 31
0.0
  0
LINE
  5
964
330
1B
100
AcDbEntity
 67
     1
  8
0
  6
Continuous
 62
     7
370
    25
100
AcDbLine
 10
-4.0876194366
 20
-1.4321197138
 30
0.0
 11
-4.1061004359
 21
-1.961346291
 31
0.0
  0
LINE
  5
965
330
1B
100
AcDbEntity
 67
     1
  8
0
  6
Continuous
 62
     7
370
    25
100
AcDbLine
 10
-4.1296617052
 20
-2.6360527657
 30
0.0
 11
-4.1158906077
 21
-2.2417001298
 31
0.0
  0
LINE
  5
966
330
1B
100
AcDbEntity
 67
     1
  8
0
  6
Continuous
 62
     7
370
    25
100
AcDbLine
 10
-2.565495459
 20
-1.4711435346
 30
0.0
 11
-4.048150037
 21
-2.6765932845
 31
0.0
  0
LINE
  5
967
330
1B
100
AcDbEntity
 67
     1
  8
0
  6
Continuous
 62
     7
370
    25
100
AcDbLine
 10
-2.2824972855
 20
-1.5089694914
 30
0.0
 11
-2.3118186346
 21
-2.3486230696
 31
0.0
  0
LINE
  5
968
330
1B
100
AcDbEntity
 67
     1
  8
0
  6
Continuous
 62
     7
370
    25
100
AcDbLine
 10
-3.8235231485
 20
-2.6550647858
 30
0.0
 11
-2.3640089538
 21
-1.4684289726
 31
0.0
  0
LINE
  5
969
330
1B
100
AcDbEntity
 67
     1
  8
0
  6
Continuous
 62
     7
370
    25
100
AcDbLine
 10
-8.3312834691
 20
-2.1569891888
 30
0.0
 11
-7.4528735597
 21
-1.4037994617
 31
0.0
  0
LINE
  5
96A
330
1B
100
AcDbEntity
 67
     1
  8
0
  6
Continuous
 62
     7
370
    25
100
AcDbLine
 10
-5.2995349875
 20
-1.3668022412
 30
0.0
 11
-4.286660002
 21
-1.3809850423
 31
0.0
  0
LINE
  5
96B
330
1B
100
AcDbEntity
 67
     1
  8
0
  6
Continuous
 62
     7
370
    25
100
AcDbLine
 10
-5.3389031699
 20
-1.4484955436
 30
0.0
 11
-4.3501440753
 21
-2.6546667492
 31
0.0
  0
LINE
  5
96C
330
1B
100
AcDbEntity
 67
     1
  8
0
  6
Continuous
 62
     7
370
    25
100
AcDbLine
 10
-4.2657992318
 20
-2.2364652053
 30
0.0
 11
-4.2795703293
 21
-2.6308178412
 31
0.0
  0
LINE
  5
96D
330
1B
100
AcDbEntity
 67
     1
  8
0
  6
Continuous
 62
     7
370
    25
100
AcDbLine
 10
-4.2375280607
 20
-1.4268847893
 30
0.0
 11
-4.25600906
 21
-1.9561113665
 31
0.0
  0
LINE
  5
96E
330
1B
100
AcDbEntity
 67
     1
  8
0
  6
Continuous
 62
     7
370
    25
100
AcDbLine
 10
-8.131832454
 20
-2.1506300098
 30
0.0
 11
-7.3243545518
 21
-1.4582607021
 31
0.0
  0
LINE
  5
96F
330
1B
100
AcDbEntity
 67
     1
  8
0
  6
Continuous
 62
     7
370
    25
100
AcDbLine
 10
-7.2744449732
 20
-2.4901763768
 30
0.0
 11
-7.261968954
 21
-2.1329099306
 31
0.0
  0
LINE
  5
970
330
1B
100
AcDbEntity
 67
     1
  8
0
  6
Continuous
 62
     7
370
    25
100
AcDbLine
 10
-7.2418387927
 20
-1.4979628067
 30
0.0
 11
-7.2541815411
 21
-1.8514128764
 31
0.0
  0
LINE
  5
971
330
1B
100
AcDbEntity
 67
     1
  8
0
  6
Continuous
 62
     7
370
    25
100
AcDbLine
 10
-6.8626791696
 20
-1.3449142852
 30
0.0
 11
-6.2080352463
 21
-1.3540809491
 31
0.0
  0
LINE
  5
972
330
1B
100
AcDbEntity
 67
     1
  8
0
  6
Continuous
 62
     7
370
    25
100
AcDbLine
 10
-6.3767780604
 20
-2.0392233796
 30
0.0
 11
-6.9013363567
 21
-1.427455602
 31
0.0
  0
LINE
  5
973
330
1B
100
AcDbEntity
 67
     1
  8
0
  6
Continuous
 62
     7
370
    25
100
AcDbLine
 10
2.6865738433
 20
3.8893382746
 30
0.0
 11
2.7372073284
 21
3.0749416644
 31
0.0
  0
LINE
  5
974
330
1B
100
AcDbEntity
 67
     1
  8
0
  6
Continuous
 62
     7
370
    25
100
AcDbLine
 10
0.4725781401
 20
3.2403625659
 30
0.0
 11
0.4830306577
 21
3.0722426961
 31
0.0
  0
LINE
  5
975
330
1B
100
AcDbEntity
 67
     1
  8
0
  6
Continuous
 62
     7
370
    25
100
AcDbLine
 10
9.2104306443
 20
2.713190582
 30
0.0
 11
9.3593128597
 21
3.170129351
 31
0.0
  0
LINE
  5
976
330
1B
100
AcDbEntity
 67
     1
  8
0
  6
Continuous
 62
     7
370
    25
100
AcDbLine
 10
4.9980729708
 20
2.9700542017
 30
0.0
 11
4.9203241626
 21
4.2205777593
 31
0.0
  0
LINE
  5
977
330
1B
100
AcDbEntity
 67
     1
  8
0
  6
Continuous
 62
     7
370
    25
100
AcDbLine
 10
4.8155548883
 20
4.3142492578
 30
0.0
 11
4.2414921083
 21
4.2719549357
 31
0.0
  0
LINE
  5
978
330
1B
100
AcDbEntity
 67
     1
  8
0
  6
Continuous
 62
     7
370
    25
100
AcDbLine
 10
4.224409015
 20
2.9931214095
 30
0.0
 11
4.1514733376
 21
4.166229845
 31
0.0
  0
LINE
  5
979
330
1B
100
AcDbEntity
 67
     1
  8
0
  6
Continuous
 62
     7
370
    25
100
AcDbLine
 10
4.3184852034
 20
2.8994910908
 30
0.0
 11
4.8917146501
 21
2.8640636939
 31
0.0
  0
LINE
  5
97A
330
1B
100
AcDbEntity
 67
     1
  8
0
  6
Continuous
 62
     7
370
    25
100
AcDbLine
 10
-1.2471897209
 20
2.6377807013
 30
0.0
 11
-1.2260137964
 21
2.5979652428
 31
0.0
  0
LINE
  5
97B
330
1B
100
AcDbEntity
 67
     1
  8
0
  6
Continuous
 62
     7
370
    25
100
AcDbLine
 10
8.8560607428
 20
2.7506672806
 30
0.0
 11
8.3866770284
 21
3.5829826528
 31
0.0
  0
LINE
  5
97C
330
1B
100
AcDbEntity
 67
     1
  8
0
  6
Continuous
 62
     7
370
    25
100
AcDbLine
 10
8.1997661867
 20
3.5276553435
 30
0.0
 11
8.2497991944
 21
2.7229163741
 31
0.0
  0
LINE
  5
97D
330
1B
100
AcDbEntity
 67
     1
  8
0
  6
Continuous
 62
     7
370
    25
100
AcDbLine
 10
8.3427880874
 20
2.6293544121
 30
0.0
 11
8.7628274452
 21
2.6017333315
 31
0.0
  0
LINE
  5
97E
330
1B
100
AcDbEntity
 67
     1
  8
0
  6
Continuous
 62
     7
370
    25
100
AcDbLine
 10
8.9520601837
 20
2.784015015
 30
0.0
 11
8.4537866135
 21
3.667558136
 31
0.0
  0
LINE
  5
97F
330
1B
100
AcDbEntity
 67
     1
  8
0
  6
Continuous
 62
     7
370
    25
100
AcDbLine
 10
9.1342440546
 20
2.8021574369
 30
0.0
 11
9.3015742657
 21
3.3157154899
 31
0.0
  0
LINE
  5
980
330
1B
100
AcDbEntity
 67
     1
  8
0
  6
Continuous
 62
     7
370
    25
100
AcDbLine
 10
7.9504754913
 20
1.4446080816
 30
0.0
 11
7.8998420062
 21
2.2590046918
 31
0.0
  0
LINE
  5
981
330
1B
100
AcDbEntity
 67
     1
  8
0
  6
Continuous
 62
     7
370
    25
100
AcDbLine
 10
10.1644711945
 20
2.0935837902
 30
0.0
 11
10.1540186769
 21
2.2617036601
 31
0.0
  0
LINE
  5
982
330
1B
100
AcDbEntity
 67
     1
  8
0
  6
Continuous
 62
     7
370
    25
100
AcDbLine
 10
1.4266186903
 20
2.6207557742
 30
0.0
 11
1.2777364749
 21
2.1638170052
 31
0.0
  0
LINE
  5
983
330
1B
100
AcDbEntity
 67
     1
  8
0
  6
Continuous
 62
     7
370
    25
100
AcDbLine
 10
5.6389763638
 20
2.3638921545
 30
0.0
 11
5.716725172
 21
1.1133685969
 31
0.0
  0
LINE
  5
984
330
1B
100
AcDbEntity
 67
     1
  8
0
  6
Continuous
 62
     7
370
    25
100
AcDbLine
 10
5.8214944463
 20
1.0196970983
 30
0.0
 11
6.3955572263
 21
1.0619914205
 31
0.0
  0
LINE
  5
985
330
1B
100
AcDbEntity
 67
     1
  8
0
  6
Continuous
 62
     7
370
    25
100
AcDbLine
 10
6.4126403196
 20
2.3408249467
 30
0.0
 11
6.485575997
 21
1.1677165112
 31
0.0
  0
LINE
  5
986
330
1B
100
AcDbEntity
 67
     1
  8
0
  6
Continuous
 62
     7
370
    25
100
AcDbLine
 10
6.3185641312
 20
2.4344552654
 30
0.0
 11
5.7453346845
 21
2.4698826623
 31
0.0
  0
LINE
  5
987
330
1B
100
AcDbEntity
 67
     1
  8
0
  6
Continuous
 62
     7
370
    25
100
AcDbLine
 10
11.8842390555
 20
2.6961656549
 30
0.0
 11
11.863063131
 21
2.7359811134
 31
0.0
  0
LINE
  5
988
330
1B
100
AcDbEntity
 67
     1
  8
0
  6
Continuous
 62
     7
370
    25
100
AcDbLine
 10
1.7809885917
 20
2.5832790755
 30
0.0
 11
2.2503723062
 21
1.7509637033
 31
0.0
  0
LINE
  5
989
330
1B
100
AcDbEntity
 67
     1
  8
0
  6
Continuous
 62
     7
370
    25
100
AcDbLine
 10
2.4372831479
 20
1.8062910127
 30
0.0
 11
2.3872501401
 21
2.611029982
 31
0.0
  0
LINE
  5
98A
330
1B
100
AcDbEntity
 67
     1
  8
0
  6
Continuous
 62
     7
370
    25
100
AcDbLine
 10
2.2942612472
 20
2.7045919441
 30
0.0
 11
1.8742218893
 21
2.7322130247
 31
0.0
  0
LINE
  5
98B
330
1B
100
AcDbEntity
 67
     1
  8
0
  6
Continuous
 62
     7
370
    25
100
AcDbLine
 10
1.6849891509
 20
2.5499313412
 30
0.0
 11
2.1832627211
 21
1.6663882201
 31
0.0
  0
LINE
  5
98C
330
1B
100
AcDbEntity
 67
     1
  8
0
  6
Continuous
 62
     7
370
    25
100
AcDbLine
 10
1.5028052799
 20
2.5317889192
 30
0.0
 11
1.3354750689
 21
2.0182308662
 31
0.0
  0
LINE
  5
98D
330
1B
100
AcDbEntity
 67
     1
  8
0
  6
Continuous
 62
     7
370
    25
100
AcDbLine
 10
-5.7274765663
 20
2.8669564862
 30
0.0
 11
-5.7172609079
 21
2.4912868377
 31
0.0
  0
LINE
  5
98E
330
1B
100
AcDbEntity
 67
     1
  8
0
  6
Continuous
 62
     7
370
    25
100
AcDbLine
 10
-3.4246389372
 20
2.9294010578
 30
0.0
 11
-3.4229836959
 21
2.8685313722
 31
0.0
  0
LINE
  5
98F
330
1B
100
AcDbEntity
 67
     1
  8
0
  6
Continuous
 62
     7
370
    25
100
AcDbLine
 10
-1.1655068549
 20
3.2450886842
 30
0.0
 11
-1.1864964341
 21
3.2904697106
 31
0.0
  0
LINE
  5
990
330
1B
100
AcDbEntity
 67
     1
  8
0
  6
Continuous
 62
     7
370
    25
100
AcDbLine
 10
-11.0841111929
 20
2.9681174584
 30
0.0
 11
-11.0749399047
 21
2.6308533808
 31
0.0
  0
LINE
  5
991
330
1B
100
AcDbEntity
 67
     1
  8
0
  6
Continuous
 62
     7
370
    25
100
AcDbLine
 10
-11.6967323644
 20
2.8869413198
 30
0.0
 11
-11.6969388769
 21
2.8871934968
 31
0.0
  0
LINE
  5
992
330
1B
100
AcDbEntity
 67
     1
  8
0
  6
Continuous
 62
     7
370
    25
100
AcDbLine
 10
-2.9408254378
 20
3.9981602225
 30
0.0
 11
-2.9306097794
 21
3.6224905741
 31
0.0
  0
LINE
  5
993
330
1B
100
AcDbEntity
 67
     1
  8
0
  6
Continuous
 62
     7
370
    25
100
AcDbLine
 10
-0.6379878087
 20
4.0606047941
 30
0.0
 11
-0.6363325674
 21
3.9997351085
 31
0.0
  0
LINE
  5
994
330
1B
100
AcDbEntity
 67
     1
  8
0
  6
Continuous
 62
     7
370
    25
100
AcDbLine
 10
1.6211442736
 20
4.3762924205
 30
0.0
 11
1.6001546944
 21
4.421673447
 31
0.0
  0
LINE
  5
995
330
1B
100
AcDbEntity
 67
     1
  8
0
  6
Continuous
 62
     7
370
    25
100
AcDbLine
 10
-8.2974600644
 20
4.0993211948
 30
0.0
 11
-8.2882887762
 21
3.7620571171
 31
0.0
  0
LINE
  5
996
330
1B
100
AcDbEntity
 67
     1
  8
0
  6
Continuous
 62
     7
370
    25
100
AcDbLine
 10
-8.9100812359
 20
4.0181450562
 30
0.0
 11
-8.9102877484
 21
4.0183972331
 31
0.0
  0
ARC
  5
997
330
1B
100
AcDbEntity
 67
     1
  8
0
  6
Continuous
 62
     7
370
    25
100
AcDbCircle
 10
1.9412946748
 20
0.3598690252
 30
0.0
 40
0.0500000000000345
100
AcDbArc
 50
335.1037050992
 51
110.8992058592
  0
ARC
  5
998
330
1B
100
AcDbEntity
 67
     1
  8
0
  6
Continuous
 62
     7
370
    25
100
AcDbCircle
 10
3.3848282777
 20
-3.4205290288
 30
0.0
 40
4.096628066665062
100
AcDbArc
 50
110.8992058591
 51
113.1701375339
  0
ARC
  5
999
330
1B
100
AcDbEntity
 67
     1
  8
0
  6
Continuous
 62
     7
370
    25
100
AcDbCircle
 10
2.7222527731
 20
-1.8723966182
 30
0.0
 40
2.412668370018846
100
AcDbArc
 50
113.1701375339
 51
131.1783714245
  0
ARC
  5
99A
330
1B
100
AcDbEntity
 67
     1
  8
0
  6
Continuous
 62
     7
370
    25
100
AcDbCircle
 10
1.1995794664
 20
-0.1317355396
 30
0.0
 40
0.1000000000000913
100
AcDbArc
 50
131.1783714245
 51
268.141410177
  0
ARC
  5
99B
330
1B
100
AcDbEntity
 67
     1
  8
0
  6
Continuous
 62
     7
370
    25
100
AcDbCircle
 10
1.9056257013
 20
21.6263085183
 30
0.0
 40
21.86949660670408
100
AcDbArc
 50
268.1414101769
 51
269.1652562498
  0
ARC
  5
99C
330
1B
100
AcDbEntity
 67
     1
  8
0
  6
Continuous
 62
     7
370
    25
100
AcDbCircle
 10
1.5899333916
 20
-0.0408883829
 30
0.0
 40
0.2000000000002733
100
AcDbArc
 50
269.1652562498
 51
335.1037050993
  0
ARC
  5
99D
330
1B
100
AcDbEntity
 67
     1
  8
0
  6
Continuous
 62
     7
370
    25
100
AcDbCircle
 10
5.9372910346
 20
-0.0531966594
 30
0.0
 40
0.0499999999999883
100
AcDbArc
 50
269.33318121
 51
26.6861305448
  0
ARC
  5
99E
330
1B
100
AcDbEntity
 67
     1
  8
0
  6
Continuous
 62
     7
370
    25
100
AcDbCircle
 10
5.8039766905
 20
0.2120293334
 30
0.0
 40
0.0500000000000162
100
AcDbArc
 50
26.6861305449
 51
173.1916741781
  0
ARC
  5
99F
330
1B
100
AcDbEntity
 67
     1
  8
0
  6
Continuous
 62
     7
370
    25
100
AcDbCircle
 10
5.1535955593
 20
0.2896784423
 30
0.0
 40
0.6049999999996303
100
AcDbArc
 50
328.7017563449
 51
353.1916741781
  0
ARC
  5
9A0
330
1B
100
AcDbEntity
 67
     1
  8
0
  6
Continuous
 62
     7
370
    25
100
AcDbCircle
 10
5.7132765239
 20
-0.0505894197
 30
0.0
 40
0.0500000000000328
100
AcDbArc
 50
148.7017563449
 51
269.3331812101
  0
ARC
  5
9A1
330
1B
100
AcDbEntity
 67
     1
  8
0
  6
Continuous
 62
     7
370
    25
100
AcDbCircle
 10
6.528597847
 20
-0.0100753209
 30
0.0
 40
0.1000000000000814
100
AcDbArc
 50
269.3331812102
 51
29.33318121
  0
ARC
  5
9A2
330
1B
100
AcDbEntity
 67
     1
  8
0
  6
Continuous
 62
     7
370
    25
100
AcDbCircle
 10
6.1957102485
 20
0.4802550103
 30
0.0
 40
0.1499999999999493
100
AcDbArc
 50
29.33318121
 51
80.7434504214
  0
ARC
  5
9A3
330
1B
100
AcDbEntity
 67
     1
  8
0
  6
Continuous
 62
     7
370
    25
100
AcDbCircle
 10
5.8992059574
 20
0.5792382852
 30
0.0
 40
0.1000000000000179
100
AcDbArc
 50
80.7434504214
 51
206.6861305448
  0
ARC
  5
9A4
330
1B
100
AcDbEntity
 67
     1
  8
0
  6
Continuous
 62
     7
370
    25
100
AcDbCircle
 10
6.1934605087
 20
-0.006174755
 30
0.0
 40
0.0999999999999876
100
AcDbArc
 50
206.6861305448
 51
269.3331812101
  0
ARC
  5
9A5
330
1B
100
AcDbEntity
 67
     1
  8
0
  6
Continuous
 62
     7
370
    25
100
AcDbCircle
 10
5.1535955593
 20
0.2896784423
 30
0.0
 40
0.6050000000000368
100
AcDbArc
 50
150.7731256224
 51
209.6429066353
  0
ARC
  5
9A6
330
1B
100
AcDbEntity
 67
     1
  8
0
  6
Continuous
 62
     7
370
    25
100
AcDbCircle
 10
4.5383468868
 20
0.63390812
 30
0.0
 40
0.1000000000000035
100
AcDbArc
 50
330.7731256224
 51
90.740953327
  0
ARC
  5
9A7
330
1B
100
AcDbEntity
 67
     1
  8
0
  6
Continuous
 62
     7
370
    25
100
AcDbCircle
 10
4.2520650561
 20
0.6302056954
 30
0.0
 40
0.1000000000000033
100
AcDbArc
 50
90.740953327
 51
211.4873194762
  0
ARC
  5
9A8
330
1B
100
AcDbEntity
 67
     1
  8
0
  6
Continuous
 62
     7
370
    25
100
AcDbCircle
 10
3.6508722303
 20
0.2619772524
 30
0.0
 40
0.6050000000000111
100
AcDbArc
 50
331.9870302282
 51
31.4873194762
  0
ARC
  5
9A9
330
1B
100
AcDbEntity
 67
     1
  8
0
  6
Continuous
 62
     7
370
    25
100
AcDbCircle
 10
4.2732753455
 20
-0.0691410983
 30
0.0
 40
0.0999999999999983
100
AcDbArc
 50
151.9870302282
 51
272.1683369592
  0
ARC
  5
9AA
330
1B
100
AcDbEntity
 67
     1
  8
0
  6
Continuous
 62
     7
370
    25
100
AcDbCircle
 10
4.5408625813
 20
-0.0590095239
 30
0.0
 40
0.1000000000000221
100
AcDbArc
 50
272.1683369592
 51
29.6429066353
  0
ARC
  5
9AB
330
1B
100
AcDbEntity
 67
     1
  8
0
  6
Continuous
 62
     7
370
    25
100
AcDbCircle
 10
5.8973414628
 20
-0.4585738642
 30
0.0
 40
0.2499999999999183
100
AcDbArc
 50
20.4740691506
 51
91.4422620687
  0
ARC
  5
9AC
330
1B
100
AcDbEntity
 67
     1
  8
0
  6
Continuous
 62
     7
370
    25
100
AcDbCircle
 10
4.1603166629
 20
-0.5235543441
 30
0.0
 40
0.2500000000001496
100
AcDbArc
 50
92.2181439412
 51
163.3003556914
  0
ARC
  5
9AD
330
1B
100
AcDbEntity
 67
     1
  8
0
  6
Continuous
 62
     7
370
    25
100
AcDbCircle
 10
3.3526979712
 20
-1.1515121745
 30
0.0
 40
0.3431102362204954
100
AcDbArc
 50
191.5962060023
 51
343.3003556914
  0
ARC
  5
9AE
330
1B
100
AcDbEntity
 67
     1
  8
0
  6
Continuous
 62
     7
370
    25
100
AcDbCircle
 10
2.5483639359
 20
-0.5833417337
 30
0.0
 40
0.2500000000001568
100
AcDbArc
 50
17.8796177566
 51
91.6110313402
  0
ARC
  5
9AF
330
1B
100
AcDbEntity
 67
     1
  8
0
  6
Continuous
 62
     7
370
    25
100
AcDbCircle
 10
9.5522257761
 20
-0.5022546722
 30
0.0
 40
0.2500000000000105
100
AcDbArc
 50
87.0327080206
 51
156.0344151879
  0
ARC
  5
9B0
330
1B
100
AcDbEntity
 67
     1
  8
0
  6
Continuous
 62
     7
370
    25
100
AcDbCircle
 10
8.5042822846
 20
-1.6288267168
 30
0.0
 40
0.2499999999999556
100
AcDbArc
 50
265.4607453991
 51
336.034415188
  0
ARC
  5
9B1
330
1B
100
AcDbEntity
 67
     1
  8
0
  6
Continuous
 62
     7
370
    25
100
AcDbCircle
 10
6.8180070729
 20
-1.4949514564
 30
0.0
 40
0.2499999999999389
100
AcDbArc
 50
200.4740691506
 51
265.4607453991
  0
ARC
  5
9B2
330
1B
100
AcDbEntity
 67
     1
  8
0
  6
Continuous
 62
     7
370
    25
100
AcDbCircle
 10
2.5173965392
 20
-0.1345903361
 30
0.0
 40
0.0999999999999786
100
AcDbArc
 50
271.610349698
 51
27.1037050993
  0
ARC
  5
9B3
330
1B
100
AcDbEntity
 67
     1
  8
0
  6
Continuous
 62
     7
370
    25
100
AcDbCircle
 10
2.2394588129
 20
0.4084610067
 30
0.0
 40
0.0999999999999524
100
AcDbArc
 50
27.1037050993
 51
155.1037050994
  0
ARC
  5
9B4
330
1B
100
AcDbEntity
 67
     1
  8
0
  6
Continuous
 62
     7
370
    25
100
AcDbCircle
 10
1.9834998303
 20
-0.1430488018
 30
0.0
 40
0.0999999999999326
100
AcDbArc
 50
155.1037050993
 51
270.2049596516
  0
ARC
  5
9B5
330
1B
100
AcDbEntity
 67
     1
  8
0
  6
Continuous
 62
     7
370
    25
100
AcDbCircle
 10
1.9056257015
 20
21.6263085076
 30
0.0
 40
21.86949659600597
100
AcDbArc
 50
270.2049596512
 51
271.6103496984
  0
ARC
  5
9B6
330
1B
100
AcDbEntity
 67
     1
  8
0
  6
Continuous
 62
     7
370
    25
100
AcDbCircle
 10
3.6508722303
 20
0.2619772524
 30
0.0
 40
0.6050000000000528
100
AcDbArc
 50
155.1179772067
 51
212.3496436902
  0
ARC
  5
9B7
330
1B
100
AcDbEntity
 67
     1
  8
0
  6
Continuous
 62
     7
370
    25
100
AcDbCircle
 10
3.0113130978
 20
0.5586068464
 30
0.0
 40
0.1000000000000078
100
AcDbArc
 50
335.1179772067
 51
95.3625505682
  0
ARC
  5
9B8
330
1B
100
AcDbEntity
 67
     1
  8
0
  6
Continuous
 62
     7
370
    25
100
AcDbCircle
 10
3.3848282777
 20
-3.4205290289
 30
0.0
 40
4.09662806673954
100
AcDbArc
 50
95.3625505682
 51
102.244580535
  0
ARC
  5
9B9
330
1B
100
AcDbEntity
 67
     1
  8
0
  6
Continuous
 62
     7
370
    25
100
AcDbCircle
 10
2.5372024655
 20
0.4851804312
 30
0.0
 40
0.100000000000058
100
AcDbArc
 50
102.2445805349
 51
207.1037050993
  0
ARC
  5
9BA
330
1B
100
AcDbEntity
 67
     1
  8
0
  6
Continuous
 62
     7
370
    25
100
AcDbCircle
 10
2.8485178922
 20
-0.1230862577
 30
0.0
 40
0.1000000000001258
100
AcDbArc
 50
207.1037050994
 51
272.1683369591
  0
ARC
  5
9BB
330
1B
100
AcDbEntity
 67
     1
  8
0
  6
Continuous
 62
     7
370
    25
100
AcDbCircle
 10
3.0552892676
 20
-0.1152573358
 30
0.0
 40
0.1000000000000424
100
AcDbArc
 50
272.1683369592
 51
32.3496436902
  0
ARC
  5
9BC
330
1B
100
AcDbEntity
 67
     1
  8
0
  6
Continuous
 62
     7
370
    25
100
AcDbCircle
 10
6.6694583702
 20
0.4537043281
 30
0.0
 40
0.100000000000018
100
AcDbArc
 50
80.7434504214
 51
209.3331812101
  0
ARC
  5
9BD
330
1B
100
AcDbEntity
 67
     1
  8
0
  6
Continuous
 62
     7
370
    25
100
AcDbCircle
 10
6.96216312
 20
0.0348819255
 30
0.0
 40
0.1500000000000336
100
AcDbArc
 50
209.3331812101
 51
269.3331812101
  0
ARC
  5
9BE
330
1B
100
AcDbEntity
 67
     1
  8
0
  6
Continuous
 62
     7
370
    25
100
AcDbCircle
 10
9.2680403029
 20
-0.0063601215
 30
0.0
 40
0.1360775739413559
100
AcDbArc
 50
274.1531112722
 51
80.7434504214
  0
ARC
  5
9BF
330
1B
100
AcDbEntity
 67
     1
  8
0
  6
Continuous
 62
     7
370
    25
100
AcDbCircle
 10
10.8278430769
 20
-2.6816250801
 30
0.0
 40
0.0500000000000419
100
AcDbArc
 50
155.1037050992
 51
290.8992058592
  0
ARC
  5
9C0
330
1B
100
AcDbEntity
 67
     1
  8
0
  6
Continuous
 62
     7
370
    25
100
AcDbCircle
 10
9.384309474
 20
1.0987729739
 30
0.0
 40
4.096628066636839
100
AcDbArc
 50
290.8992058591
 51
293.170137534
  0
ARC
  5
9C1
330
1B
100
AcDbEntity
 67
     1
  8
0
  6
Continuous
 62
     7
370
    25
100
AcDbCircle
 10
10.0468849785
 20
-0.4493594367
 30
0.0
 40
2.412668370019247
100
AcDbArc
 50
293.1701375339
 51
311.1783714245
  0
ARC
  5
9C2
330
1B
100
AcDbEntity
 67
     1
  8
0
  6
Continuous
 62
     7
370
    25
100
AcDbCircle
 10
11.5695582852
 20
-2.1900205153
 30
0.0
 40
0.1000000000001067
100
AcDbArc
 50
311.1783714245
 51
88.141410177
  0
ARC
  5
9C3
330
1B
100
AcDbEntity
 67
     1
  8
0
  6
Continuous
 62
     7
370
    25
100
AcDbCircle
 10
10.8635120503
 20
-23.948064573
 30
0.0
 40
21.86949660652797
100
AcDbArc
 50
88.1414101769
 51
89.1652562498
  0
ARC
  5
9C4
330
1B
100
AcDbEntity
 67
     1
  8
0
  6
Continuous
 62
     7
370
    25
100
AcDbCircle
 10
11.17920436
 20
-2.280867672
 30
0.0
 40
0.2000000000002941
100
AcDbArc
 50
89.1652562498
 51
155.1037050993
  0
ARC
  5
9C5
330
1B
100
AcDbEntity
 67
     1
  8
0
  6
Continuous
 62
     7
370
    25
100
AcDbCircle
 10
6.831846717
 20
-2.2685593955
 30
0.0
 40
0.0499999999999892
100
AcDbArc
 50
89.33318121
 51
206.6861305448
  0
ARC
  5
9C6
330
1B
100
AcDbEntity
 67
     1
  8
0
  6
Continuous
 62
     7
370
    25
100
AcDbCircle
 10
6.9651610611
 20
-2.5337853883
 30
0.0
 40
0.0500000000000143
100
AcDbArc
 50
206.6861305448
 51
353.1916741781
  0
ARC
  5
9C7
330
1B
100
AcDbEntity
 67
     1
  8
0
  6
Continuous
 62
     7
370
    25
100
AcDbCircle
 10
7.6155421924
 20
-2.6114344972
 30
0.0
 40
0.6049999999996599
100
AcDbArc
 50
148.7017563449
 51
173.1916741781
  0
ARC
  5
9C8
330
1B
100
AcDbEntity
 67
     1
  8
0
  6
Continuous
 62
     7
370
    25
100
AcDbCircle
 10
7.0558612278
 20
-2.2711666352
 30
0.0
 40
0.0500000000000232
100
AcDbArc
 50
328.7017563449
 51
89.3331812101
  0
ARC
  5
9C9
330
1B
100
AcDbEntity
 67
     1
  8
0
  6
Continuous
 62
     7
370
    25
100
AcDbCircle
 10
6.2405399047
 20
-2.311680734
 30
0.0
 40
0.1000000000000824
100
AcDbArc
 50
89.3331812102
 51
209.33318121
  0
ARC
  5
9CA
330
1B
100
AcDbEntity
 67
     1
  8
0
  6
Continuous
 62
     7
370
    25
100
AcDbCircle
 10
6.5734275032
 20
-2.8020110652
 30
0.0
 40
0.1499999999998582
100
AcDbArc
 50
209.33318121
 51
260.7434504215
  0
ARC
  5
9CB
330
1B
100
AcDbEntity
 67
     1
  8
0
  6
Continuous
 62
     7
370
    25
100
AcDbCircle
 10
6.8699317942
 20
-2.9009943401
 30
0.0
 40
0.0999999999999981
100
AcDbArc
 50
260.7434504214
 51
26.6861305449
  0
ARC
  5
9CC
330
1B
100
AcDbEntity
 67
     1
  8
0
  6
Continuous
 62
     7
370
    25
100
AcDbCircle
 10
6.575677243
 20
-2.3155812999
 30
0.0
 40
0.1000000000000106
100
AcDbArc
 50
26.6861305448
 51
89.3331812101
  0
ARC
  5
9CD
330
1B
100
AcDbEntity
 67
     1
  8
0
  6
Continuous
 62
     7
370
    25
100
AcDbCircle
 10
7.6155421924
 20
-2.6114344972
 30
0.0
 40
0.6049999999999462
100
AcDbArc
 50
330.7731256224
 51
29.6429066353
  0
ARC
  5
9CE
330
1B
100
AcDbEntity
 67
     1
  8
0
  6
Continuous
 62
     7
370
    25
100
AcDbCircle
 10
8.2307908649
 20
-2.9556641749
 30
0.0
 40
0.1000000000000095
100
AcDbArc
 50
150.7731256224
 51
270.740953327
  0
ARC
  5
9CF
330
1B
100
AcDbEntity
 67
     1
  8
0
  6
Continuous
 62
     7
370
    25
100
AcDbCircle
 10
8.5170726956
 20
-2.9519617503
 30
0.0
 40
0.0999999999999981
100
AcDbArc
 50
270.740953327
 51
31.4873194762
  0
ARC
  5
9D0
330
1B
100
AcDbEntity
 67
     1
  8
0
  6
Continuous
 62
     7
370
    25
100
AcDbCircle
 10
9.1182655214
 20
-2.5837333073
 30
0.0
 40
0.6050000000000567
100
AcDbArc
 50
151.9870302282
 51
211.4873194762
  0
ARC
  5
9D1
330
1B
100
AcDbEntity
 67
     1
  8
0
  6
Continuous
 62
     7
370
    25
100
AcDbCircle
 10
8.4958624061
 20
-2.2526149566
 30
0.0
 40
0.0999999999999983
100
AcDbArc
 50
331.9870302282
 51
92.1683369592
  0
ARC
  5
9D2
330
1B
100
AcDbEntity
 67
     1
  8
0
  6
Continuous
 62
     7
370
    25
100
AcDbCircle
 10
8.2282751703
 20
-2.262746531
 30
0.0
 40
0.1000000000000394
100
AcDbArc
 50
92.1683369593
 51
209.6429066353
  0
ARC
  5
9D3
330
1B
100
AcDbEntity
 67
     1
  8
0
  6
Continuous
 62
     7
370
    25
100
AcDbCircle
 10
6.8717962889
 20
-1.8631821907
 30
0.0
 40
0.2499999999998763
100
AcDbArc
 50
200.4740691506
 51
271.4422620687
  0
ARC
  5
9D4
330
1B
100
AcDbEntity
 67
     1
  8
0
  6
Continuous
 62
     7
370
    25
100
AcDbCircle
 10
8.6088210888
 20
-1.7982017108
 30
0.0
 40
0.2500000000001416
100
AcDbArc
 50
272.2181439412
 51
343.3003556914
  0
ARC
  5
9D5
330
1B
100
AcDbEntity
 67
     1
  8
0
  6
Continuous
 62
     7
370
    25
100
AcDbCircle
 10
9.4164397805
 20
-1.1702438804
 30
0.0
 40
0.3431102362204974
100
AcDbArc
 50
11.5962060023
 51
163.3003556914
  0
ARC
  5
9D6
330
1B
100
AcDbEntity
 67
     1
  8
0
  6
Continuous
 62
     7
370
    25
100
AcDbCircle
 10
10.2207738158
 20
-1.7384143212
 30
0.0
 40
0.2500000000001964
100
AcDbArc
 50
197.8796177566
 51
271.6110313402
  0
ARC
  5
9D7
330
1B
100
AcDbEntity
 67
     1
  8
0
  6
Continuous
 62
     7
370
    25
100
AcDbCircle
 10
3.2169119756
 20
-1.8195013827
 30
0.0
 40
0.249999999999943
100
AcDbArc
 50
267.0327080206
 51
336.034415188
  0
ARC
  5
9D8
330
1B
100
AcDbEntity
 67
     1
  8
0
  6
Continuous
 62
     7
370
    25
100
AcDbCircle
 10
4.2648554671
 20
-0.6929293381
 30
0.0
 40
0.2499999999999222
100
AcDbArc
 50
85.4607453991
 51
156.034415188
  0
ARC
  5
9D9
330
1B
100
AcDbEntity
 67
     1
  8
0
  6
Continuous
 62
     7
370
    25
100
AcDbCircle
 10
5.9511306788
 20
-0.8268045985
 30
0.0
 40
0.2499999999999385
100
AcDbArc
 50
20.4740691506
 51
85.4607453991
  0
ARC
  5
9DA
330
1B
100
AcDbEntity
 67
     1
  8
0
  6
Continuous
 62
     7
370
    25
100
AcDbCircle
 10
10.2517412125
 20
-2.1871657188
 30
0.0
 40
0.099999999999966
100
AcDbArc
 50
91.610349698
 51
207.1037050993
  0
ARC
  5
9DB
330
1B
100
AcDbEntity
 67
     1
  8
0
  6
Continuous
 62
     7
370
    25
100
AcDbCircle
 10
10.5296789388
 20
-2.7302170616
 30
0.0
 40
0.0999999999999541
100
AcDbArc
 50
207.1037050993
 51
335.1037050994
  0
ARC
  5
9DC
330
1B
100
AcDbEntity
 67
     1
  8
0
  6
Continuous
 62
     7
370
    25
100
AcDbCircle
 10
10.7856379213
 20
-2.1787072531
 30
0.0
 40
0.0999999999999315
100
AcDbArc
 50
335.1037050993
 51
90.2049596516
  0
ARC
  5
9DD
330
1B
100
AcDbEntity
 67
     1
  8
0
  6
Continuous
 62
     7
370
    25
100
AcDbCircle
 10
10.8635120501
 20
-23.9480645626
 30
0.0
 40
21.86949659611951
100
AcDbArc
 50
90.2049596512
 51
91.6103496984
  0
ARC
  5
9DE
330
1B
100
AcDbEntity
 67
     1
  8
0
  6
Continuous
 62
     7
370
    25
100
AcDbCircle
 10
9.1182655214
 20
-2.5837333073
 30
0.0
 40
0.6050000000000415
100
AcDbArc
 50
335.1179772067
 51
32.3496436902
  0
ARC
  5
9DF
330
1B
100
AcDbEntity
 67
     1
  8
0
  6
Continuous
 62
     7
370
    25
100
AcDbCircle
 10
9.7578246538
 20
-2.8803629013
 30
0.0
 40
0.1000000000000097
100
AcDbArc
 50
155.1179772067
 51
275.3625505682
  0
ARC
  5
9E0
330
1B
100
AcDbEntity
 67
     1
  8
0
  6
Continuous
 62
     7
370
    25
100
AcDbCircle
 10
9.384309474
 20
1.098772974
 30
0.0
 40
4.096628066741225
100
AcDbArc
 50
275.3625505682
 51
282.244580535
  0
ARC
  5
9E1
330
1B
100
AcDbEntity
 67
     1
  8
0
  6
Continuous
 62
     7
370
    25
100
AcDbCircle
 10
10.2319352861
 20
-2.8069364861
 30
0.0
 40
0.1000000000000348
100
AcDbArc
 50
282.2445805349
 51
27.1037050993
  0
ARC
  5
9E2
330
1B
100
AcDbEntity
 67
     1
  8
0
  6
Continuous
 62
     7
370
    25
100
AcDbCircle
 10
9.9206198595
 20
-2.1986697972
 30
0.0
 40
0.1000000000001533
100
AcDbArc
 50
27.1037050994
 51
92.1683369591
  0
ARC
  5
9E3
330
1B
100
AcDbEntity
 67
     1
  8
0
  6
Continuous
 62
     7
370
    25
100
AcDbCircle
 10
9.713848484
 20
-2.2064987191
 30
0.0
 40
0.1000000000000259
100
AcDbArc
 50
92.1683369592
 51
212.3496436902
  0
ARC
  5
9E4
330
1B
100
AcDbEntity
 67
     1
  8
0
  6
Continuous
 62
     7
370
    25
100
AcDbCircle
 10
6.0996793814
 20
-2.775460383
 30
0.0
 40
0.1000000000000342
100
AcDbArc
 50
260.7434504215
 51
29.3331812101
  0
ARC
  5
9E5
330
1B
100
AcDbEntity
 67
     1
  8
0
  6
Continuous
 62
     7
370
    25
100
AcDbCircle
 10
5.8069746317
 20
-2.3566379804
 30
0.0
 40
0.1499999999999301
100
AcDbArc
 50
29.3331812101
 51
89.3331812101
  0
ARC
  5
9E6
330
1B
100
AcDbEntity
 67
     1
  8
0
  6
Continuous
 62
     7
370
    25
100
AcDbCircle
 10
3.5010974488
 20
-2.3153959334
 30
0.0
 40
0.1360775739413558
100
AcDbArc
 50
94.1531112722
 51
260.7434504214
  0
ARC
  5
9E7
330
1B
100
AcDbEntity
 67
     1
  8
0
  6
Continuous
 62
     7
370
    25
100
AcDbCircle
 10
-10.9967146789
 20
-4.2421597661
 30
0.0
 40
0.1386514630836407
100
AcDbArc
 50
83.7140082344
 51
266.2252401168
  0
ARC
  5
9E8
330
1B
100
AcDbEntity
 67
     1
  8
0
  6
Continuous
 62
     7
370
    25
100
AcDbCircle
 10
-10.5209144176
 20
-4.2614287159
 30
0.0
 40
0.1072565709543735
100
AcDbArc
 50
275.252146586
 51
85.0446436415
  0
ARC
  5
9E9
330
1B
100
AcDbEntity
 67
     1
  8
0
  6
Continuous
 62
     7
370
    25
100
AcDbCircle
 10
-9.3971030231
 20
-2.0128550702
 30
0.0
 40
0.2620107678400751
100
AcDbArc
 50
4.0091535679
 51
184.0091535679
  0
ARC
  5
9EA
330
1B
100
AcDbEntity
 67
     1
  8
0
  6
Continuous
 62
     7
370
    25
100
AcDbCircle
 10
-19.7307315121
 20
-2.7371117567
 30
0.0
 40
10.62098878188006
100
AcDbArc
 50
353.9174457175
 51
4.0091535679
  0
ARC
  5
9EB
330
1B
100
AcDbEntity
 67
     1
  8
0
  6
Continuous
 62
     7
370
    25
100
AcDbCircle
 10
-8.9706621498
 20
-3.8837178518
 30
0.0
 40
0.2000000000001389
100
AcDbArc
 50
173.9174457175
 51
251.43706975
  0
ARC
  5
9EC
330
1B
100
AcDbEntity
 67
     1
  8
0
  6
Continuous
 62
     7
370
    25
100
AcDbCircle
 10
-10.0376693926
 20
-3.760790049
 30
0.0
 40
0.3500000000000007
100
AcDbArc
 50
267.9796423046
 51
353.9713750098
  0
ARC
  5
9ED
330
1B
100
AcDbEntity
 67
     1
  8
0
  6
Continuous
 62
     7
370
    25
100
AcDbCircle
 10
-19.7307315121
 20
-2.7371117567
 30
0.0
 40
10.09696724619983
100
AcDbArc
 50
353.9713750098
 51
4.0091535679
  0
ARC
  5
9EE
330
1B
100
AcDbEntity
 67
     1
  8
0
  6
Continuous
 62
     7
370
    25
100
AcDbCircle
 10
-19.7307315121
 20
-2.7371117567
 30
0.0
 40
10.2408677778251
100
AcDbArc
 50
356.0091535679
 51
4.0091535679
  0
ARC
  5
9EF
330
1B
100
AcDbEntity
 67
     1
  8
0
  6
Continuous
 62
     7
370
    25
100
AcDbCircle
 10
-9.3968721363
 20
-3.4580666075
 30
0.0
 40
0.1181102362204671
100
AcDbArc
 50
176.0091535679
 51
356.0091535679
  0
ARC
  5
9F0
330
1B
100
AcDbEntity
 67
     1
  8
0
  6
Continuous
 62
     7
370
    25
100
AcDbCircle
 10
-19.7307315121
 20
-2.7371117567
 30
0.0
 40
10.47708825025125
100
AcDbArc
 50
356.0091535679
 51
4.0091535679
  0
ARC
  5
9F1
330
1B
100
AcDbEntity
 67
     1
  8
0
  6
Continuous
 62
     7
370
    25
100
AcDbCircle
 10
-9.3971030231
 20
-2.0128550702
 30
0.0
 40
0.1181102362204954
100
AcDbArc
 50
4.0091535679
 51
184.0091535679
  0
ARC
  5
9F2
330
1B
100
AcDbEntity
 67
     1
  8
0
  6
Continuous
 62
     7
370
    25
100
AcDbCircle
 10
-9.9770116476
 20
-1.488963655
 30
0.0
 40
0.1386514630836421
100
AcDbArc
 50
263.7140082344
 51
86.2252401168
  0
ARC
  5
9F3
330
1B
100
AcDbEntity
 67
     1
  8
0
  6
Continuous
 62
     7
370
    25
100
AcDbCircle
 10
-10.452811909
 20
-1.4696947052
 30
0.0
 40
0.1072565709543766
100
AcDbArc
 50
95.252146586
 51
265.0446436415
  0
ARC
  5
9F4
330
1B
100
AcDbEntity
 67
     1
  8
0
  6
Continuous
 62
     7
370
    25
100
AcDbCircle
 10
-11.5766233034
 20
-3.7182683509
 30
0.0
 40
0.2620107678400682
100
AcDbArc
 50
184.0091535679
 51
4.0091535679
  0
ARC
  5
9F5
330
1B
100
AcDbEntity
 67
     1
  8
0
  6
Continuous
 62
     7
370
    25
100
AcDbCircle
 10
-1.2429948145
 20
-2.9940116644
 30
0.0
 40
10.62098878188226
100
AcDbArc
 50
173.9174457175
 51
184.0091535679
  0
ARC
  5
9F6
330
1B
100
AcDbEntity
 67
     1
  8
0
  6
Continuous
 62
     7
370
    25
100
AcDbCircle
 10
-12.0030641767
 20
-1.8474055693
 30
0.0
 40
0.2000000000000927
100
AcDbArc
 50
353.9174457175
 51
71.43706975
  0
ARC
  5
9F7
330
1B
100
AcDbEntity
 67
     1
  8
0
  6
Continuous
 62
     7
370
    25
100
AcDbCircle
 10
-10.936056934
 20
-1.970333372
 30
0.0
 40
0.3500000000000095
100
AcDbArc
 50
87.9796423046
 51
173.9713750098
  0
ARC
  5
9F8
330
1B
100
AcDbEntity
 67
     1
  8
0
  6
Continuous
 62
     7
370
    25
100
AcDbCircle
 10
-1.2429948145
 20
-2.9940116644
 30
0.0
 40
10.09696724619737
100
AcDbArc
 50
173.9713750098
 51
184.0091535679
  0
ARC
  5
9F9
330
1B
100
AcDbEntity
 67
     1
  8
0
  6
Continuous
 62
     7
370
    25
100
AcDbCircle
 10
-1.2429948145
 20
-2.9940116644
 30
0.0
 40
10.24086777782319
100
AcDbArc
 50
176.0091535679
 51
184.0091535679
  0
ARC
  5
9FA
330
1B
100
AcDbEntity
 67
     1
  8
0
  6
Continuous
 62
     7
370
    25
100
AcDbCircle
 10
-11.5768541902
 20
-2.2730568136
 30
0.0
 40
0.1181102362204675
100
AcDbArc
 50
356.0091535679
 51
176.0091535679
  0
ARC
  5
9FB
330
1B
100
AcDbEntity
 67
     1
  8
0
  6
Continuous
 62
     7
370
    25
100
AcDbCircle
 10
-1.2429948145
 20
-2.9940116644
 30
0.0
 40
10.47708825025786
100
AcDbArc
 50
176.0091535679
 51
184.0091535679
  0
ARC
  5
9FC
330
1B
100
AcDbEntity
 67
     1
  8
0
  6
Continuous
 62
     7
370
    25
100
AcDbCircle
 10
-11.5766233034
 20
-3.7182683509
 30
0.0
 40
0.1181102362204796
100
AcDbArc
 50
184.0091535679
 51
4.0091535679
  0
ARC
  5
9FD
330
1B
100
AcDbEntity
 67
     1
  8
0
  6
Continuous
 62
     7
370
    25
100
AcDbCircle
 10
-9.6509518307
 20
-0.8031894166
 30
0.0
 40
0.0199999999999938
100
AcDbArc
 50
294.865187378
 51
102.1558916167
  0
ARC
  5
9FE
330
1B
100
AcDbEntity
 67
     1
  8
0
  6
Continuous
 62
     7
370
    25
100
AcDbCircle
 10
-10.0499126887
 20
-0.9180500942
 30
0.0
 40
0.0645179152575255
100
AcDbArc
 50
97.7385270169
 51
289.3397198356
  0
ARC
  5
9FF
330
1B
100
AcDbEntity
 67
     1
  8
0
  6
Continuous
 62
     7
370
    25
100
AcDbCircle
 10
-10.541566592
 20
-1.0074512047
 30
0.0
 40
0.1096583169580152
100
AcDbArc
 50
281.4784869968
 51
92.4131255974
  0
ARC
  5
A00
330
1B
100
AcDbEntity
 67
     1
  8
0
  6
Continuous
 62
     7
370
    25
100
AcDbCircle
 10
-11.2447878164
 20
-1.026880234
 30
0.0
 40
0.1238014784685632
100
AcDbArc
 50
90.9284584871
 51
260.0593269083
  0
ARC
  5
A01
330
1B
100
AcDbEntity
 67
     1
  8
0
  6
Continuous
 62
     7
370
    25
100
AcDbCircle
 10
-8.0108352144
 20
-3.7482025246
 30
0.0
 40
0.0199999999999906
100
AcDbArc
 50
114.865187378
 51
282.1558916167
  0
ARC
  5
A02
330
1B
100
AcDbEntity
 67
     1
  8
0
  6
Continuous
 62
     7
370
    25
100
AcDbCircle
 10
-7.6118743564
 20
-3.633341847
 30
0.0
 40
0.0645179152575282
100
AcDbArc
 50
277.7385270169
 51
109.3397198356
  0
ARC
  5
A03
330
1B
100
AcDbEntity
 67
     1
  8
0
  6
Continuous
 62
     7
370
    25
100
AcDbCircle
 10
-7.1202204532
 20
-3.5439407364
 30
0.0
 40
0.1096583169580128
100
AcDbArc
 50
101.4784869968
 51
272.4131255974
  0
ARC
  5
A04
330
1B
100
AcDbEntity
 67
     1
  8
0
  6
Continuous
 62
     7
370
    25
100
AcDbCircle
 10
-6.4169992288
 20
-3.5245117071
 30
0.0
 40
0.123801478468564
100
AcDbArc
 50
270.9284584871
 51
80.0593269083
  0
ARC
  5
A05
330
1B
100
AcDbEntity
 67
     1
  8
0
  6
Continuous
 62
     7
370
    25
100
AcDbCircle
 10
-11.1499503101
 20
1.4456891114
 30
0.0
 40
0.0199999999999908
100
AcDbArc
 50
114.865187378
 51
282.1558916167
  0
ARC
  5
A06
330
1B
100
AcDbEntity
 67
     1
  8
0
  6
Continuous
 62
     7
370
    25
100
AcDbCircle
 10
-10.7509894521
 20
1.560549789
 30
0.0
 40
0.0645179152575291
100
AcDbArc
 50
277.7385270169
 51
109.3397198356
  0
ARC
  5
A07
330
1B
100
AcDbEntity
 67
     1
  8
0
  6
Continuous
 62
     7
370
    25
100
AcDbCircle
 10
-10.2593355489
 20
1.6499508995
 30
0.0
 40
0.1096583169580122
100
AcDbArc
 50
101.4784869968
 51
272.4131255974
  0
ARC
  5
A08
330
1B
100
AcDbEntity
 67
     1
  8
0
  6
Continuous
 62
     7
370
    25
100
AcDbCircle
 10
-9.5561143245
 20
1.6693799288
 30
0.0
 40
0.123801478468564
100
AcDbArc
 50
270.9284584871
 51
80.0593269083
  0
ARC
  5
A09
330
1B
100
AcDbEntity
 67
     1
  8
0
  6
Continuous
 62
     7
370
    25
100
AcDbCircle
 10
-6.0113209141
 20
-3.8769536166
 30
0.0
 40
0.0199999999999941
100
AcDbArc
 50
294.865187378
 51
102.1558916167
  0
ARC
  5
A0A
330
1B
100
AcDbEntity
 67
     1
  8
0
  6
Continuous
 62
     7
370
    25
100
AcDbCircle
 10
-6.4102817721
 20
-3.9918142941
 30
0.0
 40
0.0645179152575253
100
AcDbArc
 50
97.7385270169
 51
289.3397198356
  0
ARC
  5
A0B
330
1B
100
AcDbEntity
 67
     1
  8
0
  6
Continuous
 62
     7
370
    25
100
AcDbCircle
 10
-6.9019356754
 20
-4.0812154047
 30
0.0
 40
0.1096583169580155
100
AcDbArc
 50
281.4784869968
 51
92.4131255974
  0
ARC
  5
A0C
330
1B
100
AcDbEntity
 67
     1
  8
0
  6
Continuous
 62
     7
370
    25
100
AcDbCircle
 10
-7.6051568998
 20
-4.100644434
 30
0.0
 40
0.1238014784685636
100
AcDbArc
 50
90.9284584871
 51
260.0593269083
  0
ARC
  5
A0D
330
1B
100
AcDbEntity
 67
     1
  8
0
  6
Continuous
 62
     7
370
    25
100
AcDbCircle
 10
-11.1834315656
 20
-0.5640234628
 30
0.0
 40
0.0199999999999915
100
AcDbArc
 50
114.865187378
 51
282.1558916167
  0
ARC
  5
A0E
330
1B
100
AcDbEntity
 67
     1
  8
0
  6
Continuous
 62
     7
370
    25
100
AcDbCircle
 10
-10.7844707076
 20
-0.4491627853
 30
0.0
 40
0.0645179152575286
100
AcDbArc
 50
277.7385270169
 51
109.3397198356
  0
ARC
  5
A0F
330
1B
100
AcDbEntity
 67
     1
  8
0
  6
Continuous
 62
     7
370
    25
100
AcDbCircle
 10
-10.2928168044
 20
-0.3597616747
 30
0.0
 40
0.1096583169580122
100
AcDbArc
 50
101.4784869968
 51
272.4131255974
  0
ARC
  5
A10
330
1B
100
AcDbEntity
 67
     1
  8
0
  6
Continuous
 62
     7
370
    25
100
AcDbCircle
 10
-9.5895955799
 20
-0.3403326454
 30
0.0
 40
0.1238014784685639
100
AcDbArc
 50
270.9284584871
 51
80.0593269083
  0
ARC
  5
A11
330
1B
100
AcDbEntity
 67
     1
  8
0
  6
Continuous
 62
     7
370
    25
100
AcDbCircle
 10
-9.5360718279
 20
1.2120644965
 30
0.0
 40
0.0199999999999941
100
AcDbArc
 50
294.865187378
 51
102.1558916167
  0
ARC
  5
A12
330
1B
100
AcDbEntity
 67
     1
  8
0
  6
Continuous
 62
     7
370
    25
100
AcDbCircle
 10
-9.935032686
 20
1.097203819
 30
0.0
 40
0.0645179152575249
100
AcDbArc
 50
97.7385270169
 51
289.3397198356
  0
ARC
  5
A13
330
1B
100
AcDbEntity
 67
     1
  8
0
  6
Continuous
 62
     7
370
    25
100
AcDbCircle
 10
-10.4266865892
 20
1.0078027084
 30
0.0
 40
0.1096583169580151
100
AcDbArc
 50
281.4784869968
 51
92.4131255974
  0
ARC
  5
A14
330
1B
100
AcDbEntity
 67
     1
  8
0
  6
Continuous
 62
     7
370
    25
100
AcDbCircle
 10
-11.1299078136
 20
0.9883736791
 30
0.0
 40
0.1238014784685636
100
AcDbArc
 50
90.9284584871
 51
260.0593269083
  0
ARC
  5
A15
330
1B
100
AcDbEntity
 67
     1
  8
0
  6
Continuous
 62
     7
370
    25
100
AcDbCircle
 10
-10.4106314767
 20
4.147774474
 30
0.0
 40
0.107004516646483
100
AcDbArc
 50
102.7665154859
 51
272.5144676155
  0
ARC
  5
A16
330
1B
100
AcDbEntity
 67
     1
  8
0
  6
Continuous
 62
     7
370
    25
100
AcDbCircle
 10
-9.9363867826
 20
4.1907456934
 30
0.0
 40
0.1386385080950697
100
AcDbArc
 50
271.199432137
 51
93.7091378837
  0
ARC
  5
A17
330
1B
100
AcDbEntity
 67
     1
  8
0
  6
Continuous
 62
     7
370
    25
100
AcDbCircle
 10
-11.2415751922
 20
3.9826819298
 30
0.0
 40
0.0200000000000036
100
AcDbArc
 50
110.9800082072
 51
278.4089085046
  0
ARC
  5
A18
330
1B
100
AcDbEntity
 67
     1
  8
0
  6
Continuous
 62
     7
370
    25
100
AcDbCircle
 10
-10.8542115265
 20
4.0730712997
 30
0.0
 40
0.0633623352552522
100
AcDbArc
 50
275.4248829282
 51
107.5305873583
  0
ARC
  5
A19
330
1B
100
AcDbEntity
 67
     1
  8
0
  6
Continuous
 62
     7
370
    25
100
AcDbCircle
 10
-10.6149671297
 20
3.6513982467
 30
0.0
 40
0.1070045166464828
100
AcDbArc
 50
282.7665154859
 51
92.5144676155
  0
ARC
  5
A1A
330
1B
100
AcDbEntity
 67
     1
  8
0
  6
Continuous
 62
     7
370
    25
100
AcDbCircle
 10
-11.0892118239
 20
3.6084270273
 30
0.0
 40
0.1386385080950693
100
AcDbArc
 50
91.199432137
 51
273.7091378837
  0
ARC
  5
A1B
330
1B
100
AcDbEntity
 67
     1
  8
0
  6
Continuous
 62
     7
370
    25
100
AcDbCircle
 10
-9.7840234142
 20
3.816490791
 30
0.0
 40
0.0200000000000034
100
AcDbArc
 50
290.9800082072
 51
98.4089085046
  0
ARC
  5
A1C
330
1B
100
AcDbEntity
 67
     1
  8
0
  6
Continuous
 62
     7
370
    25
100
AcDbCircle
 10
-10.1713870799
 20
3.7261014211
 30
0.0
 40
0.0633623352552524
100
AcDbArc
 50
95.4248829282
 51
287.5305873583
  0
ARC
  5
A1D
330
1B
100
AcDbEntity
 67
     1
  8
0
  6
Continuous
 62
     7
370
    25
100
AcDbCircle
 10
-3.8674103893
 20
-3.2924963197
 30
0.0
 40
0.0499999999999979
100
AcDbArc
 50
345.9693889014
 51
111.4077181179
  0
ARC
  5
A1E
330
1B
100
AcDbEntity
 67
     1
  8
0
  6
Continuous
 62
     7
370
    25
100
AcDbCircle
 10
0.4180028587
 20
-14.2232475702
 30
0.0
 40
11.79078743559433
100
AcDbArc
 50
111.4077181179
 51
117.2970623953
  0
ARC
  5
A1F
330
1B
100
AcDbEntity
 67
     1
  8
0
  6
Continuous
 62
     7
370
    25
100
AcDbCircle
 10
-4.9388555235
 20
-3.8534001282
 30
0.0
 40
0.1191333468268538
100
AcDbArc
 50
115.0508987849
 51
274.5678176843
  0
ARC
  5
A20
330
1B
100
AcDbEntity
 67
     1
  8
0
  6
Continuous
 62
     7
370
    25
100
AcDbCircle
 10
-1.5911568505
 20
-45.7557871105
 30
0.0
 40
41.91676941765075
100
AcDbArc
 50
93.4028994699
 51
94.5678176847
  0
ARC
  5
A21
330
1B
100
AcDbEntity
 67
     1
  8
0
  6
Continuous
 62
     7
370
    25
100
AcDbCircle
 10
-4.0881094438
 20
-3.763188751
 30
0.0
 40
0.1499999999999944
100
AcDbArc
 50
273.4028994699
 51
345.9693889014
  0
ARC
  5
A22
330
1B
100
AcDbEntity
 67
     1
  8
0
  6
Continuous
 62
     7
370
    25
100
AcDbCircle
 10
-3.7737626643
 20
-3.8458125554
 30
0.0
 40
0.0499999999999955
100
AcDbArc
 50
165.9693889053
 51
272.9811812273
  0
ARC
  5
A23
330
1B
100
AcDbEntity
 67
     1
  8
0
  6
Continuous
 62
     7
370
    25
100
AcDbCircle
 10
-1.5911568505
 20
-45.7557871099
 30
0.0
 40
41.9167694170434
100
AcDbArc
 50
91.7277219852
 51
92.9811812273
  0
ARC
  5
A24
330
1B
100
AcDbEntity
 67
     1
  8
0
  6
Continuous
 62
     7
370
    25
100
AcDbCircle
 10
-2.8564493901
 20
-3.8080962308
 30
0.0
 40
0.050000000000002
100
AcDbArc
 50
271.7277219852
 51
54.3548856608
  0
ARC
  5
A25
330
1B
100
AcDbEntity
 67
     1
  8
0
  6
Continuous
 62
     7
370
    25
100
AcDbCircle
 10
-3.6263645437
 20
-3.2559736505
 30
0.0
 40
0.0500000000000025
100
AcDbArc
 50
54.3548856608
 51
165.9693889053
  0
ARC
  5
A26
330
1B
100
AcDbEntity
 67
     1
  8
0
  6
Continuous
 62
     7
370
    25
100
AcDbCircle
 10
-2.4983303491
 20
-2.8576801742
 30
0.0
 40
0.0499999999999994
100
AcDbArc
 50
358.0
 51
104.5185828479
  0
ARC
  5
A27
330
1B
100
AcDbEntity
 67
     1
  8
0
  6
Continuous
 62
     7
370
    25
100
AcDbCircle
 10
0.9753934227
 20
-16.2716243255
 30
0.0
 40
13.90643007907291
100
AcDbArc
 50
104.5185828479
 51
108.4788512947
  0
ARC
  5
A28
330
1B
100
AcDbEntity
 67
     1
  8
0
  6
Continuous
 62
     7
370
    25
100
AcDbCircle
 10
-3.4164657577
 20
-3.1296219105
 30
0.0
 40
0.0499999999999992
100
AcDbArc
 50
108.4788512947
 51
234.3548856608
  0
ARC
  5
A29
330
1B
100
AcDbEntity
 67
     1
  8
0
  6
Continuous
 62
     7
370
    25
100
AcDbCircle
 10
-2.5300253836
 20
-3.765307212
 30
0.0
 40
0.0500000000000007
100
AcDbArc
 50
234.3548856608
 51
358.0
  0
ARC
  5
A2A
330
1B
100
AcDbEntity
 67
     1
  8
0
  6
Continuous
 62
     7
370
    25
100
AcDbCircle
 10
1.0493871432
 20
-3.1771180009
 30
0.0
 40
0.6049999999999565
100
AcDbArc
 50
118.3434231609
 51
175.427350043
  0
ARC
  5
A2B
330
1B
100
AcDbEntity
 67
     1
  8
0
  6
Continuous
 62
     7
370
    25
100
AcDbCircle
 10
0.6909468415
 20
-2.5126290618
 30
0.0
 40
0.1500000000000007
100
AcDbArc
 50
298.3434231609
 51
89.9534332213
  0
ARC
  5
A2C
330
1B
100
AcDbEntity
 67
     1
  8
0
  6
Continuous
 62
     7
370
    25
100
AcDbCircle
 10
0.6836007035
 20
-11.5513176882
 30
0.0
 40
9.188691611668164
100
AcDbArc
 50
89.9534332213
 51
95.2698031635
  0
ARC
  5
A2D
330
1B
100
AcDbEntity
 67
     1
  8
0
  6
Continuous
 62
     7
370
    25
100
AcDbCircle
 10
-0.1557496806
 20
-2.4512531112
 30
0.0
 40
0.0500000000000011
100
AcDbArc
 50
95.2698031635
 51
219.3431937413
  0
ARC
  5
A2E
330
1B
100
AcDbEntity
 67
     1
  8
0
  6
Continuous
 62
     7
370
    25
100
AcDbCircle
 10
0.3964719769
 20
-3.1248993674
 30
0.0
 40
0.0500000000000011
100
AcDbArc
 50
219.3431937413
 51
355.427350043
  0
ARC
  5
A2F
330
1B
100
AcDbEntity
 67
     1
  8
0
  6
Continuous
 62
     7
370
    25
100
AcDbCircle
 10
1.3293765428
 20
-2.4353949206
 30
0.0
 40
0.049999999999999
100
AcDbArc
 50
85.7773432858
 51
220.6113307116
  0
ARC
  5
A30
330
1B
100
AcDbEntity
 67
     1
  8
0
  6
Continuous
 62
     7
370
    25
100
AcDbCircle
 10
2.4072296671
 20
-3.692444547
 30
0.0
 40
0.0500000000000019
100
AcDbArc
 50
220.6113307116
 51
358.0
  0
ARC
  5
A31
330
1B
100
AcDbEntity
 67
     1
  8
0
  6
Continuous
 62
     7
370
    25
100
AcDbCircle
 10
2.5484733837
 20
-3.2294672459
 30
0.0
 40
0.1590551181102362
100
AcDbArc
 50
116.133960405
 51
239.866039595
  0
ARC
  5
A32
330
1B
100
AcDbEntity
 67
     1
  8
0
  6
Continuous
 62
     7
370
    25
100
AcDbCircle
 10
2.4471141713
 20
-2.5503017809
 30
0.0
 40
0.0500000000000063
100
AcDbArc
 50
358.0
 51
82.4835315449
  0
ARC
  5
A33
330
1B
100
AcDbEntity
 67
     1
  8
0
  6
Continuous
 62
     7
370
    25
100
AcDbCircle
 10
-0.1100063271
 20
-21.9305137132
 30
0.0
 40
19.59818354181947
100
AcDbArc
 50
82.4835315449
 51
85.7773432858
  0
ARC
  5
A34
330
1B
100
AcDbEntity
 67
     1
  8
0
  6
Continuous
 62
     7
370
    25
100
AcDbCircle
 10
-2.0386113454
 20
-3.7913265134
 30
0.0
 40
0.0500000000000057
100
AcDbArc
 50
129.1123107958
 51
270.6777124647
  0
ARC
  5
A35
330
1B
100
AcDbEntity
 67
     1
  8
0
  6
Continuous
 62
     7
370
    25
100
AcDbCircle
 10
-1.2479307548
 20
-70.6346419007
 30
0.0
 40
66.79799165094101
100
AcDbArc
 50
89.44293119
 51
90.6777124646
  0
ARC
  5
A36
330
1B
100
AcDbEntity
 67
     1
  8
0
  6
Continuous
 62
     7
370
    25
100
AcDbCircle
 10
-0.5979990359
 20
-3.7898098153
 30
0.0
 40
0.0499999999999822
100
AcDbArc
 50
269.44293119
 51
358.0
  0
ARC
  5
A37
330
1B
100
AcDbEntity
 67
     1
  8
0
  6
Continuous
 62
     7
370
    25
100
AcDbCircle
 10
-0.4496990973
 20
-3.1247687558
 30
0.0
 40
0.1590551181102356
100
AcDbArc
 50
116.133960405
 51
239.866039595
  0
ARC
  5
A38
330
1B
100
AcDbEntity
 67
     1
  8
0
  6
Continuous
 62
     7
370
    25
100
AcDbCircle
 10
-0.5559567673
 20
-2.5858767634
 30
0.0
 40
0.050000000000002
100
AcDbArc
 50
358.0
 51
129.1123107958
  0
ARC
  5
A39
330
1B
100
AcDbEntity
 67
     1
  8
0
  6
Continuous
 62
     7
370
    25
100
AcDbCircle
 10
-2.1739216726
 20
-2.8802863588
 30
0.0
 40
0.1499999999999967
100
AcDbArc
 50
103.308733403
 51
178.0
  0
ARC
  5
A3A
330
1B
100
AcDbEntity
 67
     1
  8
0
  6
Continuous
 62
     7
370
    25
100
AcDbCircle
 10
-2.3031821043
 20
-3.7164499874
 30
0.0
 40
0.0500000000000024
100
AcDbArc
 50
178.0
 51
309.1123107958
  0
ARC
  5
A3B
330
1B
100
AcDbEntity
 67
     1
  8
0
  6
Continuous
 62
     7
370
    25
100
AcDbCircle
 10
-0.8436679096
 20
-2.5298141741
 30
0.0
 40
0.0500000000000007
100
AcDbArc
 50
309.1123107958
 51
97.8830476768
  0
ARC
  5
A3C
330
1B
100
AcDbEntity
 67
     1
  8
0
  6
Continuous
 62
     7
370
    25
100
AcDbCircle
 10
1.1510687885
 20
-16.9364154887
 30
0.0
 40
14.59404125173115
100
AcDbArc
 50
97.8830476768
 51
103.308733403
  0
ARC
  5
A3D
330
1B
100
AcDbEntity
 67
     1
  8
0
  6
Continuous
 62
     7
370
    25
100
AcDbCircle
 10
3.5299412681
 20
3.5860060057
 30
0.0
 40
7.510792424177243
100
AcDbArc
 50
269.9792104201
 51
272.3157190707
  0
ARC
  5
A3E
330
1B
100
AcDbEntity
 67
     1
  8
0
  6
Continuous
 62
     7
370
    25
100
AcDbCircle
 10
3.6607796381
 20
0.3505513498
 30
0.0
 40
4.272693366079363
100
AcDbArc
 50
272.3157190707
 51
278.7901836446
  0
ARC
  5
A3F
330
1B
100
AcDbEntity
 67
     1
  8
0
  6
Continuous
 62
     7
370
    25
100
AcDbCircle
 10
4.2826906756
 20
-3.6713071318
 30
0.0
 40
0.2030350285402549
100
AcDbArc
 50
278.7901836446
 51
34.2797179312
  0
ARC
  5
A40
330
1B
100
AcDbEntity
 67
     1
  8
0
  6
Continuous
 62
     7
370
    25
100
AcDbCircle
 10
3.3138271849
 20
-4.331718555
 30
0.0
 40
1.375570619237359
100
AcDbArc
 50
34.2797179312
 51
54.8465907868
  0
ARC
  5
A41
330
1B
100
AcDbEntity
 67
     1
  8
0
  6
Continuous
 62
     7
370
    25
100
AcDbCircle
 10
1.4783785432
 20
-6.9381298793
 30
0.0
 40
4.563399301568348
100
AcDbArc
 50
54.8465907868
 51
58.3643931411
  0
ARC
  5
A42
330
1B
100
AcDbEntity
 67
     1
  8
0
  6
Continuous
 62
     7
370
    25
100
AcDbCircle
 10
3.7932731914
 20
-3.1805567046
 30
0.0
 40
0.1500000000000089
100
AcDbArc
 50
58.3643931411
 51
130.6113307116
  0
ARC
  5
A43
330
1B
100
AcDbEntity
 67
     1
  8
0
  6
Continuous
 62
     7
370
    25
100
AcDbCircle
 10
2.8497708464
 20
-3.8578321721
 30
0.0
 40
0.0499999999999976
100
AcDbArc
 50
130.6113307116
 51
267.1536942953
  0
ARC
  5
A44
330
1B
100
AcDbEntity
 67
     1
  8
0
  6
Continuous
 62
     7
370
    25
100
AcDbCircle
 10
3.5322208495
 20
9.8684987944
 30
0.0
 40
13.79328562642479
100
AcDbArc
 50
267.1536942953
 51
269.9792104201
  0
ARC
  5
A45
330
1B
100
AcDbEntity
 67
     1
  8
0
  6
Continuous
 62
     7
370
    25
100
AcDbCircle
 10
-0.3482888718
 20
-3.7926943627
 30
0.0
 40
0.0499999999999987
100
AcDbArc
 50
184.6981908685
 51
269.1977671914
  0
ARC
  5
A46
330
1B
100
AcDbEntity
 67
     1
  8
0
  6
Continuous
 62
     7
370
    25
100
AcDbCircle
 10
0.6645861136
 20
-3.8068771638
 30
0.0
 40
0.0500000000000008
100
AcDbArc
 50
269.1977671914
 51
39.3431937413
  0
ARC
  5
A47
330
1B
100
AcDbEntity
 67
     1
  8
0
  6
Continuous
 62
     7
370
    25
100
AcDbCircle
 10
-0.3162926073
 20
-2.5942460203
 30
0.0
 40
0.0398102459850153
100
AcDbArc
 50
39.3431937413
 51
178.0
  0
ARC
  5
A48
330
1B
100
AcDbEntity
 67
     1
  8
0
  6
Continuous
 62
     7
370
    25
100
AcDbCircle
 10
-0.4496990973
 20
-3.1247687558
 30
0.0
 40
0.1590551181102373
100
AcDbArc
 50
296.133960405
 51
59.866039595
  0
ARC
  5
A49
330
1B
100
AcDbEntity
 67
     1
  8
0
  6
Continuous
 62
     7
370
    25
100
AcDbCircle
 10
2.6561594028
 20
-3.727456672
 30
0.0
 40
0.0500000000000012
100
AcDbArc
 50
178.0
 51
310.6113307116
  0
ARC
  5
A4A
330
1B
100
AcDbEntity
 67
     1
  8
0
  6
Continuous
 62
     7
370
    25
100
AcDbCircle
 10
3.3985448693
 20
-2.9591731047
 30
0.0
 40
0.1500000000000009
100
AcDbArc
 50
310.6113307116
 51
61.585248563
  0
ARC
  5
A4B
330
1B
100
AcDbEntity
 67
     1
  8
0
  6
Continuous
 62
     7
370
    25
100
AcDbCircle
 10
2.3597405426
 20
-4.8792198061
 30
0.0
 40
2.333046899378204
100
AcDbArc
 50
61.585248563
 51
78.6677601726
  0
ARC
  5
A4C
330
1B
100
AcDbEntity
 67
     1
  8
0
  6
Continuous
 62
     7
370
    25
100
AcDbCircle
 10
2.788704666
 20
-2.7387330517
 30
0.0
 40
0.15
100
AcDbArc
 50
78.6677601726
 51
178.0
  0
ARC
  5
A4D
330
1B
100
AcDbEntity
 67
     1
  8
0
  6
Continuous
 62
     7
370
    25
100
AcDbCircle
 10
2.5484733837
 20
-3.2294672459
 30
0.0
 40
0.159055118110237
100
AcDbArc
 50
296.133960405
 51
60.6967551274
  0
ARC
  5
A4E
330
1B
100
AcDbEntity
 67
     1
  8
0
  6
Continuous
 62
     7
370
    25
100
AcDbCircle
 10
2.2277302957
 20
-3.8287651198
 30
0.0
 40
0.0500000000000007
100
AcDbArc
 50
269.1977671914
 51
40.6113307116
  0
ARC
  5
A4F
330
1B
100
AcDbEntity
 67
     1
  8
0
  6
Continuous
 62
     7
370
    25
100
AcDbCircle
 10
1.7031719993
 20
-3.2169973421
 30
0.0
 40
0.0499999999999998
100
AcDbArc
 50
40.6113307116
 51
176.5094168344
  0
ARC
  5
A50
330
1B
100
AcDbEntity
 67
     1
  8
0
  6
Continuous
 62
     7
370
    25
100
AcDbCircle
 10
1.0493871432
 20
-3.1771180009
 30
0.0
 40
0.6049999999999534
100
AcDbArc
 50
314.0667408086
 51
356.5094168344
  0
ARC
  5
A51
330
1B
100
AcDbEntity
 67
     1
  8
0
  6
Continuous
 62
     7
370
    25
100
AcDbCircle
 10
1.5744864871
 20
-3.719608258
 30
0.0
 40
0.15
100
AcDbArc
 50
134.0667408086
 51
269.1977671914
  0
ARC
  5
A52
330
1B
100
AcDbEntity
 67
     1
  8
0
  6
Continuous
 62
     7
370
    25
100
AcDbCircle
 10
-7.9132759227
 20
1.4414760345
 30
0.0
 40
0.049999999999998
100
AcDbArc
 50
344.9693889014
 51
110.4077181179
  0
ARC
  5
A53
330
1B
100
AcDbEntity
 67
     1
  8
0
  6
Continuous
 62
     7
370
    25
100
AcDbCircle
 10
-3.8192832774
 20
-9.5624011835
 30
0.0
 40
11.79078743559304
100
AcDbArc
 50
110.4077181179
 51
116.2970623953
  0
ARC
  5
A54
330
1B
100
AcDbEntity
 67
     1
  8
0
  6
Continuous
 62
     7
370
    25
100
AcDbCircle
 10
-8.9943469918
 20
0.8993569503
 30
0.0
 40
0.119133346826853
100
AcDbArc
 50
114.0508987849
 51
273.5678176843
  0
ARC
  5
A55
330
1B
100
AcDbEntity
 67
     1
  8
0
  6
Continuous
 62
     7
370
    25
100
AcDbCircle
 10
-6.3784556778
 20
-41.0550734935
 30
0.0
 40
41.91676941771611
100
AcDbArc
 50
92.4028994699
 51
93.5678176847
  0
ARC
  5
A56
330
1B
100
AcDbEntity
 67
     1
  8
0
  6
Continuous
 62
     7
370
    25
100
AcDbCircle
 10
-8.1421560792
 20
0.9747070214
 30
0.0
 40
0.1499999999999959
100
AcDbArc
 50
272.4028994699
 51
344.9693889014
  0
ARC
  5
A57
330
1B
100
AcDbEntity
 67
     1
  8
0
  6
Continuous
 62
     7
370
    25
100
AcDbCircle
 10
-7.8292991605
 20
0.8866096933
 30
0.0
 40
0.0499999999999958
100
AcDbArc
 50
164.9693889053
 51
271.9811812273
  0
ARC
  5
A58
330
1B
100
AcDbEntity
 67
     1
  8
0
  6
Continuous
 62
     7
370
    25
100
AcDbCircle
 10
-6.3784556779
 20
-41.0550734928
 30
0.0
 40
41.91676941698147
100
AcDbArc
 50
90.7277219852
 51
91.9811812273
  0
ARC
  5
A59
330
1B
100
AcDbEntity
 67
     1
  8
0
  6
Continuous
 62
     7
370
    25
100
AcDbCircle
 10
-6.911467357
 20
0.9083109494
 30
0.0
 40
0.0500000000000007
100
AcDbArc
 50
270.7277219852
 51
53.3548856608
  0
ARC
  5
A5A
330
1B
100
AcDbEntity
 67
     1
  8
0
  6
Continuous
 62
     7
370
    25
100
AcDbCircle
 10
-7.6716293811
 20
1.4737863109
 30
0.0
 40
0.0500000000000004
100
AcDbArc
 50
53.3548856608
 51
164.9693889053
  0
ARC
  5
A5B
330
1B
100
AcDbEntity
 67
     1
  8
0
  6
Continuous
 62
     7
370
    25
100
AcDbCircle
 10
-6.5368158119
 20
1.8523322139
 30
0.0
 40
0.0499999999999988
100
AcDbArc
 50
357.0
 51
103.5185828479
  0
ARC
  5
A5C
330
1B
100
AcDbEntity
 67
     1
  8
0
  6
Continuous
 62
     7
370
    25
100
AcDbCircle
 10
-3.2977267104
 20
-11.6201937678
 30
0.0
 40
13.90643007907499
100
AcDbArc
 50
103.5185828479
 51
107.4788512947
  0
ARC
  5
A5D
330
1B
100
AcDbEntity
 67
     1
  8
0
  6
Continuous
 62
     7
370
    25
100
AcDbCircle
 10
-7.4595574217
 20
1.596455568
 30
0.0
 40
0.0499999999999993
100
AcDbArc
 50
107.4788512947
 51
233.3548856608
  0
ARC
  5
A5E
330
1B
100
AcDbEntity
 67
     1
  8
0
  6
Continuous
 62
     7
370
    25
100
AcDbCircle
 10
-6.5843462951
 20
0.9453965668
 30
0.0
 40
0.0500000000000005
100
AcDbArc
 50
233.3548856608
 51
357.0
  0
ARC
  5
A5F
330
1B
100
AcDbEntity
 67
     1
  8
0
  6
Continuous
 62
     7
370
    25
100
AcDbCircle
 10
-2.995213613
 20
1.4710268317
 30
0.0
 40
0.6049999999999572
100
AcDbArc
 50
117.3434231609
 51
174.427350043
  0
ARC
  5
A60
330
1B
100
AcDbEntity
 67
     1
  8
0
  6
Continuous
 62
     7
370
    25
100
AcDbCircle
 10
-3.3420023914
 20
2.1416702117
 30
0.0
 40
0.1500000000000006
100
AcDbArc
 50
297.3434231609
 51
88.9534332213
  0
ARC
  5
A61
330
1B
100
AcDbEntity
 67
     1
  8
0
  6
Continuous
 62
     7
370
    25
100
AcDbCircle
 10
-3.5070942782
 20
-6.8955135709
 30
0.0
 40
9.188691611668157
100
AcDbArc
 50
88.9534332213
 51
94.2698031635
  0
ARC
  5
A62
330
1B
100
AcDbEntity
 67
     1
  8
0
  6
Continuous
 62
     7
370
    25
100
AcDbCircle
 10
-4.1874987995
 20
2.2178137063
 30
0.0
 40
0.0500000000000009
100
AcDbArc
 50
94.2698031635
 51
218.3431937413
  0
ARC
  5
A63
330
1B
100
AcDbEntity
 67
     1
  8
0
  6
Continuous
 62
     7
370
    25
100
AcDbCircle
 10
-3.6471179963
 20
1.5346324528
 30
0.0
 40
0.0500000000000009
100
AcDbArc
 50
218.3431937413
 51
354.427350043
  0
ARC
  5
A64
330
1B
100
AcDbEntity
 67
     1
  8
0
  6
Continuous
 62
     7
370
    25
100
AcDbCircle
 10
-2.7023220044
 20
2.2077504551
 30
0.0
 40
0.0499999999999998
100
AcDbArc
 50
84.7773432858
 51
219.6113307116
  0
ARC
  5
A65
330
1B
100
AcDbEntity
 67
     1
  8
0
  6
Continuous
 62
     7
370
    25
100
AcDbCircle
 10
-1.6465715834
 20
0.9320811526
 30
0.0
 40
0.0500000000000017
100
AcDbArc
 50
219.6113307116
 51
357.0
  0
ARC
  5
A66
330
1B
100
AcDbEntity
 67
     1
  8
0
  6
Continuous
 62
     7
370
    25
100
AcDbCircle
 10
-1.4972693108
 20
1.3925228973
 30
0.0
 40
0.1590551181102361
100
AcDbArc
 50
115.133960405
 51
238.866039595
  0
ARC
  5
A67
330
1B
100
AcDbEntity
 67
     1
  8
0
  6
Continuous
 62
     7
370
    25
100
AcDbCircle
 10
-1.586760014
 20
2.0733538843
 30
0.0
 40
0.0500000000000076
100
AcDbArc
 50
357.0
 51
81.4835315449
  0
ARC
  5
A68
330
1B
100
AcDbEntity
 67
     1
  8
0
  6
Continuous
 62
     7
370
    25
100
AcDbCircle
 10
-4.4817223861
 20
-17.2592784416
 30
0.0
 40
19.59818354181922
100
AcDbArc
 50
81.4835315449
 51
84.7773432858
  0
ARC
  5
A69
330
1B
100
AcDbEntity
 67
     1
  8
0
  6
Continuous
 62
     7
370
    25
100
AcDbCircle
 10
-6.093461201
 20
0.9108048708
 30
0.0
 40
0.0500000000000053
100
AcDbArc
 50
128.1123107958
 51
269.6777124647
  0
ARC
  5
A6A
330
1B
100
AcDbEntity
 67
     1
  8
0
  6
Continuous
 62
     7
370
    25
100
AcDbCircle
 10
-6.4694777426
 20
-65.9361292348
 30
0.0
 40
66.79799165090425
100
AcDbArc
 50
88.44293119
 51
89.6777124646
  0
ARC
  5
A6B
330
1B
100
AcDbEntity
 67
     1
  8
0
  6
Continuous
 62
     7
370
    25
100
AcDbCircle
 10
-4.6530418337
 20
0.8871791863
 30
0.0
 40
0.0499999999999822
100
AcDbArc
 50
268.44293119
 51
357.0
  0
ARC
  5
A6C
330
1B
100
AcDbEntity
 67
     1
  8
0
  6
Continuous
 62
     7
370
    25
100
AcDbCircle
 10
-4.4931579151
 20
1.549530766
 30
0.0
 40
0.1590551181102354
100
AcDbArc
 50
115.133960405
 51
238.866039595
  0
ARC
  5
A6D
330
1B
100
AcDbEntity
 67
     1
  8
0
  6
Continuous
 62
     7
370
    25
100
AcDbCircle
 10
-4.5899944395
 20
2.0901951346
 30
0.0
 40
0.0500000000000024
100
AcDbArc
 50
357.0
 51
128.1123107958
  0
ARC
  5
A6E
330
1B
100
AcDbEntity
 67
     1
  8
0
  6
Continuous
 62
     7
370
    25
100
AcDbCircle
 10
-6.2128510767
 20
1.8240677603
 30
0.0
 40
0.1499999999999973
100
AcDbArc
 50
102.308733403
 51
177.0
  0
ARC
  5
A6F
330
1B
100
AcDbEntity
 67
     1
  8
0
  6
Continuous
 62
     7
370
    25
100
AcDbCircle
 10
-6.356684889
 20
0.9902873891
 30
0.0
 40
0.0500000000000038
100
AcDbArc
 50
177.0
 51
308.1123107958
  0
ARC
  5
A70
330
1B
100
AcDbEntity
 67
     1
  8
0
  6
Continuous
 62
     7
370
    25
100
AcDbCircle
 10
-4.8766833348
 20
2.1512704371
 30
0.0
 40
0.0500000000000009
100
AcDbArc
 50
308.1123107958
 51
96.8830476768
  0
ARC
  5
A71
330
1B
100
AcDbEntity
 67
     1
  8
0
  6
Continuous
 62
     7
370
    25
100
AcDbCircle
 10
-3.1336803064
 20
-12.2879496379
 30
0.0
 40
14.59404125173272
100
AcDbArc
 50
96.8830476768
 51
102.308733403
  0
ARC
  5
A72
330
1B
100
AcDbEntity
 67
     1
  8
0
  6
Continuous
 62
     7
370
    25
100
AcDbCircle
 10
-0.3970044995
 20
8.189829143
 30
0.0
 40
7.510792424178571
100
AcDbArc
 50
268.9792104201
 51
271.3157190707
  0
ARC
  5
A73
330
1B
100
AcDbEntity
 67
     1
  8
0
  6
Continuous
 62
     7
370
    25
100
AcDbCircle
 10
-0.3226525265
 20
4.952583818
 30
0.0
 40
4.272693366079541
100
AcDbArc
 50
271.3157190707
 51
277.7901836446
  0
ARC
  5
A74
330
1B
100
AcDbEntity
 67
     1
  8
0
  6
Continuous
 62
     7
370
    25
100
AcDbCircle
 10
0.2289726821
 20
0.9204840407
 30
0.0
 40
0.2030350285402541
100
AcDbArc
 50
277.7901836446
 51
33.2797179312
  0
ARC
  5
A75
330
1B
100
AcDbEntity
 67
     1
  8
0
  6
Continuous
 62
     7
370
    25
100
AcDbCircle
 10
-0.7512690146
 20
0.2770822009
 30
0.0
 40
1.375570619237335
100
AcDbArc
 50
33.2797179312
 51
53.8465907868
  0
ARC
  5
A76
330
1B
100
AcDbEntity
 67
     1
  8
0
  6
Continuous
 62
     7
370
    25
100
AcDbCircle
 10
-2.6319262584
 20
-2.2968991587
 30
0.0
 40
4.563399301567133
100
AcDbArc
 50
53.8465907868
 51
57.3643931411
  0
ARC
  5
A77
330
1B
100
AcDbEntity
 67
     1
  8
0
  6
Continuous
 62
     7
370
    25
100
AcDbCircle
 10
-0.2518054856
 20
1.4197012371
 30
0.0
 40
0.1500000000000095
100
AcDbArc
 50
57.3643931412
 51
129.6113307116
  0
ARC
  5
A78
330
1B
100
AcDbEntity
 67
     1
  8
0
  6
Continuous
 62
     7
370
    25
100
AcDbCircle
 10
-1.2069842173
 20
0.7589953084
 30
0.0
 40
0.0499999999999974
100
AcDbArc
 50
129.6113307116
 51
266.1536942953
  0
ARC
  5
A79
330
1B
100
AcDbEntity
 67
     1
  8
0
  6
Continuous
 62
     7
370
    25
100
AcDbCircle
 10
-0.2850806477
 20
14.4713252934
 30
0.0
 40
13.79328562642802
100
AcDbArc
 50
266.1536942953
 51
268.9792104201
  0
ARC
  5
A7A
330
1B
100
AcDbEntity
 67
     1
  8
0
  6
Continuous
 62
     7
370
    25
100
AcDbCircle
 10
-4.403420044
 20
0.879937035
 30
0.0
 40
0.0499999999999986
100
AcDbArc
 50
183.6981908685
 51
268.1977671914
  0
ARC
  5
A7B
330
1B
100
AcDbEntity
 67
     1
  8
0
  6
Continuous
 62
     7
370
    25
100
AcDbCircle
 10
-3.3909468483
 20
0.848079288
 30
0.0
 40
0.0500000000000008
100
AcDbArc
 50
268.1977671914
 51
38.3431937413
  0
ARC
  5
A7C
330
1B
100
AcDbEntity
 67
     1
  8
0
  6
Continuous
 62
     7
370
    25
100
AcDbCircle
 10
-4.3505128451
 20
2.077644436
 30
0.0
 40
0.0398102459850159
100
AcDbArc
 50
38.3431937413
 51
177.0
  0
ARC
  5
A7D
330
1B
100
AcDbEntity
 67
     1
  8
0
  6
Continuous
 62
     7
370
    25
100
AcDbCircle
 10
-4.4931579151
 20
1.549530766
 30
0.0
 40
0.1590551181102366
100
AcDbArc
 50
295.133960405
 51
58.866039595
  0
ARC
  5
A7E
330
1B
100
AcDbEntity
 67
     1
  8
0
  6
Continuous
 62
     7
370
    25
100
AcDbCircle
 10
-1.3982908067
 20
0.8927299372
 30
0.0
 40
0.0500000000000008
100
AcDbArc
 50
177.0
 51
309.6113307116
  0
ARC
  5
A7F
330
1B
100
AcDbEntity
 67
     1
  8
0
  6
Continuous
 62
     7
370
    25
100
AcDbCircle
 10
-0.642610012
 20
1.6479400784
 30
0.0
 40
0.1500000000000014
100
AcDbArc
 50
309.6113307116
 51
60.585248563
  0
ARC
  5
A80
330
1B
100
AcDbEntity
 67
     1
  8
0
  6
Continuous
 62
     7
370
    25
100
AcDbCircle
 10
-1.7147655592
 20
-0.2536845553
 30
0.0
 40
2.333046899378208
100
AcDbArc
 50
60.585248563
 51
77.6677601726
  0
ARC
  5
A81
330
1B
100
AcDbEntity
 67
     1
  8
0
  6
Continuous
 62
     7
370
    25
100
AcDbCircle
 10
-1.2485101243
 20
1.8789897364
 30
0.0
 40
0.1500000000000007
100
AcDbArc
 50
77.6677601726
 51
177.0
  0
ARC
  5
A82
330
1B
100
AcDbEntity
 67
     1
  8
0
  6
Continuous
 62
     7
370
    25
100
AcDbCircle
 10
-1.4972693108
 20
1.3925228973
 30
0.0
 40
0.1590551181102371
100
AcDbArc
 50
295.133960405
 51
59.6967551274
  0
ARC
  5
A83
330
1B
100
AcDbEntity
 67
     1
  8
0
  6
Continuous
 62
     7
370
    25
100
AcDbCircle
 10
-1.8284227382
 20
0.7989140381
 30
0.0
 40
0.050000000000001
100
AcDbArc
 50
268.1977671914
 51
39.6113307116
  0
ARC
  5
A84
330
1B
100
AcDbEntity
 67
     1
  8
0
  6
Continuous
 62
     7
370
    25
100
AcDbCircle
 10
-2.3422243219
 20
1.4197434452
 30
0.0
 40
0.0499999999999996
100
AcDbArc
 50
39.6113307116
 51
175.5094168344
  0
ARC
  5
A85
330
1B
100
AcDbEntity
 67
     1
  8
0
  6
Continuous
 62
     7
370
    25
100
AcDbCircle
 10
-2.995213613
 20
1.4710268317
 30
0.0
 40
0.6049999999999526
100
AcDbArc
 50
313.0667408086
 51
355.5094168344
  0
ARC
  5
A86
330
1B
100
AcDbEntity
 67
     1
  8
0
  6
Continuous
 62
     7
370
    25
100
AcDbCircle
 10
-2.4796620047
 20
0.9194549513
 30
0.0
 40
0.15
100
AcDbArc
 50
133.0667408086
 51
268.1977671914
  0
ARC
  5
A87
330
1B
100
AcDbEntity
 67
     1
  8
0
  6
Continuous
 62
     7
370
    25
100
AcDbCircle
 10
-0.9275390514
 20
-0.2173891011
 30
0.0
 40
0.0499999999999976
100
AcDbArc
 50
164.9693889014
 51
290.4077181179
  0
ARC
  5
A88
330
1B
100
AcDbEntity
 67
     1
  8
0
  6
Continuous
 62
     7
370
    25
100
AcDbCircle
 10
-5.0215316967
 20
10.7864881168
 30
0.0
 40
11.79078743559528
100
AcDbArc
 50
290.4077181179
 51
296.2970623953
  0
ARC
  5
A89
330
1B
100
AcDbEntity
 67
     1
  8
0
  6
Continuous
 62
     7
370
    25
100
AcDbCircle
 10
0.1535320177
 20
0.3247299831
 30
0.0
 40
0.1191333468268532
100
AcDbArc
 50
294.0508987849
 51
93.5678176843
  0
ARC
  5
A8A
330
1B
100
AcDbEntity
 67
     1
  8
0
  6
Continuous
 62
     7
370
    25
100
AcDbCircle
 10
-2.4623592963
 20
42.2791604268
 30
0.0
 40
41.91676941767106
100
AcDbArc
 50
272.4028994699
 51
273.5678176847
  0
ARC
  5
A8B
330
1B
100
AcDbEntity
 67
     1
  8
0
  6
Continuous
 62
     7
370
    25
100
AcDbCircle
 10
-0.6986588949
 20
0.2493799119
 30
0.0
 40
0.1499999999999956
100
AcDbArc
 50
92.4028994699
 51
164.9693889014
  0
ARC
  5
A8C
330
1B
100
AcDbEntity
 67
     1
  8
0
  6
Continuous
 62
     7
370
    25
100
AcDbCircle
 10
-1.0115158136
 20
0.33747724
 30
0.0
 40
0.049999999999995
100
AcDbArc
 50
344.9693889053
 51
91.9811812273
  0
ARC
  5
A8D
330
1B
100
AcDbEntity
 67
     1
  8
0
  6
Continuous
 62
     7
370
    25
100
AcDbCircle
 10
-2.4623592963
 20
42.2791604262
 30
0.0
 40
41.91676941700491
100
AcDbArc
 50
270.7277219852
 51
271.9811812273
  0
ARC
  5
A8E
330
1B
100
AcDbEntity
 67
     1
  8
0
  6
Continuous
 62
     7
370
    25
100
AcDbCircle
 10
-1.9293476172
 20
0.3157759839
 30
0.0
 40
0.0500000000000013
100
AcDbArc
 50
90.7277219852
 51
233.3548856608
  0
ARC
  5
A8F
330
1B
100
AcDbEntity
 67
     1
  8
0
  6
Continuous
 62
     7
370
    25
100
AcDbCircle
 10
-1.169185593
 20
-0.2496993776
 30
0.0
 40
0.0500000000000015
100
AcDbArc
 50
233.3548856608
 51
344.9693889053
  0
ARC
  5
A90
330
1B
100
AcDbEntity
 67
     1
  8
0
  6
Continuous
 62
     7
370
    25
100
AcDbCircle
 10
-2.3039991623
 20
-0.6282452806
 30
0.0
 40
0.0499999999999994
100
AcDbArc
 50
177.0
 51
283.5185828479
  0
ARC
  5
A91
330
1B
100
AcDbEntity
 67
     1
  8
0
  6
Continuous
 62
     7
370
    25
100
AcDbCircle
 10
-5.5430882638
 20
12.8442807011
 30
0.0
 40
13.90643007907251
100
AcDbArc
 50
283.5185828479
 51
287.4788512947
  0
ARC
  5
A92
330
1B
100
AcDbEntity
 67
     1
  8
0
  6
Continuous
 62
     7
370
    25
100
AcDbCircle
 10
-1.3812575524
 20
-0.3723686347
 30
0.0
 40
0.0499999999999982
100
AcDbArc
 50
287.4788512947
 51
53.3548856608
  0
ARC
  5
A93
330
1B
100
AcDbEntity
 67
     1
  8
0
  6
Continuous
 62
     7
370
    25
100
AcDbCircle
 10
-2.256468679
 20
0.2786903665
 30
0.0
 40
0.0500000000000015
100
AcDbArc
 50
53.3548856608
 51
177.0
  0
ARC
  5
A94
330
1B
100
AcDbEntity
 67
     1
  8
0
  6
Continuous
 62
     7
370
    25
100
AcDbCircle
 10
-5.8456013612
 20
-0.2469398983
 30
0.0
 40
0.6049999999999572
100
AcDbArc
 50
297.3434231609
 51
354.427350043
  0
ARC
  5
A95
330
1B
100
AcDbEntity
 67
     1
  8
0
  6
Continuous
 62
     7
370
    25
100
AcDbCircle
 10
-5.4988125827
 20
-0.9175832783
 30
0.0
 40
0.1500000000000002
100
AcDbArc
 50
117.3434231609
 51
268.9534332213
  0
ARC
  5
A96
330
1B
100
AcDbEntity
 67
     1
  8
0
  6
Continuous
 62
     7
370
    25
100
AcDbCircle
 10
-5.3337206959
 20
8.1196005042
 30
0.0
 40
9.18869161166775
100
AcDbArc
 50
268.9534332213
 51
274.2698031635
  0
ARC
  5
A97
330
1B
100
AcDbEntity
 67
     1
  8
0
  6
Continuous
 62
     7
370
    25
100
AcDbCircle
 10
-4.6533161747
 20
-0.9937267729
 30
0.0
 40
0.050000000000001
100
AcDbArc
 50
274.2698031635
 51
38.3431937413
  0
ARC
  5
A98
330
1B
100
AcDbEntity
 67
     1
  8
0
  6
Continuous
 62
     7
370
    25
100
AcDbCircle
 10
-5.1936969779
 20
-0.3105455195
 30
0.0
 40
0.0500000000000025
100
AcDbArc
 50
38.3431937413
 51
174.427350043
  0
ARC
  5
A99
330
1B
100
AcDbEntity
 67
     1
  8
0
  6
Continuous
 62
     7
370
    25
100
AcDbCircle
 10
-6.1384929697
 20
-0.9836635218
 30
0.0
 40
0.0499999999999999
100
AcDbArc
 50
264.7773432858
 51
39.6113307116
  0
ARC
  5
A9A
330
1B
100
AcDbEntity
 67
     1
  8
0
  6
Continuous
 62
     7
370
    25
100
AcDbCircle
 10
-7.1942433907
 20
0.2920057807
 30
0.0
 40
0.0500000000000032
100
AcDbArc
 50
39.6113307116
 51
177.0
  0
ARC
  5
A9B
330
1B
100
AcDbEntity
 67
     1
  8
0
  6
Continuous
 62
     7
370
    25
100
AcDbCircle
 10
-7.3435456633
 20
-0.168435964
 30
0.0
 40
0.159055118110235
100
AcDbArc
 50
295.133960405
 51
58.866039595
  0
ARC
  5
A9C
330
1B
100
AcDbEntity
 67
     1
  8
0
  6
Continuous
 62
     7
370
    25
100
AcDbCircle
 10
-7.2540549601
 20
-0.849266951
 30
0.0
 40
0.0500000000000056
100
AcDbArc
 50
177.0
 51
261.4835315449
  0
ARC
  5
A9D
330
1B
100
AcDbEntity
 67
     1
  8
0
  6
Continuous
 62
     7
370
    25
100
AcDbCircle
 10
-4.359092588
 20
18.4833653749
 30
0.0
 40
19.59818354181946
100
AcDbArc
 50
261.4835315449
 51
264.7773432858
  0
ARC
  5
A9E
330
1B
100
AcDbEntity
 67
     1
  8
0
  6
Continuous
 62
     7
370
    25
100
AcDbCircle
 10
-2.7473537731
 20
0.3132820626
 30
0.0
 40
0.0500000000000064
100
AcDbArc
 50
308.1123107958
 51
89.6777124647
  0
ARC
  5
A9F
330
1B
100
AcDbEntity
 67
     1
  8
0
  6
Continuous
 62
     7
370
    25
100
AcDbCircle
 10
-2.3713372315
 20
67.1602161682
 30
0.0
 40
66.79799165095905
100
AcDbArc
 50
268.44293119
 51
269.6777124646
  0
ARC
  5
AA0
330
1B
100
AcDbEntity
 67
     1
  8
0
  6
Continuous
 62
     7
370
    25
100
AcDbCircle
 10
-4.1877731404
 20
0.336907747
 30
0.0
 40
0.0499999999999832
100
AcDbArc
 50
88.44293119
 51
177.0
  0
ARC
  5
AA1
330
1B
100
AcDbEntity
 67
     1
  8
0
  6
Continuous
 62
     7
370
    25
100
AcDbCircle
 10
-4.347657059
 20
-0.3254438327
 30
0.0
 40
0.1590551181102365
100
AcDbArc
 50
295.133960405
 51
58.866039595
  0
ARC
  5
AA2
330
1B
100
AcDbEntity
 67
     1
  8
0
  6
Continuous
 62
     7
370
    25
100
AcDbCircle
 10
-4.2508205347
 20
-0.8661082012
 30
0.0
 40
0.0500000000000021
100
AcDbArc
 50
177.0
 51
308.1123107958
  0
ARC
  5
AA3
330
1B
100
AcDbEntity
 67
     1
  8
0
  6
Continuous
 62
     7
370
    25
100
AcDbCircle
 10
-2.6279638974
 20
-0.599980827
 30
0.0
 40
0.1499999999999964
100
AcDbArc
 50
282.308733403
 51
357.0
  0
ARC
  5
AA4
330
1B
100
AcDbEntity
 67
     1
  8
0
  6
Continuous
 62
     7
370
    25
100
AcDbCircle
 10
-2.4841300852
 20
0.2337995442
 30
0.0
 40
0.0500000000000013
100
AcDbArc
 50
357.0
 51
128.1123107958
  0
ARC
  5
AA5
330
1B
100
AcDbEntity
 67
     1
  8
0
  6
Continuous
 62
     7
370
    25
100
AcDbCircle
 10
-3.9641316393
 20
-0.9271835038
 30
0.0
 40
0.0500000000000008
100
AcDbArc
 50
128.1123107958
 51
276.8830476768
  0
ARC
  5
AA6
330
1B
100
AcDbEntity
 67
     1
  8
0
  6
Continuous
 62
     7
370
    25
100
AcDbCircle
 10
-5.7071346678
 20
13.5120365713
 30
0.0
 40
14.59404125173104
100
AcDbArc
 50
276.8830476768
 51
282.308733403
  0
ARC
  5
AA7
330
1B
100
AcDbEntity
 67
     1
  8
0
  6
Continuous
 62
     7
370
    25
100
AcDbCircle
 10
-8.4438104746
 20
-6.9657422096
 30
0.0
 40
7.510792424176466
100
AcDbArc
 50
88.9792104201
 51
91.3157190707
  0
ARC
  5
AA8
330
1B
100
AcDbEntity
 67
     1
  8
0
  6
Continuous
 62
     7
370
    25
100
AcDbCircle
 10
-8.5181624477
 20
-3.7284968846
 30
0.0
 40
4.272693366079539
100
AcDbArc
 50
91.3157190707
 51
97.7901836446
  0
ARC
  5
AA9
330
1B
100
AcDbEntity
 67
     1
  8
0
  6
Continuous
 62
     7
370
    25
100
AcDbCircle
 10
-9.0697876562
 20
0.3036028926
 30
0.0
 40
0.2030350285402552
100
AcDbArc
 50
97.7901836446
 51
213.2797179312
  0
ARC
  5
AAA
330
1B
100
AcDbEntity
 67
     1
  8
0
  6
Continuous
 62
     7
370
    25
100
AcDbCircle
 10
-8.0895459595
 20
0.9470047325
 30
0.0
 40
1.375570619237363
100
AcDbArc
 50
213.2797179312
 51
233.8465907868
  0
ARC
  5
AAB
330
1B
100
AcDbEntity
 67
     1
  8
0
  6
Continuous
 62
     7
370
    25
100
AcDbCircle
 10
-6.2088887158
 20
3.5209860921
 30
0.0
 40
4.563399301566877
100
AcDbArc
 50
233.8465907868
 51
237.3643931411
  0
ARC
  5
AAC
330
1B
100
AcDbEntity
 67
     1
  8
0
  6
Continuous
 62
     7
370
    25
100
AcDbCircle
 10
-8.5890094885
 20
-0.1956143038
 30
0.0
 40
0.1500000000000055
100
AcDbArc
 50
237.3643931412
 51
309.6113307116
  0
ARC
  5
AAD
330
1B
100
AcDbEntity
 67
     1
  8
0
  6
Continuous
 62
     7
370
    25
100
AcDbCircle
 10
-7.6338307568
 20
0.465091625
 30
0.0
 40
0.0499999999999968
100
AcDbArc
 50
309.6113307116
 51
86.1536942953
  0
ARC
  5
AAE
330
1B
100
AcDbEntity
 67
     1
  8
0
  6
Continuous
 62
     7
370
    25
100
AcDbCircle
 10
-8.5557343264
 20
-13.24723836
 30
0.0
 40
13.79328562642728
100
AcDbArc
 50
86.1536942953
 51
88.9792104201
  0
ARC
  5
AAF
330
1B
100
AcDbEntity
 67
     1
  8
0
  6
Continuous
 62
     7
370
    25
100
AcDbCircle
 10
-4.4373949301
 20
0.3441498983
 30
0.0
 40
0.0499999999999975
100
AcDbArc
 50
3.6981908685
 51
88.1977671914
  0
ARC
  5
AB0
330
1B
100
AcDbEntity
 67
     1
  8
0
  6
Continuous
 62
     7
370
    25
100
AcDbCircle
 10
-5.4498681258
 20
0.3760076453
 30
0.0
 40
0.0500000000000013
100
AcDbArc
 50
88.1977671914
 51
218.3431937413
  0
ARC
  5
AB1
330
1B
100
AcDbEntity
 67
     1
  8
0
  6
Continuous
 62
     7
370
    25
100
AcDbCircle
 10
-4.4903021291
 20
-0.8535575027
 30
0.0
 40
0.0398102459850155
100
AcDbArc
 50
218.3431937413
 51
357.0
  0
ARC
  5
AB2
330
1B
100
AcDbEntity
 67
     1
  8
0
  6
Continuous
 62
     7
370
    25
100
AcDbCircle
 10
-4.347657059
 20
-0.3254438327
 30
0.0
 40
0.1590551181102361
100
AcDbArc
 50
115.133960405
 51
238.866039595
  0
ARC
  5
AB3
330
1B
100
AcDbEntity
 67
     1
  8
0
  6
Continuous
 62
     7
370
    25
100
AcDbCircle
 10
-7.4425241674
 20
0.3313569961
 30
0.0
 40
0.0500000000000007
100
AcDbArc
 50
357.0
 51
129.6113307116
  0
ARC
  5
AB4
330
1B
100
AcDbEntity
 67
     1
  8
0
  6
Continuous
 62
     7
370
    25
100
AcDbCircle
 10
-8.1982049621
 20
-0.4238531451
 30
0.0
 40
0.1500000000000022
100
AcDbArc
 50
129.6113307116
 51
240.585248563
  0
ARC
  5
AB5
330
1B
100
AcDbEntity
 67
     1
  8
0
  6
Continuous
 62
     7
370
    25
100
AcDbCircle
 10
-7.1260494149
 20
1.4777714886
 30
0.0
 40
2.333046899378214
100
AcDbArc
 50
240.585248563
 51
257.6677601726
  0
ARC
  5
AB6
330
1B
100
AcDbEntity
 67
     1
  8
0
  6
Continuous
 62
     7
370
    25
100
AcDbCircle
 10
-7.5923048498
 20
-0.654902803
 30
0.0
 40
0.1500000000000018
100
AcDbArc
 50
257.6677601726
 51
357.0
  0
ARC
  5
AB7
330
1B
100
AcDbEntity
 67
     1
  8
0
  6
Continuous
 62
     7
370
    25
100
AcDbCircle
 10
-7.3435456633
 20
-0.168435964
 30
0.0
 40
0.1590551181102379
100
AcDbArc
 50
115.133960405
 51
239.6967551274
  0
ARC
  5
AB8
330
1B
100
AcDbEntity
 67
     1
  8
0
  6
Continuous
 62
     7
370
    25
100
AcDbCircle
 10
-7.0123922359
 20
0.4251728952
 30
0.0
 40
0.0500000000000005
100
AcDbArc
 50
88.1977671914
 51
219.6113307116
  0
ARC
  5
AB9
330
1B
100
AcDbEntity
 67
     1
  8
0
  6
Continuous
 62
     7
370
    25
100
AcDbCircle
 10
-6.4985906522
 20
-0.1956565118
 30
0.0
 40
0.0500000000000003
100
AcDbArc
 50
219.6113307116
 51
355.5094168344
  0
ARC
  5
ABA
330
1B
100
AcDbEntity
 67
     1
  8
0
  6
Continuous
 62
     7
370
    25
100
AcDbCircle
 10
-5.8456013612
 20
-0.2469398983
 30
0.0
 40
0.6049999999999562
100
AcDbArc
 50
133.0667408086
 51
175.5094168344
  0
ARC
  5
ABB
330
1B
100
AcDbEntity
 67
     1
  8
0
  6
Continuous
 62
     7
370
    25
100
AcDbCircle
 10
-6.3611529694
 20
0.3046319821
 30
0.0
 40
0.150000000000001
100
AcDbArc
 50
313.0667408086
 51
88.1977671914
  0
ARC
  5
ABC
330
1B
100
AcDbEntity
 67
     1
  8
0
  6
Continuous
 62
     7
370
    25
100
AcDbCircle
 10
-0.7682385419
 20
-1.9311781843
 30
0.0
 40
0.0499999999999969
100
AcDbArc
 50
165.9693889014
 51
291.4077181179
  0
ARC
  5
ABD
330
1B
100
AcDbEntity
 67
     1
  8
0
  6
Continuous
 62
     7
370
    25
100
AcDbCircle
 10
-5.0536517899
 20
8.9995730663
 30
0.0
 40
11.79078743559399
100
AcDbArc
 50
291.4077181179
 51
297.2970623953
  0
ARC
  5
ABE
330
1B
100
AcDbEntity
 67
     1
  8
0
  6
Continuous
 62
     7
370
    25
100
AcDbCircle
 10
0.3032065923
 20
-1.3702743758
 30
0.0
 40
0.1191333468268534
100
AcDbArc
 50
295.0508987849
 51
94.5678176843
  0
ARC
  5
ABF
330
1B
100
AcDbEntity
 67
     1
  8
0
  6
Continuous
 62
     7
370
    25
100
AcDbCircle
 10
-3.0444920807
 20
40.5321126065
 30
0.0
 40
41.91676941755652
100
AcDbArc
 50
273.4028994699
 51
274.5678176847
  0
ARC
  5
AC0
330
1B
100
AcDbEntity
 67
     1
  8
0
  6
Continuous
 62
     7
370
    25
100
AcDbCircle
 10
-0.5475394875
 20
-1.4604857529
 30
0.0
 40
0.1499999999999945
100
AcDbArc
 50
93.4028994699
 51
165.9693889014
  0
ARC
  5
AC1
330
1B
100
AcDbEntity
 67
     1
  8
0
  6
Continuous
 62
     7
370
    25
100
AcDbCircle
 10
-0.8618862669
 20
-1.3778619486
 30
0.0
 40
0.0499999999999948
100
AcDbArc
 50
345.9693889053
 51
92.9811812273
  0
ARC
  5
AC2
330
1B
100
AcDbEntity
 67
     1
  8
0
  6
Continuous
 62
     7
370
    25
100
AcDbCircle
 10
-3.0444920807
 20
40.532112606
 30
0.0
 40
41.91676941702448
100
AcDbArc
 50
271.7277219852
 51
272.9811812273
  0
ARC
  5
AC3
330
1B
100
AcDbEntity
 67
     1
  8
0
  6
Continuous
 62
     7
370
    25
100
AcDbCircle
 10
-1.7791995411
 20
-1.4155782732
 30
0.0
 40
0.0500000000000015
100
AcDbArc
 50
91.7277219852
 51
234.3548856608
  0
ARC
  5
AC4
330
1B
100
AcDbEntity
 67
     1
  8
0
  6
Continuous
 62
     7
370
    25
100
AcDbCircle
 10
-1.0092843875
 20
-1.9677008534
 30
0.0
 40
0.0500000000000015
100
AcDbArc
 50
234.3548856608
 51
345.9693889053
  0
ARC
  5
AC5
330
1B
100
AcDbEntity
 67
     1
  8
0
  6
Continuous
 62
     7
370
    25
100
AcDbCircle
 10
-2.1373185822
 20
-2.3659943297
 30
0.0
 40
0.0500000000000007
100
AcDbArc
 50
178.0
 51
284.5185828479
  0
ARC
  5
AC6
330
1B
100
AcDbEntity
 67
     1
  8
0
  6
Continuous
 62
     7
370
    25
100
AcDbCircle
 10
-5.6110423539
 20
11.0479498216
 30
0.0
 40
13.90643007907513
100
AcDbArc
 50
284.5185828479
 51
288.4788512947
  0
ARC
  5
AC7
330
1B
100
AcDbEntity
 67
     1
  8
0
  6
Continuous
 62
     7
370
    25
100
AcDbCircle
 10
-1.2191831735
 20
-2.0940525934
 30
0.0
 40
0.0499999999999986
100
AcDbArc
 50
288.4788512947
 51
54.3548856608
  0
ARC
  5
AC8
330
1B
100
AcDbEntity
 67
     1
  8
0
  6
Continuous
 62
     7
370
    25
100
AcDbCircle
 10
-2.1056235476
 20
-1.4583672919
 30
0.0
 40
0.0499999999999998
100
AcDbArc
 50
54.3548856608
 51
178.0
  0
ARC
  5
AC9
330
1B
100
AcDbEntity
 67
     1
  8
0
  6
Continuous
 62
     7
370
    25
100
AcDbCircle
 10
-5.6850360744
 20
-2.0465565031
 30
0.0
 40
0.6049999999999549
100
AcDbArc
 50
298.3434231609
 51
355.427350043
  0
ARC
  5
ACA
330
1B
100
AcDbEntity
 67
     1
  8
0
  6
Continuous
 62
     7
370
    25
100
AcDbCircle
 10
-5.3265957727
 20
-2.7110454421
 30
0.0
 40
0.1500000000000011
100
AcDbArc
 50
118.3434231609
 51
269.9534332213
  0
ARC
  5
ACB
330
1B
100
AcDbEntity
 67
     1
  8
0
  6
Continuous
 62
     7
370
    25
100
AcDbCircle
 10
-5.3192496347
 20
6.3276431843
 30
0.0
 40
9.18869161166831
100
AcDbArc
 50
269.9534332213
 51
275.2698031635
  0
ARC
  5
ACC
330
1B
100
AcDbEntity
 67
     1
  8
0
  6
Continuous
 62
     7
370
    25
100
AcDbCircle
 10
-4.4798992507
 20
-2.7724213928
 30
0.0
 40
0.0500000000000006
100
AcDbArc
 50
275.2698031635
 51
39.3431937413
  0
ARC
  5
ACD
330
1B
100
AcDbEntity
 67
     1
  8
0
  6
Continuous
 62
     7
370
    25
100
AcDbCircle
 10
-5.0321209081
 20
-2.0987751365
 30
0.0
 40
0.050000000000002
100
AcDbArc
 50
39.3431937413
 51
175.427350043
  0
ARC
  5
ACE
330
1B
100
AcDbEntity
 67
     1
  8
0
  6
Continuous
 62
     7
370
    25
100
AcDbCircle
 10
-5.965025474
 20
-2.7882795834
 30
0.0
 40
0.049999999999999
100
AcDbArc
 50
265.7773432858
 51
40.6113307116
  0
ARC
  5
ACF
330
1B
100
AcDbEntity
 67
     1
  8
0
  6
Continuous
 62
     7
370
    25
100
AcDbCircle
 10
-7.0428785983
 20
-1.5312299569
 30
0.0
 40
0.0500000000000014
100
AcDbArc
 50
40.6113307116
 51
178.0
  0
ARC
  5
AD0
330
1B
100
AcDbEntity
 67
     1
  8
0
  6
Continuous
 62
     7
370
    25
100
AcDbCircle
 10
-7.1841223149
 20
-1.994207258
 30
0.0
 40
0.159055118110236
100
AcDbArc
 50
296.133960405
 51
59.866039595
  0
ARC
  5
AD1
330
1B
100
AcDbEntity
 67
     1
  8
0
  6
Continuous
 62
     7
370
    25
100
AcDbCircle
 10
-7.0827631025
 20
-2.6733727231
 30
0.0
 40
0.0500000000000081
100
AcDbArc
 50
178.0
 51
262.4835315449
  0
ARC
  5
AD2
330
1B
100
AcDbEntity
 67
     1
  8
0
  6
Continuous
 62
     7
370
    25
100
AcDbCircle
 10
-4.5256426041
 20
16.7068392092
 30
0.0
 40
19.59818354182142
100
AcDbArc
 50
262.4835315449
 51
265.7773432858
  0
ARC
  5
AD3
330
1B
100
AcDbEntity
 67
     1
  8
0
  6
Continuous
 62
     7
370
    25
100
AcDbCircle
 10
-2.5970375858
 20
-1.4323479906
 30
0.0
 40
0.0500000000000063
100
AcDbArc
 50
309.1123107958
 51
90.6777124647
  0
ARC
  5
AD4
330
1B
100
AcDbEntity
 67
     1
  8
0
  6
Continuous
 62
     7
370
    25
100
AcDbCircle
 10
-3.3877181764
 20
65.4109673968
 30
0.0
 40
66.79799165095481
100
AcDbArc
 50
269.44293119
 51
270.6777124646
  0
ARC
  5
AD5
330
1B
100
AcDbEntity
 67
     1
  8
0
  6
Continuous
 62
     7
370
    25
100
AcDbCircle
 10
-4.0376498953
 20
-1.4338646887
 30
0.0
 40
0.0499999999999831
100
AcDbArc
 50
89.44293119
 51
178.0
  0
ARC
  5
AD6
330
1B
100
AcDbEntity
 67
     1
  8
0
  6
Continuous
 62
     7
370
    25
100
AcDbCircle
 10
-4.1859498339
 20
-2.0989057481
 30
0.0
 40
0.159055118110236
100
AcDbArc
 50
296.133960405
 51
59.866039595
  0
ARC
  5
AD7
330
1B
100
AcDbEntity
 67
     1
  8
0
  6
Continuous
 62
     7
370
    25
100
AcDbCircle
 10
-4.0796921639
 20
-2.6377977405
 30
0.0
 40
0.0500000000000028
100
AcDbArc
 50
178.0
 51
309.1123107958
  0
ARC
  5
AD8
330
1B
100
AcDbEntity
 67
     1
  8
0
  6
Continuous
 62
     7
370
    25
100
AcDbCircle
 10
-2.4617272587
 20
-2.3433881451
 30
0.0
 40
0.149999999999997
100
AcDbArc
 50
283.308733403
 51
358.0
  0
ARC
  5
AD9
330
1B
100
AcDbEntity
 67
     1
  8
0
  6
Continuous
 62
     7
370
    25
100
AcDbCircle
 10
-2.3324668269
 20
-1.5072245166
 30
0.0
 40
0.050000000000002
100
AcDbArc
 50
358.0
 51
129.1123107958
  0
ARC
  5
ADA
330
1B
100
AcDbEntity
 67
     1
  8
0
  6
Continuous
 62
     7
370
    25
100
AcDbCircle
 10
-3.7919810216
 20
-2.6938603298
 30
0.0
 40
0.0500000000000008
100
AcDbArc
 50
129.1123107958
 51
277.8830476768
  0
ARC
  5
ADB
330
1B
100
AcDbEntity
 67
     1
  8
0
  6
Continuous
 62
     7
370
    25
100
AcDbCircle
 10
-5.7867177197
 20
11.7127409848
 30
0.0
 40
14.59404125173247
100
AcDbArc
 50
277.8830476768
 51
283.308733403
  0
ARC
  5
ADC
330
1B
100
AcDbEntity
 67
     1
  8
0
  6
Continuous
 62
     7
370
    25
100
AcDbCircle
 10
-8.1655901993
 20
-8.8096805097
 30
0.0
 40
7.510792424180444
100
AcDbArc
 50
89.9792104201
 51
92.3157190707
  0
ARC
  5
ADD
330
1B
100
AcDbEntity
 67
     1
  8
0
  6
Continuous
 62
     7
370
    25
100
AcDbCircle
 10
-8.2964285693
 20
-5.5742258537
 30
0.0
 40
4.272693366079242
100
AcDbArc
 50
92.3157190707
 51
98.7901836446
  0
ARC
  5
ADE
330
1B
100
AcDbEntity
 67
     1
  8
0
  6
Continuous
 62
     7
370
    25
100
AcDbCircle
 10
-8.9183396068
 20
-1.5523673721
 30
0.0
 40
0.2030350285402542
100
AcDbArc
 50
98.7901836446
 51
214.2797179312
  0
ARC
  5
ADF
330
1B
100
AcDbEntity
 67
     1
  8
0
  6
Continuous
 62
     7
370
    25
100
AcDbCircle
 10
-7.9494761161
 20
-0.891955949
 30
0.0
 40
1.375570619237277
100
AcDbArc
 50
214.2797179312
 51
234.8465907868
  0
ARC
  5
AE0
330
1B
100
AcDbEntity
 67
     1
  8
0
  6
Continuous
 62
     7
370
    25
100
AcDbCircle
 10
-6.1140274744
 20
1.7144553754
 30
0.0
 40
4.563399301566755
100
AcDbArc
 50
234.8465907868
 51
238.3643931411
  0
ARC
  5
AE1
330
1B
100
AcDbEntity
 67
     1
  8
0
  6
Continuous
 62
     7
370
    25
100
AcDbCircle
 10
-8.4289221226
 20
-2.0431177993
 30
0.0
 40
0.1500000000000083
100
AcDbArc
 50
238.3643931412
 51
310.6113307116
  0
ARC
  5
AE2
330
1B
100
AcDbEntity
 67
     1
  8
0
  6
Continuous
 62
     7
370
    25
100
AcDbCircle
 10
-7.4854197776
 20
-1.3658423318
 30
0.0
 40
0.0499999999999983
100
AcDbArc
 50
310.6113307116
 51
87.1536942953
  0
ARC
  5
AE3
330
1B
100
AcDbEntity
 67
     1
  8
0
  6
Continuous
 62
     7
370
    25
100
AcDbCircle
 10
-8.1678697807
 20
-15.0921732984
 30
0.0
 40
13.79328562642407
100
AcDbArc
 50
87.1536942953
 51
89.9792104201
  0
ARC
  5
AE4
330
1B
100
AcDbEntity
 67
     1
  8
0
  6
Continuous
 62
     7
370
    25
100
AcDbCircle
 10
-4.2873600594
 20
-1.4309801413
 30
0.0
 40
0.050000000000001
100
AcDbArc
 50
4.6981908685
 51
89.1977671914
  0
ARC
  5
AE5
330
1B
100
AcDbEntity
 67
     1
  8
0
  6
Continuous
 62
     7
370
    25
100
AcDbCircle
 10
-5.3002350448
 20
-1.4167973401
 30
0.0
 40
0.0500000000000016
100
AcDbArc
 50
89.1977671914
 51
219.3431937413
  0
ARC
  5
AE6
330
1B
100
AcDbEntity
 67
     1
  8
0
  6
Continuous
 62
     7
370
    25
100
AcDbCircle
 10
-4.3193563239
 20
-2.6294284836
 30
0.0
 40
0.0398102459850164
100
AcDbArc
 50
219.3431937413
 51
358.0
  0
ARC
  5
AE7
330
1B
100
AcDbEntity
 67
     1
  8
0
  6
Continuous
 62
     7
370
    25
100
AcDbCircle
 10
-4.1859498339
 20
-2.0989057481
 30
0.0
 40
0.1590551181102362
100
AcDbArc
 50
116.133960405
 51
239.866039595
  0
ARC
  5
AE8
330
1B
100
AcDbEntity
 67
     1
  8
0
  6
Continuous
 62
     7
370
    25
100
AcDbCircle
 10
-7.291808334
 20
-1.4962178319
 30
0.0
 40
0.0500000000000006
100
AcDbArc
 50
358.0
 51
130.6113307116
  0
ARC
  5
AE9
330
1B
100
AcDbEntity
 67
     1
  8
0
  6
Continuous
 62
     7
370
    25
100
AcDbCircle
 10
-8.0341938005
 20
-2.2645013993
 30
0.0
 40
0.1499999999999995
100
AcDbArc
 50
130.6113307116
 51
241.585248563
  0
ARC
  5
AEA
330
1B
100
AcDbEntity
 67
     1
  8
0
  6
Continuous
 62
     7
370
    25
100
AcDbCircle
 10
-6.9953894738
 20
-0.3444546979
 30
0.0
 40
2.333046899378223
100
AcDbArc
 50
241.585248563
 51
258.6677601726
  0
ARC
  5
AEB
330
1B
100
AcDbEntity
 67
     1
  8
0
  6
Continuous
 62
     7
370
    25
100
AcDbCircle
 10
-7.4243535972
 20
-2.4849414523
 30
0.0
 40
0.1500000000000002
100
AcDbArc
 50
258.6677601726
 51
358.0
  0
ARC
  5
AEC
330
1B
100
AcDbEntity
 67
     1
  8
0
  6
Continuous
 62
     7
370
    25
100
AcDbCircle
 10
-7.1841223149
 20
-1.994207258
 30
0.0
 40
0.1590551181102382
100
AcDbArc
 50
116.133960405
 51
240.6967551274
  0
ARC
  5
AED
330
1B
100
AcDbEntity
 67
     1
  8
0
  6
Continuous
 62
     7
370
    25
100
AcDbCircle
 10
-6.8633792269
 20
-1.3949093841
 30
0.0
 40
0.0500000000000019
100
AcDbArc
 50
89.1977671914
 51
220.6113307116
  0
ARC
  5
AEE
330
1B
100
AcDbEntity
 67
     1
  8
0
  6
Continuous
 62
     7
370
    25
100
AcDbCircle
 10
-6.3388209306
 20
-2.0066771618
 30
0.0
 40
0.0500000000000003
100
AcDbArc
 50
220.6113307116
 51
356.5094168344
  0
ARC
  5
AEF
330
1B
100
AcDbEntity
 67
     1
  8
0
  6
Continuous
 62
     7
370
    25
100
AcDbCircle
 10
-5.6850360744
 20
-2.0465565031
 30
0.0
 40
0.6049999999999562
100
AcDbArc
 50
134.0667408086
 51
176.5094168344
  0
ARC
  5
AF0
330
1B
100
AcDbEntity
 67
     1
  8
0
  6
Continuous
 62
     7
370
    25
100
AcDbCircle
 10
-6.2101354183
 20
-1.504066246
 30
0.0
 40
0.1500000000000008
100
AcDbArc
 50
314.0667408086
 51
89.1977671914
  0
ARC
  5
AF1
330
1B
100
AcDbEntity
 67
     1
  8
0
  6
Continuous
 62
     7
370
    25
100
AcDbCircle
 10
2.637400044
 20
3.0687363455
 30
0.0
 40
0.1000000000000112
100
AcDbArc
 50
268.4890178799
 51
3.5576715008
  0
ARC
  5
AF2
330
1B
100
AcDbEntity
 67
     1
  8
0
  6
Continuous
 62
     7
370
    25
100
AcDbCircle
 10
2.5867665589
 20
3.8831329557
 30
0.0
 40
0.1000000000000537
100
AcDbArc
 50
3.5576715008
 51
103.8498926897
  0
ARC
  5
AF3
330
1B
100
AcDbEntity
 67
     1
  8
0
  6
Continuous
 62
     7
370
    25
100
AcDbCircle
 10
0.5723854245
 20
3.2465678848
 30
0.0
 40
0.1000000000001565
100
AcDbArc
 50
111.0812302213
 51
183.5576715008
  0
ARC
  5
AF4
330
1B
100
AcDbEntity
 67
     1
  8
0
  6
Continuous
 62
     7
370
    25
100
AcDbCircle
 10
0.5828379421
 20
3.078448015
 30
0.0
 40
0.100000000000041
100
AcDbArc
 50
183.5576715009
 51
272.523010157
  0
ARC
  5
AF5
330
1B
100
AcDbEntity
 67
     1
  8
0
  6
Continuous
 62
     7
370
    25
100
AcDbCircle
 10
9.4543931735
 20
3.1391497784
 30
0.0
 40
0.100000000000002
100
AcDbArc
 50
45.2859299682
 51
161.9530795773
  0
ARC
  5
AF6
330
1B
100
AcDbEntity
 67
     1
  8
0
  6
Continuous
 62
     7
370
    25
100
AcDbCircle
 10
9.3055109582
 20
2.6822110094
 30
0.0
 40
0.1000000000000325
100
AcDbArc
 50
161.9530795774
 51
270.8162349725
  0
ARC
  5
AF7
330
1B
100
AcDbEntity
 67
     1
  8
0
  6
Continuous
 62
     7
370
    25
100
AcDbCircle
 10
4.8982656864
 20
2.9638488828
 30
0.0
 40
0.1000000000000107
100
AcDbArc
 50
266.2438427243
 51
3.5576715008
  0
ARC
  5
AF8
330
1B
100
AcDbEntity
 67
     1
  8
0
  6
Continuous
 62
     7
370
    25
100
AcDbCircle
 10
4.8205168782
 20
4.2143724404
 30
0.0
 40
0.1000000000000729
100
AcDbArc
 50
3.5576715008
 51
92.8441787168
  0
ARC
  5
AF9
330
1B
100
AcDbEntity
 67
     1
  8
0
  6
Continuous
 62
     7
370
    25
100
AcDbCircle
 10
4.2512806219
 20
4.1724351638
 30
0.0
 40
0.1000000000000056
100
AcDbArc
 50
95.6174002121
 51
183.5576715008
  0
ARC
  5
AFA
330
1B
100
AcDbEntity
 67
     1
  8
0
  6
Continuous
 62
     7
370
    25
100
AcDbCircle
 10
4.3242162993
 20
2.9993267284
 30
0.0
 40
0.1000000000000095
100
AcDbArc
 50
183.5576715008
 51
266.7145236469
  0
ARC
  5
AFB
330
1B
100
AcDbEntity
 67
     1
  8
0
  6
Continuous
 62
     7
370
    25
100
AcDbCircle
 10
8.7689571858
 20
2.7015452861
 30
0.0
 40
0.1000000000000268
100
AcDbArc
 50
266.485714283
 51
29.4207966178
  0
ARC
  5
AFC
330
1B
100
AcDbEntity
 67
     1
  8
0
  6
Continuous
 62
     7
370
    25
100
AcDbCircle
 10
8.2995734713
 20
3.5338606583
 30
0.0
 40
0.0999999999999862
100
AcDbArc
 50
29.4207966178
 51
183.5576691779
  0
ARC
  5
AFD
330
1B
100
AcDbEntity
 67
     1
  8
0
  6
Continuous
 62
     7
370
    25
100
AcDbCircle
 10
8.3496064791
 20
2.729121689
 30
0.0
 40
0.0999999999999652
100
AcDbArc
 50
183.5576691779
 51
266.0903159363
  0
ARC
  5
AFE
330
1B
100
AcDbEntity
 67
     1
  8
0
  6
Continuous
 62
     7
370
    25
100
AcDbCircle
 10
8.5408901706
 20
3.7166801306
 30
0.0
 40
0.0999999999999979
100
AcDbArc
 50
66.7292726796
 51
209.4207966179
  0
ARC
  5
AFF
330
1B
100
AcDbEntity
 67
     1
  8
0
  6
Continuous
 62
     7
370
    25
100
AcDbCircle
 10
9.0391637408
 20
2.8331370095
 30
0.0
 40
0.100000000000006
100
AcDbArc
 50
209.4207966179
 51
341.9530795773
  0
ARC
  5
B00
330
1B
100
AcDbEntity
 67
     1
  8
0
  6
Continuous
 62
     7
370
    25
100
AcDbCircle
 10
9.2064939518
 20
3.3466950625
 30
0.0
 40
0.1000000000000771
100
AcDbArc
 50
341.9530795774
 51
54.1125551727
  0
ARC
  5
B01
330
1B
100
AcDbEntity
 67
     1
  8
0
  6
Continuous
 62
     7
370
    25
100
AcDbCircle
 10
7.9996492906
 20
2.2652100106
 30
0.0
 40
0.0999999999999983
100
AcDbArc
 50
88.4890178799
 51
183.5576715008
  0
ARC
  5
B02
330
1B
100
AcDbEntity
 67
     1
  8
0
  6
Continuous
 62
     7
370
    25
100
AcDbCircle
 10
8.0502827757
 20
1.4508134004
 30
0.0
 40
0.1000000000000173
100
AcDbArc
 50
183.5576715008
 51
283.8498926898
  0
ARC
  5
B03
330
1B
100
AcDbEntity
 67
     1
  8
0
  6
Continuous
 62
     7
370
    25
100
AcDbCircle
 10
10.0646639101
 20
2.0873784714
 30
0.0
 40
0.1000000000001587
100
AcDbArc
 50
291.0812302213
 51
3.5576715008
  0
ARC
  5
B04
330
1B
100
AcDbEntity
 67
     1
  8
0
  6
Continuous
 62
     7
370
    25
100
AcDbCircle
 10
10.0542113925
 20
2.2554983412
 30
0.0
 40
0.1000000000000396
100
AcDbArc
 50
3.5576715009
 51
92.523010157
  0
ARC
  5
B05
330
1B
100
AcDbEntity
 67
     1
  8
0
  6
Continuous
 62
     7
370
    25
100
AcDbCircle
 10
1.182656161
 20
2.1947965778
 30
0.0
 40
0.0999999999999953
100
AcDbArc
 50
225.2859299682
 51
341.9530795774
  0
ARC
  5
B06
330
1B
100
AcDbEntity
 67
     1
  8
0
  6
Continuous
 62
     7
370
    25
100
AcDbCircle
 10
1.3315383764
 20
2.6517353468
 30
0.0
 40
0.100000000000035
100
AcDbArc
 50
341.9530795774
 51
90.8162349725
  0
ARC
  5
B07
330
1B
100
AcDbEntity
 67
     1
  8
0
  6
Continuous
 62
     7
370
    25
100
AcDbCircle
 10
5.7387836482
 20
2.3700974734
 30
0.0
 40
0.1000000000000069
100
AcDbArc
 50
86.2438427243
 51
183.5576715008
  0
ARC
  5
B08
330
1B
100
AcDbEntity
 67
     1
  8
0
  6
Continuous
 62
     7
370
    25
100
AcDbCircle
 10
5.8165324564
 20
1.1195739158
 30
0.0
 40
0.100000000000073
100
AcDbArc
 50
183.5576715008
 51
272.8441787168
  0
ARC
  5
B09
330
1B
100
AcDbEntity
 67
     1
  8
0
  6
Continuous
 62
     7
370
    25
100
AcDbCircle
 10
6.3857687126
 20
1.1615111924
 30
0.0
 40
0.1000000000000218
100
AcDbArc
 50
275.6174002121
 51
3.5576715008
  0
ARC
  5
B0A
330
1B
100
AcDbEntity
 67
     1
  8
0
  6
Continuous
 62
     7
370
    25
100
AcDbCircle
 10
6.3128330352
 20
2.3346196278
 30
0.0
 40
0.1000000000000096
100
AcDbArc
 50
3.5576715008
 51
86.7145236469
  0
ARC
  5
B0B
330
1B
100
AcDbEntity
 67
     1
  8
0
  6
Continuous
 62
     7
370
    25
100
AcDbCircle
 10
1.8680921488
 20
2.6324010701
 30
0.0
 40
0.1000000000000166
100
AcDbArc
 50
86.485714283
 51
209.4207966178
  0
ARC
  5
B0C
330
1B
100
AcDbEntity
 67
     1
  8
0
  6
Continuous
 62
     7
370
    25
100
AcDbCircle
 10
2.3374758632
 20
1.8000856979
 30
0.0
 40
0.0999999999999986
100
AcDbArc
 50
209.4207966178
 51
3.5576691779
  0
ARC
  5
B0D
330
1B
100
AcDbEntity
 67
     1
  8
0
  6
Continuous
 62
     7
370
    25
100
AcDbCircle
 10
2.2874428555
 20
2.6048246672
 30
0.0
 40
0.0999999999999134
100
AcDbArc
 50
3.5576691779
 51
86.0903159363
  0
ARC
  5
B0E
330
1B
100
AcDbEntity
 67
     1
  8
0
  6
Continuous
 62
     7
370
    25
100
AcDbCircle
 10
2.096159164
 20
1.6172662256
 30
0.0
 40
0.0999999999999948
100
AcDbArc
 50
246.7292726796
 51
29.4207966179
  0
ARC
  5
B0F
330
1B
100
AcDbEntity
 67
     1
  8
0
  6
Continuous
 62
     7
370
    25
100
AcDbCircle
 10
1.5978855938
 20
2.5008093466
 30
0.0
 40
0.1000000000000159
100
AcDbArc
 50
29.4207966179
 51
161.9530795773
  0
ARC
  5
B10
330
1B
100
AcDbEntity
 67
     1
  8
0
  6
Continuous
 62
     7
370
    25
100
AcDbCircle
 10
1.4305553827
 20
1.9872512936
 30
0.0
 40
0.1000000000000609
100
AcDbArc
 50
161.9530795774
 51
234.1125551728
  0
ARC
  5
B11
330
1B
100
AcDbEntity
 67
     1
  8
0
  6
Continuous
 62
     7
370
    25
100
AcDbCircle
 10
-3.5246019842
 20
2.926682743
 30
0.0
 40
0.0999999999999738
100
AcDbArc
 50
1.5576715008
 51
93.4669996323
  0
ARC
  5
B12
330
1B
100
AcDbEntity
 67
     1
  8
0
  6
Continuous
 62
     7
370
    25
100
AcDbCircle
 10
-5.6275135193
 20
2.869674801
 30
0.0
 40
0.1000000000000119
100
AcDbArc
 50
90.4857738183
 51
181.5576715008
  0
ARC
  5
B13
330
1B
100
AcDbEntity
 67
     1
  8
0
  6
Continuous
 62
     7
370
    25
100
AcDbCircle
 10
-5.6172978609
 20
2.4940051525
 30
0.0
 40
0.1000000000000401
100
AcDbArc
 50
181.5576715008
 51
278.5582930692
  0
ARC
  5
B14
330
1B
100
AcDbEntity
 67
     1
  8
0
  6
Continuous
 62
     7
370
    25
100
AcDbCircle
 10
-3.5229467429
 20
2.8658130575
 30
0.0
 40
0.0999999999999525
100
AcDbArc
 50
281.7952585861
 51
1.5576715008
  0
ARC
  5
B15
330
1B
100
AcDbEntity
 67
     1
  8
0
  6
Continuous
 62
     7
370
    25
100
AcDbCircle
 10
-11.1749029517
 20
2.628135066
 30
0.0
 40
0.1000000000000417
100
AcDbArc
 50
245.414499852
 51
1.5576715008
  0
ARC
  5
B16
330
1B
100
AcDbEntity
 67
     1
  8
0
  6
Continuous
 62
     7
370
    25
100
AcDbCircle
 10
-11.1840742399
 20
2.9653991437
 30
0.0
 40
0.0999999999998972
100
AcDbArc
 50
1.5576715008
 51
91.3049228003
  0
ARC
  5
B17
330
1B
100
AcDbEntity
 67
     1
  8
0
  6
Continuous
 62
     7
370
    25
100
AcDbCircle
 10
-11.6341138467
 20
2.9572211451
 30
0.0
 40
0.0999999994891091
100
AcDbArc
 50
90.4906403016
 51
91.2609065477
  0
ARC
  5
B18
330
1B
100
AcDbEntity
 67
     1
  8
0
  6
Continuous
 62
     7
370
    25
100
AcDbCircle
 10
-0.7379508557
 20
4.0578864794
 30
0.0
 40
0.0999999999999665
100
AcDbArc
 50
1.5576715008
 51
93.4669996323
  0
ARC
  5
B19
330
1B
100
AcDbEntity
 67
     1
  8
0
  6
Continuous
 62
     7
370
    25
100
AcDbCircle
 10
-2.8408623908
 20
4.0008785373
 30
0.0
 40
0.1000000000000134
100
AcDbArc
 50
90.4857738184
 51
181.5576715008
  0
ARC
  5
B1A
330
1B
100
AcDbEntity
 67
     1
  8
0
  6
Continuous
 62
     7
370
    25
100
AcDbCircle
 10
-2.8306467324
 20
3.6252088888
 30
0.0
 40
0.1000000000000458
100
AcDbArc
 50
181.5576715008
 51
278.5582930692
  0
ARC
  5
B1B
330
1B
100
AcDbEntity
 67
     1
  8
0
  6
Continuous
 62
     7
370
    25
100
AcDbCircle
 10
-0.7362956144
 20
3.9970167938
 30
0.0
 40
0.099999999999988
100
AcDbArc
 50
281.7952585861
 51
1.5576715008
  0
ARC
  5
B1C
330
1B
100
AcDbEntity
 67
     1
  8
0
  6
Continuous
 62
     7
370
    25
100
AcDbCircle
 10
-8.3882518232
 20
3.7593388023
 30
0.0
 40
0.1000000000000417
100
AcDbArc
 50
245.414499852
 51
1.5576715008
  0
ARC
  5
B1D
330
1B
100
AcDbEntity
 67
     1
  8
0
  6
Continuous
 62
     7
370
    25
100
AcDbCircle
 10
-8.3974231114
 20
4.09660288
 30
0.0
 40
0.0999999999999228
100
AcDbArc
 50
1.5576715008
 51
91.3049228003
  0
ARC
  5
B1E
330
1B
100
AcDbEntity
 67
     1
  8
0
  6
Continuous
 62
     7
370
    25
100
AcDbCircle
 10
-8.8474627182
 20
4.0884248814
 30
0.0
 40
0.0999999994721637
100
AcDbArc
 50
90.4906403015
 51
91.2609065477
  0
VIEWPORT
  5
B1F
330
1B
100
AcDbEntity
 67
     1
  8
0
100
AcDbViewport
 10
0.0
 20
0.0
 30
0.0
 40
8.4
 41
6.4
 68
     1
 69
     1
 12
-0.0302193275
 22
-0.0131207882
 13
0.0
 23
0.0
 14
0.5
 24
0.5
 15
0.5
 25
0.5
 16
0.0
 26
0.0
 36
1.0
 17
0.0
 27
0.0
 37
0.0
 42
50.0
 43
0.0
 44
0.0
 45
18.518472458
 50
0.0
 51
0.0
 72
   100
 90
   557152
  1

281
     0
 71
     1
 74
     0
110
0.0
120
0.0
130
0.0
111
1.0
121
0.0
131
0.0
112
0.0
122
1.0
132
0.0
 79
     0
146
0.0
  0
MTEXT
  5
B22
330
1B
100
AcDbEntity
 67
     1
  8
0
  6
Continuous
 62
     7
100
AcDbMText
 10
-11.9446777104
 20
-4.4926727104
 30
0.0
 40
0.1903
 41
0.0
 71
     1
 72
     1
  1
SOLIDWORKS Educational Product.
  7
SLDTEXTSTYLE0
 73
     1
 44
1.0
  0
MTEXT
  5
B23
330
1B
100
AcDbEntity
 67
     1
  8
0
  6
Continuous
 62
     7
100
AcDbMText
 10
-11.9446777104
 20
-4.7781227104
 30
0.0
 40
0.1903
 41
0.0
 71
     1
 72
     1
  1
For Instructional Use Only.
  7
SLDTEXTSTYLE0
 73
     1
 44
1.0
  0
ENDSEC
  0
SECTION
  2
OBJECTS
  0
DICTIONARY
  5
C
330
0
100
AcDbDictionary
281
     1
  3
ACAD_GROUP
350
D
  3
ACAD_LAYOUT
350
1A
  3
ACAD_MLINESTYLE
350
17
  3
ACAD_PLOTSETTINGS
350
19
  3
ACAD_PLOTSTYLENAME
350
E
  3
ACAD_SCALELIST
350
47
  3
DWGPROPS
350
B26
  0
DICTIONARY
  5
D
102
{ACAD_REACTORS
330
C
102
}
330
C
100
AcDbDictionary
281
     1
  0
DICTIONARY
  5
1A
102
{ACAD_REACTORS
330
C
102
}
330
C
100
AcDbDictionary
281
     1
  3
_Right
350
1E
  3
Layout2
350
26
  3
Model
350
22
  0
DICTIONARY
  5
17
102
{ACAD_REACTORS
330
C
102
}
330
C
100
AcDbDictionary
281
     1
  3
Standard
350
18
  0
DICTIONARY
  5
19
102
{ACAD_REACTORS
330
C
102
}
330
C
100
AcDbDictionary
281
     1
  0
ACDBDICTIONARYWDFLT
  5
E
102
{ACAD_REACTORS
330
C
102
}
330
C
100
AcDbDictionary
281
     1
  3
Normal
350
F
100
AcDbDictionaryWithDefault
340
F
  0
DICTIONARY
  5
47
102
{ACAD_REACTORS
330
C
102
}
330
C
100
AcDbDictionary
281
     1
  3
A0
350
48
  3
A1
350
49
  3
A2
350
4A
  3
A3
350
4B
  3
A4
350
4C
  3
A5
350
4D
  3
A6
350
4E
  3
A7
350
4F
  3
A8
350
50
  3
A9
350
51
  3
B1
350
52
  3
B2
350
53
  3
B3
350
54
  3
B4
350
55
  3
B5
350
56
  3
B6
350
57
  3
B7
350
58
  0
XRECORD
  5
B26
102
{ACAD_REACTORS
330
C
102
}
330
C
100
AcDbXrecord
280
     1
  1
DWGPROPS COOKIE
  2

  3

  4

  6

  7

  8
xxori
  9

300
=
301
=
302
=
303
=
304
=
305
=
306
=
307
=
308
=
309
=
 40
0.0
 41
2461306.846072003
 42
2461306.846404572
  1

 90
        0
  0
LAYOUT
  5
1E
102
{ACAD_REACTORS
330
1A
102
}
330
1A
100
AcDbPlotSettings
  1

  2
none_device
  4
Letter_(8.50_x_11.00_Inches)
  6

 40
6.35
 41
6.35
 42
6.35001
 43
6.35001
 44
215.9
 45
279.4
 46
0.0
 47
0.0
 48
0.0
 49
0.0
140
0.0
141
0.0
142
1.0
143
2.2694207295
 70
   688
 72
     0
 73
     1
 74
     1
  7

 75
     0
147
0.4406410795
148
303.3948138435
149
113.0943204518
100
AcDbLayout
  1
_Right
 70
     1
 71
     1
 10
-12.5120337862
 20
-5.0198874836
 11
12.4515942378
 21
14.2701887168
 12
0.0
 22
0.0
 32
0.0
 14
-11.9446777104
 24
-4.4525323013
 34
0.0
 15
11.8842390555
 25
4.4262907249
 35
0.0
146
0.0
 13
0.0
 23
0.0
 33
0.0
 16
1.0
 26
0.0
 36
0.0
 17
0.0
 27
1.0
 37
0.0
 76
     0
330
1B
331
B1F
  0
LAYOUT
  5
26
102
{ACAD_REACTORS
330
1A
102
}
330
1A
100
AcDbPlotSettings
  1

  2
none_device
  4

  6

 40
0.0
 41
0.0
 42
0.0
 43
0.0
 44
0.0
 45
0.0
 46
0.0
 47
0.0
 48
0.0
 49
0.0
140
0.0
141
0.0
142
1.0
143
1.0
 70
   688
 72
     0
 73
     0
 74
     5
  7

 75
    16
147
1.0
148
0.0
149
0.0
100
AcDbLayout
  1
Layout2
 70
     1
 71
     2
 10
0.0
 20
0.0
 11
0.0
 21
0.0
 12
0.0
 22
0.0
 32
0.0
 14
0.0
 24
0.0
 34
0.0
 15
0.0
 25
0.0
 35
0.0
146
0.0
 13
0.0
 23
0.0
 33
0.0
 16
1.0
 26
0.0
 36
0.0
 17
0.0
 27
1.0
 37
0.0
 76
     0
330
23
  0
LAYOUT
  5
22
102
{ACAD_REACTORS
330
1A
102
}
330
1A
100
AcDbPlotSettings
  1

  2
none_device
  4
ANSI_A_(11.00_x_8.50_Inches)
  6

 40
6.35
 41
19.05
 42
6.35000508
 43
19.05000254
 44
279.4
 45
215.9
 46
133.7007833297
 47
89.0523048029
 48
0.0
 49
0.0
140
0.0
141
0.0
142
0.4570077653
143
1.0
 70
  1696
 72
     0
 73
     0
 74
     0
  7

 75
     0
147
0.5913241897
148
-39.4088153714
149
0.0
100
AcDbLayout
  1
Model
 70
     1
 71
     0
 10
0.0
 20
0.0
 11
12.0
 21
9.0
 12
0.0
 22
0.0
 32
0.0
 14
-11.9446777104
 24
-4.4525323013
 34
0.0
 15
11.8842390555
 25
4.4262907249
 35
0.0
146
0.0
 13
0.0
 23
0.0
 33
0.0
 16
1.0
 26
0.0
 36
0.0
 17
0.0
 27
1.0
 37
0.0
 76
     0
330
1F
331
29
  0
MLINESTYLE
  5
18
102
{ACAD_REACTORS
330
17
102
}
330
17
100
AcDbMlineStyle
  2
Standard
 70
     0
  3

 62
   256
 51
90.0
 52
90.0
 71
     2
 49
0.5
 62
   256
  6
BYLAYER
 49
-0.5
 62
   256
  6
BYLAYER
  0
ACDBPLACEHOLDER
  5
F
102
{ACAD_REACTORS
330
E
102
}
330
E
  0
SCALE
  5
48
102
{ACAD_REACTORS
330
47
102
}
330
47
100
AcDbScale
 70
     0
300
1:1
140
1.0
141
1.0
290
     1
  0
SCALE
  5
49
102
{ACAD_REACTORS
330
47
102
}
330
47
100
AcDbScale
 70
     0
300
1/128" = 1'-0"
140
0.0078125
141
12.0
290
     0
  0
SCALE
  5
4A
102
{ACAD_REACTORS
330
47
102
}
330
47
100
AcDbScale
 70
     0
300
1/64" = 1'-0"
140
0.015625
141
12.0
290
     0
  0
SCALE
  5
4B
102
{ACAD_REACTORS
330
47
102
}
330
47
100
AcDbScale
 70
     0
300
1/32" = 1'-0"
140
0.03125
141
12.0
290
     0
  0
SCALE
  5
4C
102
{ACAD_REACTORS
330
47
102
}
330
47
100
AcDbScale
 70
     0
300
1/16" = 1'-0"
140
0.0625
141
12.0
290
     0
  0
SCALE
  5
4D
102
{ACAD_REACTORS
330
47
102
}
330
47
100
AcDbScale
 70
     0
300
3/32" = 1'-0"
140
0.09375
141
12.0
290
     0
  0
SCALE
  5
4E
102
{ACAD_REACTORS
330
47
102
}
330
47
100
AcDbScale
 70
     0
300
1/8" = 1'-0"
140
0.125
141
12.0
290
     0
  0
SCALE
  5
4F
102
{ACAD_REACTORS
330
47
102
}
330
47
100
AcDbScale
 70
     0
300
3/16" = 1'-0"
140
0.1875
141
12.0
290
     0
  0
SCALE
  5
50
102
{ACAD_REACTORS
330
47
102
}
330
47
100
AcDbScale
 70
     0
300
1/4" = 1'-0"
140
0.25
141
12.0
290
     0
  0
SCALE
  5
51
102
{ACAD_REACTORS
330
47
102
}
330
47
100
AcDbScale
 70
     0
300
3/8" = 1'-0"
140
0.375
141
12.0
290
     0
  0
SCALE
  5
52
102
{ACAD_REACTORS
330
47
102
}
330
47
100
AcDbScale
 70
     0
300
1/2" = 1'-0"
140
0.5
141
12.0
290
     0
  0
SCALE
  5
53
102
{ACAD_REACTORS
330
47
102
}
330
47
100
AcDbScale
 70
     0
300
3/4" = 1'-0"
140
0.75
141
12.0
290
     0
  0
SCALE
  5
54
102
{ACAD_REACTORS
330
47
102
}
330
47
100
AcDbScale
 70
     0
300
1" = 1'-0"
140
1.0
141
12.0
290
     0
  0
SCALE
  5
55
102
{ACAD_REACTORS
330
47
102
}
330
47
100
AcDbScale
 70
     0
300
1-1/2" = 1'-0"
140
1.5
141
12.0
290
     0
  0
SCALE
  5
56
102
{ACAD_REACTORS
330
47
102
}
330
47
100
AcDbScale
 70
     0
300
3" = 1'-0"
140
3.0
141
12.0
290
     0
  0
SCALE
  5
57
102
{ACAD_REACTORS
330
47
102
}
330
47
100
AcDbScale
 70
     0
300
6" = 1'-0"
140
6.0
141
12.0
290
     0
  0
SCALE
  5
58
102
{ACAD_REACTORS
330
47
102
}
330
47
100
AcDbScale
 70
     0
300
1'-0" = 1'-0"
140
12.0
141
12.0
290
     0
  0
ENDSEC
  0
EOF
