  0
SECTION
  2
HEADER
  9
$ACADVER
  1
AC1015
  9
$ACADMAINTVER
 70
     6
  9
$DWGCODEPAGE
  3
ANSI_1252
  9
$INSBASE
 10
0.0
 20
0.0
 30
0.0
  9
$EXTMIN
 10
-11.9446777104
 20
-8.47297213
 30
0.0
  9
$EXTMAX
 10
11.8842390555
 20
4.4262907249
 30
0.0
  9
$LIMMIN
 10
0.0
 20
0.0
  9
$LIMMAX
 10
12.0
 20
9.0
  9
$ORTHOMODE
 70
     0
  9
$REGENMODE
 70
     1
  9
$FILLMODE
 70
     1
  9
$QTEXTMODE
 70
     0
  9
$MIRRTEXT
 70
     1
  9
$LTSCALE
 40
1.0
  9
$ATTMODE
 70
     1
  9
$TEXTSIZE
 40
0.1377952756
  9
$TRACEWID
 40
0.05
  9
$TEXTSTYLE
  7
Standard
  9
$CLAYER
  8
0
  9
$CELTYPE
  6
ByLayer
  9
$CECOLOR
 62
   256
  9
$CELTSCALE
 40
1.0
  9
$DISPSILH
 70
     0
  9
$DIMSCALE
 40
1.0
  9
$DIMASZ
 40
0.13
  9
$DIMEXO
 40
0.0
  9
$DIMDLI
 40
0.38
  9
$DIMRND
 40
0.0
  9
$DIMDLE
 40
0.0
  9
$DIMEXE
 40
0.125
  9
$DIMTP
 40
0.0
  9
$DIMTM
 40
0.0
  9
$DIMTXT
 40
0.1377952756
  9
$DIMCEN
 40
0.09
  9
$DIMTSZ
 40
0.0
  9
$DIMTOL
 70
     0
  9
$DIMLIM
 70
     0
  9
$DIMTIH
 70
     1
  9
$DIMTOH
 70
     1
  9
$DIMSE1
 70
     0
  9
$DIMSE2
 70
     0
  9
$DIMTAD
 70
     1
  9
$DIMZIN
 70
     1
  9
$DIMBLK
  1

  9
$DIMASO
 70
     1
  9
$DIMSHO
 70
     1
  9
$DIMPOST
  1

  9
$DIMAPOST
  1

  9
$DIMALT
 70
     0
  9
$DIMALTD
 70
     2
  9
$DIMALTF
 40
25.4
  9
$DIMLFAC
 40
1.0
  9
$DIMTOFL
 70
     0
  9
$DIMTVP
 40
0.0
  9
$DIMTIX
 70
     0
  9
$DIMSOXD
 70
     0
  9
$DIMSAH
 70
     0
  9
$DIMBLK1
  1

  9
$DIMBLK2
  1

  9
$DIMSTYLE
  2
Standard
  9
$DIMCLRD
 70
     0
  9
$DIMCLRE
 70
     0
  9
$DIMCLRT
 70
     0
  9
$DIMTFAC
 40
1.0
  9
$DIMGAP
 40
0.06
  9
$DIMJUST
 70
     0
  9
$DIMSD1
 70
     0
  9
$DIMSD2
 70
     0
  9
$DIMTOLJ
 70
     1
  9
$DIMTZIN
 70
     1
  9
$DIMALTZ
 70
     0
  9
$DIMALTTZ
 70
     0
  9
$DIMUPT
 70
     0
  9
$DIMDEC
 70
     2
  9
$DIMTDEC
 70
     2
  9
$DIMALTU
 70
     2
  9
$DIMALTTD
 70
     2
  9
$DIMTXSTY
  7
Standard
  9
$DIMAUNIT
 70
     0
  9
$DIMADEC
 70
     2
  9
$DIMALTRND
 40
0.0
  9
$DIMAZIN
 70
     0
  9
$DIMDSEP
 70
    46
  9
$DIMATFIT
 70
     3
  9
$DIMFRAC
 70
     0
  9
$DIMLDRBLK
  1

  9
$DIMLUNIT
 70
     2
  9
$DIMLWD
 70
    -2
  9
$DIMLWE
 70
    -2
  9
$DIMTMOVE
 70
     0
  9
$LUNITS
 70
     2
  9
$LUPREC
 70
     2
  9
$SKETCHINC
 40
0.1
  9
$FILLETRAD
 40
0.0
  9
$AUNITS
 70
     0
  9
$AUPREC
 70
     2
  9
$MENU
  1
.
  9
$ELEVATION
 40
0.0
  9
$PELEVATION
 40
0.0
  9
$THICKNESS
 40
0.0
  9
$LIMCHECK
 70
     0
  9
$CHAMFERA
 40
0.0
  9
$CHAMFERB
 40
0.0
  9
$CHAMFERC
 40
0.0
  9
$CHAMFERD
 40
0.0
  9
$SKPOLY
 70
     0
  9
$TDCREATE
 40
2461306.616971505
  9
$TDUCREATE
 40
2461306.908638172
  9
$TDUPDATE
 40
2461306.617407223
  9
$TDUUPDATE
 40
2461306.909073889
  9
$TDINDWG
 40
0.0000000116
  9
$TDUSRTIMER
 40
0.0000000116
  9
$USRTIMER
 70
     1
  9
$ANGBASE
 50
0.0
  9
$ANGDIR
 70
     0
  9
$PDMODE
 70
     0
  9
$PDSIZE
 40
-1.0
  9
$PLINEWID
 40
0.0
  9
$SPLFRAME
 70
     0
  9
$SPLINETYPE
 70
     6
  9
$SPLINESEGS
 70
     8
  9
$HANDSEED
  5
D5F
  9
$SURFTAB1
 70
     6
  9
$SURFTAB2
 70
     6
  9
$SURFTYPE
 70
     6
  9
$SURFU
 70
     6
  9
$SURFV
 70
     6
  9
$UCSBASE
  2

  9
$UCSNAME
  2

  9
$UCSORG
 10
0.0
 20
0.0
 30
0.0
  9
$UCSXDIR
 10
1.0
 20
0.0
 30
0.0
  9
$UCSYDIR
 10
0.0
 20
1.0
 30
0.0
  9
$UCSORTHOREF
  2

  9
$UCSORTHOVIEW
 70
     0
  9
$UCSORGTOP
 10
0.0
 20
0.0
 30
0.0
  9
$UCSORGBOTTOM
 10
0.0
 20
0.0
 30
0.0
  9
$UCSORGLEFT
 10
0.0
 20
0.0
 30
0.0
  9
$UCSORGRIGHT
 10
0.0
 20
0.0
 30
0.0
  9
$UCSORGFRONT
 10
0.0
 20
0.0
 30
0.0
  9
$UCSORGBACK
 10
0.0
 20
0.0
 30
0.0
  9
$PUCSBASE
  2

  9
$PUCSNAME
  2

  9
$PUCSORG
 10
0.0
 20
0.0
 30
0.0
  9
$PUCSXDIR
 10
1.0
 20
0.0
 30
0.0
  9
$PUCSYDIR
 10
0.0
 20
1.0
 30
0.0
  9
$PUCSORTHOREF
  2

  9
$PUCSORTHOVIEW
 70
     0
  9
$PUCSORGTOP
 10
0.0
 20
0.0
 30
0.0
  9
$PUCSORGBOTTOM
 10
0.0
 20
0.0
 30
0.0
  9
$PUCSORGLEFT
 10
0.0
 20
0.0
 30
0.0
  9
$PUCSORGRIGHT
 10
0.0
 20
0.0
 30
0.0
  9
$PUCSORGFRONT
 10
0.0
 20
0.0
 30
0.0
  9
$PUCSORGBACK
 10
0.0
 20
0.0
 30
0.0
  9
$USERI1
 70
     0
  9
$USERI2
 70
     0
  9
$USERI3
 70
     0
  9
$USERI4
 70
     0
  9
$USERI5
 70
     0
  9
$USERR1
 40
0.0
  9
$USERR2
 40
0.0
  9
$USERR3
 40
0.0
  9
$USERR4
 40
0.0
  9
$USERR5
 40
0.0
  9
$WORLDVIEW
 70
     1
  9
$SHADEDGE
 70
     3
  9
$SHADEDIF
 70
    70
  9
$TILEMODE
 70
     1
  9
$MAXACTVP
 70
    64
  9
$PINSBASE
 10
0.0
 20
0.0
 30
0.0
  9
$PLIMCHECK
 70
     0
  9
$PEXTMIN
 10
-11.9446777104
 20
-8.47297213
 30
0.0
  9
$PEXTMAX
 10
11.8842390555
 20
4.4262907249
 30
0.0
  9
$PLIMMIN
 10
-12.5120337862
 20
-9.0403273124
  9
$PLIMMAX
 10
12.4515942378
 20
10.249748888
  9
$UNITMODE
 70
     0
  9
$VISRETAIN
 70
     1
  9
$PLINEGEN
 70
     0
  9
$PSLTSCALE
 70
     1
  9
$TREEDEPTH
 70
  3020
  9
$CMLSTYLE
  2
Standard
  9
$CMLJUST
 70
     0
  9
$CMLSCALE
 40
1.0
  9
$PROXYGRAPHICS
 70
     1
  9
$MEASUREMENT
 70
     0
  9
$CELWEIGHT
370
    -1
  9
$ENDCAPS
280
     0
  9
$JOINSTYLE
280
     0
  9
$LWDISPLAY
290
     1
  9
$INSUNITS
 70
     1
  9
$HYPERLINKBASE
  1

  9
$STYLESHEET
  1

  9
$XEDIT
290
     1
  9
$CEPSNTYPE
380
     0
  9
$PSTYLEMODE
290
     1
  9
$FINGERPRINTGUID
  2
{beb58dab-b974-4667-ad3e-df520472cd27}
  9
$VERSIONGUID
  2
{FAEB1C32-E019-11D5-929B-00C0DF256EC4}
  9
$EXTNAMES
290
     1
  9
$PSVPSCALE
 40
0.0
  9
$OLESTARTUP
290
     0
  0
ENDSEC
  0
SECTION
  2
CLASSES
  0
CLASS
  1
ACDBDICTIONARYWDFLT
  2
AcDbDictionaryWithDefault
  3
ObjectDBX Classes
 90
        0
280
     0
281
     0
  0
CLASS
  1
VISUALSTYLE
  2
AcDbVisualStyle
  3
ObjectDBX Classes
 90
     4095
280
     0
281
     0
  0
CLASS
  1
MATERIAL
  2
AcDbMaterial
  3
ObjectDBX Classes
 90
     1153
280
     0
281
     0
  0
CLASS
  1
SCALE
  2
AcDbScale
  3
ObjectDBX Classes
 90
     1153
280
     0
281
     0
  0
CLASS
  1
TABLESTYLE
  2
AcDbTableStyle
  3
ObjectDBX Classes
 90
     4095
280
     0
281
     0
  0
CLASS
  1
MLEADERSTYLE
  2
AcDbMLeaderStyle
  3
ACDB_MLEADERSTYLE_CLASS
 90
     4095
280
     0
281
     0
  0
CLASS
  1
SUN
  2
AcDbSun
  3
SCENEOE
 90
     1153
280
     0
281
     0
  0
CLASS
  1
ACDBPLACEHOLDER
  2
AcDbPlaceHolder
  3
ObjectDBX Classes
 90
        0
280
     0
281
     0
  0
CLASS
  1
LAYOUT
  2
AcDbLayout
  3
ObjectDBX Classes
 90
        0
280
     0
281
     0
  0
ENDSEC
  0
SECTION
  2
TABLES
  0
TABLE
  2
VPORT
  5
8
330
0
100
AcDbSymbolTable
 70
     1
  0
VPORT
  5
29
330
8
100
AcDbSymbolTableRecord
100
AcDbViewportTableRecord
  2
*Active
 70
     0
 10
0.0
 20
0.0
 11
1.0
 21
1.0
 12
-0.0302193275
 22
-2.0233407026
 13
0.0
 23
0.0
 14
0.5
 24
0.5
 15
0.5
 25
0.5
 16
0.0
 26
0.0
 36
1.0
 17
0.0
 27
0.0
 37
0.0
 40
13.157248112
 41
1.8473084109
 42
50.0
 43
0.0
 44
0.0
 50
0.0
 51
0.0
 71
     0
 72
   100
 73
     1
 74
     3
 75
     0
 76
     0
 77
     0
 78
     0
281
     0
 65
     1
110
0.0
120
0.0
130
0.0
111
1.0
121
0.0
131
0.0
112
0.0
122
1.0
132
0.0
 79
     0
146
0.0
  0
ENDTAB
  0
TABLE
  2
LTYPE
  5
5
330
0
100
AcDbSymbolTable
 70
     6
  0
LTYPE
  5
14
330
5
100
AcDbSymbolTableRecord
100
AcDbLinetypeTableRecord
  2
ByBlock
 70
     0
  3

 72
    65
 73
     0
 40
0.0
  0
LTYPE
  5
15
330
5
100
AcDbSymbolTableRecord
100
AcDbLinetypeTableRecord
  2
ByLayer
 70
     0
  3

 72
    65
 73
     0
 40
0.0
  0
LTYPE
  5
16
330
5
100
AcDbSymbolTableRecord
100
AcDbLinetypeTableRecord
  2
Continuous
 70
     0
  3
Solid line
 72
    65
 73
     0
 40
0.0
  0
LTYPE
  5
5E
330
5
100
AcDbSymbolTableRecord
100
AcDbLinetypeTableRecord
  2
HIDDEN
 70
     0
  3
Hidden __ __ __ __ __ __ __ __ __ __ __ __ __ __
 72
    65
 73
     2
 40
0.075
 49
0.05
 74
     0
 49
-0.025
 74
     0
  0
LTYPE
  5
5F
330
5
100
AcDbSymbolTableRecord
100
AcDbLinetypeTableRecord
  2
PHANTOM
 70
     0
  3
Phantom ______  __  __  ______  __  __  ______
 72
    65
 73
     6
 40
0.5
 49
0.25
 74
     0
 49
-0.05
 74
     0
 49
0.05
 74
     0
 49
-0.05
 74
     0
 49
0.05
 74
     0
 49
-0.05
 74
     0
  0
LTYPE
  5
60
330
5
100
AcDbSymbolTableRecord
100
AcDbLinetypeTableRecord
  2
CENTER
 70
     0
  3
Center ____ _ ____ _ ____ _ ____ _ ____ _ ____
 72
    65
 73
     4
 40
0.4
 49
0.25
 74
     0
 49
-0.05
 74
     0
 49
0.05
 74
     0
 49
-0.05
 74
     0
  0
LTYPE
  5
61
330
5
100
AcDbSymbolTableRecord
100
AcDbLinetypeTableRecord
  2
CENTERX2
 70
     0
  3
Center (2x) ________  __  ________  __  _____
 72
    65
 73
     4
 40
0.8
 49
0.5
 74
     0
 49
-0.1
 74
     0
 49
0.1
 74
     0
 49
-0.1
 74
     0
  0
LTYPE
  5
62
330
5
100
AcDbSymbolTableRecord
100
AcDbLinetypeTableRecord
  2
DOT2
 70
     0
  3
Dot (.5x) ........................................
 72
    65
 73
     2
 40
0.025
 49
0.0
 74
     0
 49
-0.025
 74
     0
  0
ENDTAB
  0
TABLE
  2
LAYER
  5
2
330
0
100
AcDbSymbolTable
 70
     1
  0
LAYER
  5
10
330
2
100
AcDbSymbolTableRecord
100
AcDbLayerTableRecord
  2
0
 70
     0
 62
     7
  6
Continuous
370
    -3
390
F
  0
ENDTAB
  0
TABLE
  2
STYLE
  5
3
330
0
100
AcDbSymbolTable
 70
     2
  0
STYLE
  5
11
330
3
100
AcDbSymbolTableRecord
100
AcDbTextStyleTableRecord
  2
Standard
 70
     0
 40
0.0
 41
1.0
 50
0.0
 71
     0
 42
0.1377952756
  3
txt
  4

  0
STYLE
  5
D59
330
3
100
AcDbSymbolTableRecord
100
AcDbTextStyleTableRecord
  2
SLDTEXTSTYLE0
 70
     0
 40
0.0
 41
0.7
 50
0.0
 71
     0
 42
0.1377952756
  3
TXT
  4

  0
ENDTAB
  0
TABLE
  2
VIEW
  5
6
330
0
100
AcDbSymbolTable
 70
     0
  0
ENDTAB
  0
TABLE
  2
UCS
  5
7
330
0
100
AcDbSymbolTable
 70
     0
  0
ENDTAB
  0
TABLE
  2
APPID
  5
9
330
0
100
AcDbSymbolTable
 70
     1
  0
APPID
  5
12
330
9
100
AcDbSymbolTableRecord
100
AcDbRegAppTableRecord
  2
ACAD
 70
     0
  0
ENDTAB
  0
TABLE
  2
DIMSTYLE
  5
A
330
0
100
AcDbSymbolTable
 70
     1
100
AcDbDimStyleTable
  0
DIMSTYLE
105
27
330
A
100
AcDbSymbolTableRecord
100
AcDbDimStyleTableRecord
  2
Standard
 70
     0
178
     0
340
11
  0
ENDTAB
  0
TABLE
  2
BLOCK_RECORD
  5
1
330
0
100
AcDbSymbolTable
 70
     1
  0
BLOCK_RECORD
  5
1F
330
1
100
AcDbSymbolTableRecord
100
AcDbBlockTableRecord
  2
*Model_Space
340
22
  0
BLOCK_RECORD
  5
1B
330
1
100
AcDbSymbolTableRecord
100
AcDbBlockTableRecord
  2
*Paper_Space
340
1E
  0
BLOCK_RECORD
  5
23
330
1
100
AcDbSymbolTableRecord
100
AcDbBlockTableRecord
  2
*Paper_Space0
340
26
  0
ENDTAB
  0
ENDSEC
  0
SECTION
  2
BLOCKS
  0
BLOCK
  5
20
330
1F
100
AcDbEntity
  8
0
100
AcDbBlockBegin
  2
*Model_Space
 70
     0
 10
0.0
 20
0.0
 30
0.0
  3
*Model_Space
  1

  0
ENDBLK
  5
21
330
1F
100
AcDbEntity
  8
0
100
AcDbBlockEnd
  0
BLOCK
  5
1C
330
1B
100
AcDbEntity
 67
     1
  8
0
100
AcDbBlockBegin
  2
*Paper_Space
 70
     0
 10
0.0
 20
0.0
 30
0.0
  3
*Paper_Space
  1

  0
ENDBLK
  5
1D
330
1B
100
AcDbEntity
 67
     1
  8
0
100
AcDbBlockEnd
  0
BLOCK
  5
24
330
23
100
AcDbEntity
  8
0
100
AcDbBlockBegin
  2
*Paper_Space0
 70
     0
 10
0.0
 20
0.0
 30
0.0
  3
*Paper_Space0
  1

  0
ENDBLK
  5
25
330
23
100
AcDbEntity
  8
0
100
AcDbBlockEnd
  0
ENDSEC
  0
SECTION
  2
ENTITIES
  0
CIRCLE
  5
6A
330
1F
100
AcDbEntity
  8
0
  6
Continuous
 62
     7
370
    25
100
AcDbCircle
 10
5.1535955593
 20
0.2896784423
 30
0.0
 40
0.4550000000000021
  0
CIRCLE
  5
6B
330
1F
100
AcDbEntity
  8
0
  6
Continuous
 62
     7
370
    25
100
AcDbCircle
 10
3.6508722303
 20
0.2619772524
 30
0.0
 40
0.4550000000000037
  0
CIRCLE
  5
82
330
1F
100
AcDbEntity
  8
0
  6
Continuous
 62
     7
370
    25
100
AcDbCircle
 10
8.0628772797
 20
-1.5254585369
 30
0.0
 40
0.1181102362204834
  0
CIRCLE
  5
83
330
1F
100
AcDbEntity
  8
0
  6
Continuous
 62
     7
370
    25
100
AcDbCircle
 10
7.6641319414
 20
-1.493801702
 30
0.0
 40
0.1181102362204656
  0
CIRCLE
  5
84
330
1F
100
AcDbEntity
  8
0
  6
Continuous
 62
     7
370
    25
100
AcDbCircle
 10
8.461622618
 20
-1.5571153718
 30
0.0
 40
0.1181102362204837
  0
CIRCLE
  5
85
330
1F
100
AcDbEntity
  8
0
  6
Continuous
 62
     7
370
    25
100
AcDbCircle
 10
7.2653866031
 20
-1.4621448671
 30
0.0
 40
0.118110236220466
  0
CIRCLE
  5
86
330
1F
100
AcDbEntity
  8
0
  6
Continuous
 62
     7
370
    25
100
AcDbCircle
 10
6.8666412648
 20
-1.4304880322
 30
0.0
 40
0.1181102362204657
  0
SPLINE
  5
88
330
1F
100
AcDbEntity
  8
0
  6
Continuous
 62
     7
370
    25
100
AcDbSpline
210
0.0
220
0.0
230
1.0
 70
     8
 71
     3
 72
     9
 73
     5
 74
     0
 42
0.00000001
 43
0.00000001
 40
0.0
 40
0.0
 40
0.0
 40
0.0
 40
0.5600095428437464
 40
1.0
 40
1.0
 40
1.0
 40
1.0
 10
4.150640601552015
 20
-0.273741666632444
 30
0.0
 10
4.475479656556316
 20
-0.2604399445491754
 30
0.0
 10
5.055539512955829
 20
-0.2366872741648065
 30
0.0
 10
5.635758329561734
 20
-0.2172189444370707
 30
0.0
 10
5.891049071930826
 20
-0.2086530651400955
 30
0.0
  0
SPLINE
  5
8E
330
1F
100
AcDbEntity
  8
0
  6
Continuous
 62
     7
370
    25
100
AcDbSpline
210
0.0
220
0.0
230
1.0
 70
     8
 71
     3
 72
     9
 73
     5
 74
     0
 42
0.00000001
 43
0.00000001
 40
0.0
 40
0.0
 40
0.0
 40
0.0
 40
0.5600254466929885
 40
1.0
 40
1.0
 40
1.0
 40
1.0
 10
1.191868916035363
 20
-0.3319237276714165
 30
0.0
 10
1.443781804571209
 20
-0.3363534330922358
 30
0.0
 10
1.893605808147152
 20
-0.3442632619169387
 30
0.0
 10
2.343425981805487
 20
-0.3367473594223724
 30
0.0
 10
2.541335411779295
 20
-0.3334405535796264
 30
0.0
  0
SPLINE
  5
8F
330
1F
100
AcDbEntity
  8
0
  6
Continuous
 62
     7
370
    25
100
AcDbSpline
210
0.0
220
0.0
230
1.0
 70
     8
 71
     3
 72
    15
 73
    11
 74
     0
 42
0.00000001
 43
0.00000001
 40
0.0
 40
0.0
 40
0.0
 40
0.0
 40
0.2493506067843115
 40
0.3130204017095173
 40
0.3756083666696701
 40
0.4372454478611678
 40
0.5011722410328536
 40
0.6246132795294315
 40
0.7504519728929705
 40
1.0
 40
1.0
 40
1.0
 40
1.0
 10
1.191868916035363
 20
-0.3319237276714165
 30
0.0
 10
1.146055788120249
 20
-0.3310644930386751
 30
0.0
 10
1.088544623866445
 20
-0.3299858593294088
 30
0.0
 10
1.021357311649532
 20
-0.3161560089424224
 30
0.0
 10
0.9886029663492507
 20
-0.3032173245625555
 30
0.0
 10
0.9657775925796798
 20
-0.2759871497531705
 30
0.0
 10
0.9474736783161737
 20
-0.2341719382189834
 30
0.0
 10
0.941731636460378
 20
-0.1743614416159386
 30
0.0
 10
0.9817623722795715
 20
-0.0899794620928872
 30
0.0
 10
1.023621445331499
 20
-0.0357210746380595
 30
0.0
 10
1.05144834630323
 20
0.0003485911359132
 30
0.0
  0
SPLINE
  5
90
330
1F
100
AcDbEntity
  8
0
  6
Continuous
 62
     7
370
    25
100
AcDbSpline
210
0.0
220
0.0
230
1.0
 70
     8
 71
     3
 72
    30
 73
    26
 74
     0
 42
0.00000001
 43
0.00000001
 40
0.0
 40
0.0
 40
0.0
 40
0.0
 40
0.0199852284469485
 40
0.0399909945833401
 40
0.0599918104368588
 40
0.0800359715673084
 40
0.1000540317088945
 40
0.1200488676977025
 40
0.1400385570815869
 40
0.1767147924726687
 40
0.2134054529627005
 40
0.2500636414427648
 40
0.312550329910131
 40
0.3750555749010137
 40
0.4375288821493116
 40
0.500032663059192
 40
0.5933607559114138
 40
0.6866890396101889
 40
0.7799683617885705
 40
0.8166215652424325
 40
0.8533036665723422
 40
0.8900234411976627
 40
0.9267225213551111
 40
0.9633496652920407
 40
1.0
 40
1.0
 40
1.0
 40
1.0
 10
1.05144834630323
 20
0.0003485911359132
 30
0.0
 10
1.100408843387464
 20
0.0543828736222861
 30
0.0
 10
1.198380151490885
 20
0.1625069665724045
 30
0.0
 10
1.378752027765736
 20
0.2881831181391825
 30
0.0
 10
1.572574729445829
 20
0.3895207286289378
 30
0.0
 10
1.775332580733974
 20
0.4716713825663905
 30
0.0
 10
1.981864023390985
 20
0.5431802269346702
 30
0.0
 10
2.191695928621015
 20
0.6037788073635936
 30
0.0
 10
2.463148459870291
 20
0.6682338931417853
 30
0.0
 10
2.79785967699946
 20
0.7272891599403006
 30
0.0
 10
3.194749454081665
 20
0.779797896479513
 30
0.0
 10
3.686636340879542
 20
0.8287723866144041
 30
0.0
 10
4.274684644933839
 20
0.8534982523109419
 30
0.0
 10
4.957003689898108
 20
0.8430950780784437
 30
0.0
 10
5.63755860929325
 20
0.7912283097639988
 30
0.0
 10
6.425452187728658
 20
0.6900727792923019
 30
0.0
 10
7.323355619576293
 20
0.5658349759203519
 30
0.0
 10
8.330503494960077
 20
0.4134832330730732
 30
0.0
 10
9.128885268645012
 20
0.2630738276128518
 30
0.0
 10
9.722803390117358
 20
0.141785846843652
 30
0.0
 10
10.11493844306337
 20
0.0608457360552772
 30
0.0
 10
10.50781376884129
 20
-0.0174241163173376
 30
0.0
 10
10.89922595605126
 20
-0.1013769633177069
 30
0.0
 10
11.2875074310865
 20
-0.200088886462343
 30
0.0
 10
11.53796153346247
 20
-0.2919384002415689
 30
0.0
 10
11.66322821636165
 20
-0.3378776913447125
 30
0.0
  0
SPLINE
  5
92
330
1F
100
AcDbEntity
  8
0
  6
Continuous
 62
     7
370
    25
100
AcDbSpline
210
0.0
220
0.0
230
1.0
 70
     8
 71
     3
 72
    11
 73
     7
 74
     0
 42
0.00000001
 43
0.00000001
 40
0.0
 40
0.0
 40
0.0
 40
0.0
 40
0.2800134148414437
 40
0.5600083365744009
 40
0.78000130871743
 40
1.0
 40
1.0
 40
1.0
 40
1.0
 10
9.565167242912647
 20
-0.2525898599866548
 30
0.0
 10
9.75927283351372
 20
-0.2621127848160349
 30
0.0
 10
10.14747119527381
 20
-0.2811580055460629
 30
0.0
 10
10.68703416858323
 20
-0.324600848545539
 30
0.0
 10
11.18446968818908
 20
-0.3743207371807613
 30
0.0
 10
11.48988479680721
 20
-0.3803879188699498
 30
0.0
 10
11.64259433605346
 20
-0.3834215491460394
 30
0.0
  0
CIRCLE
  5
99
330
1F
100
AcDbEntity
  8
0
  6
Continuous
 62
     7
370
    25
100
AcDbCircle
 10
3.3526979712
 20
-1.1515121745
 30
0.0
 40
0.1181102362204844
  0
CIRCLE
  5
B5
330
1F
100
AcDbEntity
  8
0
  6
Continuous
 62
     7
370
    25
100
AcDbCircle
 10
7.6155421924
 20
-2.6114344972
 30
0.0
 40
0.4549999999999872
  0
CIRCLE
  5
B6
330
1F
100
AcDbEntity
  8
0
  6
Continuous
 62
     7
370
    25
100
AcDbCircle
 10
9.1182655214
 20
-2.5837333073
 30
0.0
 40
0.4550000000000042
  0
SPLINE
  5
D0
330
1F
100
AcDbEntity
  8
0
  6
Continuous
 62
     7
370
    25
100
AcDbSpline
210
0.0
220
0.0
230
1.0
 70
     8
 71
     3
 72
     9
 73
     5
 74
     0
 42
0.00000001
 43
0.00000001
 40
0.0
 40
0.0
 40
0.0
 40
0.0
 40
0.5600254466929885
 40
1.0
 40
1.0
 40
1.0
 40
1.0
 10
11.57726883563525
 20
-1.989832327233952
 30
0.0
 10
11.3253559470994
 20
-1.985402621813132
 30
0.0
 10
10.87553194352346
 20
-1.977492792988429
 30
0.0
 10
10.42571176986513
 20
-1.985008695482996
 30
0.0
 10
10.22780233989132
 20
-1.988315501325742
 30
0.0
  0
SPLINE
  5
E6
330
1F
100
AcDbEntity
  8
0
  6
Continuous
 62
     7
370
    25
100
AcDbSpline
210
0.0
220
0.0
230
1.0
 70
     8
 71
     3
 72
     9
 73
     5
 74
     0
 42
0.00000001
 43
0.00000001
 40
0.0
 40
0.0
 40
0.0
 40
0.0
 40
0.560009542843742
 40
1.0
 40
1.0
 40
1.0
 40
1.0
 10
8.61849715011858
 20
-2.048014388272906
 30
0.0
 10
8.293658095114283
 20
-2.061316110356176
 30
0.0
 10
7.713598238714779
 20
-2.085068780740547
 30
0.0
 10
7.13337942210888
 20
-2.104537110468275
 30
0.0
 10
6.878088679739786
 20
-2.113102989765247
 30
0.0
  0
SPLINE
  5
E8
330
1F
100
AcDbEntity
  8
0
  6
Continuous
 62
     7
370
    25
100
AcDbSpline
210
0.0
220
0.0
230
1.0
 70
     8
 71
     3
 72
    11
 73
     7
 74
     0
 42
0.00000001
 43
0.00000001
 40
0.0
 40
0.0
 40
0.0
 40
0.0
 40
0.2800134148414293
 40
0.5600083365743972
 40
0.7800013087174281
 40
0.9999999999999999
 40
0.9999999999999999
 40
0.9999999999999999
 40
0.9999999999999999
 10
3.203970508757946
 20
-2.069166194918669
 30
0.0
 10
3.009864918156886
 20
-2.059643270089286
 30
0.0
 10
2.6216665563968
 20
-2.040598049359251
 30
0.0
 10
2.082103583087382
 20
-1.997155206359766
 30
0.0
 10
1.584668063481538
 20
-1.947435317724548
 30
0.0
 10
1.279252954863399
 20
-1.941368136035352
 30
0.0
 10
1.126543415617149
 20
-1.938334505759259
 30
0.0
  0
CIRCLE
  5
EB
330
1F
100
AcDbEntity
  8
0
  6
Continuous
 62
     7
370
    25
100
AcDbCircle
 10
4.3075151337
 20
-0.7646406831
 30
0.0
 40
0.1181102362204838
  0
CIRCLE
  5
EC
330
1F
100
AcDbEntity
  8
0
  6
Continuous
 62
     7
370
    25
100
AcDbCircle
 10
4.706260472
 20
-0.796297518
 30
0.0
 40
0.1181102362204843
  0
SPLINE
  5
ED
330
1F
100
AcDbEntity
  8
0
  6
Continuous
 62
     7
370
    25
100
AcDbSpline
210
0.0
220
0.0
230
1.0
 70
     8
 71
     3
 72
    30
 73
    26
 74
     0
 42
0.00000001
 43
0.00000001
 40
0.0
 40
0.0
 40
0.0
 40
0.0
 40
0.0199852284469485
 40
0.0399909945833397
 40
0.0599918104368584
 40
0.080035971567308
 40
0.1000540317088957
 40
0.1200488676977022
 40
0.1400385570815881
 40
0.1767147924726699
 40
0.2134054529627018
 40
0.250063641442766
 40
0.3125503299101324
 40
0.3750555749010135
 40
0.4375288821493131
 40
0.5000326630591937
 40
0.5933607559114157
 40
0.686689039610191
 40
0.7799683617885714
 40
0.816621565242435
 40
0.8533036665723448
 40
0.890023441197664
 40
0.926722521355114
 40
0.9633496652920438
 40
1.0
 40
1.0
 40
1.0
 40
1.0
 10
11.71768940536738
 20
-2.32210464604129
 30
0.0
 10
11.66872890828315
 20
-2.376138928527663
 30
0.0
 10
11.57075760017973
 20
-2.484263021477783
 30
0.0
 10
11.39038572390487
 20
-2.60993917304455
 30
0.0
 10
11.19656302222479
 20
-2.711276783534306
 30
0.0
 10
10.99380517093663
 20
-2.793427437471762
 30
0.0
 10
10.78727372827962
 20
-2.864936281840031
 30
0.0
 10
10.57744182304959
 20
-2.925534862268968
 30
0.0
 10
10.30598929180031
 20
-2.989989948047149
 30
0.0
 10
9.971278074671135
 20
-3.049045214845663
 30
0.0
 10
9.574388297588936
 20
-3.101553951384879
 30
0.0
 10
9.08250141079105
 20
-3.150528441519755
 30
0.0
 10
8.494453106736765
 20
-3.175254307216299
 30
0.0
 10
7.81213406177249
 20
-3.164851132983794
 30
0.0
 10
7.13157914237735
 20
-3.11298436466934
 30
0.0
 10
6.343685563941937
 20
-3.011828834197646
 30
0.0
 10
5.445782132094299
 20
-2.887591030825683
 30
0.0
 10
4.438634256710526
 20
-2.735239287978402
 30
0.0
 10
3.64025248302559
 20
-2.584829882518162
 30
0.0
 10
3.046334361553242
 20
-2.463541901748969
 30
0.0
 10
2.654199308607236
 20
-2.382601790960599
 30
0.0
 10
2.261323982829309
 20
-2.30433193858796
 30
0.0
 10
1.869911795619338
 20
-2.220379091587606
 30
0.0
 10
1.48163032058411
 20
-2.121667168442958
 30
0.0
 10
1.231176218208149
 20
-2.029817654663729
 30
0.0
 10
1.105909535308978
 20
-1.983878363560586
 30
0.0
  0
CIRCLE
  5
EF
330
1F
100
AcDbEntity
  8
0
  6
Continuous
 62
     7
370
    25
100
AcDbCircle
 10
5.9024964868
 20
-0.8912680227
 30
0.0
 40
0.1181102362204648
  0
CIRCLE
  5
F2
330
1F
100
AcDbEntity
  8
0
  6
Continuous
 62
     7
370
    25
100
AcDbCircle
 10
5.1050058103
 20
-0.8279543529
 30
0.0
 40
0.1181102362204843
  0
CIRCLE
  5
F4
330
1F
100
AcDbEntity
  8
0
  6
Continuous
 62
     7
370
    25
100
AcDbCircle
 10
9.4164397805
 20
-1.1702438804
 30
0.0
 40
0.1181102362204822
  0
CIRCLE
  5
F6
330
1F
100
AcDbEntity
  8
0
  6
Continuous
 62
     7
370
    25
100
AcDbCircle
 10
5.5037511486
 20
-0.8596111878
 30
0.0
 40
0.118110236220483
  0
SPLINE
  5
F8
330
1F
100
AcDbEntity
  8
0
  6
Continuous
 62
     7
370
    25
100
AcDbSpline
210
0.0
220
0.0
230
1.0
 70
     8
 71
     3
 72
    15
 73
    11
 74
     0
 42
0.00000001
 43
0.00000001
 40
0.0
 40
0.0
 40
0.0
 40
0.0
 40
0.2493506067843119
 40
0.3130204017095176
 40
0.3756083666696479
 40
0.4372454478611549
 40
0.5011722410328406
 40
0.6246132795294205
 40
0.7504519728929709
 40
1.0
 40
1.0
 40
1.0
 40
1.0
 10
11.57726883563525
 20
-1.989832327233952
 30
0.0
 10
11.62308196355036
 20
-1.990691561866701
 30
0.0
 10
11.68059312780416
 20
-1.991770195575977
 30
0.0
 10
11.74778044002108
 20
-2.005600045962947
 30
0.0
 10
11.78053478532134
 20
-2.018538730342843
 30
0.0
 10
11.80336015909094
 20
-2.045768905152199
 30
0.0
 10
11.82166407335443
 20
-2.087584116686397
 30
0.0
 10
11.82740611521027
 20
-2.147394613289441
 30
0.0
 10
11.78737537939103
 20
-2.231776592812484
 30
0.0
 10
11.74551630633911
 20
-2.286034980267316
 30
0.0
 10
11.71768940536738
 20
-2.32210464604129
 30
0.0
  0
SPLINE
  5
FB
330
1F
100
AcDbEntity
  8
0
  6
Continuous
 62
     7
370
    25
100
AcDbSpline
210
0.0
220
0.0
230
1.0
 70
     8
 71
     3
 72
     9
 73
     5
 74
     0
 42
0.00000001
 43
0.00000001
 40
0.0
 40
0.0
 40
0.0
 40
0.0
 40
0.559352969539717
 40
1.0
 40
1.0
 40
1.0
 40
1.0
 10
-9.967883620168967
 20
-1.350612987039437
 30
0.0
 10
-10.06027303257708
 20
-1.347989640551244
 30
0.0
 10
-10.22544496772233
 20
-1.343299674409915
 30
0.0
 10
-10.39008286138306
 20
-1.356896881945085
 30
0.0
 10
-10.4626300603259
 20
-1.36288845106801
 30
0.0
  0
SPLINE
  5
FD
330
1F
100
AcDbEntity
  8
0
  6
Continuous
 62
     7
370
    25
100
AcDbSpline
210
0.0
220
0.0
230
1.0
 70
     8
 71
     3
 72
     9
 73
     5
 74
     0
 42
0.00000001
 43
0.00000001
 40
0.0
 40
0.0
 40
0.0
 40
0.0
 40
0.561282609612521
 40
0.9999999999999999
 40
0.9999999999999999
 40
0.9999999999999999
 40
0.9999999999999999
 10
-10.46207667824451
 20
-1.576550383843043
 30
0.0
 10
-10.37408911356086
 20
-1.585251114555496
 30
0.0
 10
-10.21732750510056
 20
-1.600752629413511
 30
0.0
 10
-10.06084456356607
 20
-1.618844356287068
 30
0.0
 10
-9.992192775815903
 20
-1.626781511488639
 30
0.0
  0
SPLINE
  5
FF
330
1F
100
AcDbEntity
  8
0
  6
Continuous
 62
     7
370
    25
100
AcDbSpline
210
0.0
220
0.0
230
1.0
 70
     8
 71
     3
 72
    34
 73
    30
 74
     0
 42
0.00000001
 43
0.00000001
 40
0.0
 40
0.0
 40
0.0
 40
0.0
 40
0.0831359464401089
 40
0.1662100711800243
 40
0.2486080245488513
 40
0.2775223250385647
 40
0.3062551618455384
 40
0.3344440845025254
 40
0.3614999860792649
 40
0.365827776760304
 40
0.3682269128550352
 40
0.368473724732448
 40
0.3686514691978135
 40
0.3691165149067471
 40
0.3716968402816511
 40
0.3756739209890353
 40
0.3806568780773111
 40
0.3856920532821106
 40
0.4076385847511244
 40
0.4302370023671689
 40
0.466861958058129
 40
0.5000556716072428
 40
0.5335968783008292
 40
0.5848235456948059
 40
0.6364255679148783
 40
0.6882341448256504
 40
0.7919740709630001
 40
0.8959079195521858
 40
0.9999999999999999
 40
0.9999999999999999
 40
0.9999999999999999
 40
0.9999999999999999
 10
-10.92371782855209
 20
-1.62055094470504
 30
0.0
 10
-10.79774464670663
 20
-1.626411709855353
 30
0.0
 10
-10.54589195941698
 20
-1.638128881963383
 30
0.0
 10
-10.17093309273753
 20
-1.678576146479615
 30
0.0
 10
-9.878281129342085
 20
-1.714932119511543
 30
0.0
 10
-9.666238883543787
 20
-1.72795839583832
 30
0.0
 10
-9.535866766476914
 20
-1.727580971937023
 30
0.0
 10
-9.40910309201971
 20
-1.715764653979356
 30
0.0
 10
-9.320093314032631
 20
-1.693954048761328
 30
0.0
 10
-9.274098345242042
 20
-1.671466178491888
 30
0.0
 10
-9.264736829037274
 20
-1.666433979377596
 30
0.0
 10
-9.261460587552724
 20
-1.663620852887714
 30
0.0
 10
-9.260755085331327
 20
-1.662451217340142
 30
0.0
 10
-9.25968542810473
 20
-1.657622331933396
 30
0.0
 10
-9.259469656411413
 20
-1.646966335148277
 30
0.0
 10
-9.258237989676736
 20
-1.629515179170667
 30
0.0
 10
-9.2604713787414
 20
-1.608125328724652
 30
0.0
 10
-9.279354529005985
 20
-1.563082243850295
 30
0.0
 10
-9.327582181015794
 20
-1.503470450474411
 30
0.0
 10
-9.423869384421538
 20
-1.426110465152792
 30
0.0
 10
-9.550930533568618
 20
-1.363738611885478
 30
0.0
 10
-9.701319566513872
 20
-1.318406094178405
 30
0.0
 10
-9.87789928843038
 20
-1.287562088373879
 30
0.0
 10
-10.0848118027366
 20
-1.275428582562455
 30
0.0
 10
-10.31938715762061
 20
-1.28238976323014
 30
0.0
 10
-10.6324820534586
 20
-1.309313446141412
 30
0.0
 10
-11.02207419711094
 20
-1.368048434352013
 30
0.0
 10
-11.48304725214957
 20
-1.474928403724596
 30
0.0
 10
-11.7857367738432
 20
-1.563964777862475
 30
0.0
 10
-11.937196652853
 20
-1.608516827034641
 30
0.0
  0
CIRCLE
  5
108
330
1F
100
AcDbEntity
  8
0
  6
Continuous
 62
     7
370
    25
100
AcDbCircle
 10
-9.7040216415
 20
-1.5222441438
 30
0.0
 40
0.0590551181102355
  0
CIRCLE
  5
109
330
1F
100
AcDbEntity
  8
0
  6
Continuous
 62
     7
370
    25
100
AcDbCircle
 10
-10.7027937923
 20
-1.472704354
 30
0.0
 40
0.0590551181102346
  0
SPLINE
  5
10B
330
1F
100
AcDbEntity
  8
0
  6
Continuous
 62
     7
370
    25
100
AcDbSpline
210
0.0
220
0.0
230
1.0
 70
     8
 71
     3
 72
     9
 73
     5
 74
     0
 42
0.00000001
 43
0.00000001
 40
0.0
 40
0.0
 40
0.0
 40
0.0
 40
0.5593529695396973
 40
1.0
 40
1.0
 40
1.0
 40
1.0
 10
-11.00584270636715
 20
-4.380510434058394
 30
0.0
 10
-10.91345329395903
 20
-4.383133780546589
 30
0.0
 10
-10.74828135881378
 20
-4.387823746687921
 30
0.0
 10
-10.58364346515305
 20
-4.37422653915275
 30
0.0
 10
-10.5110962662102
 20
-4.368234970029826
 30
0.0
  0
SPLINE
  5
10D
330
1F
100
AcDbEntity
  8
0
  6
Continuous
 62
     7
370
    25
100
AcDbSpline
210
0.0
220
0.0
230
1.0
 70
     8
 71
     3
 72
    34
 73
    30
 74
     0
 42
0.00000001
 43
0.00000001
 40
0.0
 40
0.0
 40
0.0
 40
0.0
 40
0.0831359464401053
 40
0.1662100711800251
 40
0.2486080245488448
 40
0.2775223250385659
 40
0.306255161845536
 40
0.3344440845025193
 40
0.3614999860792628
 40
0.3658277767603054
 40
0.3682269128550328
 40
0.3684737247324457
 40
0.368651469197814
 40
0.3691165149067474
 40
0.3716968402816495
 40
0.3756739209890338
 40
0.3806568780773115
 40
0.3856920532821087
 40
0.4076385847511241
 40
0.4302370023671681
 40
0.4668619580581314
 40
0.5000556716072421
 40
0.5335968783008282
 40
0.5848235456948053
 40
0.6364255679148779
 40
0.688234144825654
 40
0.7919740709630002
 40
0.8959079195521861
 40
1.0
 40
1.0
 40
1.0
 40
1.0
 10
-10.05000849798405
 20
-4.110572476392795
 30
0.0
 10
-10.1759816798295
 20
-4.104711711242485
 30
0.0
 10
-10.42783436711914
 20
-4.092994539134457
 30
0.0
 10
-10.80279323379859
 20
-4.052547274618219
 30
0.0
 10
-11.09544519719404
 20
-4.016191301586282
 30
0.0
 10
-11.30748744299233
 20
-4.003165025259505
 30
0.0
 10
-11.43785956005921
 20
-4.003542449160812
 30
0.0
 10
-11.5646232345164
 20
-4.015358767118468
 30
0.0
 10
-11.6536330125035
 20
-4.037169372336512
 30
0.0
 10
-11.69962798129408
 20
-4.05965724260594
 30
0.0
 10
-11.70898949749886
 20
-4.064689441720224
 30
0.0
 10
-11.7122657389834
 20
-4.067502568210118
 30
0.0
 10
-11.71297124120482
 20
-4.068672203757679
 30
0.0
 10
-11.71404089843133
 20
-4.073501089164463
 30
0.0
 10
-11.71425667012474
 20
-4.084157085949538
 30
0.0
 10
-11.7154883368594
 20
-4.101608241927169
 30
0.0
 10
-11.71325494779469
 20
-4.122998092373169
 30
0.0
 10
-11.69437179753017
 20
-4.16804117724755
 30
0.0
 10
-11.64614414552032
 20
-4.227652970623419
 30
0.0
 10
-11.54985694211458
 20
-4.305012955945045
 30
0.0
 10
-11.42279579296748
 20
-4.367384809212335
 30
0.0
 10
-11.27240676002224
 20
-4.412717326919434
 30
0.0
 10
-11.09582703810573
 20
-4.443561332723939
 30
0.0
 10
-10.88891452379952
 20
-4.455694838535385
 30
0.0
 10
-10.6543391689155
 20
-4.448733657867693
 30
0.0
 10
-10.34124427307751
 20
-4.421809974956426
 30
0.0
 10
-9.951652129425167
 20
-4.363074986745825
 30
0.0
 10
-9.490679074386552
 20
-4.256195017373247
 30
0.0
 10
-9.187989552692917
 20
-4.167158643235374
 30
0.0
 10
-9.036529673683122
 20
-4.122606594063211
 30
0.0
  0
CIRCLE
  5
110
330
1F
100
AcDbEntity
  8
0
  6
Continuous
 62
     7
370
    25
100
AcDbCircle
 10
-10.2709325342
 20
-4.2584190671
 30
0.0
 40
0.0590551181102194
  0
CIRCLE
  5
112
330
1F
100
AcDbEntity
  8
0
  6
Continuous
 62
     7
370
    25
100
AcDbCircle
 10
-11.269704685
 20
-4.2088792773
 30
0.0
 40
0.0590551181102505
  0
SPLINE
  5
116
330
1F
100
AcDbEntity
  8
0
  6
Continuous
 62
     7
370
    25
100
AcDbSpline
210
0.0
220
0.0
230
1.0
 70
     8
 71
     3
 72
     9
 73
     5
 74
     0
 42
0.00000001
 43
0.00000001
 40
0.0
 40
0.0
 40
0.0
 40
0.0
 40
0.5612826096125564
 40
1.0
 40
1.0
 40
1.0
 40
1.0
 10
-10.51164964829161
 20
-4.154573037254788
 30
0.0
 10
-10.59963721297526
 20
-4.145872306542339
 30
0.0
 10
-10.75639882143556
 20
-4.130370791684333
 30
0.0
 10
-10.91288176297005
 20
-4.112279064810769
 30
0.0
 10
-10.98153355072021
 20
-4.104341909609197
 30
0.0
  0
SPLINE
  5
11D
330
1F
100
AcDbEntity
  8
0
  6
Continuous
 62
     7
370
    25
100
AcDbSpline
210
0.0
220
0.0
230
1.0
 70
     8
 71
     3
 72
    13
 73
     9
 74
     0
 42
0.00000001
 43
0.00000001
 40
0.0
 40
0.0
 40
0.0
 40
0.0
 40
0.184766620786045
 40
0.3677999321390021
 40
0.5514491074757092
 40
0.6977232651493847
 40
0.8468992356958032
 40
0.9999999999999999
 40
0.9999999999999999
 40
0.9999999999999999
 40
0.9999999999999999
 10
-11.81752107220644
 20
-8.288857878941897
 30
0.0
 10
-11.67429253614344
 20
-8.329179873242524
 30
0.0
 10
-11.38917910158349
 20
-8.409445598211606
 30
0.0
 10
-10.94802281715101
 20
-8.46802091667391
 30
0.0
 10
-10.53474922117477
 20
-8.478751067245923
 30
0.0
 10
-10.1500490674265
 20
-8.449075703301482
 30
0.0
 10
-9.793012631364226
 20
-8.39287211835276
 30
0.0
 10
-9.557725105290261
 20
-8.33094572845127
 30
0.0
 10
-9.4385538429337
 20
-8.299580504034635
 30
0.0
  0
SPLINE
  5
11F
330
1F
100
AcDbEntity
  8
0
  6
Continuous
 62
     7
370
    25
100
AcDbSpline
210
0.0
220
0.0
230
1.0
 70
     8
 71
     3
 72
    15
 73
    11
 74
     0
 42
0.00000001
 43
0.00000001
 40
0.0
 40
0.0
 40
0.0
 40
0.0
 40
0.1118511213543173
 40
0.2194164314279941
 40
0.3253115798717982
 40
0.4316353996602917
 40
0.5399365425118237
 40
0.68644742499792
 40
0.8395486927966833
 40
1.0
 40
1.0
 40
1.0
 40
1.0
 10
-11.64795511481898
 20
-7.656029110737772
 30
0.0
 10
-11.55912329601334
 20
-7.684175269045675
 30
0.0
 10
-11.38486343662536
 20
-7.739389106328223
 30
0.0
 10
-11.11606639637385
 20
-7.779008720146107
 30
0.0
 10
-10.84979544249052
 20
-7.78863392957136
 30
0.0
 10
-10.5833349935694
 20
-7.770258105747829
 30
0.0
 10
-10.28608777221171
 20
-7.724913962685822
 30
0.0
 10
-9.954888567969434
 20
-7.649745671347632
 30
0.0
 10
-9.58601574354546
 20
-7.547496712926828
 30
0.0
 10
-9.335529980079626
 20
-7.474665366637694
 30
0.0
 10
-9.207351258588828
 20
-7.437396067486216
 30
0.0
  0
SPLINE
  5
120
330
1F
100
AcDbEntity
  8
0
  6
Continuous
 62
     7
370
    25
100
AcDbSpline
210
0.0
220
0.0
230
1.0
 70
     8
 71
     3
 72
    10
 73
     6
 74
     0
 42
0.00000001
 43
0.00000001
 40
0.0
 40
0.0
 40
0.0
 40
0.0
 40
0.3366770837131331
 40
0.6617269240353459
 40
1.0
 40
1.0
 40
1.0
 40
1.0
 10
-8.740815113074293
 20
-7.318796872452634
 30
0.0
 10
-8.792936457044195
 20
-7.333019965378618
 30
0.0
 10
-8.895379118841696
 20
-7.360974952478962
 30
0.0
 10
-9.050844659361461
 20
-7.400790483325318
 30
0.0
 10
-9.15449458270982
 20
-7.425029023299239
 30
0.0
 10
-9.207352666659062
 20
-7.437389888984036
 30
0.0
  0
SPLINE
  5
124
330
1F
100
AcDbEntity
  8
0
  6
Continuous
 62
     7
370
    25
100
AcDbSpline
210
0.0
220
0.0
230
1.0
 70
     8
 71
     3
 72
    16
 73
    12
 74
     0
 42
0.00000001
 43
0.00000001
 40
0.0
 40
0.0
 40
0.0
 40
0.0
 40
0.0882940649364759
 40
0.1755282414623863
 40
0.2637727404546952
 40
0.3861379464630822
 40
0.5074814688986067
 40
0.6278221989959406
 40
0.7488627502790065
 40
0.8738187985764895
 40
1.0
 40
1.0
 40
1.0
 40
1.0
 10
-5.928334293204633
 20
-6.834069334745345
 30
0.0
 10
-6.005465030232103
 20
-6.81656587300967
 30
0.0
 10
-6.158800621280836
 20
-6.781769062372651
 30
0.0
 10
-6.394847489772127
 20
-6.762392886371654
 30
0.0
 10
-6.66166732800879
 20
-6.770202507578358
 30
0.0
 10
-6.956422718054183
 20
-6.812177923608101
 30
0.0
 10
-7.273914123816524
 20
-6.886093242324218
 30
0.0
 10
-7.58619953495836
 20
-6.974804504385919
 30
0.0
 10
-7.900275244528225
 20
-7.068757842664265
 30
0.0
 10
-8.218609792942745
 20
-7.166701691569847
 30
0.0
 10
-8.434126652618197
 20
-7.230425785688618
 30
0.0
 10
-8.542410773397103
 20
-7.262443269213922
 30
0.0
  0
SPLINE
  5
128
330
1F
100
AcDbEntity
  8
0
  6
Continuous
 62
     7
370
    25
100
AcDbSpline
210
0.0
220
0.0
230
1.0
 70
     8
 71
     3
 72
    19
 73
    15
 74
     0
 42
0.00000001
 43
0.00000001
 40
0.0
 40
0.0
 40
0.0
 40
0.0
 40
0.0731065737329216
 40
0.1358948848777965
 40
0.1986540075874969
 40
0.2637754980433263
 40
0.3287801254472418
 40
0.4410299574171658
 40
0.5542052006648772
 40
0.6644953110645273
 40
0.7485013745687145
 40
0.8321121294620448
 40
0.9157902610316223
 40
1.0
 40
1.0
 40
1.0
 40
1.0
 10
-8.203284672417883
 20
-7.84982690628266
 30
0.0
 10
-8.153833213755563
 20
-7.831329045207183
 30
0.0
 10
-8.061909875828306
 20
-7.796944111363599
 30
0.0
 10
-7.927240488261529
 20
-7.747469602105748
 30
0.0
 10
-7.797624779959497
 20
-7.700972671030614
 30
0.0
 10
-7.665977520349974
 20
-7.655413340732748
 30
0.0
 10
-7.499600401269418
 20
-7.60098989411946
 30
0.0
 10
-7.298247066794813
 20
-7.541959337768334
 30
0.0
 10
-7.061996904004867
 20
-7.486740237311882
 30
0.0
 10
-6.842541899432729
 20
-7.451468029864334
 30
0.0
 10
-6.642396233940988
 20
-7.434176464396907
 30
0.0
 10
-6.460774092532987
 20
-7.432907045217627
 30
0.0
 10
-6.279224408268713
 20
-7.443843656185273
 30
0.0
 10
-6.159369021301845
 20
-7.462555665956232
 30
0.0
 10
-6.099251570183468
 20
-7.471941296099357
 30
0.0
  0
SPLINE
  5
12C
330
1F
100
AcDbEntity
  8
0
  6
Continuous
 62
     7
370
    25
100
AcDbSpline
210
0.0
220
0.0
230
1.0
 70
     8
 71
     3
 72
    13
 73
     9
 74
     0
 42
0.00000001
 43
0.00000001
 40
0.0
 40
0.0
 40
0.0
 40
0.0
 40
0.1296937078888864
 40
0.2547997244080437
 40
0.3802860895280825
 40
0.5152691938578886
 40
0.7512196583727343
 40
1.0
 40
1.0
 40
1.0
 40
1.0
 10
-9.438553842934022
 20
-8.299580504033646
 30
0.0
 10
-9.392876653592323
 20
-8.284584319932968
 30
0.0
 10
-9.303138026750293
 20
-8.25512241589597
 30
0.0
 10
-9.169889627061213
 20
-8.209106775555183
 30
0.0
 10
-9.03519965574204
 20
-8.161286355166665
 30
0.0
 10
-8.862291619042136
 20
-8.09831906116145
 30
0.0
 10
-8.647146282192622
 20
-8.017797324657673
 30
0.0
 10
-8.47914384463379
 20
-7.954074735655902
 30
0.0
 10
-8.392919277759766
 20
-7.921370134957206
 30
0.0
  0
SPLINE
  5
12D
330
1F
100
AcDbEntity
  8
0
  6
Continuous
 62
     7
370
    25
100
AcDbSpline
210
0.0
220
0.0
230
1.0
 70
     8
 71
     3
 72
    13
 73
     9
 74
     0
 42
0.00000001
 43
0.00000001
 40
0.0
 40
0.0
 40
0.0
 40
0.0
 40
0.1847666207860444
 40
0.3677999321390016
 40
0.5514491074757084
 40
0.6977232651493823
 40
0.8468992356958003
 40
0.9999999999999999
 40
0.9999999999999999
 40
0.9999999999999999
 40
0.9999999999999999
 10
-5.653020094882876
 20
-6.475957302628869
 30
0.0
 10
-5.509791558819865
 20
-6.516279296929492
 30
0.0
 10
-5.22467812425992
 20
-6.596545021898574
 30
0.0
 10
-4.783521839827437
 20
-6.655120340360858
 30
0.0
 10
-4.370248243851195
 20
-6.665850490932887
 30
0.0
 10
-3.985548090102919
 20
-6.636175126988452
 30
0.0
 10
-3.62851165404065
 20
-6.579971542039736
 30
0.0
 10
-3.393224127966687
 20
-6.518045152138232
 30
0.0
 10
-3.274052865610124
 20
-6.486679927721589
 30
0.0
  0
SPLINE
  5
12F
330
1F
100
AcDbEntity
  8
0
  6
Continuous
 62
     7
370
    25
100
AcDbSpline
210
0.0
220
0.0
230
1.0
 70
     8
 71
     3
 72
    15
 73
    11
 74
     0
 42
0.00000001
 43
0.00000001
 40
0.0
 40
0.0
 40
0.0
 40
0.0
 40
0.1118511213543189
 40
0.2194164314279975
 40
0.3253115798718018
 40
0.4316353996602942
 40
0.539936542511827
 40
0.6864474249979259
 40
0.8395486927966879
 40
1.0
 40
1.0
 40
1.0
 40
1.0
 10
-5.483454137495403
 20
-5.843128534424736
 30
0.0
 10
-5.394622318689763
 20
-5.871274692732642
 30
0.0
 10
-5.22036245930178
 20
-5.926488530015196
 30
0.0
 10
-4.951565419050269
 20
-5.966108143833074
 30
0.0
 10
-4.68529446516694
 20
-5.97573335325831
 30
0.0
 10
-4.41883401624582
 20
-5.957357529434796
 30
0.0
 10
-4.121586794888134
 20
-5.912013386372785
 30
0.0
 10
-3.79038759064586
 20
-5.836845095034589
 30
0.0
 10
-3.421514766221891
 20
-5.734596136613777
 30
0.0
 10
-3.171029002756058
 20
-5.661764790324665
 30
0.0
 10
-3.042850281265262
 20
-5.624495491173198
 30
0.0
  0
SPLINE
  5
130
330
1F
100
AcDbEntity
  8
0
  6
Continuous
 62
     7
370
    25
100
AcDbSpline
210
0.0
220
0.0
230
1.0
 70
     8
 71
     3
 72
    10
 73
     6
 74
     0
 42
0.00000001
 43
0.00000001
 40
0.0
 40
0.0
 40
0.0
 40
0.0
 40
0.3375035102070911
 40
0.6618802696696003
 40
0.9999999999999999
 40
0.9999999999999999
 40
0.9999999999999999
 40
0.9999999999999999
 10
-2.566047965956334
 20
-5.503051556201172
 30
0.0
 10
-2.619443007183481
 20
-5.517663208066029
 30
0.0
 10
-2.724156360430559
 20
-5.546318211004203
 30
0.0
 10
-2.883041283633796
 20
-5.587097361061341
 30
0.0
 10
-2.988849915035665
 20
-5.61185414212258
 30
0.0
 10
-3.042851689335499
 20
-5.624489312671018
 30
0.0
  0
SPLINE
  5
134
330
1F
100
AcDbEntity
  8
0
  6
Continuous
 62
     7
370
    25
100
AcDbSpline
210
0.0
220
0.0
230
1.0
 70
     8
 71
     3
 72
    16
 73
    12
 74
     0
 42
0.00000001
 43
0.00000001
 40
0.0
 40
0.0
 40
0.0
 40
0.0
 40
0.0886446024328678
 40
0.176225108577435
 40
0.26481994828369
 40
0.3869775349959376
 40
0.5081110137127535
 40
0.6282464473442332
 40
0.7492092855305967
 40
0.8739398021911469
 40
1.0
 40
1.0
 40
1.0
 40
1.0
 10
0.2361666841189419
 20
-5.021168758432282
 30
0.0
 10
0.1590359460154445
 20
-5.00366529123189
 30
0.0
 10
0.0057003528275763
 20
-4.968868469731038
 30
0.0
 10
-0.2303464997067043
 20
-4.949492374769588
 30
0.0
 10
-0.4965476686201169
 20
-4.95728353596932
 30
0.0
 10
-0.7900861362502664
 20
-4.998977628581958
 30
0.0
 10
-1.105828635352437
 20
-5.072272487515952
 30
0.0
 10
-1.416496341610991
 20
-5.160375018468851
 30
0.0
 10
-1.728912031700713
 20
-5.253773365921908
 30
0.0
 10
-2.04563175934842
 20
-5.351200152047579
 30
0.0
 10
-2.259973926909601
 20
-5.414672808291356
 30
0.0
 10
-2.367713226981802
 20
-5.446577401005137
 30
0.0
  0
SPLINE
  5
138
330
1F
100
AcDbEntity
  8
0
  6
Continuous
 62
     7
370
    25
100
AcDbSpline
210
0.0
220
0.0
230
1.0
 70
     8
 71
     3
 72
    19
 73
    15
 74
     0
 42
0.00000001
 43
0.00000001
 40
0.0
 40
0.0
 40
0.0
 40
0.0
 40
0.0719809487893735
 40
0.1338488474526066
 40
0.1964268908490432
 40
0.2610546789370136
 40
0.3255255756811106
 40
0.4383196744080764
 40
0.5520436714627109
 40
0.662868546500025
 40
0.7472819309502926
 40
0.8312980900533317
 40
0.9153819525225064
 40
1.0
 40
1.0
 40
1.0
 40
1.0
 10
-2.028994976279801
 20
-6.033254620671874
 30
0.0
 10
-1.980535404585216
 20
-6.01514139013403
 30
0.0
 10
-1.890424647107612
 20
-5.981459769206414
 30
0.0
 10
-1.757894387594262
 20
-5.932811893156868
 30
0.0
 10
-1.629969592168969
 20
-5.886964586675229
 30
0.0
 10
-1.49976578577378
 20
-5.841945820955098
 30
0.0
 10
-1.334513723271103
 20
-5.787917718973966
 30
0.0
 10
-1.133746086021672
 20
-5.729058723922567
 30
0.0
 10
-0.8974959275908154
 20
-5.673839670894774
 30
0.0
 10
-0.6780409219311596
 20
-5.638567451614557
 30
0.0
 10
-0.4778952566593024
 20
-5.621275888539589
 30
0.0
 10
-0.2962731151982622
 20
-5.620006468783203
 30
0.0
 10
-0.1147234309479493
 20
-5.630943079902789
 30
0.0
 10
0.0051319560207891
 20
-5.649655089653412
 30
0.0
 10
0.065249407140105
 20
-5.659040719786337
 30
0.0
  0
SPLINE
  5
13C
330
1F
100
AcDbEntity
  8
0
  6
Continuous
 62
     7
370
    25
100
AcDbSpline
210
0.0
220
0.0
230
1.0
 70
     8
 71
     3
 72
    13
 73
     9
 74
     0
 42
0.00000001
 43
0.00000001
 40
0.0
 40
0.0
 40
0.0
 40
0.0
 40
0.1284864867595689
 40
0.252427985516028
 40
0.3767462924944706
 40
0.5104729406838823
 40
0.748942103200585
 40
1.0
 40
1.0
 40
1.0
 40
1.0
 10
-3.274052865610447
 20
-6.486679927720601
 30
0.0
 10
-3.228375676696614
 20
-6.471683742551273
 30
0.0
 10
-3.138637050695192
 20
-6.442221836414772
 30
0.0
 10
-3.005388644866307
 20
-6.396206211408831
 30
0.0
 10
-2.870698697356467
 20
-6.348385731553863
 30
0.0
 10
-2.696132833199171
 20
-6.284815059334332
 30
0.0
 10
-2.477735654982876
 20
-6.203045449954732
 30
0.0
 10
-2.306478975266017
 20
-6.138081950376002
 30
0.0
 10
-2.218648607149837
 20
-6.104764896165046
 30
0.0
  0
SPLINE
  5
13D
330
1F
100
AcDbEntity
  8
0
  6
Continuous
 62
     7
370
    25
100
AcDbSpline
210
0.0
220
0.0
230
1.0
 70
     8
 71
     3
 72
    14
 73
    10
 74
     0
 42
0.00000001
 43
0.00000001
 40
0.0
 40
0.0
 40
0.0
 40
0.0
 40
0.138163853000626
 40
0.2760590635415645
 40
0.4139312434785414
 40
0.5522659419770756
 40
0.6984979559586075
 40
0.8472420827614479
 40
1.0
 40
1.0
 40
1.0
 40
1.0
 10
-5.801662590757393
 20
-7.72347839748952
 30
0.0
 10
-5.682841748422921
 20
-7.754800347937249
 30
0.0
 10
-5.445431096130774
 20
-7.81738334718855
 30
0.0
 10
-5.082966037961307
 20
-7.883368493138444
 30
0.0
 10
-4.716827567382547
 20
-7.924746983261782
 30
0.0
 10
-4.340929513711997
 20
-7.936987546335462
 30
0.0
 10
-3.955891394334261
 20
-7.9146076757947
 30
0.0
 10
-3.56118492482652
 20
-7.855389670358873
 30
0.0
 10
-3.303261010832097
 20
-7.781446249339114
 30
0.0
 10
-3.172582228759249
 20
-7.743982347479393
 30
0.0
  0
SPLINE
  5
13F
330
1F
100
AcDbEntity
  8
0
  6
Continuous
 62
     7
370
    25
100
AcDbSpline
210
0.0
220
0.0
230
1.0
 70
     8
 71
     3
 72
    15
 73
    11
 74
     0
 42
0.00000001
 43
0.00000001
 40
0.0
 40
0.0
 40
0.0
 40
0.0
 40
0.109691200333939
 40
0.2159787297929222
 40
0.3211065803269175
 40
0.4269629195539195
 40
0.5350540442460194
 40
0.6818655659361517
 40
0.8363785149918642
 40
1.0
 40
1.0
 40
1.0
 40
1.0
 10
-5.565467283833613
 20
-6.841985511540619
 30
0.0
 10
-5.468204059768223
 20
-6.867461912769456
 30
0.0
 10
-5.276695647741957
 20
-6.917624193429595
 30
0.0
 10
-4.983877096128796
 20
-6.952405038322665
 30
0.0
 10
-4.693124511348586
 20
-6.959403473759592
 30
0.0
 10
-4.401241629126326
 20
-6.939995733414038
 30
0.0
 10
-4.073851302013765
 20
-6.894477063066629
 30
0.0
 10
-3.706330750997369
 20
-6.819365967251423
 30
0.0
 10
-3.29319633105373
 20
-6.71638522271474
 30
0.0
 10
-3.011597368106725
 20
-6.64180555003598
 30
0.0
 10
-2.866766643857326
 20
-6.603448064996588
 30
0.0
  0
SPLINE
  5
144
330
1F
100
AcDbEntity
  8
0
  6
Continuous
 62
     7
370
    25
100
AcDbSpline
210
0.0
220
0.0
230
1.0
 70
     8
 71
     3
 72
    20
 73
    16
 74
     0
 42
0.00000001
 43
0.00000001
 40
0.0
 40
0.0
 40
0.0
 40
0.0
 40
0.0047754894150825
 40
0.0841047123704389
 40
0.1685367618913309
 40
0.2538925587298367
 40
0.3411774132540303
 40
0.4215036519422374
 40
0.5029526824616086
 40
0.586591851832478
 40
0.6695476945731019
 40
0.7523044774279853
 40
0.8349566452778036
 40
0.9166812138648999
 40
1.0
 40
1.0
 40
1.0
 40
1.0
 10
-2.614853490642661
 20
-6.541228064579807
 30
0.0
 10
-2.610532802934774
 20
-6.540115197425127
 30
0.0
 10
-2.534437943261015
 20
-6.520515662421404
 30
0.0
 10
-2.382265836230117
 20
-6.480023917607465
 30
0.0
 10
-2.157888171542885
 20
-6.418161896528195
 30
0.0
 10
-1.926603876041169
 20
-6.353396958643318
 30
0.0
 10
-1.698862463094886
 20
-6.29020294288464
 30
0.0
 10
-1.474138541504142
 20
-6.229808204809792
 30
0.0
 10
-1.251893315596899
 20
-6.173350024330823
 30
0.0
 10
-1.025485687536266
 20
-6.123564128090703
 30
0.0
 10
-0.795420949337644
 20
-6.0859151209548
 30
0.0
 10
-0.5639520145686017
 20
-6.065802765971397
 30
0.0
 10
-0.3327151792154066
 20
-6.06759253754729
 30
0.0
 10
-0.10216397685416
 20
-6.095214340821496
 30
0.0
 10
0.0469705167433968
 20
-6.135015385713994
 30
0.0
 10
0.1222580373972059
 20
-6.15510813499756
 30
0.0
  0
SPLINE
  5
148
330
1F
100
AcDbEntity
  8
0
  6
Continuous
 62
     7
370
    25
100
AcDbSpline
210
0.0
220
0.0
230
1.0
 70
     8
 71
     3
 72
    17
 73
    13
 74
     0
 42
0.00000001
 43
0.00000001
 40
0.0
 40
0.0
 40
0.0
 40
0.0
 40
0.0648540018273642
 40
0.1170698236444147
 40
0.1743007169698905
 40
0.2310289579771045
 40
0.2891566206902254
 40
0.3461863629780995
 40
0.5081982484897414
 40
0.6715535540226149
 40
0.8354681400014243
 40
1.0
 40
1.0
 40
1.0
 40
1.0
 10
-0.115316279184447
 20
-7.04174755483348
 30
0.0
 10
-0.1598531964456185
 20
-7.036171879063946
 30
0.0
 10
-0.2402480665002106
 20
-7.02610706639787
 30
0.0
 10
-0.359821496311268
 20
-7.010240460328459
 30
0.0
 10
-0.4744448318352388
 20
-6.999679576923804
 30
0.0
 10
-0.5936403691292698
 20
-6.99891581102763
 30
0.0
 10
-0.7125303719279247
 20
-7.003394251423373
 30
0.0
 10
-0.9038655241060122
 20
-7.01766844791683
 30
0.0
 10
-1.165874149181848
 20
-7.059237872744546
 30
0.0
 10
-1.49382509138622
 20
-7.144853137611294
 30
0.0
 10
-1.817420365894735
 20
-7.250713955529785
 30
0.0
 10
-2.031211364125056
 20
-7.327942592819999
 30
0.0
 10
-2.138307759962473
 20
-7.3666294822479
 30
0.0
  0
SPLINE
  5
14C
330
1F
100
AcDbEntity
  8
0
  6
Continuous
 62
     7
370
    25
100
AcDbSpline
210
0.0
220
0.0
230
1.0
 70
     8
 71
     3
 72
    13
 73
     9
 74
     0
 42
0.00000001
 43
0.00000001
 40
0.0
 40
0.0
 40
0.0
 40
0.0
 40
0.14205808390276
 40
0.2772256722503642
 40
0.4278307890428184
 40
0.5630539486827262
 40
0.6827024593213048
 40
1.0
 40
1.0
 40
1.0
 40
1.0
 10
-2.328805051105928
 20
-7.436678495283177
 30
0.0
 10
-2.368677603426292
 20
-7.451457645869123
 30
0.0
 10
-2.44648869884355
 20
-7.480299087650655
 30
0.0
 10
-2.566519798211729
 20
-7.524947461539789
 30
0.0
 10
-2.684666307294974
 20
-7.568794348082031
 30
0.0
 10
-2.798587625080339
 20
-7.610672163774925
 30
0.0
 10
-2.95948897777166
 20
-7.669369914446463
 30
0.0
 10
-3.082937497015937
 20
-7.712594157037159
 30
0.0
 10
-3.172582228759247
 20
-7.743982347479393
 30
0.0
  0
SPLINE
  5
14E
330
1F
100
AcDbEntity
  8
0
  6
Continuous
 62
     7
370
    25
100
AcDbSpline
210
0.0
220
0.0
230
1.0
 70
    24
 71
     3
 72
     9
 73
     5
 74
     0
 42
0.00000001
 43
0.00000001
 40
0.0
 40
0.0
 40
0.0
 40
0.0
 40
0.5598226446349804
 40
1.0
 40
1.0
 40
1.0
 40
1.0
 10
-2.266674041701073
 20
-7.544292560297932
 30
0.0
 10
-2.267436262086431
 20
-7.542972355863922
 30
0.0
 10
-2.268797801125023
 20
-7.540614101072586
 30
0.0
 10
-2.271384771026694
 20
-7.536133337765246
 30
0.0
 10
-2.272523496596421
 20
-7.534161007222606
 30
0.0
  0
SPLINE
  5
14F
330
1F
100
AcDbEntity
  8
0
  6
Continuous
 62
     7
370
    25
100
AcDbSpline
210
0.0
220
0.0
230
1.0
 70
    24
 71
     3
 72
     9
 73
     5
 74
     0
 42
0.00000001
 43
0.00000001
 40
0.0
 40
0.0
 40
0.0
 40
0.0
 40
0.5598226446349195
 40
0.9999999999999999
 40
0.9999999999999999
 40
0.9999999999999999
 40
0.9999999999999999
 10
-2.093468960944193
 20
-7.44429256029795
 30
0.0
 10
-2.094231181329549
 20
-7.442972355863934
 30
0.0
 10
-2.095592720368139
 20
-7.440614101072588
 30
0.0
 10
-2.098179690269812
 20
-7.436133337765258
 30
0.0
 10
-2.099318415839539
 20
-7.434161007222624
 30
0.0
  0
SPLINE
  5
151
330
1F
100
AcDbEntity
  8
0
  6
Continuous
 62
     7
370
    25
100
AcDbSpline
210
0.0
220
0.0
230
1.0
 70
     8
 71
     3
 72
    14
 73
    10
 74
     0
 42
0.00000001
 43
0.00000001
 40
0.0
 40
0.0
 40
0.0
 40
0.0
 40
0.1411027591722899
 40
0.2773141183833783
 40
0.4119502382877346
 40
0.5476740725325822
 40
0.6931737195472365
 40
0.8436070016990621
 40
1.0
 40
1.0
 40
1.0
 40
1.0
 10
-5.91034392076366
 20
-6.598068541851962
 30
0.0
 10
-6.032770959771985
 20
-6.56408938076909
 30
0.0
 10
-6.273381041304313
 20
-6.497308963756844
 30
0.0
 10
-6.642877988509206
 20
-6.45564449763401
 30
0.0
 10
-7.008981507299471
 20
-6.453888530332596
 30
0.0
 10
-7.381752753275945
 20
-6.490038870888529
 30
0.0
 10
-7.764094131461095
 20
-6.558649130596722
 30
0.0
 10
-8.15970190489157
 20
-6.653938861013122
 30
0.0
 10
-8.424966017451823
 20
-6.729884126055447
 30
0.0
 10
-8.560174285282462
 20
-6.768594329396578
 30
0.0
  0
SPLINE
  5
155
330
1F
100
AcDbEntity
  8
0
  6
Continuous
 62
     7
370
    25
100
AcDbSpline
210
0.0
220
0.0
230
1.0
 70
     8
 71
     3
 72
     9
 73
     5
 74
     0
 42
0.00000001
 43
0.00000001
 40
0.0
 40
0.0
 40
0.0
 40
0.0
 40
0.5501592219350575
 40
0.9999999999999999
 40
0.9999999999999999
 40
0.9999999999999999
 40
0.9999999999999999
 10
-8.757440763024945
 20
-6.826918767033263
 30
0.0
 10
-8.904780680996916
 20
-6.871502868675307
 30
0.0
 10
-9.172593910508436
 20
-6.95254141145431
 30
0.0
 10
-9.441126918226368
 20
-7.031160633236591
 30
0.0
 10
-9.56192401535432
 20
-7.066526765133989
 30
0.0
  0
SPLINE
  5
156
330
1F
100
AcDbEntity
  8
0
  6
Continuous
 62
     7
370
    25
100
AcDbSpline
210
0.0
220
0.0
230
1.0
 70
     8
 71
     3
 72
    16
 73
    12
 74
     0
 42
0.00000001
 43
0.00000001
 40
0.0
 40
0.0
 40
0.0
 40
0.0
 40
0.0852842642466982
 40
0.1699514569083615
 40
0.2546122275255298
 40
0.3398827955053979
 40
0.4724769261438171
 40
0.6048749484241449
 40
0.7348522421074501
 40
0.8683452803154255
 40
1.0
 40
1.0
 40
1.0
 40
1.0
 10
-11.57472083015135
 20
-7.211752139684842
 30
0.0
 10
-11.5189057792646
 20
-7.228548067319718
 30
0.0
 10
-11.40767952551892
 20
-7.262018396188562
 30
0.0
 10
-11.23647361056817
 20
-7.294311526039025
 30
0.0
 10
-11.06334929511279
 20
-7.312632971730416
 30
0.0
 10
-10.85650321126589
 20
-7.316063592074225
 30
0.0
 10
-10.61750917576408
 20
-7.298279196589507
 30
0.0
 10
-10.35093279313825
 20
-7.25542552370788
 30
0.0
 10
-10.08667793243051
 20
-7.19781943973971
 30
0.0
 10
-9.82446703005672
 20
-7.133854989602258
 30
0.0
 10
-9.64903291451453
 20
-7.088865533211645
 30
0.0
 10
-9.561924015354318
 20
-7.066526765134006
 30
0.0
  0
SPLINE
  5
15A
330
1F
100
AcDbEntity
  8
0
  6
Continuous
 62
     7
370
    25
100
AcDbSpline
210
0.0
220
0.0
230
1.0
 70
     8
 71
     3
 72
    21
 73
    17
 74
     0
 42
0.00000001
 43
0.00000001
 40
0.0
 40
0.0
 40
0.0
 40
0.0
 40
0.0925030500203946
 40
0.1754639410808908
 40
0.2616293982457514
 40
0.3487743242439134
 40
0.4573876059450529
 40
0.5653228206198728
 40
0.6726065550825266
 40
0.7641099166106057
 40
0.8563830747420845
 40
0.884363677787604
 40
0.9129376401772304
 40
0.9267983919525787
 40
0.9541592029879467
 40
1.0
 40
1.0
 40
1.0
 40
1.0
 10
-9.203474952808115
 20
-6.054364888418974
 30
0.0
 10
-9.267677392066146
 20
-6.077723961916447
 30
0.0
 10
-9.389459463216625
 20
-6.122032501958759
 30
0.0
 10
-9.571622988818909
 20
-6.186497560229171
 30
0.0
 10
-9.750848010647049
 20
-6.247374069365879
 30
0.0
 10
-9.949429484652283
 20
-6.310068453039837
 30
0.0
 10
-10.16588465491869
 20
-6.369228853581792
 30
0.0
 10
-10.3999713518727
 20
-6.419047914116626
 30
0.0
 10
-10.62483555904019
 20
-6.44913317141668
 30
0.0
 10
-10.83972662444154
 20
-6.458722620154983
 30
0.0
 10
-10.9963540310713
 20
-6.455648093828727
 30
0.0
 10
-11.10573978484436
 20
-6.444435585540536
 30
0.0
 10
-11.15718731234796
 20
-6.436758821425103
 30
0.0
 10
-11.2080742722223
 20
-6.42853293093486
 30
0.0
 10
-11.27155045010222
 20
-6.418261948845915
 30
0.0
 10
-11.32491976223011
 20
-6.409622222704402
 30
0.0
 10
-11.35834104721531
 20
-6.404211796036774
 30
0.0
  0
SPLINE
  5
15E
330
1F
100
AcDbEntity
  8
0
  6
Continuous
 62
     7
370
    25
100
AcDbSpline
210
0.0
220
0.0
230
1.0
 70
     8
 71
     3
 72
    14
 73
    10
 74
     0
 42
0.00000001
 43
0.00000001
 40
0.0
 40
0.0
 40
0.0
 40
0.0
 40
0.1332489965350621
 40
0.2700320770417515
 40
0.4089352043003069
 40
0.5496226118540387
 40
0.6985630912870596
 40
0.8487718330318408
 40
1.0
 40
1.0
 40
1.0
 40
1.0
 10
-5.721594761627469
 20
-5.893647090069777
 30
0.0
 10
-5.8653422666326
 20
-5.857224351094465
 30
0.0
 10
-6.15664980631746
 20
-5.783412854476818
 30
0.0
 10
-6.60818612801219
 20
-5.722297491481105
 30
0.0
 10
-7.070686826232712
 20
-5.69378436654575
 30
0.0
 10
-7.547776060591482
 20
-5.703277190909407
 30
0.0
 10
-8.034774685012994
 20
-5.753309870280604
 30
0.0
 10
-8.528441878840278
 20
-5.843365755643142
 30
0.0
 10
-8.849846080990698
 20
-5.93940200999033
 30
0.0
 10
-9.011091658231404
 20
-5.987582528989893
 30
0.0
  0
SPLINE
  5
160
330
1F
100
AcDbEntity
  8
0
  6
Continuous
 62
     7
370
    25
100
AcDbSpline
210
0.0
220
0.0
230
1.0
 70
    24
 71
     3
 72
     9
 73
     5
 74
     0
 42
0.00000001
 43
0.00000001
 40
0.0
 40
0.0
 40
0.0
 40
0.0
 40
0.5603194205071839
 40
0.9999999999999999
 40
0.9999999999999999
 40
0.9999999999999999
 40
0.9999999999999999
 10
-9.09014609533055
 20
-5.850656227530889
 30
0.0
 10
-9.08433403946061
 20
-5.860723003594043
 30
0.0
 10
-9.073961284818834
 20
-5.878689141648016
 30
0.0
 10
-9.061880805477795
 20
-5.899613145646497
 30
0.0
 10
-9.056569253320578
 20
-5.908813023849861
 30
0.0
  0
SPLINE
  5
161
330
1F
100
AcDbEntity
  8
0
  6
Continuous
 62
     7
370
    25
100
AcDbSpline
210
0.0
220
0.0
230
1.0
 70
    24
 71
     3
 72
     9
 73
     5
 74
     0
 42
0.00000001
 43
0.00000001
 40
0.0
 40
0.0
 40
0.0
 40
0.0
 40
0.560319420507101
 40
0.9999999999999999
 40
0.9999999999999999
 40
0.9999999999999999
 40
0.9999999999999999
 10
-9.263351176087436
 20
-5.950656227530871
 30
0.0
 10
-9.257539120217498
 20
-5.96072300359404
 30
0.0
 10
-9.24716636557573
 20
-5.978689141648037
 30
0.0
 10
-9.235085886234694
 20
-5.999613145646498
 30
0.0
 10
-9.229774334077476
 20
-6.008813023849851
 30
0.0
  0
SPLINE
  5
163
330
1F
100
AcDbEntity
  8
0
  6
Continuous
 62
     7
370
    25
100
AcDbSpline
210
0.0
220
0.0
230
1.0
 70
     8
 71
     3
 72
    14
 73
    10
 74
     0
 42
0.00000001
 43
0.00000001
 40
0.0
 40
0.0
 40
0.0
 40
0.0
 40
0.1428075150243974
 40
0.28077484746496
 40
0.4167275664026398
 40
0.5529784152145674
 40
0.6979534502781725
 40
0.846638710295344
 40
1.0
 40
1.0
 40
1.0
 40
1.0
 10
-11.80322487094646
 20
-5.227440976100781
 30
0.0
 10
-11.67785132877778
 20
-5.261436885778122
 30
0.0
 10
-11.43135353646944
 20
-5.328276479986149
 30
0.0
 10
-11.05421388991599
 20
-5.373549816657853
 30
0.0
 10
-10.68115047021017
 20
-5.380965430705786
 30
0.0
 10
-10.30267456681885
 20
-5.352068597139288
 30
0.0
 10
-9.916494210307015
 20
-5.291447484045724
 30
0.0
 10
-9.519565794078707
 20
-5.204323574771613
 30
0.0
 10
-9.254708330340577
 20
-5.132352246067045
 30
0.0
 10
-9.12022944864439
 20
-5.095809482039265
 30
0.0
  0
SPLINE
  5
167
330
1F
100
AcDbEntity
  8
0
  6
Continuous
 62
     7
370
    25
100
AcDbSpline
210
0.0
220
0.0
230
1.0
 70
     8
 71
     3
 72
     9
 73
     5
 74
     0
 42
0.00000001
 43
0.00000001
 40
0.0
 40
0.0
 40
0.0
 40
0.0
 40
0.5477402735728426
 40
1.0
 40
1.0
 40
1.0
 40
1.0
 10
-8.921931855792428
 20
-5.039270987750951
 30
0.0
 10
-8.705305927560593
 20
-4.974387582219159
 30
0.0
 10
-8.309815694901948
 20
-4.855931064299517
 30
0.0
 10
-7.913247090041424
 20
-4.741138433228319
 30
0.0
 10
-7.733895081297605
 20
-4.689222349304205
 30
0.0
  0
SPLINE
  5
168
330
1F
100
AcDbEntity
  8
0
  6
Continuous
 62
     7
370
    25
100
AcDbSpline
210
0.0
220
0.0
230
1.0
 70
     8
 71
     3
 72
    14
 73
    10
 74
     0
 42
0.00000001
 43
0.00000001
 40
0.0
 40
0.0
 40
0.0
 40
0.0
 40
0.1473924838155602
 40
0.292075464691206
 40
0.4389163173509173
 40
0.5811009380930634
 40
0.7232439746687289
 40
0.8661673187325569
 40
1.0
 40
1.0
 40
1.0
 40
1.0
 10
-6.23627961994974
 20
-4.635672864283651
 30
0.0
 10
-6.308432745764903
 20
-4.616676070305634
 30
0.0
 10
-6.451412612891353
 20
-4.579031698726173
 30
0.0
 10
-6.672646857290271
 20
-4.553526280605348
 30
0.0
 10
-6.892264579449099
 20
-4.552209377630108
 30
0.0
 10
-7.109794524950367
 20
-4.570079423837791
 30
0.0
 10
-7.323576892526002
 20
-4.602060798543962
 30
0.0
 10
-7.531467377934852
 20
-4.643012258195761
 30
0.0
 10
-7.667913448933397
 20
-4.6741586668697
 30
0.0
 10
-7.733895548178697
 20
-4.689220334920812
 30
0.0
  0
SPLINE
  5
16C
330
1F
100
AcDbEntity
  8
0
  6
Continuous
 62
     7
370
    25
100
AcDbSpline
210
0.0
220
0.0
230
1.0
 70
     8
 71
     3
 72
    21
 73
    17
 74
     0
 42
0.00000001
 43
0.00000001
 40
0.0
 40
0.0
 40
0.0
 40
0.0
 40
0.0496750095808033
 40
0.0969892215073564
 40
0.2472831170454377
 40
0.397069418826461
 40
0.5465863230627938
 40
0.673701092205568
 40
0.8012557455632342
 40
0.8289485704062192
 40
0.8579080599778113
 40
0.885807066855471
 40
0.914252141387223
 40
0.9427934777723004
 40
0.9596194349395037
 40
1.0
 40
1.0
 40
1.0
 40
1.0
 10
-7.902170824207363
 20
-5.317237348859327
 30
0.0
 10
-7.877657182468247
 20
-5.309579583585181
 30
0.0
 10
-7.829794906272412
 20
-5.294627987225296
 30
0.0
 10
-7.707257393418104
 20
-5.25817515279138
 30
0.0
 10
-7.533805465102107
 20
-5.211324671494848
 30
0.0
 10
-7.306411644425356
 20
-5.162577760562283
 30
0.0
 10
-7.088004915593102
 20
-5.130835374039211
 30
0.0
 10
-6.87929311387989
 20
-5.117673165873308
 30
0.0
 10
-6.733182706737773
 20
-5.118018269352907
 30
0.0
 10
-6.638058387748327
 20
-5.122668967227422
 30
0.0
 10
-6.594455220274523
 20
-5.125820966859317
 30
0.0
 10
-6.550557273654498
 20
-5.13010963560389
 30
0.0
 10
-6.50702029222126
 20
-5.135666091213825
 30
0.0
 10
-6.469265648781456
 20
-5.14122092882634
 30
0.0
 10
-6.425441168375492
 20
-5.147902153388696
 30
0.0
 10
-6.396201612092998
 20
-5.152345814118633
 30
0.0
 10
-6.375562185698472
 20
-5.155482476237295
 30
0.0
  0
SPLINE
  5
16D
330
1F
100
AcDbEntity
  8
0
  6
Continuous
 62
     7
370
    25
100
AcDbSpline
210
0.0
220
0.0
230
1.0
 70
     8
 71
     3
 72
     9
 73
     5
 74
     0
 42
0.00000001
 43
0.00000001
 40
0.0
 40
0.0
 40
0.0
 40
0.0
 40
0.5543881723617023
 40
1.0
 40
1.0
 40
1.0
 40
1.0
 10
-8.635282369428877
 20
-5.535762462134133
 30
0.0
 10
-8.499437299556767
 20
-5.496614539126799
 30
0.0
 10
-8.254401282115401
 20
-5.425999895887638
 30
0.0
 10
-8.01074648377718
 20
-5.350763115529256
 30
0.0
 10
-7.902171023776842
 20
-5.317236716328135
 30
0.0
  0
SPLINE
  5
171
330
1F
100
AcDbEntity
  8
0
  6
Continuous
 62
     7
370
    25
100
AcDbSpline
210
0.0
220
0.0
230
1.0
 70
     8
 71
     3
 72
    14
 73
    10
 74
     0
 42
0.00000001
 43
0.00000001
 40
0.0
 40
0.0
 40
0.0
 40
0.0
 40
0.1402608336128773
 40
0.277403660140872
 40
0.4136250080975427
 40
0.550706679569892
 40
0.6967073495202787
 40
0.8462356963743664
 40
1.0
 40
1.0
 40
1.0
 40
1.0
 10
-11.93263439349771
 20
-5.710403889245334
 30
0.0
 10
-11.79053691164695
 20
-5.74827132836553
 30
0.0
 10
-11.50950078383525
 20
-5.823164411070976
 30
0.0
 10
-11.07834726388162
 20
-5.876633284780742
 30
0.0
 10
-10.64819936019054
 20
-5.889910630025078
 30
0.0
 10
-10.2092384317915
 20
-5.863771469827173
 30
0.0
 10
-9.759999170808232
 20
-5.802189370641244
 30
0.0
 10
-9.298202167987368
 20
-5.710136403893498
 30
0.0
 10
-8.990565171849262
 20
-5.630772975707023
 30
0.0
 10
-8.834598357599601
 20
-5.590537044341279
 30
0.0
  0
SPLINE
  5
173
330
1F
100
AcDbEntity
  8
0
  6
Continuous
 62
     7
370
    25
100
AcDbSpline
210
0.0
220
0.0
230
1.0
 70
    24
 71
     3
 72
     9
 73
     5
 74
     0
 42
0.00000001
 43
0.00000001
 40
0.0
 40
0.0
 40
0.0
 40
0.0
 40
0.5599137314596352
 40
1.0
 40
1.0
 40
1.0
 40
1.0
 10
-8.51010794752604
 20
-5.752570920639895
 30
0.0
 10
-8.51874511735038
 20
-5.73761090367054
 30
0.0
 10
-8.534171011267683
 20
-5.710892471653599
 30
0.0
 10
-8.552544816558093
 20
-5.679068107362225
 30
0.0
 10
-8.560630875967234
 20
-5.665062641632565
 30
0.0
  0
SPLINE
  5
174
330
1F
100
AcDbEntity
  8
0
  6
Continuous
 62
     7
370
    25
100
AcDbSpline
210
0.0
220
0.0
230
1.0
 70
    24
 71
     3
 72
     9
 73
     5
 74
     0
 42
0.00000001
 43
0.00000001
 40
0.0
 40
0.0
 40
0.0
 40
0.0
 40
0.5599137314596386
 40
1.0
 40
1.0
 40
1.0
 40
1.0
 10
-8.683313028282921
 20
-5.852570920639877
 30
0.0
 10
-8.691950198107271
 20
-5.837610903670527
 30
0.0
 10
-8.707376092024598
 20
-5.810892471653598
 30
0.0
 10
-8.72574989731498
 20
-5.779068107362235
 30
0.0
 10
-8.733835956724114
 20
-5.765062641632581
 30
0.0
  0
SPLINE
  5
178
330
1F
100
AcDbEntity
  8
0
  6
Continuous
 62
     7
370
    25
100
AcDbSpline
210
0.0
220
0.0
230
1.0
 70
     8
 71
     3
 72
    19
 73
    15
 74
     0
 42
0.00000001
 43
0.00000001
 40
0.0
 40
0.0
 40
0.0
 40
0.0
 40
0.0731065737329335
 40
0.1358948848778093
 40
0.198654007587508
 40
0.2637754980433371
 40
0.3287801254472518
 40
0.4410299574171725
 40
0.5542052006648844
 40
0.6644953110645315
 40
0.7485013745687177
 40
0.8321121294620475
 40
0.9157902610316232
 40
1.0
 40
1.0
 40
1.0
 40
1.0
 10
9.17066787169503
 20
-4.065773084813737
 30
0.0
 10
9.22011933035736
 20
-4.084270945889216
 30
0.0
 10
9.312042668284622
 20
-4.118655879732796
 30
0.0
 10
9.446712055851412
 20
-4.168130388990675
 30
0.0
 10
9.576327764153447
 20
-4.214627320065786
 30
0.0
 10
9.707975023762968
 20
-4.260186650363656
 30
0.0
 10
9.874352142843524
 20
-4.314610096976949
 30
0.0
 10
10.07570547731814
 20
-4.373640653328052
 30
0.0
 10
10.31195564010808
 20
-4.428859753784504
 30
0.0
 10
10.53141064468021
 20
-4.464131961232059
 30
0.0
 10
10.73155631017196
 20
-4.481423526699469
 30
0.0
 10
10.91317845157996
 20
-4.482692945878752
 30
0.0
 10
11.09472813584424
 20
-4.471756334911105
 30
0.0
 10
11.2145835228111
 20
-4.453044325140118
 30
0.0
 10
11.27470097392947
 20
-4.443658694996979
 30
0.0
  0
SPLINE
  5
17C
330
1F
100
AcDbEntity
  8
0
  6
Continuous
 62
     7
370
    25
100
AcDbSpline
210
0.0
220
0.0
230
1.0
 70
     8
 71
     3
 72
    16
 73
    12
 74
     0
 42
0.00000001
 43
0.00000001
 40
0.0
 40
0.0
 40
0.0
 40
0.0
 40
0.0882940649364673
 40
0.1755282414623779
 40
0.2637727404546866
 40
0.386137946463073
 40
0.507481468898599
 40
0.6278221989959328
 40
0.7488627502789987
 40
0.8738187985764824
 40
1.0
 40
1.0
 40
1.0
 40
1.0
 10
11.44561825090831
 20
-5.081530656351069
 30
0.0
 10
11.36848751388085
 20
-5.099034118086727
 30
0.0
 10
11.21515192283211
 20
-5.133830928723711
 30
0.0
 10
10.97910505434084
 20
-5.153207104724719
 30
0.0
 10
10.71228521610417
 20
-5.14539748351802
 30
0.0
 10
10.41752982605877
 20
-5.1034220674883
 30
0.0
 10
10.10003842029644
 20
-5.029506748772177
 30
0.0
 10
9.787753009154596
 20
-4.940795486710488
 30
0.0
 10
9.473677299584729
 20
-4.846842148432154
 30
0.0
 10
9.155342751170203
 20
-4.748898299526564
 30
0.0
 10
8.939825891494744
 20
-4.685174205407794
 30
0.0
 10
8.83154177071583
 20
-4.653156721882493
 30
0.0
  0
SPLINE
  5
180
330
1F
100
AcDbEntity
  8
0
  6
Continuous
 62
     7
370
    25
100
AcDbSpline
210
0.0
220
0.0
230
1.0
 70
     8
 71
     3
 72
    10
 73
     6
 74
     0
 42
0.00000001
 43
0.00000001
 40
0.0
 40
0.0
 40
0.0
 40
0.0
 40
0.3366770837130778
 40
0.6617269240352976
 40
1.0
 40
1.0
 40
1.0
 40
1.0
 10
8.633137431038637
 20
-4.596803118643773
 30
0.0
 10
8.58101608706874
 20
-4.582580025717797
 30
0.0
 10
8.478573425271248
 20
-4.554625038617472
 30
0.0
 10
8.32310788475148
 20
-4.514809507771116
 30
0.0
 10
8.21945796140312
 20
-4.490570967797178
 30
0.0
 10
8.16659987745387
 20
-4.47821010211237
 30
0.0
  0
SPLINE
  5
181
330
1F
100
AcDbEntity
  8
0
  6
Continuous
 62
     7
370
    25
100
AcDbSpline
210
0.0
220
0.0
230
1.0
 70
     8
 71
     3
 72
    15
 73
    11
 74
     0
 42
0.00000001
 43
0.00000001
 40
0.0
 40
0.0
 40
0.0
 40
0.0
 40
0.111851121354318
 40
0.2194164314279962
 40
0.3253115798718005
 40
0.4316353996602925
 40
0.5399365425118275
 40
0.6864474249979239
 40
0.8395486927966853
 40
1.0
 40
1.0
 40
1.0
 40
1.0
 10
5.725997429293939
 20
-4.259570880358686
 30
0.0
 10
5.814829248099578
 20
-4.231424722050779
 30
0.0
 10
5.989089107487562
 20
-4.176210884768226
 30
0.0
 10
6.257886147739073
 20
-4.136591270950344
 30
0.0
 10
6.524157101622403
 20
-4.126966061525078
 30
0.0
 10
6.790617550543525
 20
-4.145341885348611
 30
0.0
 10
7.087864771901216
 20
-4.190686028410617
 30
0.0
 10
7.419063976143494
 20
-4.265854319748811
 30
0.0
 10
7.787936800567469
 20
-4.368103278169595
 30
0.0
 10
8.038422564033304
 20
-4.440934624458716
 30
0.0
 10
8.166601285524102
 20
-4.478203923610189
 30
0.0
  0
SPLINE
  5
183
330
1F
100
AcDbEntity
  8
0
  6
Continuous
 62
     7
370
    25
100
AcDbSpline
210
0.0
220
0.0
230
1.0
 70
     8
 71
     3
 72
    13
 73
     9
 74
     0
 42
0.00000001
 43
0.00000001
 40
0.0
 40
0.0
 40
0.0
 40
0.0
 40
0.1847666207860446
 40
0.3677999321390018
 40
0.5514491074757094
 40
0.6977232651493839
 40
0.8468992356958012
 40
1.0
 40
1.0
 40
1.0
 40
1.0
 10
5.556431471906451
 20
-3.626742112154553
 30
0.0
 10
5.699660007969462
 20
-3.586420117853925
 30
0.0
 10
5.984773442529407
 20
-3.506154392884839
 30
0.0
 10
6.425929726961891
 20
-3.447579074422547
 30
0.0
 10
6.839203322938136
 20
-3.436848923850503
 30
0.0
 10
7.223903476686412
 20
-3.466524287794953
 30
0.0
 10
7.580939912748685
 20
-3.522727872743673
 30
0.0
 10
7.816227438822648
 20
-3.584654262645161
 30
0.0
 10
7.935398701179214
 20
-3.616019487061798
 30
0.0
  0
SPLINE
  5
184
330
1F
100
AcDbEntity
  8
0
  6
Continuous
 62
     7
370
    25
100
AcDbSpline
210
0.0
220
0.0
230
1.0
 70
     8
 71
     3
 72
    13
 73
     9
 74
     0
 42
0.00000001
 43
0.00000001
 40
0.0
 40
0.0
 40
0.0
 40
0.0
 40
0.1296937078889069
 40
0.2547997244080608
 40
0.3802860895281072
 40
0.5152691938579145
 40
0.7512196583727605
 40
1.0
 40
1.0
 40
1.0
 40
1.0
 10
7.935398701178889
 20
-3.616019487062786
 30
0.0
 10
7.981075890520599
 20
-3.631015671163468
 30
0.0
 10
8.07081451736263
 20
-3.66047757520047
 30
0.0
 10
8.204062917051719
 20
-3.706493215541247
 30
0.0
 10
8.338752888370893
 20
-3.754313635929778
 30
0.0
 10
8.511660925070792
 20
-3.817280929934993
 30
0.0
 10
8.726806261920311
 20
-3.897802666438744
 30
0.0
 10
8.894808699479134
 20
-3.961525255440503
 30
0.0
 10
8.98103326635315
 20
-3.994229856139192
 30
0.0
  0
SPLINE
  5
188
330
1F
100
AcDbEntity
  8
0
  6
Continuous
 62
     7
370
    25
100
AcDbSpline
210
0.0
220
0.0
230
1.0
 70
     8
 71
     3
 72
    19
 73
    15
 74
     0
 42
0.00000001
 43
0.00000001
 40
0.0
 40
0.0
 40
0.0
 40
0.0
 40
0.0719809487893847
 40
0.1338488474526163
 40
0.1964268908490539
 40
0.2610546789370244
 40
0.3255255756811207
 40
0.4383196744080871
 40
0.5520436714627209
 40
0.6628685465000331
 40
0.7472819309502996
 40
0.8312980900533389
 40
0.9153819525225134
 40
1.0
 40
1.0
 40
1.0
 40
1.0
 10
6.579707007489829
 20
-4.739677008627016
 30
0.0
 10
6.628166579184421
 20
-4.757790239164864
 30
0.0
 10
6.718277336662028
 20
-4.791471860092482
 30
0.0
 10
6.850807596175396
 20
-4.840119736142019
 30
0.0
 10
6.978732391600681
 20
-4.885967042623671
 30
0.0
 10
7.108936197995872
 20
-4.930985808343801
 30
0.0
 10
7.274188260498555
 20
-4.98501391032492
 30
0.0
 10
7.474955897747981
 20
-5.043872905376325
 30
0.0
 10
7.711206056178841
 20
-5.099091958404102
 30
0.0
 10
7.930661061838499
 20
-5.13436417768432
 30
0.0
 10
8.130806727110356
 20
-5.151655740759272
 30
0.0
 10
8.312428868571393
 20
-5.152925160515658
 30
0.0
 10
8.493978552821707
 20
-5.141988549396081
 30
0.0
 10
8.613833939790437
 20
-5.123276539645447
 30
0.0
 10
8.673951390909746
 20
-5.113890909512516
 30
0.0
  0
SPLINE
  5
18C
330
1F
100
AcDbEntity
  8
0
  6
Continuous
 62
     7
370
    25
100
AcDbSpline
210
0.0
220
0.0
230
1.0
 70
     8
 71
     3
 72
    16
 73
    12
 74
     0
 42
0.00000001
 43
0.00000001
 40
0.0
 40
0.0
 40
0.0
 40
0.0
 40
0.0886446024328606
 40
0.1762251085774282
 40
0.264819948283682
 40
0.3869775349959299
 40
0.5081110137127468
 40
0.6282464473442245
 40
0.7492092855305874
 40
0.8739398021911381
 40
1.0
 40
1.0
 40
1.0
 40
1.0
 10
8.844868667888594
 20
-5.75176287086659
 30
0.0
 10
8.7677379297851
 20
-5.769266338066978
 30
0.0
 10
8.614402336597237
 20
-5.804063159567827
 30
0.0
 10
8.378355484062967
 20
-5.823439254529269
 30
0.0
 10
8.112154315149553
 20
-5.815648093329568
 30
0.0
 10
7.818615847519401
 20
-5.773954000716919
 30
0.0
 10
7.502873348417232
 20
-5.700659141782928
 30
0.0
 10
7.192205642158675
 20
-5.61255661083004
 30
0.0
 10
6.879789952068949
 20
-5.51915826337699
 30
0.0
 10
6.563070224421235
 20
-5.421731477251322
 30
0.0
 10
6.348728056860049
 20
-5.358258821007531
 30
0.0
 10
6.240988756787841
 20
-5.326354228293743
 30
0.0
  0
SPLINE
  5
190
330
1F
100
AcDbEntity
  8
0
  6
Continuous
 62
     7
370
    25
100
AcDbSpline
210
0.0
220
0.0
230
1.0
 70
     8
 71
     3
 72
    10
 73
     6
 74
     0
 42
0.00000001
 43
0.00000001
 40
0.0
 40
0.0
 40
0.0
 40
0.0
 40
0.3375035102070684
 40
0.6618802696695759
 40
1.0
 40
1.0
 40
1.0
 40
1.0
 10
6.042654017813318
 20
-5.269880073097727
 30
0.0
 10
5.989258976586171
 20
-5.255268421232876
 30
0.0
 10
5.884545623339092
 20
-5.22661341829471
 30
0.0
 10
5.725660700135861
 20
-5.185834268237584
 30
0.0
 10
5.619852068733985
 20
-5.161077487176351
 30
0.0
 10
5.565850294434146
 20
-5.148442316627916
 30
0.0
  0
SPLINE
  5
191
330
1F
100
AcDbEntity
  8
0
  6
Continuous
 62
     7
370
    25
100
AcDbSpline
210
0.0
220
0.0
230
1.0
 70
     8
 71
     3
 72
    15
 73
    11
 74
     0
 42
0.00000001
 43
0.00000001
 40
0.0
 40
0.0
 40
0.0
 40
0.0
 40
0.1118511213543182
 40
0.2194164314279978
 40
0.3253115798718007
 40
0.4316353996602927
 40
0.5399365425118267
 40
0.6864474249979235
 40
0.8395486927966855
 40
1.0
 40
1.0
 40
1.0
 40
1.0
 10
3.125247846274229
 20
-4.929803094874224
 30
0.0
 10
3.214079665079868
 20
-4.901656936566313
 30
0.0
 10
3.388339524467851
 20
-4.846443099283751
 30
0.0
 10
3.657136564719362
 20
-4.806823485465883
 30
0.0
 10
3.92340751860269
 20
-4.797198276040618
 30
0.0
 10
4.189867967523813
 20
-4.815574099864139
 30
0.0
 10
4.487115188881498
 20
-4.860918242926149
 30
0.0
 10
4.818314393123778
 20
-4.936086534264337
 30
0.0
 10
5.187187217547752
 20
-5.038335492685134
 30
0.0
 10
5.437672981013585
 20
-5.111166838974261
 30
0.0
 10
5.565851702504379
 20
-5.148436138125736
 30
0.0
  0
SPLINE
  5
193
330
1F
100
AcDbEntity
  8
0
  6
Continuous
 62
     7
370
    25
100
AcDbSpline
210
0.0
220
0.0
230
1.0
 70
     8
 71
     3
 72
    13
 73
     9
 74
     0
 42
0.00000001
 43
0.00000001
 40
0.0
 40
0.0
 40
0.0
 40
0.0
 40
0.1847666207860441
 40
0.3677999321390017
 40
0.5514491074757086
 40
0.6977232651493851
 40
0.846899235695802
 40
1.0
 40
1.0
 40
1.0
 40
1.0
 10
2.955681888886752
 20
-4.296974326670099
 30
0.0
 10
3.098910424949762
 20
-4.25665233236947
 30
0.0
 10
3.384023859509705
 20
-4.176386607400379
 30
0.0
 10
3.825180143942182
 20
-4.117811288938073
 30
0.0
 10
4.238453739918429
 20
-4.10708113836603
 30
0.0
 10
4.623153893666704
 20
-4.136756502310492
 30
0.0
 10
4.980190329728974
 20
-4.192960087259212
 30
0.0
 10
5.21547785580294
 20
-4.254886477160693
 30
0.0
 10
5.334649118159504
 20
-4.286251701577327
 30
0.0
  0
SPLINE
  5
194
330
1F
100
AcDbEntity
  8
0
  6
Continuous
 62
     7
370
    25
100
AcDbSpline
210
0.0
220
0.0
230
1.0
 70
     8
 71
     3
 72
    13
 73
     9
 74
     0
 42
0.00000001
 43
0.00000001
 40
0.0
 40
0.0
 40
0.0
 40
0.0
 40
0.1284864867595848
 40
0.2524279855160453
 40
0.3767462924944882
 40
0.5104729406839017
 40
0.7489421032006035
 40
0.9999999999999999
 40
0.9999999999999999
 40
0.9999999999999999
 40
0.9999999999999999
 10
5.33464911815918
 20
-4.286251701578315
 30
0.0
 10
5.380326307073019
 20
-4.301247886747642
 30
0.0
 10
5.470064933074448
 20
-4.330709792884135
 30
0.0
 10
5.603313338903334
 20
-4.3767254178901
 30
0.0
 10
5.738003286413182
 20
-4.424545897745046
 30
0.0
 10
5.912569150570469
 20
-4.488116569964601
 30
0.0
 10
6.130966328786768
 20
-4.569886179344177
 30
0.0
 10
6.302223008503618
 20
-4.634849678922905
 30
0.0
 10
6.390053376619791
 20
-4.668166733133861
 30
0.0
  0
SPLINE
  5
198
330
1F
100
AcDbEntity
  8
0
  6
Continuous
 62
     7
370
    25
100
AcDbSpline
210
0.0
220
0.0
230
1.0
 70
     8
 71
     3
 72
    17
 73
    13
 74
     0
 42
0.00000001
 43
0.00000001
 40
0.0
 40
0.0
 40
0.0
 40
0.0
 40
0.0648540018273645
 40
0.1170698236444163
 40
0.174300716969891
 40
0.231028957977104
 40
0.2891566206902261
 40
0.346186362978098
 40
0.5081982484897416
 40
0.6715535540226137
 40
0.8354681400014241
 40
1.0
 40
1.0
 40
1.0
 40
1.0
 10
9.568259054523137
 20
-6.348778059937844
 30
0.0
 10
9.523722137261961
 20
-6.354353735707361
 30
0.0
 10
9.443327267207366
 20
-6.364418548373409
 30
0.0
 10
9.323753837396309
 20
-6.380285154442843
 30
0.0
 10
9.20913050187234
 20
-6.390846037847489
 30
0.0
 10
9.089934964578312
 20
-6.391609803743681
 30
0.0
 10
8.971044961779654
 20
-6.387131363347926
 30
0.0
 10
8.77970980960157
 20
-6.3728571668545
 30
0.0
 10
8.51770118452573
 20
-6.33128774202676
 30
0.0
 10
8.189750242321354
 20
-6.245672477160033
 30
0.0
 10
7.866154967812844
 20
-6.139811659241532
 30
0.0
 10
7.652363969582515
 20
-6.062583021951334
 30
0.0
 10
7.545267573745095
 20
-6.023896132523442
 30
0.0
  0
SPLINE
  5
19C
330
1F
100
AcDbEntity
  8
0
  6
Continuous
 62
     7
370
    25
100
AcDbSpline
210
0.0
220
0.0
230
1.0
 70
     8
 71
     3
 72
    20
 73
    16
 74
     0
 42
0.00000001
 43
0.00000001
 40
0.0
 40
0.0
 40
0.0
 40
0.0
 40
0.0047754894150874
 40
0.0841047123704427
 40
0.1685367618913361
 40
0.25389255872984
 40
0.3411774132540358
 40
0.4215036519422424
 40
0.5029526824616113
 40
0.5865918518324815
 40
0.6695476945731056
 40
0.7523044774279876
 40
0.834956645277806
 40
0.9166812138649021
 40
1.0
 40
1.0
 40
1.0
 40
1.0
 10
7.068721843064919
 20
-6.849297550191525
 30
0.0
 10
7.07304253077281
 20
-6.850410417346209
 30
0.0
 10
7.149137390446554
 20
-6.870009952349957
 30
0.0
 10
7.301309497477483
 20
-6.910501697163866
 30
0.0
 10
7.525687162164703
 20
-6.972363718243154
 30
0.0
 10
7.756971457666429
 20
-7.037128656127995
 30
0.0
 10
7.984712870612711
 20
-7.100322671886696
 30
0.0
 10
8.209436792203451
 20
-7.160717409961541
 30
0.0
 10
8.431682018110699
 20
-7.21717559044049
 30
0.0
 10
8.658089646171334
 20
-7.266961486680608
 30
0.0
 10
8.888154384369953
 20
-7.304610493816523
 30
0.0
 10
9.119623319138997
 20
-7.32472284879989
 30
0.0
 10
9.350860154492192
 20
-7.322933077224019
 30
0.0
 10
9.581411356853428
 20
-7.295311273949766
 30
0.0
 10
9.730545850450993
 20
-7.2555102290573
 30
0.0
 10
9.805833371104805
 20
-7.235417479773755
 30
0.0
  0
SPLINE
  5
1A1
330
1F
100
AcDbEntity
  8
0
  6
Continuous
 62
     7
370
    25
100
AcDbSpline
210
0.0
220
0.0
230
1.0
 70
     8
 71
     3
 72
    15
 73
    11
 74
     0
 42
0.00000001
 43
0.00000001
 40
0.0
 40
0.0
 40
0.0
 40
0.0
 40
0.1096912003339399
 40
0.2159787297929231
 40
0.321106580326919
 40
0.4269629195539209
 40
0.535054044246021
 40
0.6818655659361531
 40
0.836378514991865
 40
1.0
 40
1.0
 40
1.0
 40
1.0
 10
4.118108049873958
 20
-6.548540103230792
 30
0.0
 10
4.21537127393935
 20
-6.523063702001958
 30
0.0
 10
4.406879685965615
 20
-6.472901421341819
 30
0.0
 10
4.699698237578777
 20
-6.438120576448735
 30
0.0
 10
4.990450822358985
 20
-6.431122141011815
 30
0.0
 10
5.282333704581247
 20
-6.450529881357345
 30
0.0
 10
5.609724031693808
 20
-6.496048551704749
 30
0.0
 10
5.977244582710208
 20
-6.571159647519932
 30
0.0
 10
6.390379002653844
 20
-6.674140392056611
 30
0.0
 10
6.671977965600852
 20
-6.748720064735361
 30
0.0
 10
6.816808689850251
 20
-6.787077549774744
 30
0.0
  0
SPLINE
  5
1A3
330
1F
100
AcDbEntity
  8
0
  6
Continuous
 62
     7
370
    25
100
AcDbSpline
210
0.0
220
0.0
230
1.0
 70
     8
 71
     3
 72
    14
 73
    10
 74
     0
 42
0.00000001
 43
0.00000001
 40
0.0
 40
0.0
 40
0.0
 40
0.0
 40
0.1381638530006282
 40
0.2760590635415661
 40
0.4139312434785457
 40
0.552265941977079
 40
0.6984979559586095
 40
0.8472420827614502
 40
1.0
 40
1.0
 40
1.0
 40
1.0
 10
3.881912742950159
 20
-5.667047217281891
 30
0.0
 10
4.000733585284634
 20
-5.635725266834156
 30
0.0
 10
4.238144237576779
 20
-5.573142267582842
 30
0.0
 10
4.600609295746247
 20
-5.507157121632935
 30
0.0
 10
4.966747766325008
 20
-5.465778631509606
 30
0.0
 10
5.34264581999556
 20
-5.453538068435913
 30
0.0
 10
5.7276839393733
 20
-5.475917938976671
 30
0.0
 10
6.122390408881037
 20
-5.535135944412485
 30
0.0
 10
6.380314322875462
 20
-5.60907936543224
 30
0.0
 10
6.51099310494831
 20
-5.646543267291959
 30
0.0
  0
SPLINE
  5
1A4
330
1F
100
AcDbEntity
  8
0
  6
Continuous
 62
     7
370
    25
100
AcDbSpline
210
0.0
220
0.0
230
1.0
 70
     8
 71
     3
 72
    13
 73
     9
 74
     0
 42
0.00000001
 43
0.00000001
 40
0.0
 40
0.0
 40
0.0
 40
0.0
 40
0.1420580839027421
 40
0.2772256722503447
 40
0.4278307890427988
 40
0.5630539486827065
 40
0.682702459321288
 40
1.0
 40
1.0
 40
1.0
 40
1.0
 10
7.354770282601635
 20
-5.953847119488146
 30
0.0
 10
7.314897730281274
 20
-5.939067968902212
 30
0.0
 10
7.237086634864014
 20
-5.910226527120699
 30
0.0
 10
7.117055535495844
 20
-5.865578153231557
 30
0.0
 10
6.998909026412598
 20
-5.82173126668932
 30
0.0
 10
6.884987708627229
 20
-5.779853450996423
 30
0.0
 10
6.724086355935903
 20
-5.721155700324887
 30
0.0
 10
6.600637836691622
 20
-5.677931457734186
 30
0.0
 10
6.510993104948305
 20
-5.646543267291949
 30
0.0
  0
SPLINE
  5
1A5
330
1F
100
AcDbEntity
  8
0
  6
Continuous
 62
     7
370
    25
100
AcDbSpline
210
0.0
220
0.0
230
1.0
 70
    24
 71
     3
 72
     9
 73
     5
 74
     0
 42
0.00000001
 43
0.00000001
 40
0.0
 40
0.0
 40
0.0
 40
0.0
 40
0.5598226446350059
 40
1.0
 40
1.0
 40
1.0
 40
1.0
 10
7.416901292006488
 20
-5.8462330544734
 30
0.0
 10
7.416139071621131
 20
-5.847553258907406
 30
0.0
 10
7.414777532582539
 20
-5.849911513698735
 30
0.0
 10
7.412190562680871
 20
-5.854392277006082
 30
0.0
 10
7.411051837111144
 20
-5.856364607548728
 30
0.0
  0
SPLINE
  5
1A7
330
1F
100
AcDbEntity
  8
0
  6
Continuous
 62
     7
370
    25
100
AcDbSpline
210
0.0
220
0.0
230
1.0
 70
    24
 71
     3
 72
     9
 73
     5
 74
     0
 42
0.00000001
 43
0.00000001
 40
0.0
 40
0.0
 40
0.0
 40
0.0
 40
0.5598226446349185
 40
1.0
 40
1.0
 40
1.0
 40
1.0
 10
7.590106372763377
 20
-5.946233054473408
 30
0.0
 10
7.589344152378019
 20
-5.947553258907411
 30
0.0
 10
7.587982613339426
 20
-5.949911513698736
 30
0.0
 10
7.585395643437755
 20
-5.954392277006076
 30
0.0
 10
7.584256917868029
 20
-5.956364607548717
 30
0.0
  0
SPLINE
  5
1AB
330
1F
100
AcDbEntity
  8
0
  6
Continuous
 62
     7
370
    25
100
AcDbSpline
210
0.0
220
0.0
230
1.0
 70
     8
 71
     3
 72
    21
 73
    17
 74
     0
 42
0.00000001
 43
0.00000001
 40
0.0
 40
0.0
 40
0.0
 40
0.0
 40
0.0925030500203914
 40
0.1754639410808866
 40
0.2616293982457474
 40
0.3487743242439066
 40
0.4573876059450473
 40
0.5653228206198642
 40
0.6726065550825184
 40
0.7641099166105956
 40
0.8563830747420753
 40
0.8843636777875945
 40
0.9129376401772201
 40
0.926798391952568
 40
0.9541592029879359
 40
1.0
 40
1.0
 40
1.0
 40
1.0
 10
3.730586300081741
 20
-6.557455260909586
 30
0.0
 10
3.794788739339761
 20
-6.58081433440708
 30
0.0
 10
3.916570810490228
 20
-6.625122874449432
 30
0.0
 10
4.098734336092519
 20
-6.689587932719808
 30
0.0
 10
4.277959357920657
 20
-6.750464441856531
 30
0.0
 10
4.476540831925896
 20
-6.813158825530468
 30
0.0
 10
4.692996002192302
 20
-6.872319226072451
 30
0.0
 10
4.927082699146317
 20
-6.922138286607245
 30
0.0
 10
5.151946906313801
 20
-6.952223543907317
 30
0.0
 10
5.366837971715152
 20
-6.961812992645592
 30
0.0
 10
5.523465378344914
 20
-6.95873846631937
 30
0.0
 10
5.632851132117974
 20
-6.947525958031148
 30
0.0
 10
5.684298659621581
 20
-6.939849193915742
 30
0.0
 10
5.735185619495906
 20
-6.93162330342547
 30
0.0
 10
5.798661797375844
 20
-6.921352321336556
 30
0.0
 10
5.852031109503741
 20
-6.912712595195018
 30
0.0
 10
5.885452394488945
 20
-6.907302168527377
 30
0.0
  0
SPLINE
  5
1AF
330
1F
100
AcDbEntity
  8
0
  6
Continuous
 62
     7
370
    25
100
AcDbSpline
210
0.0
220
0.0
230
1.0
 70
     8
 71
     3
 72
    16
 73
    12
 74
     0
 42
0.00000001
 43
0.00000001
 40
0.0
 40
0.0
 40
0.0
 40
0.0
 40
0.0852842642467112
 40
0.1699514569083732
 40
0.2546122275255399
 40
0.3398827955054093
 40
0.4724769261438286
 40
0.604874948424157
 40
0.7348522421074599
 40
0.8683452803154356
 40
0.9999999999999999
 40
0.9999999999999999
 40
0.9999999999999999
 40
0.9999999999999999
 10
6.101832177424995
 20
-7.714842512175437
 30
0.0
 10
6.046017126538241
 20
-7.731638439810329
 30
0.0
 10
5.934790872792556
 20
-7.765108768679204
 30
0.0
 10
5.763584957841795
 20
-7.797401898529625
 30
0.0
 10
5.590460642386417
 20
-7.815723344221051
 30
0.0
 10
5.383614558539516
 20
-7.819153964564867
 30
0.0
 10
5.1446205230377
 20
-7.801369569080147
 30
0.0
 10
4.878044140411877
 20
-7.758515896198512
 30
0.0
 10
4.613789279704128
 20
-7.700909812230372
 30
0.0
 10
4.351578377330346
 20
-7.636945362092914
 30
0.0
 10
4.176144261788171
 20
-7.591955905702262
 30
0.0
 10
4.089035362627973
 20
-7.569617137624608
 30
0.0
  0
SPLINE
  5
1B0
330
1F
100
AcDbEntity
  8
0
  6
Continuous
 62
     7
370
    25
100
AcDbSpline
210
0.0
220
0.0
230
1.0
 70
     8
 71
     3
 72
     9
 73
     5
 74
     0
 42
0.00000001
 43
0.00000001
 40
0.0
 40
0.0
 40
0.0
 40
0.0
 40
0.5501592219350624
 40
1.0
 40
1.0
 40
1.0
 40
1.0
 10
3.284552110298607
 20
-7.3300091395239
 30
0.0
 10
3.431892028270581
 20
-7.374593241165944
 30
0.0
 10
3.699705257782099
 20
-7.45563178394494
 30
0.0
 10
3.968238265500025
 20
-7.534251005727212
 30
0.0
 10
4.089035362627975
 20
-7.569617137624609
 30
0.0
  0
SPLINE
  5
1B4
330
1F
100
AcDbEntity
  8
0
  6
Continuous
 62
     7
370
    25
100
AcDbSpline
210
0.0
220
0.0
230
1.0
 70
     8
 71
     3
 72
    14
 73
    10
 74
     0
 42
0.00000001
 43
0.00000001
 40
0.0
 40
0.0
 40
0.0
 40
0.0
 40
0.1411027591722908
 40
0.2773141183833784
 40
0.4119502382877333
 40
0.5476740725325805
 40
0.6931737195472365
 40
0.8436070016990629
 40
1.0
 40
1.0
 40
1.0
 40
1.0
 10
0.4374552680373149
 20
-7.101158914342643
 30
0.0
 10
0.5598823070456381
 20
-7.067179753259762
 30
0.0
 10
0.8004923885779609
 20
-7.000399336247504
 30
0.0
 10
1.169989335782859
 20
-6.958734870124679
 30
0.0
 10
1.536092854573116
 20
-6.956978902823248
 30
0.0
 10
1.908864100549595
 20
-6.993129243379176
 30
0.0
 10
2.291205478734742
 20
-7.061739503087369
 30
0.0
 10
2.686813252165218
 20
-7.157029233503765
 30
0.0
 10
2.952077364725474
 20
-7.232974498546095
 30
0.0
 10
3.087285632556112
 20
-7.271684701887225
 30
0.0
  0
SPLINE
  5
1B6
330
1F
100
AcDbEntity
  8
0
  6
Continuous
 62
     7
370
    25
100
AcDbSpline
210
0.0
220
0.0
230
1.0
 70
     8
 71
     3
 72
    14
 73
    10
 74
     0
 42
0.00000001
 43
0.00000001
 40
0.0
 40
0.0
 40
0.0
 40
0.0
 40
0.1332489965350606
 40
0.27003207704175
 40
0.4089352043003052
 40
0.5496226118540359
 40
0.6985630912870573
 40
0.848771833031837
 40
1.0
 40
1.0
 40
1.0
 40
1.0
 10
0.2487061089011031
 20
-6.396737462560459
 30
0.0
 10
0.3924536139062333
 20
-6.360314723585149
 30
0.0
 10
0.6837611535910912
 20
-6.286503226967503
 30
0.0
 10
1.135297475285819
 20
-6.225387863971767
 30
0.0
 10
1.597798173506337
 20
-6.196874739036404
 30
0.0
 10
2.074887407865111
 20
-6.206367563400053
 30
0.0
 10
2.561886032286622
 20
-6.256400242771244
 30
0.0
 10
3.05555322611391
 20
-6.346456128133767
 30
0.0
 10
3.376957428264333
 20
-6.442492382480963
 30
0.0
 10
3.538203005505043
 20
-6.490672901480531
 30
0.0
  0
SPLINE
  5
1B7
330
1F
100
AcDbEntity
  8
0
  6
Continuous
 62
     7
370
    25
100
AcDbSpline
210
0.0
220
0.0
230
1.0
 70
    24
 71
     3
 72
     9
 73
     5
 74
     0
 42
0.00000001
 43
0.00000001
 40
0.0
 40
0.0
 40
0.0
 40
0.0
 40
0.5603194205071294
 40
1.0
 40
1.0
 40
1.0
 40
1.0
 10
3.617257442604195
 20
-6.35374660002151
 30
0.0
 10
3.611445386734252
 20
-6.363813376084652
 30
0.0
 10
3.601072632092478
 20
-6.381779514138611
 30
0.0
 10
3.58899215275144
 20
-6.402703518137116
 30
0.0
 10
3.583680600594221
 20
-6.411903396340491
 30
0.0
  0
SPLINE
  5
1B9
330
1F
100
AcDbEntity
  8
0
  6
Continuous
 62
     7
370
    25
100
AcDbSpline
210
0.0
220
0.0
230
1.0
 70
    24
 71
     3
 72
     9
 73
     5
 74
     0
 42
0.00000001
 43
0.00000001
 40
0.0
 40
0.0
 40
0.0
 40
0.0
 40
0.560319420507178
 40
1.0
 40
1.0
 40
1.0
 40
1.0
 10
3.79046252336108
 20
-6.453746600021509
 30
0.0
 10
3.784650467491145
 20
-6.463813376084668
 30
0.0
 10
3.774277712849382
 20
-6.481779514138649
 30
0.0
 10
3.762197233508331
 20
-6.502703518137121
 30
0.0
 10
3.756885681351107
 20
-6.511903396340481
 30
0.0
  0
SPLINE
  5
1BD
330
1F
100
AcDbEntity
  8
0
  6
Continuous
 62
     7
370
    25
100
AcDbSpline
210
0.0
220
0.0
230
1.0
 70
     8
 71
     3
 72
     9
 73
     5
 74
     0
 42
0.00000001
 43
0.00000001
 40
0.0
 40
0.0
 40
0.0
 40
0.0
 40
0.5543881723616995
 40
1.0
 40
1.0
 40
1.0
 40
1.0
 10
1.275590649516106
 20
-4.567888470964579
 30
0.0
 10
1.411435719388217
 20
-4.607036393971899
 30
0.0
 10
1.656471736829587
 20
-4.677651037211039
 30
0.0
 10
1.900126535167814
 20
-4.752887817569411
 30
0.0
 10
2.008701995168152
 20
-4.786414216770526
 30
0.0
  0
SPLINE
  5
1BE
330
1F
100
AcDbEntity
  8
0
  6
Continuous
 62
     7
370
    25
100
AcDbSpline
210
0.0
220
0.0
230
1.0
 70
     8
 71
     3
 72
    21
 73
    17
 74
     0
 42
0.00000001
 43
0.00000001
 40
0.0
 40
0.0
 40
0.0
 40
0.0
 40
0.0496750095808063
 40
0.0969892215073611
 40
0.2472831170454433
 40
0.3970694188264694
 40
0.5465863230628027
 40
0.6737010922055777
 40
0.8012557455632452
 40
0.8289485704062304
 40
0.8579080599778232
 40
0.8858070668554823
 40
0.9142521413872358
 40
0.9427934777723118
 40
0.9596194349395175
 40
0.9999999999999999
 40
0.9999999999999999
 40
0.9999999999999999
 40
0.9999999999999999
 10
2.008702194737631
 20
-4.786413584239333
 30
0.0
 10
2.033215836476746
 20
-4.794071349513485
 30
0.0
 10
2.081078112672579
 20
-4.809022945873384
 30
0.0
 10
2.203615625526894
 20
-4.845475780307294
 30
0.0
 10
2.377067553842894
 20
-4.892326261603821
 30
0.0
 10
2.604461374519639
 20
-4.941073172536389
 30
0.0
 10
2.822868103351902
 20
-4.972815559059441
 30
0.0
 10
3.03157990506511
 20
-4.985977767225333
 30
0.0
 10
3.177690312207228
 20
-4.985632663745727
 30
0.0
 10
3.272814631196675
 20
-4.980981965871225
 30
0.0
 10
3.316417798670475
 20
-4.977829966239312
 30
0.0
 10
3.360315745290503
 20
-4.973541297494745
 30
0.0
 10
3.40385272672374
 20
-4.967984841884805
 30
0.0
 10
3.441607370163542
 20
-4.962430004272296
 30
0.0
 10
3.4854318505695
 20
-4.955748779709926
 30
0.0
 10
3.514671406851987
 20
-4.951305118979985
 30
0.0
 10
3.535310833246504
 20
-4.948168456861321
 30
0.0
  0
SPLINE
  5
1C2
330
1F
100
AcDbEntity
  8
0
  6
Continuous
 62
     7
370
    25
100
AcDbSpline
210
0.0
220
0.0
230
1.0
 70
     8
 71
     3
 72
    14
 73
    10
 74
     0
 42
0.00000001
 43
0.00000001
 40
0.0
 40
0.0
 40
0.0
 40
0.0
 40
0.1473924838155482
 40
0.2920754646911967
 40
0.4389163173509083
 40
0.5811009380930567
 40
0.723243974668726
 40
0.8661673187325548
 40
1.0
 40
1.0
 40
1.0
 40
1.0
 10
3.674593398995254
 20
-5.467978068814975
 30
0.0
 10
3.602440273180101
 20
-5.486974862792995
 30
0.0
 10
3.459460406053659
 20
-5.524619234372462
 30
0.0
 10
3.238226161654746
 20
-5.550124652493293
 30
0.0
 10
3.018608439495921
 20
-5.551441555468542
 30
0.0
 10
2.801078493994655
 20
-5.533571509260875
 30
0.0
 10
2.587296126419014
 20
-5.50159013455469
 30
0.0
 10
2.379405641010165
 20
-5.460638674902914
 30
0.0
 10
2.242959570011622
 20
-5.429492266228965
 30
0.0
 10
2.176977470766321
 20
-5.414430598177848
 30
0.0
  0
SPLINE
  5
1C3
330
1F
100
AcDbEntity
  8
0
  6
Continuous
 62
     7
370
    25
100
AcDbSpline
210
0.0
220
0.0
230
1.0
 70
     8
 71
     3
 72
     9
 73
     5
 74
     0
 42
0.00000001
 43
0.00000001
 40
0.0
 40
0.0
 40
0.0
 40
0.0
 40
0.5477402735728446
 40
1.0
 40
1.0
 40
1.0
 40
1.0
 10
0.9889411631525764
 20
-5.064379945347734
 30
0.0
 10
1.205567091384413
 20
-5.129263350879524
 30
0.0
 10
1.601057324043063
 20
-5.247719868799162
 30
0.0
 10
1.997625928903595
 20
-5.362512499870348
 30
0.0
 10
2.176977937647418
 20
-5.414428583794455
 30
0.0
  0
SPLINE
  5
1C7
330
1F
100
AcDbEntity
  8
0
  6
Continuous
 62
     7
370
    25
100
AcDbSpline
210
0.0
220
0.0
230
1.0
 70
     8
 71
     3
 72
    14
 73
    10
 74
     0
 42
0.00000001
 43
0.00000001
 40
0.0
 40
0.0
 40
0.0
 40
0.0
 40
0.1428075150243968
 40
0.2807748474649599
 40
0.4167275664026382
 40
0.5529784152145656
 40
0.6979534502781721
 40
0.8466387102953432
 40
1.0
 40
1.0
 40
1.0
 40
1.0
 10
-1.892351852001468
 20
-4.876209956998036
 30
0.0
 10
-1.766978309832789
 20
-4.842214047320684
 30
0.0
 10
-1.520480517524458
 20
-4.775374453112631
 30
0.0
 10
-1.143340870971007
 20
-4.730101116440943
 30
0.0
 10
-0.7702774512651825
 20
-4.722685502392996
 30
0.0
 10
-0.3918015478738582
 20
-4.751582335959474
 30
0.0
 10
-0.0056211913620262
 20
-4.812203449053037
 30
0.0
 10
0.3913072248662945
 20
-4.899327358327111
 30
0.0
 10
0.6561646886044232
 20
-4.971298687031676
 30
0.0
 10
0.7906435703006124
 20
-5.007841451059456
 30
0.0
  0
SPLINE
  5
1C9
330
1F
100
AcDbEntity
  8
0
  6
Continuous
 62
     7
370
    25
100
AcDbSpline
210
0.0
220
0.0
230
1.0
 70
     8
 71
     3
 72
    14
 73
    10
 74
     0
 42
0.00000001
 43
0.00000001
 40
0.0
 40
0.0
 40
0.0
 40
0.0
 40
0.1402608336128764
 40
0.2774036601408709
 40
0.4136250080975407
 40
0.5507066795698908
 40
0.6967073495202772
 40
0.846235696374367
 40
1.0
 40
1.0
 40
1.0
 40
1.0
 10
-2.021761374552726
 20
-4.393247043853492
 30
0.0
 10
-1.879663892701962
 20
-4.355379604733293
 30
0.0
 10
-1.59862776489027
 20
-4.280486522027845
 30
0.0
 10
-1.167474244936643
 20
-4.22701764831806
 30
0.0
 10
-0.7373263412455714
 20
-4.213740303073689
 30
0.0
 10
-0.2983654128465237
 20
-4.23987946327159
 30
0.0
 10
0.1508738481367436
 20
-4.301461562457519
 30
0.0
 10
0.6126708509576161
 20
-4.393514529205225
 30
0.0
 10
0.9203078470957242
 20
-4.472877957391699
 30
0.0
 10
1.076274661345384
 20
-4.513113888757442
 30
0.0
  0
SPLINE
  5
1CB
330
1F
100
AcDbEntity
  8
0
  6
Continuous
 62
     7
370
    25
100
AcDbSpline
210
0.0
220
0.0
230
1.0
 70
    24
 71
     3
 72
     9
 73
     5
 74
     0
 42
0.00000001
 43
0.00000001
 40
0.0
 40
0.0
 40
0.0
 40
0.0
 40
0.5599137314596812
 40
1.0
 40
1.0
 40
1.0
 40
1.0
 10
1.40076507141894
 20
-4.351080012458808
 30
0.0
 10
1.392127901594595
 20
-4.366040029428168
 30
0.0
 10
1.376702007677281
 20
-4.392758461445113
 30
0.0
 10
1.358328202386885
 20
-4.424582825736477
 30
0.0
 10
1.350242142977747
 20
-4.438588291466131
 30
0.0
  0
SPLINE
  5
1CC
330
1F
100
AcDbEntity
  8
0
  6
Continuous
 62
     7
370
    25
100
AcDbSpline
210
0.0
220
0.0
230
1.0
 70
    24
 71
     3
 72
     9
 73
     5
 74
     0
 42
0.00000001
 43
0.00000001
 40
0.0
 40
0.0
 40
0.0
 40
0.0
 40
0.5599137314596907
 40
1.0
 40
1.0
 40
1.0
 40
1.0
 10
1.227559990662059
 20
-4.251080012458826
 30
0.0
 10
1.218922820837713
 20
-4.266040029428183
 30
0.0
 10
1.203496926920397
 20
-4.292758461445123
 30
0.0
 10
1.185123121629996
 20
-4.32458282573648
 30
0.0
 10
1.177037062220857
 20
-4.338588291466132
 30
0.0
  0
SPLINE
  5
1CD
330
1F
100
AcDbEntity
  8
0
  6
Continuous
 62
     7
370
    25
100
AcDbSpline
210
0.0
220
0.0
230
1.0
 70
     8
 71
     3
 72
    14
 73
    10
 74
     0
 42
0.00000001
 43
0.00000001
 40
0.0
 40
0.0
 40
0.0
 40
0.0
 40
0.1410297955591272
 40
0.2818753607524478
 40
0.422618721423327
 40
0.5633370663268763
 40
0.7104470631168458
 40
0.8560893655250532
 40
1.0
 40
1.0
 40
1.0
 40
1.0
 10
-9.03118781734793
 20
-0.5270639445803745
 30
0.0
 10
-9.14605247324252
 20
-0.5676388841002608
 30
0.0
 10
-9.37563173477111
 20
-0.6487357591920325
 30
0.0
 10
-9.73143935960929
 20
-0.7321014156834525
 30
0.0
 10
-10.09119089476638
 20
-0.7919606245899264
 30
0.0
 10
-10.4597540692146
 20
-0.8280960574114093
 30
0.0
 10
-10.83406125324397
 20
-0.8363157395933196
 30
0.0
 10
-11.21113335536341
 20
-0.8267475903539635
 30
0.0
 10
-11.46064853273316
 20
-0.8438119228641439
 30
0.0
 10
-11.58466001012633
 20
-0.8522930625993025
 30
0.0
  0
SPLINE
  5
1CF
330
1F
100
AcDbEntity
  8
0
  6
Continuous
 62
     7
370
    25
100
AcDbSpline
210
0.0
220
0.0
230
1.0
 70
     8
 71
     3
 72
    17
 73
    13
 74
     0
 42
0.00000001
 43
0.00000001
 40
0.0
 40
0.0
 40
0.0
 40
0.0
 40
0.0777504184766911
 40
0.1561923543650471
 40
0.2354546932805384
 40
0.315315973939589
 40
0.3955146565098627
 40
0.4759056415805045
 40
0.5563746065809088
 40
0.703974366375922
 40
0.8519118101407592
 40
1.0
 40
1.0
 40
1.0
 40
1.0
 10
-11.51670596178428
 20
-1.149738066293078
 30
0.0
 10
-11.45153201094049
 20
-1.172237091314038
 30
0.0
 10
-11.32060444778383
 20
-1.217435249186273
 30
0.0
 10
-11.11230527363127
 20
-1.240791595735742
 30
0.0
 10
-10.90203121019417
 20
-1.240103837791705
 30
0.0
 10
-10.69118334780918
 20
-1.218234820252462
 30
0.0
 10
-10.4817514928788
 20
-1.180683238345237
 30
0.0
 10
-10.27439169518688
 20
-1.130690500993918
 30
0.0
 10
-10.01304850973087
 20
-1.052007142431828
 30
0.0
 10
-9.702799340874549
 20
-0.9310049254056438
 30
0.0
 10
-9.349349479067056
 20
-0.7597193575761032
 30
0.0
 10
-9.123373182991143
 20
-0.6273914480789766
 30
0.0
 10
-9.010327497631765
 20
-0.561193800444947
 30
0.0
  0
SPLINE
  5
1D0
330
1F
100
AcDbEntity
  8
0
  6
Continuous
 62
     7
370
    25
100
AcDbSpline
210
0.0
220
0.0
230
1.0
 70
     8
 71
     3
 72
    20
 73
    16
 74
     0
 42
0.00000001
 43
0.00000001
 40
0.0
 40
0.0
 40
0.0
 40
0.0
 40
0.1392005106672492
 40
0.2789014764855701
 40
0.4191075240222937
 40
0.5420411612669573
 40
0.5970657093604207
 40
0.619311716284771
 40
0.6386887834813372
 40
0.65698846382846
 40
0.6754946973261612
 40
0.7216344160079252
 40
0.8248693514105094
 40
0.9278854279941625
 40
1.0
 40
1.0
 40
1.0
 40
1.0
 10
-11.51670596178428
 20
-1.149738066293078
 30
0.0
 10
-11.54152103278828
 20
-1.138146023134169
 30
0.0
 10
-11.59124039020253
 20
-1.114920260979945
 30
0.0
 10
-11.66240376561595
 20
-1.072964077812038
 30
0.0
 10
-11.72508400539497
 20
-1.02394461047158
 30
0.0
 10
-11.76436174747588
 20
-0.9736913317056282
 30
0.0
 10
-11.77885307630661
 20
-0.936822833930569
 30
0.0
 10
-11.78378862084239
 20
-0.9184724037353145
 30
0.0
 10
-11.78494886795008
 20
-0.9065703151212073
 30
0.0
 10
-11.78105279539361
 20
-0.8956671149205652
 30
0.0
 10
-11.76806644303357
 20
-0.8849630051571
 30
0.0
 10
-11.73545404528106
 20
-0.8767369577851295
 30
0.0
 10
-11.686940777474
 20
-0.867949436266471
 30
0.0
 10
-11.63281428399865
 20
-0.8589935517902837
 30
0.0
 10
-11.59870527596481
 20
-0.8542474094177115
 30
0.0
 10
-11.58466001012633
 20
-0.8522930625993025
 30
0.0
  0
SPLINE
  5
1D1
330
1F
100
AcDbEntity
  8
0
  6
Continuous
 62
     7
370
    25
100
AcDbSpline
210
0.0
220
0.0
230
1.0
 70
     8
 71
     3
 72
     9
 73
     5
 74
     0
 42
0.00000001
 43
0.00000001
 40
0.0
 40
0.0
 40
0.0
 40
0.0
 40
0.4881028496548047
 40
1.0
 40
1.0
 40
1.0
 40
1.0
 10
-10.02854638135023
 20
-0.978927366580715
 30
0.0
 10
-9.964819945181299
 20
-0.9555521689680827
 30
0.0
 10
-9.834260502199157
 20
-0.9076622670157304
 30
0.0
 10
-9.707470326821166
 20
-0.8505286281686495
 30
0.0
 10
-9.642566797353403
 20
-0.8212820812539771
 30
0.0
  0
SPLINE
  5
1D5
330
1F
100
AcDbEntity
  8
0
  6
Continuous
 62
     7
370
    25
100
AcDbSpline
210
0.0
220
0.0
230
1.0
 70
     8
 71
     3
 72
    10
 73
     6
 74
     0
 42
0.00000001
 43
0.00000001
 40
0.0
 40
0.0
 40
0.0
 40
0.0
 40
0.2957661269280011
 40
0.6274282949601316
 40
1.0
 40
1.0
 40
1.0
 40
1.0
 10
-11.26615946326789
 20
-1.148823084514423
 30
0.0
 10
-11.19254668914959
 20
-1.157725251846393
 30
0.0
 10
-11.03638703073281
 20
-1.176610009639862
 30
0.0
 10
-10.78518258710065
 20
-1.161891966740535
 30
0.0
 10
-10.61158539032987
 20
-1.131169748550037
 30
0.0
 10
-10.51974458848247
 20
-1.11491629972925
 30
0.0
  0
SPLINE
  5
1D7
330
1F
100
AcDbEntity
  8
0
  6
Continuous
 62
     7
370
    25
100
AcDbSpline
210
0.0
220
0.0
230
1.0
 70
     8
 71
     3
 72
    12
 73
     8
 74
     0
 42
0.00000001
 43
0.00000001
 40
0.0
 40
0.0
 40
0.0
 40
0.0
 40
0.1795797026917745
 40
0.3895620622295948
 40
0.6054961619924925
 40
0.8038854573822423
 40
1.0
 40
1.0
 40
1.0
 40
1.0
 10
-10.54618370456873
 20
-0.8978901315854491
 30
0.0
 10
-10.58810374486777
 20
-0.8993130175774997
 30
0.0
 10
-10.67904084467838
 20
-0.9023996826798034
 30
0.0
 10
-10.82046962408734
 20
-0.9034974267207286
 30
0.0
 10
-10.96628031479895
 20
-0.9031457000797233
 30
0.0
 10
-11.10885248393676
 20
-0.9016682400639408
 30
0.0
 10
-11.20099051342696
 20
-0.9026212516087649
 30
0.0
 10
-11.24679388913665
 20
-0.9030950097961795
 30
0.0
  0
CIRCLE
  5
1D9
330
1F
100
AcDbEntity
  8
0
  6
Continuous
 62
     7
370
    25
100
AcDbCircle
 10
-10.2942324861
 20
-0.9710391177
 30
0.0
 40
0.0590551181102523
  0
CIRCLE
  5
1DA
330
1F
100
AcDbEntity
  8
0
  6
Continuous
 62
     7
370
    25
100
AcDbCircle
 10
-11.4937701669
 20
-1.0043460576
 30
0.0
 40
0.0590551181102535
  0
SPLINE
  5
1DB
330
1F
100
AcDbEntity
  8
0
  6
Continuous
 62
     7
370
    25
100
AcDbSpline
210
0.0
220
0.0
230
1.0
 70
     8
 71
     3
 72
    14
 73
    10
 74
     0
 42
0.00000001
 43
0.00000001
 40
0.0
 40
0.0
 40
0.0
 40
0.0
 40
0.1410297955591272
 40
0.2818753607524478
 40
0.422618721423327
 40
0.5633370663268763
 40
0.7104470631168458
 40
0.8560893655250532
 40
1.0
 40
1.0
 40
1.0
 40
1.0
 10
-8.916307814582836
 20
1.488189968550345
 30
0.0
 10
-9.031172470477426
 20
1.447615029030459
 30
0.0
 10
-9.260751732006016
 20
1.366518153938686
 30
0.0
 10
-9.616559356844196
 20
1.283152497447267
 30
0.0
 10
-9.976310892001287
 20
1.223293288540793
 30
0.0
 10
-10.34487406644951
 20
1.18715785571931
 30
0.0
 10
-10.71918125047887
 20
1.1789381735374
 30
0.0
 10
-11.09625335259831
 20
1.188506322776756
 30
0.0
 10
-11.34576852996807
 20
1.171441990266575
 30
0.0
 10
-11.46978000736124
 20
1.162960850531417
 30
0.0
  0
SPLINE
  5
1DD
330
1F
100
AcDbEntity
  8
0
  6
Continuous
 62
     7
370
    25
100
AcDbSpline
210
0.0
220
0.0
230
1.0
 70
     8
 71
     3
 72
    17
 73
    13
 74
     0
 42
0.00000001
 43
0.00000001
 40
0.0
 40
0.0
 40
0.0
 40
0.0
 40
0.0777504184766911
 40
0.1561923543650471
 40
0.2354546932805384
 40
0.315315973939589
 40
0.3955146565098627
 40
0.4759056415805045
 40
0.5563746065809088
 40
0.703974366375922
 40
0.8519118101407592
 40
1.0
 40
1.0
 40
1.0
 40
1.0
 10
-11.40182595901919
 20
0.8655158468376412
 30
0.0
 10
-11.33665200817539
 20
0.843016821816681
 30
0.0
 10
-11.20572444501874
 20
0.797818663944446
 30
0.0
 10
-10.99742527086618
 20
0.7744623173949788
 30
0.0
 10
-10.78715120742907
 20
0.7751500753390133
 30
0.0
 10
-10.57630334504409
 20
0.7970190928782575
 30
0.0
 10
-10.36687149011371
 20
0.8345706747854826
 30
0.0
 10
-10.15951169242178
 20
0.8845634121368017
 30
0.0
 10
-9.898168506965774
 20
0.9632467706988922
 30
0.0
 10
-9.587919338109455
 20
1.084248987725075
 30
0.0
 10
-9.234469476301962
 20
1.255534555554616
 30
0.0
 10
-9.00849318022605
 20
1.387862465051743
 30
0.0
 10
-8.895447494866671
 20
1.454060112685772
 30
0.0
  0
SPLINE
  5
1DE
330
1F
100
AcDbEntity
  8
0
  6
Continuous
 62
     7
370
    25
100
AcDbSpline
210
0.0
220
0.0
230
1.0
 70
     8
 71
     3
 72
    20
 73
    16
 74
     0
 42
0.00000001
 43
0.00000001
 40
0.0
 40
0.0
 40
0.0
 40
0.0
 40
0.1392005106672492
 40
0.2789014764855701
 40
0.4191075240222937
 40
0.5420411612669573
 40
0.5970657093604207
 40
0.619311716284771
 40
0.6386887834813372
 40
0.65698846382846
 40
0.6754946973261612
 40
0.7216344160079252
 40
0.8248693514105094
 40
0.9278854279941625
 40
1.0
 40
1.0
 40
1.0
 40
1.0
 10
-11.40182595901918
 20
0.8655158468376412
 30
0.0
 10
-11.42664103002319
 20
0.8771078899965495
 30
0.0
 10
-11.47636038743744
 20
0.9003336521507737
 30
0.0
 10
-11.54752376285086
 20
0.9422898353186822
 30
0.0
 10
-11.61020400262988
 20
0.9913093026591389
 30
0.0
 10
-11.64948174471079
 20
1.04156258142509
 30
0.0
 10
-11.66397307354152
 20
1.078431079200151
 30
0.0
 10
-11.6689086180773
 20
1.096781509395404
 30
0.0
 10
-11.67006886518499
 20
1.108683598009512
 30
0.0
 10
-11.66617279262851
 20
1.119586798210154
 30
0.0
 10
-11.65318644026848
 20
1.130290907973619
 30
0.0
 10
-11.62057404251597
 20
1.138516955345589
 30
0.0
 10
-11.57206077470891
 20
1.147304476864249
 30
0.0
 10
-11.51793428123356
 20
1.156260361340436
 30
0.0
 10
-11.48382527319971
 20
1.161006503713008
 30
0.0
 10
-11.46978000736124
 20
1.162960850531417
 30
0.0
  0
SPLINE
  5
1E1
330
1F
100
AcDbEntity
  8
0
  6
Continuous
 62
     7
370
    25
100
AcDbSpline
210
0.0
220
0.0
230
1.0
 70
     8
 71
     3
 72
    10
 73
     6
 74
     0
 42
0.00000001
 43
0.00000001
 40
0.0
 40
0.0
 40
0.0
 40
0.0
 40
0.2957661269280011
 40
0.6274282949601316
 40
1.0
 40
1.0
 40
1.0
 40
1.0
 10
-11.1512794605028
 20
0.8664308286162962
 30
0.0
 10
-11.0776666863845
 20
0.8575286612843267
 30
0.0
 10
-10.92150702796772
 20
0.8386439034908583
 30
0.0
 10
-10.67030258433555
 20
0.8533619463901837
 30
0.0
 10
-10.49670538756477
 20
0.8840841645806817
 30
0.0
 10
-10.40486458571738
 20
0.9003376134014696
 30
0.0
  0
CIRCLE
  5
1E3
330
1F
100
AcDbEntity
  8
0
  6
Continuous
 62
     7
370
    25
100
AcDbCircle
 10
-10.1793524833
 20
1.0442147954
 30
0.0
 40
0.0590551181102533
  0
CIRCLE
  5
1E4
330
1F
100
AcDbEntity
  8
0
  6
Continuous
 62
     7
370
    25
100
AcDbCircle
 10
-11.3788901642
 20
1.0109078555
 30
0.0
 40
0.0590551181102518
  0
SPLINE
  5
1E5
330
1F
100
AcDbEntity
  8
0
  6
Continuous
 62
     7
370
    25
100
AcDbSpline
210
0.0
220
0.0
230
1.0
 70
     8
 71
     3
 72
    12
 73
     8
 74
     0
 42
0.00000001
 43
0.00000001
 40
0.0
 40
0.0
 40
0.0
 40
0.0
 40
0.1795797026917745
 40
0.3895620622295948
 40
0.6054961619924925
 40
0.8038854573822423
 40
1.0
 40
1.0
 40
1.0
 40
1.0
 10
-10.43130370180364
 20
1.11736378154527
 30
0.0
 10
-10.47322374210268
 20
1.11594089555322
 30
0.0
 10
-10.56416084191329
 20
1.112854230450916
 30
0.0
 10
-10.70558962132225
 20
1.11175648640999
 30
0.0
 10
-10.85140031203386
 20
1.112108213050996
 30
0.0
 10
-10.99397248117166
 20
1.113585673066779
 30
0.0
 10
-11.08611051066186
 20
1.112632661521955
 30
0.0
 10
-11.13191388637155
 20
1.11215890333454
 30
0.0
  0
SPLINE
  5
1E7
330
1F
100
AcDbEntity
  8
0
  6
Continuous
 62
     7
370
    25
100
AcDbSpline
210
0.0
220
0.0
230
1.0
 70
     8
 71
     3
 72
     9
 73
     5
 74
     0
 42
0.00000001
 43
0.00000001
 40
0.0
 40
0.0
 40
0.0
 40
0.0
 40
0.4881028496548047
 40
1.0
 40
1.0
 40
1.0
 40
1.0
 10
-9.913666378585132
 20
1.036326546550004
 30
0.0
 10
-9.849939942416205
 20
1.059701744162637
 30
0.0
 10
-9.719380499434063
 20
1.107591646114989
 30
0.0
 10
-9.592590324056072
 20
1.16472528496207
 30
0.0
 10
-9.52768679458831
 20
1.193971831876742
 30
0.0
  0
SPLINE
  5
1E9
330
1F
100
AcDbEntity
  8
0
  6
Continuous
 62
     7
370
    25
100
AcDbSpline
210
0.0
220
0.0
230
1.0
 70
     8
 71
     3
 72
    14
 73
    10
 74
     0
 42
0.00000001
 43
0.00000001
 40
0.0
 40
0.0
 40
0.0
 40
0.0
 40
0.1410297955591272
 40
0.2818753607524478
 40
0.422618721423327
 40
0.5633370663268763
 40
0.7104470631168458
 40
0.8560893655250532
 40
1.0
 40
1.0
 40
1.0
 40
1.0
 10
-5.39155690075903
 20
-3.600828144561141
 30
0.0
 10
-5.50642155665362
 20
-3.641403084081027
 30
0.0
 10
-5.736000818182212
 20
-3.722499959172797
 30
0.0
 10
-6.09180844302039
 20
-3.805865615664219
 30
0.0
 10
-6.451559978177481
 20
-3.865724824570693
 30
0.0
 10
-6.820123152625699
 20
-3.901860257392176
 30
0.0
 10
-7.194430336655066
 20
-3.910079939574085
 30
0.0
 10
-7.571502438774509
 20
-3.90051179033473
 30
0.0
 10
-7.821017616144261
 20
-3.91757612284491
 30
0.0
 10
-7.945029093537429
 20
-3.926057262580069
 30
0.0
  0
SPLINE
  5
1EB
330
1F
100
AcDbEntity
  8
0
  6
Continuous
 62
     7
370
    25
100
AcDbSpline
210
0.0
220
0.0
230
1.0
 70
     8
 71
     3
 72
    17
 73
    13
 74
     0
 42
0.00000001
 43
0.00000001
 40
0.0
 40
0.0
 40
0.0
 40
0.0
 40
0.0777504184766911
 40
0.1561923543650471
 40
0.2354546932805384
 40
0.315315973939589
 40
0.3955146565098627
 40
0.4759056415805045
 40
0.5563746065809088
 40
0.703974366375922
 40
0.8519118101407592
 40
1.0
 40
1.0
 40
1.0
 40
1.0
 10
-7.877075045195379
 20
-4.223502266273845
 30
0.0
 10
-7.811901094351588
 20
-4.246001291294805
 30
0.0
 10
-7.680973531194931
 20
-4.29119944916704
 30
0.0
 10
-7.472674357042368
 20
-4.31455579571651
 30
0.0
 10
-7.262400293605264
 20
-4.313868037772471
 30
0.0
 10
-7.051552431220282
 20
-4.291999020233229
 30
0.0
 10
-6.842120576289902
 20
-4.254447438326002
 30
0.0
 10
-6.634760778597978
 20
-4.204454700974684
 30
0.0
 10
-6.373417593141967
 20
-4.125771342412595
 30
0.0
 10
-6.063168424285647
 20
-4.004769125386412
 30
0.0
 10
-5.709718562478157
 20
-3.833483557556869
 30
0.0
 10
-5.483742266402243
 20
-3.701155648059743
 30
0.0
 10
-5.370696581042866
 20
-3.634958000425713
 30
0.0
  0
SPLINE
  5
1EC
330
1F
100
AcDbEntity
  8
0
  6
Continuous
 62
     7
370
    25
100
AcDbSpline
210
0.0
220
0.0
230
1.0
 70
     8
 71
     3
 72
    20
 73
    16
 74
     0
 42
0.00000001
 43
0.00000001
 40
0.0
 40
0.0
 40
0.0
 40
0.0
 40
0.1392005106672492
 40
0.2789014764855701
 40
0.4191075240222937
 40
0.5420411612669573
 40
0.5970657093604207
 40
0.619311716284771
 40
0.6386887834813372
 40
0.65698846382846
 40
0.6754946973261612
 40
0.7216344160079252
 40
0.8248693514105094
 40
0.9278854279941625
 40
1.0
 40
1.0
 40
1.0
 40
1.0
 10
-7.877075045195379
 20
-4.223502266273845
 30
0.0
 10
-7.901890116199384
 20
-4.211910223114936
 30
0.0
 10
-7.951609473613636
 20
-4.18868446096071
 30
0.0
 10
-8.022772849027053
 20
-4.146728277792805
 30
0.0
 10
-8.085453088806071
 20
-4.097708810452347
 30
0.0
 10
-8.124730830886987
 20
-4.047455531686392
 30
0.0
 10
-8.13922215971771
 20
-4.010587033911337
 30
0.0
 10
-8.144157704253498
 20
-3.99223660371608
 30
0.0
 10
-8.145317951361184
 20
-3.980334515101974
 30
0.0
 10
-8.141421878804708
 20
-3.96943131490133
 30
0.0
 10
-8.12843552644467
 20
-3.958727205137867
 30
0.0
 10
-8.09582312869216
 20
-3.950501157765895
 30
0.0
 10
-8.0473098608851
 20
-3.941713636247238
 30
0.0
 10
-7.99318336740975
 20
-3.93275775177105
 30
0.0
 10
-7.959074359375906
 20
-3.928011609398478
 30
0.0
 10
-7.945029093537429
 20
-3.926057262580069
 30
0.0
  0
SPLINE
  5
1ED
330
1F
100
AcDbEntity
  8
0
  6
Continuous
 62
     7
370
    25
100
AcDbSpline
210
0.0
220
0.0
230
1.0
 70
     8
 71
     3
 72
     9
 73
     5
 74
     0
 42
0.00000001
 43
0.00000001
 40
0.0
 40
0.0
 40
0.0
 40
0.0
 40
0.4881028496548047
 40
1.0
 40
1.0
 40
1.0
 40
1.0
 10
-6.388915464761326
 20
-4.052691566561482
 30
0.0
 10
-6.3251890285924
 20
-4.029316368948849
 30
0.0
 10
-6.194629585610257
 20
-3.981426466996497
 30
0.0
 10
-6.067839410232266
 20
-3.924292828149416
 30
0.0
 10
-6.002935880764504
 20
-3.895046281234743
 30
0.0
  0
SPLINE
  5
1F1
330
1F
100
AcDbEntity
  8
0
  6
Continuous
 62
     7
370
    25
100
AcDbSpline
210
0.0
220
0.0
230
1.0
 70
     8
 71
     3
 72
    10
 73
     6
 74
     0
 42
0.00000001
 43
0.00000001
 40
0.0
 40
0.0
 40
0.0
 40
0.0
 40
0.2957661269280011
 40
0.6274282949601316
 40
1.0
 40
1.0
 40
1.0
 40
1.0
 10
-7.626528546678989
 20
-4.22258728449519
 30
0.0
 10
-7.55291577256069
 20
-4.23148945182716
 30
0.0
 10
-7.396756114143911
 20
-4.250374209620629
 30
0.0
 10
-7.145551670511748
 20
-4.2356561667213
 30
0.0
 10
-6.971954473740967
 20
-4.204933948530803
 30
0.0
 10
-6.88011367189357
 20
-4.188680499710016
 30
0.0
  0
CIRCLE
  5
1F4
330
1F
100
AcDbEntity
  8
0
  6
Continuous
 62
     7
370
    25
100
AcDbCircle
 10
-6.6546015695
 20
-4.0448033177
 30
0.0
 40
0.0590551181102531
  0
CIRCLE
  5
1F5
330
1F
100
AcDbEntity
  8
0
  6
Continuous
 62
     7
370
    25
100
AcDbCircle
 10
-7.8541392503
 20
-4.0781102576
 30
0.0
 40
0.0590551181102509
  0
SPLINE
  5
1F6
330
1F
100
AcDbEntity
  8
0
  6
Continuous
 62
     7
370
    25
100
AcDbSpline
210
0.0
220
0.0
230
1.0
 70
     8
 71
     3
 72
    12
 73
     8
 74
     0
 42
0.00000001
 43
0.00000001
 40
0.0
 40
0.0
 40
0.0
 40
0.0
 40
0.1795797026917745
 40
0.3895620622295948
 40
0.6054961619924925
 40
0.8038854573822423
 40
1.0
 40
1.0
 40
1.0
 40
1.0
 10
-6.906552787979833
 20
-3.971654331566216
 30
0.0
 10
-6.948472828278874
 20
-3.973077217558266
 30
0.0
 10
-7.039409928089483
 20
-3.976163882660569
 30
0.0
 10
-7.18083870749844
 20
-3.977261626701494
 30
0.0
 10
-7.326649398210054
 20
-3.976909900060489
 30
0.0
 10
-7.469221567347859
 20
-3.975432440044708
 30
0.0
 10
-7.561359596838059
 20
-3.976385451589532
 30
0.0
 10
-7.60716297254775
 20
-3.976859209776946
 30
0.0
  0
SPLINE
  5
1F7
330
1F
100
AcDbEntity
  8
0
  6
Continuous
 62
     7
370
    25
100
AcDbSpline
210
0.0
220
0.0
230
1.0
 70
     8
 71
     3
 72
    14
 73
    10
 74
     0
 42
0.00000001
 43
0.00000001
 40
0.0
 40
0.0
 40
0.0
 40
0.0
 40
0.141029795559128
 40
0.2818753607524487
 40
0.4226187214233278
 40
0.5633370663268767
 40
0.7104470631168528
 40
0.8560893655250601
 40
1.0
 40
1.0
 40
1.0
 40
1.0
 10
-8.630599227790455
 20
-4.024327996594113
 30
0.0
 10
-8.515734571895864
 20
-3.983753057074223
 30
0.0
 10
-8.286155310367272
 20
-3.902656181982445
 30
0.0
 10
-7.9303476855291
 20
-3.819290525491025
 30
0.0
 10
-7.570596150372005
 20
-3.759431316584541
 30
0.0
 10
-7.20203297592378
 20
-3.723295883763064
 30
0.0
 10
-6.827725791894406
 20
-3.715076201581137
 30
0.0
 10
-6.450653689774963
 20
-3.724644350820506
 30
0.0
 10
-6.201138512405215
 20
-3.70758001831032
 30
0.0
 10
-6.077127035012056
 20
-3.69909887857516
 30
0.0
  0
SPLINE
  5
1F9
330
1F
100
AcDbEntity
  8
0
  6
Continuous
 62
     7
370
    25
100
AcDbSpline
210
0.0
220
0.0
230
1.0
 70
     8
 71
     3
 72
    17
 73
    13
 74
     0
 42
0.00000001
 43
0.00000001
 40
0.0
 40
0.0
 40
0.0
 40
0.0
 40
0.0777504184766847
 40
0.1561923543650346
 40
0.235454693280533
 40
0.3153159739395776
 40
0.3955146565098643
 40
0.475905641580501
 40
0.556374606580899
 40
0.7039743663759204
 40
0.8519118101407591
 40
0.9999999999999999
 40
0.9999999999999999
 40
0.9999999999999999
 40
0.9999999999999999
 10
-6.145081083354125
 20
-3.401653874881384
 30
0.0
 10
-6.210255034197909
 20
-3.379154849860425
 30
0.0
 10
-6.341182597354555
 20
-3.333956691988194
 30
0.0
 10
-6.549481771507116
 20
-3.310600345438723
 30
0.0
 10
-6.759755834944207
 20
-3.311288103382763
 30
0.0
 10
-6.970603697329203
 20
-3.333157120922016
 30
0.0
 10
-7.180035552259585
 20
-3.370708702829218
 30
0.0
 10
-7.387395349951507
 20
-3.420701440180563
 30
0.0
 10
-7.648738535407511
 20
-3.499384798742644
 30
0.0
 10
-7.958987704263836
 20
-3.620387015768833
 30
0.0
 10
-8.312437566071326
 20
-3.791672583598381
 30
0.0
 10
-8.538413862147241
 20
-3.924000493095505
 30
0.0
 10
-8.65145954750662
 20
-3.990198140729532
 30
0.0
  0
SPLINE
  5
1FA
330
1F
100
AcDbEntity
  8
0
  6
Continuous
 62
     7
370
    25
100
AcDbSpline
210
0.0
220
0.0
230
1.0
 70
     8
 71
     3
 72
    20
 73
    16
 74
     0
 42
0.00000001
 43
0.00000001
 40
0.0
 40
0.0
 40
0.0
 40
0.0
 40
0.1392005106672709
 40
0.2789014764856129
 40
0.4191075240222913
 40
0.5420411612669536
 40
0.5970657093604177
 40
0.6193117162847668
 40
0.6386887834813257
 40
0.6569884638284544
 40
0.6754946973261815
 40
0.7216344160079123
 40
0.8248693514105487
 40
0.9278854279941676
 40
1.0
 40
1.0
 40
1.0
 40
1.0
 10
-6.145081083354125
 20
-3.401653874881384
 30
0.0
 10
-6.120266012350113
 20
-3.413245918040294
 30
0.0
 10
-6.070546654935849
 20
-3.436471680194521
 30
0.0
 10
-5.999383279522431
 20
-3.478427863362426
 30
0.0
 10
-5.936703039743397
 20
-3.52744733070288
 30
0.0
 10
-5.897425297662525
 20
-3.577700609468841
 30
0.0
 10
-5.882933968831739
 20
-3.614569107243883
 30
0.0
 10
-5.877998424295997
 20
-3.632919537439147
 30
0.0
 10
-5.876838177188279
 20
-3.644821626053252
 30
0.0
 10
-5.880734249744761
 20
-3.655724826253904
 30
0.0
 10
-5.893720602104812
 20
-3.666428936017354
 30
0.0
 10
-5.926332999857319
 20
-3.674654983389347
 30
0.0
 10
-5.974846267664391
 20
-3.683442504907979
 30
0.0
 10
-6.028972761139742
 20
-3.692398389384187
 30
0.0
 10
-6.063081769173579
 20
-3.697144531756754
 30
0.0
 10
-6.077127035012056
 20
-3.69909887857516
 30
0.0
  0
SPLINE
  5
1FB
330
1F
100
AcDbEntity
  8
0
  6
Continuous
 62
     7
370
    25
100
AcDbSpline
210
0.0
220
0.0
230
1.0
 70
     8
 71
     3
 72
     9
 73
     5
 74
     0
 42
0.00000001
 43
0.00000001
 40
0.0
 40
0.0
 40
0.0
 40
0.0
 40
0.4881028496548086
 40
1.0
 40
1.0
 40
1.0
 40
1.0
 10
-7.633240663788159
 20
-3.572464574593755
 30
0.0
 10
-7.696967099957085
 20
-3.595839772206392
 30
0.0
 10
-7.827526542939223
 20
-3.643729674158749
 30
0.0
 10
-7.954316718317219
 20
-3.70086331300583
 30
0.0
 10
-8.01922024778498
 20
-3.730109859920502
 30
0.0
  0
SPLINE
  5
1FE
330
1F
100
AcDbEntity
  8
0
  6
Continuous
 62
     7
370
    25
100
AcDbSpline
210
0.0
220
0.0
230
1.0
 70
     8
 71
     3
 72
    10
 73
     6
 74
     0
 42
0.00000001
 43
0.00000001
 40
0.0
 40
0.0
 40
0.0
 40
0.0
 40
0.2957661269280007
 40
0.6274282949601314
 40
1.0
 40
1.0
 40
1.0
 40
1.0
 10
-6.3956275818705
 20
-3.402568856660039
 30
0.0
 10
-6.469240355988799
 20
-3.393666689328071
 30
0.0
 10
-6.625400014405576
 20
-3.374781931534606
 30
0.0
 10
-6.876604458037735
 20
-3.389499974433931
 30
0.0
 10
-7.050201654808517
 20
-3.420222192624428
 30
0.0
 10
-7.142042456655916
 20
-3.436475641445217
 30
0.0
  0
SPLINE
  5
200
330
1F
100
AcDbEntity
  8
0
  6
Continuous
 62
     7
370
    25
100
AcDbSpline
210
0.0
220
0.0
230
1.0
 70
     8
 71
     3
 72
    12
 73
     8
 74
     0
 42
0.00000001
 43
0.00000001
 40
0.0
 40
0.0
 40
0.0
 40
0.0
 40
0.1795797026917743
 40
0.3895620622295946
 40
0.6054961619924923
 40
0.8038854573822671
 40
1.0
 40
1.0
 40
1.0
 40
1.0
 10
-7.115603340569653
 20
-3.653501809589017
 30
0.0
 10
-7.073683300270614
 20
-3.652078923596968
 30
0.0
 10
-6.982746200460003
 20
-3.648992258494668
 30
0.0
 10
-6.841317421051043
 20
-3.647894514453745
 30
0.0
 10
-6.695506730339425
 20
-3.648246241094736
 30
0.0
 10
-6.552934561201626
 20
-3.649723701110521
 30
0.0
 10
-6.460796531711422
 20
-3.6487706895657
 30
0.0
 10
-6.414993156001736
 20
-3.648296931378287
 30
0.0
  0
CIRCLE
  5
202
330
1F
100
AcDbEntity
  8
0
  6
Continuous
 62
     7
370
    25
100
AcDbCircle
 10
-7.367554559
 20
-3.5803528234
 30
0.0
 40
0.0590551181102348
  0
CIRCLE
  5
203
330
1F
100
AcDbEntity
  8
0
  6
Continuous
 62
     7
370
    25
100
AcDbCircle
 10
-6.1680168782
 20
-3.5470458836
 30
0.0
 40
0.059055118110235
  0
SPLINE
  5
205
330
1F
100
AcDbEntity
  8
0
  6
Continuous
 62
     7
370
    25
100
AcDbSpline
210
0.0
220
0.0
230
1.0
 70
     8
 71
     3
 72
    14
 73
    10
 74
     0
 42
0.00000001
 43
0.00000001
 40
0.0
 40
0.0
 40
0.0
 40
0.0
 40
0.141029795559128
 40
0.2818753607524487
 40
0.4226187214233278
 40
0.5633370663268767
 40
0.7104470631168528
 40
0.8560893655250601
 40
1.0
 40
1.0
 40
1.0
 40
1.0
 10
-11.76971432348612
 20
1.16956363937629
 30
0.0
 10
-11.65484966759153
 20
1.21013857889618
 30
0.0
 10
-11.42527040606294
 20
1.291235453987958
 30
0.0
 10
-11.06946278122477
 20
1.374601110479381
 30
0.0
 10
-10.70971124606767
 20
1.434460319385861
 30
0.0
 10
-10.34114807161945
 20
1.470595752207339
 30
0.0
 10
-9.966840887590076
 20
1.478815434389267
 30
0.0
 10
-9.58976878547063
 20
1.469247285149897
 30
0.0
 10
-9.340253608100884
 20
1.486311617660083
 30
0.0
 10
-9.216242130707725
 20
1.494792757395244
 30
0.0
  0
SPLINE
  5
207
330
1F
100
AcDbEntity
  8
0
  6
Continuous
 62
     7
370
    25
100
AcDbSpline
210
0.0
220
0.0
230
1.0
 70
     8
 71
     3
 72
    17
 73
    13
 74
     0
 42
0.00000001
 43
0.00000001
 40
0.0
 40
0.0
 40
0.0
 40
0.0
 40
0.0777504184766847
 40
0.1561923543650346
 40
0.235454693280533
 40
0.3153159739395776
 40
0.3955146565098643
 40
0.475905641580501
 40
0.556374606580899
 40
0.7039743663759204
 40
0.8519118101407591
 40
0.9999999999999999
 40
0.9999999999999999
 40
0.9999999999999999
 40
0.9999999999999999
 10
-9.284196179049793
 20
1.79223776108902
 30
0.0
 10
-9.349370129893577
 20
1.814736786109978
 30
0.0
 10
-9.480297693050224
 20
1.85993494398221
 30
0.0
 10
-9.688596867202785
 20
1.88329129053168
 30
0.0
 10
-9.898870930639875
 20
1.88260353258764
 30
0.0
 10
-10.10971879302487
 20
1.860734515048388
 30
0.0
 10
-10.31915064795525
 20
1.823182933141185
 30
0.0
 10
-10.52651044564717
 20
1.773190195789842
 30
0.0
 10
-10.78785363110318
 20
1.694506837227758
 30
0.0
 10
-11.0981027999595
 20
1.573504620201571
 30
0.0
 10
-11.45155266176699
 20
1.402219052372022
 30
0.0
 10
-11.67752895784291
 20
1.269891142874899
 30
0.0
 10
-11.79057464320229
 20
1.203693495240872
 30
0.0
  0
SPLINE
  5
208
330
1F
100
AcDbEntity
  8
0
  6
Continuous
 62
     7
370
    25
100
AcDbSpline
210
0.0
220
0.0
230
1.0
 70
     8
 71
     3
 72
    20
 73
    16
 74
     0
 42
0.00000001
 43
0.00000001
 40
0.0
 40
0.0
 40
0.0
 40
0.0
 40
0.1392005106672709
 40
0.2789014764856129
 40
0.4191075240222913
 40
0.5420411612669536
 40
0.5970657093604177
 40
0.6193117162847668
 40
0.6386887834813257
 40
0.6569884638284544
 40
0.6754946973261815
 40
0.7216344160079123
 40
0.8248693514105487
 40
0.9278854279941676
 40
1.0
 40
1.0
 40
1.0
 40
1.0
 10
-9.284196179049793
 20
1.79223776108902
 30
0.0
 10
-9.259381108045782
 20
1.78064571793011
 30
0.0
 10
-9.209661750631518
 20
1.757419955775884
 30
0.0
 10
-9.1384983752181
 20
1.715463772607977
 30
0.0
 10
-9.075818135439066
 20
1.666444305267526
 30
0.0
 10
-9.036540393358193
 20
1.61619102650156
 30
0.0
 10
-9.022049064527407
 20
1.579322528726521
 30
0.0
 10
-9.017113519991666
 20
1.560972098531256
 30
0.0
 10
-9.015953272883948
 20
1.549070009917152
 30
0.0
 10
-9.019849345440429
 20
1.538166809716501
 30
0.0
 10
-9.032835697800483
 20
1.527462699953051
 30
0.0
 10
-9.065448095552988
 20
1.519236652581058
 30
0.0
 10
-9.113961363360058
 20
1.510449131062424
 30
0.0
 10
-9.16808785683541
 20
1.501493246586216
 30
0.0
 10
-9.202196864869247
 20
1.496747104213651
 30
0.0
 10
-9.216242130707725
 20
1.494792757395244
 30
0.0
  0
SPLINE
  5
209
330
1F
100
AcDbEntity
  8
0
  6
Continuous
 62
     7
370
    25
100
AcDbSpline
210
0.0
220
0.0
230
1.0
 70
     8
 71
     3
 72
     9
 73
     5
 74
     0
 42
0.00000001
 43
0.00000001
 40
0.0
 40
0.0
 40
0.0
 40
0.0
 40
0.4881028496548086
 40
1.0
 40
1.0
 40
1.0
 40
1.0
 10
-10.77235575948383
 20
1.621427061376648
 30
0.0
 10
-10.83608219565275
 20
1.598051863764013
 30
0.0
 10
-10.96664163863489
 20
1.550161961811653
 30
0.0
 10
-11.09343181401289
 20
1.493028322964573
 30
0.0
 10
-11.15833534348065
 20
1.463781776049901
 30
0.0
  0
SPLINE
  5
20D
330
1F
100
AcDbEntity
  8
0
  6
Continuous
 62
     7
370
    25
100
AcDbSpline
210
0.0
220
0.0
230
1.0
 70
     8
 71
     3
 72
    10
 73
     6
 74
     0
 42
0.00000001
 43
0.00000001
 40
0.0
 40
0.0
 40
0.0
 40
0.0
 40
0.2957661269280007
 40
0.6274282949601314
 40
1.0
 40
1.0
 40
1.0
 40
1.0
 10
-9.534742677566168
 20
1.791322779310365
 30
0.0
 10
-9.608355451684465
 20
1.800224946642333
 30
0.0
 10
-9.764515110101245
 20
1.819109704435798
 30
0.0
 10
-10.0157195537334
 20
1.804391661536474
 30
0.0
 10
-10.18931675050418
 20
1.773669443345975
 30
0.0
 10
-10.28115755235158
 20
1.757415994525187
 30
0.0
  0
CIRCLE
  5
20F
330
1F
100
AcDbEntity
  8
0
  6
Continuous
 62
     7
370
    25
100
AcDbCircle
 10
-10.5066696547
 20
1.6135388125
 30
0.0
 40
0.0590551181102367
  0
CIRCLE
  5
210
330
1F
100
AcDbEntity
  8
0
  6
Continuous
 62
     7
370
    25
100
AcDbCircle
 10
-9.3071319739
 20
1.6468457524
 30
0.0
 40
0.0590551181102335
  0
SPLINE
  5
212
330
1F
100
AcDbEntity
  8
0
  6
Continuous
 62
     7
370
    25
100
AcDbSpline
210
0.0
220
0.0
230
1.0
 70
     8
 71
     3
 72
    12
 73
     8
 74
     0
 42
0.00000001
 43
0.00000001
 40
0.0
 40
0.0
 40
0.0
 40
0.0
 40
0.1795797026917743
 40
0.3895620622295946
 40
0.6054961619924923
 40
0.8038854573822671
 40
1.0
 40
1.0
 40
1.0
 40
1.0
 10
-10.25471843626532
 20
1.540389826381387
 30
0.0
 10
-10.21279839596628
 20
1.541812712373436
 30
0.0
 10
-10.12186129615567
 20
1.544899377475736
 30
0.0
 10
-9.98043251674671
 20
1.54599712151666
 30
0.0
 10
-9.834621826035095
 20
1.545645394875668
 30
0.0
 10
-9.692049656897295
 20
1.544167934859883
 30
0.0
 10
-9.59991162740709
 20
1.545120946404704
 30
0.0
 10
-9.554108251697405
 20
1.545594704592117
 30
0.0
  0
SPLINE
  5
213
330
1F
100
AcDbEntity
  8
0
  6
Continuous
 62
     7
370
    25
100
AcDbSpline
210
0.0
220
0.0
230
1.0
 70
     8
 71
     3
 72
    14
 73
    10
 74
     0
 42
0.00000001
 43
0.00000001
 40
0.0
 40
0.0
 40
0.0
 40
0.0
 40
0.141029795559128
 40
0.2818753607524487
 40
0.4226187214233278
 40
0.5633370663268767
 40
0.7104470631168528
 40
0.8560893655250601
 40
1.0
 40
1.0
 40
1.0
 40
1.0
 10
-11.80319557896219
 20
-0.8401489348442308
 30
0.0
 10
-11.6883309230676
 20
-0.7995739953243413
 30
0.0
 10
-11.45875166153901
 20
-0.7184771202325627
 30
0.0
 10
-11.10294403670084
 20
-0.6351114637411408
 30
0.0
 10
-10.74319250154374
 20
-0.5752522548346592
 30
0.0
 10
-10.37462932709552
 20
-0.5391168220131818
 30
0.0
 10
-10.00032214306614
 20
-0.5308971398312545
 30
0.0
 10
-9.623250040946699
 20
-0.5404652890706233
 30
0.0
 10
-9.373734863576951
 20
-0.5234009565604375
 30
0.0
 10
-9.24972338618379
 20
-0.5149198168252767
 30
0.0
  0
SPLINE
  5
215
330
1F
100
AcDbEntity
  8
0
  6
Continuous
 62
     7
370
    25
100
AcDbSpline
210
0.0
220
0.0
230
1.0
 70
     8
 71
     3
 72
    17
 73
    13
 74
     0
 42
0.00000001
 43
0.00000001
 40
0.0
 40
0.0
 40
0.0
 40
0.0
 40
0.0777504184766847
 40
0.1561923543650346
 40
0.235454693280533
 40
0.3153159739395776
 40
0.3955146565098643
 40
0.475905641580501
 40
0.556374606580899
 40
0.7039743663759204
 40
0.8519118101407591
 40
0.9999999999999999
 40
0.9999999999999999
 40
0.9999999999999999
 40
0.9999999999999999
 10
-9.317677434525859
 20
-0.217474813131501
 30
0.0
 10
-9.382851385369642
 20
-0.1949757881105428
 30
0.0
 10
-9.513778948526287
 20
-0.1497776302383111
 30
0.0
 10
-9.72207812267885
 20
-0.1264212836888403
 30
0.0
 10
-9.932352186115944
 20
-0.1271090416328813
 30
0.0
 10
-10.14320004850094
 20
-0.1489780591721331
 30
0.0
 10
-10.35263190343132
 20
-0.1865296410793354
 30
0.0
 10
-10.55999170112324
 20
-0.2365223784306796
 30
0.0
 10
-10.82133488657924
 20
-0.3152057369927624
 30
0.0
 10
-11.13158405543557
 20
-0.4362079540189504
 30
0.0
 10
-11.48503391724306
 20
-0.6074935218484986
 30
0.0
 10
-11.71101021331898
 20
-0.7398214313456222
 30
0.0
 10
-11.82405589867835
 20
-0.8060190789796495
 30
0.0
  0
SPLINE
  5
216
330
1F
100
AcDbEntity
  8
0
  6
Continuous
 62
     7
370
    25
100
AcDbSpline
210
0.0
220
0.0
230
1.0
 70
     8
 71
     3
 72
    20
 73
    16
 74
     0
 42
0.00000001
 43
0.00000001
 40
0.0
 40
0.0
 40
0.0
 40
0.0
 40
0.1392005106672709
 40
0.2789014764856129
 40
0.4191075240222913
 40
0.5420411612669536
 40
0.5970657093604177
 40
0.6193117162847668
 40
0.6386887834813257
 40
0.6569884638284544
 40
0.6754946973261815
 40
0.7216344160079123
 40
0.8248693514105487
 40
0.9278854279941676
 40
1.0
 40
1.0
 40
1.0
 40
1.0
 10
-9.317677434525859
 20
-0.217474813131501
 30
0.0
 10
-9.292862363521847
 20
-0.2290668562904111
 30
0.0
 10
-9.243143006107582
 20
-0.2522926184446382
 30
0.0
 10
-9.171979630694166
 20
-0.2942488016125429
 30
0.0
 10
-9.109299390915131
 20
-0.3432682689529962
 30
0.0
 10
-9.070021648834258
 20
-0.3935215477189605
 30
0.0
 10
-9.055530320003474
 20
-0.4303900454939997
 30
0.0
 10
-9.050594775467731
 20
-0.4487404756892649
 30
0.0
 10
-9.049434528360013
 20
-0.4606425643033691
 30
0.0
 10
-9.053330600916496
 20
-0.4715457645040202
 30
0.0
 10
-9.066316953276546
 20
-0.4822498742674708
 30
0.0
 10
-9.098929351029055
 20
-0.4904759216394633
 30
0.0
 10
-9.147442618836124
 20
-0.4992634431580963
 30
0.0
 10
-9.201569112311477
 20
-0.5082193276343047
 30
0.0
 10
-9.235678120345316
 20
-0.5129654700068701
 30
0.0
 10
-9.24972338618379
 20
-0.5149198168252767
 30
0.0
  0
SPLINE
  5
217
330
1F
100
AcDbEntity
  8
0
  6
Continuous
 62
     7
370
    25
100
AcDbSpline
210
0.0
220
0.0
230
1.0
 70
     8
 71
     3
 72
     9
 73
     5
 74
     0
 42
0.00000001
 43
0.00000001
 40
0.0
 40
0.0
 40
0.0
 40
0.0
 40
0.4881028496548086
 40
1.0
 40
1.0
 40
1.0
 40
1.0
 10
-10.80583701495989
 20
-0.3882855128438728
 30
0.0
 10
-10.86956345112882
 20
-0.4116607104565087
 30
0.0
 10
-11.00012289411096
 20
-0.4595506124088679
 30
0.0
 10
-11.12691306948895
 20
-0.5166842512559479
 30
0.0
 10
-11.19181659895671
 20
-0.5459307981706195
 30
0.0
  0
SPLINE
  5
21B
330
1F
100
AcDbEntity
  8
0
  6
Continuous
 62
     7
370
    25
100
AcDbSpline
210
0.0
220
0.0
230
1.0
 70
     8
 71
     3
 72
    10
 73
     6
 74
     0
 42
0.00000001
 43
0.00000001
 40
0.0
 40
0.0
 40
0.0
 40
0.0
 40
0.2957661269280007
 40
0.6274282949601314
 40
1.0
 40
1.0
 40
1.0
 40
1.0
 10
-9.568223933042233
 20
-0.218389794910156
 30
0.0
 10
-9.641836707160534
 20
-0.2094876275781881
 30
0.0
 10
-9.79799636557731
 20
-0.1906028697847236
 30
0.0
 10
-10.04920080920947
 20
-0.2053209126840474
 30
0.0
 10
-10.22279800598025
 20
-0.236043130874546
 30
0.0
 10
-10.31463880782765
 20
-0.2522965796953338
 30
0.0
  0
SPLINE
  5
21D
330
1F
100
AcDbEntity
  8
0
  6
Continuous
 62
     7
370
    25
100
AcDbSpline
210
0.0
220
0.0
230
1.0
 70
     8
 71
     3
 72
    12
 73
     8
 74
     0
 42
0.00000001
 43
0.00000001
 40
0.0
 40
0.0
 40
0.0
 40
0.0
 40
0.1795797026917743
 40
0.3895620622295946
 40
0.6054961619924923
 40
0.8038854573822671
 40
1.0
 40
1.0
 40
1.0
 40
1.0
 10
-10.28819969174139
 20
-0.4693227478391344
 30
0.0
 10
-10.24627965144235
 20
-0.4678998618470854
 30
0.0
 10
-10.15534255163174
 20
-0.4648131967447856
 30
0.0
 10
-10.01391377222278
 20
-0.4637154527038614
 30
0.0
 10
-9.868103081511158
 20
-0.4640671793448533
 30
0.0
 10
-9.725530912373358
 20
-0.4655446393606381
 30
0.0
 10
-9.633392882883156
 20
-0.4645916278158172
 30
0.0
 10
-9.58758950717347
 20
-0.464117869628404
 30
0.0
  0
CIRCLE
  5
21F
330
1F
100
AcDbEntity
  8
0
  6
Continuous
 62
     7
370
    25
100
AcDbCircle
 10
-10.5401509102
 20
-0.3961737617
 30
0.0
 40
0.0590551181102365
  0
CIRCLE
  5
220
330
1F
100
AcDbEntity
  8
0
  6
Continuous
 62
     7
370
    25
100
AcDbCircle
 10
-9.3406132294
 20
-0.3628668218
 30
0.0
 40
0.0590551181102335
  0
SPLINE
  5
223
330
1F
100
AcDbEntity
  8
0
  6
Continuous
 62
     7
370
    25
100
AcDbSpline
210
0.0
220
0.0
230
1.0
 70
     8
 71
     3
 72
     9
 73
     5
 74
     0
 42
0.00000001
 43
0.00000001
 40
0.0
 40
0.0
 40
0.0
 40
0.0
 40
0.5559131818896713
 40
1.0
 40
1.0
 40
1.0
 40
1.0
 10
-11.0802430961966
 20
3.470078923449593
 30
0.0
 10
-10.98883090802856
 20
3.479316578411933
 30
0.0
 10
-10.82439482134087
 20
3.495933660473089
 30
0.0
 10
-10.66299635582996
 20
3.531323059178768
 30
0.0
 10
-10.59132142483333
 20
3.54703902464481
 30
0.0
  0
SPLINE
  5
225
330
1F
100
AcDbEntity
  8
0
  6
Continuous
 62
     7
370
    25
100
AcDbSpline
210
0.0
220
0.0
230
1.0
 70
     8
 71
     3
 72
     9
 73
     5
 74
     0
 42
0.00000001
 43
0.00000001
 40
0.0
 40
0.0
 40
0.0
 40
0.0
 40
0.5628454781264361
 40
1.0
 40
1.0
 40
1.0
 40
1.0
 10
-10.61966159472115
 20
3.75829973676331
 30
0.0
 10
-10.70828362010378
 20
3.755442685191821
 30
0.0
 10
-10.86573718209672
 20
3.750366600044971
 30
0.0
 10
-11.0232544778422
 20
3.748048518375565
 30
0.0
 10
-11.09211387595063
 20
3.747035158491712
 30
0.0
  0
SPLINE
  5
226
330
1F
100
AcDbEntity
  8
0
  6
Continuous
 62
     7
370
    25
100
AcDbSpline
210
0.0
220
0.0
230
1.0
 70
     8
 71
     3
 72
     9
 73
     5
 74
     0
 42
0.00000001
 43
0.00000001
 40
0.0
 40
0.0
 40
0.0
 40
0.0
 40
0.5590960637894103
 40
1.0
 40
1.0
 40
1.0
 40
1.0
 10
-10.15230140053957
 20
3.665681868161843
 30
0.0
 10
-10.08179588526208
 20
3.688790826073087
 30
0.0
 10
-9.955689622235253
 20
3.730123540445315
 30
0.0
 10
-9.831582076200325
 20
3.777103176344054
 30
0.0
 10
-9.776862570640088
 20
3.797816682733547
 30
0.0
  0
SPLINE
  5
228
330
1F
100
AcDbEntity
  8
0
  6
Continuous
 62
     7
370
    25
100
AcDbSpline
210
0.0
220
0.0
230
1.0
 70
     8
 71
     3
 72
     9
 73
     5
 74
     0
 42
0.00000001
 43
0.00000001
 40
0.0
 40
0.0
 40
0.0
 40
0.0
 40
0.5602772183836191
 40
0.9999999999999999
 40
0.9999999999999999
 40
0.9999999999999999
 40
0.9999999999999999
 10
-9.78694815107981
 20
3.836275783132753
 30
0.0
 10
-9.859702389893052
 20
3.826119628900764
 30
0.0
 10
-9.989556391494494
 20
3.807992612668887
 30
0.0
 10
-10.12001276004432
 20
3.794925752528045
 30
0.0
 10
-10.17737739730261
 20
3.789179956439922
 30
0.0
  0
CIRCLE
  5
22A
330
1F
100
AcDbEntity
  8
0
  6
Continuous
 62
     7
370
    25
100
AcDbCircle
 10
-10.3674834827
 20
3.6867796608
 30
0.0
 40
0.0590551181102388
  0
CIRCLE
  5
22B
330
1F
100
AcDbEntity
  8
0
  6
Continuous
 62
     7
370
    25
100
AcDbCircle
 10
-11.3642118239
 20
3.6059550737
 30
0.0
 40
0.0590551181102388
  0
SPLINE
  5
22C
330
1F
100
AcDbEntity
  8
0
  6
Continuous
 62
     7
370
    25
100
AcDbSpline
210
0.0
220
0.0
230
1.0
 70
     8
 71
     3
 72
    36
 73
    32
 74
     0
 42
0.00000001
 43
0.00000001
 40
0.0
 40
0.0
 40
0.0
 40
0.0
 40
0.077458226367865
 40
0.1547646431350745
 40
0.2320361202111983
 40
0.3092767603809877
 40
0.3859046630270893
 40
0.4095356506631169
 40
0.4330183322370503
 40
0.4560564853826469
 40
0.4781686466596782
 40
0.4817056496769645
 40
0.4836664080017909
 40
0.4838681216287775
 40
0.4840133880606899
 40
0.4843934591401185
 40
0.4865022992641596
 40
0.489752992666439
 40
0.4938252211284935
 40
0.4979403531218138
 40
0.5158767446310002
 40
0.5343459075792112
 40
0.5642786349993557
 40
0.5914070877437446
 40
0.6188195385811834
 40
0.6606859065485526
 40
0.7028590433155817
 40
0.7452009924439509
 40
0.8299852296688744
 40
0.914927955219094
 40
1.0
 40
1.0
 40
1.0
 40
1.0
 10
-9.166050797514398
 20
4.030816669616851
 30
0.0
 10
-9.306113203457397
 20
3.998263528744528
 30
0.0
 10
-9.585963508439349
 20
3.933221047574041
 30
0.0
 10
-10.01281886835535
 20
3.873465909366208
 30
0.0
 10
-10.44132581560161
 20
3.834300466660417
 30
0.0
 10
-10.87005995564992
 20
3.818357842200829
 30
0.0
 10
-11.19960034067039
 20
3.817784775199046
 30
0.0
 10
-11.42871006237955
 20
3.801614985250816
 30
0.0
 10
-11.55790156030488
 20
3.784107654231323
 30
0.0
 10
-11.68201292116376
 20
3.755734281175492
 30
0.0
 10
-11.76738429513115
 20
3.722415112572573
 30
0.0
 10
-11.81002495479739
 20
3.69407757782456
 30
0.0
 10
-11.81864393683184
 20
3.687858724379022
 30
0.0
 10
-11.8215220590379
 20
3.684639429834257
 30
0.0
 10
-11.82206772630346
 20
3.683387221232039
 30
0.0
 10
-11.82249352042955
 20
3.678459639022843
 30
0.0
 10
-11.82130601025353
 20
3.667867237843141
 30
0.0
 10
-11.82024011569806
 20
3.650404588299656
 30
0.0
 10
-11.8152075946462
 20
3.62949520803277
 30
0.0
 10
-11.79057257452056
 20
3.587324014393037
 30
0.0
 10
-11.73492595582648
 20
3.534568025541597
 30
0.0
 10
-11.62930842191969
 20
3.47053291147349
 30
0.0
 10
-11.49515182608818
 20
3.425400655959252
 30
0.0
 10
-11.34010966820914
 20
3.40022558302428
 30
0.0
 10
-11.1610078915907
 20
3.392855406298627
 30
0.0
 10
-10.95429542317499
 20
3.408019802589376
 30
0.0
 10
-10.72266946670466
 20
3.445748755355464
 30
0.0
 10
-10.41582849835534
 20
3.513586190217188
 30
0.0
 10
-10.03733444450216
 20
3.62301237124095
 30
0.0
 10
-9.594405858718321
 20
3.789546911116597
 30
0.0
 10
-9.306042930535295
 20
3.917590825983227
 30
0.0
 10
-9.16175179693695
 20
3.981661480775401
 30
0.0
  0
SPLINE
  5
22F
330
1F
100
AcDbEntity
  8
0
  6
Continuous
 62
     7
370
    25
100
AcDbSpline
210
0.0
220
0.0
230
1.0
 70
     8
 71
     3
 72
    36
 73
    32
 74
     0
 42
0.00000001
 43
0.00000001
 40
0.0
 40
0.0
 40
0.0
 40
0.0
 40
0.0774582263678653
 40
0.1547646431350747
 40
0.2320361202111983
 40
0.3092767603809876
 40
0.3859046630270891
 40
0.4095356506631168
 40
0.4330183322370502
 40
0.4560564853826467
 40
0.4781686466596781
 40
0.4817056496769643
 40
0.4836664080017907
 40
0.4838681216287772
 40
0.4840133880606897
 40
0.4843934591401183
 40
0.4865022992641593
 40
0.4897529926664387
 40
0.4938252211284933
 40
0.4979403531218136
 40
0.515876744631
 40
0.534345907579211
 40
0.5642786349993552
 40
0.5914070877437441
 40
0.6188195385811828
 40
0.660685906548552
 40
0.702859043315581
 40
0.7452009924439503
 40
0.8299852296688739
 40
0.9149279552190935
 40
0.9999999999999999
 40
0.9999999999999999
 40
0.9999999999999999
 40
0.9999999999999999
 10
-11.85954780890432
 20
3.768356051115105
 30
0.0
 10
-11.71948540296133
 20
3.800909191987433
 30
0.0
 10
-11.43963509797938
 20
3.865951673157925
 30
0.0
 10
-11.01277973806337
 20
3.925706811365758
 30
0.0
 10
-10.58427279081711
 20
3.964872254071548
 30
0.0
 10
-10.1555386507688
 20
3.980814878531142
 30
0.0
 10
-9.825998265748337
 20
3.98138794553293
 30
0.0
 10
-9.596888544039166
 20
3.997557735481156
 30
0.0
 10
-9.467697046113845
 20
4.015065066500657
 30
0.0
 10
-9.343585685254974
 20
4.043438439556491
 30
0.0
 10
-9.25821431128755
 20
4.076757608159392
 30
0.0
 10
-9.215573651621344
 20
4.105095142907425
 30
0.0
 10
-9.206954669586862
 20
4.111313996352949
 30
0.0
 10
-9.204076547380831
 20
4.114533290897723
 30
0.0
 10
-9.203530880115265
 20
4.115785499499938
 30
0.0
 10
-9.203105085989183
 20
4.120713081709138
 30
0.0
 10
-9.204292596165178
 20
4.131305482888834
 30
0.0
 10
-9.205358490720664
 20
4.148768132432321
 30
0.0
 10
-9.210391011772526
 20
4.169677512699208
 30
0.0
 10
-9.235026031898164
 20
4.211848706338943
 30
0.0
 10
-9.290672650592247
 20
4.264604695190383
 30
0.0
 10
-9.396290184499025
 20
4.328639809258489
 30
0.0
 10
-9.530446780330546
 20
4.373772064772719
 30
0.0
 10
-9.685488938209573
 20
4.398947137707691
 30
0.0
 10
-9.864590714828037
 20
4.406317314433349
 30
0.0
 10
-10.07130318324373
 20
4.391152918142598
 30
0.0
 10
-10.30292913971406
 20
4.353423965376506
 30
0.0
 10
-10.60977010806338
 20
4.285586530514781
 30
0.0
 10
-10.98826416191656
 20
4.176160349491015
 30
0.0
 10
-11.4311927477004
 20
4.009625809615363
 30
0.0
 10
-11.71955567588343
 20
3.881581894748731
 30
0.0
 10
-11.86384680948177
 20
3.817511239956556
 30
0.0
  0
SPLINE
  5
231
330
1F
100
AcDbEntity
  8
0
  6
Continuous
 62
     7
370
    25
100
AcDbSpline
210
0.0
220
0.0
230
1.0
 70
     8
 71
     3
 72
     9
 73
     5
 74
     0
 42
0.00000001
 43
0.00000001
 40
0.0
 40
0.0
 40
0.0
 40
0.0
 40
0.5559131818896719
 40
1.0
 40
1.0
 40
1.0
 40
1.0
 10
-9.945355510222123
 20
4.329093797282381
 30
0.0
 10
-10.03676769839016
 20
4.31985614232004
 30
0.0
 10
-10.20120378507785
 20
4.303239060258879
 30
0.0
 10
-10.36260225058876
 20
4.267849661553202
 30
0.0
 10
-10.43427718158539
 20
4.252133696087159
 30
0.0
  0
SPLINE
  5
234
330
1F
100
AcDbEntity
  8
0
  6
Continuous
 62
     7
370
    25
100
AcDbSpline
210
0.0
220
0.0
230
1.0
 70
     8
 71
     3
 72
     9
 73
     5
 74
     0
 42
0.00000001
 43
0.00000001
 40
0.0
 40
0.0
 40
0.0
 40
0.0
 40
0.5590960637894103
 40
1.0
 40
1.0
 40
1.0
 40
1.0
 10
-10.87329720587915
 20
4.133490852570122
 30
0.0
 10
-10.94380272115664
 20
4.110381894658877
 30
0.0
 10
-11.06990898418347
 20
4.069049180286649
 30
0.0
 10
-11.1940165302184
 20
4.022069544387913
 30
0.0
 10
-11.24873603577864
 20
4.001356037998418
 30
0.0
  0
CIRCLE
  5
237
330
1F
100
AcDbEntity
  8
0
  6
Continuous
 62
     7
370
    25
100
AcDbCircle
 10
-10.6581151237
 20
4.1123930599
 30
0.0
 40
0.0590551181102388
  0
CIRCLE
  5
238
330
1F
100
AcDbEntity
  8
0
  6
Continuous
 62
     7
370
    25
100
AcDbCircle
 10
-9.6613867826
 20
4.1932176471
 30
0.0
 40
0.0590551181102388
  0
SPLINE
  5
239
330
1F
100
AcDbEntity
  8
0
  6
Continuous
 62
     7
370
    25
100
AcDbSpline
210
0.0
220
0.0
230
1.0
 70
     8
 71
     3
 72
     9
 73
     5
 74
     0
 42
0.00000001
 43
0.00000001
 40
0.0
 40
0.0
 40
0.0
 40
0.0
 40
0.5602772183836191
 40
0.9999999999999999
 40
0.9999999999999999
 40
0.9999999999999999
 40
0.9999999999999999
 10
-11.23865045533891
 20
3.962896937599211
 30
0.0
 10
-11.16589621652567
 20
3.9730530918312
 30
0.0
 10
-11.03604221492422
 20
3.991180108063074
 30
0.0
 10
-10.90558584637441
 20
4.00424696820392
 30
0.0
 10
-10.84822120911611
 20
4.009992764292045
 30
0.0
  0
SPLINE
  5
23A
330
1F
100
AcDbEntity
  8
0
  6
Continuous
 62
     7
370
    25
100
AcDbSpline
210
0.0
220
0.0
230
1.0
 70
     8
 71
     3
 72
     9
 73
     5
 74
     0
 42
0.00000001
 43
0.00000001
 40
0.0
 40
0.0
 40
0.0
 40
0.0
 40
0.5628454781264363
 40
1.0
 40
1.0
 40
1.0
 40
1.0
 10
-10.40593701169757
 20
4.040872983968659
 30
0.0
 10
-10.31731498631494
 20
4.043730035540149
 30
0.0
 10
-10.159861424322
 20
4.048806120687003
 30
0.0
 10
-10.00234412857653
 20
4.05112420235641
 30
0.0
 10
-9.933484730468095
 20
4.052137562240262
 30
0.0
  0
CIRCLE
  5
254
330
1F
100
AcDbEntity
  8
0
  6
Continuous
 62
     7
370
    25
100
AcDbCircle
 10
-4.1859498339
 20
-2.0989057481
 30
0.0
 40
0.059055118110238
  0
CIRCLE
  5
255
330
1F
100
AcDbEntity
  8
0
  6
Continuous
 62
     7
370
    25
100
AcDbCircle
 10
-7.1841223149
 20
-1.994207258
 30
0.0
 40
0.0590551181102365
  0
CIRCLE
  5
256
330
1F
100
AcDbEntity
  8
0
  6
Continuous
 62
     7
370
    25
100
AcDbCircle
 10
-5.6850360744
 20
-2.0465565031
 30
0.0
 40
0.4549999999999586
  0
SPLINE
  5
28C
330
1F
100
AcDbEntity
  8
0
  6
Continuous
 62
     7
370
    25
100
AcDbSpline
210
0.0
220
0.0
230
1.0
 70
     8
 71
     3
 72
    55
 73
    51
 74
     0
 42
0.00000001
 43
0.00000001
 40
0.0
 40
0.0
 40
0.0
 40
0.0
 40
0.0190136358875781
 40
0.0394311578822572
 40
0.0602807673586437
 40
0.0807414835354873
 40
0.1008911534488376
 40
0.1209815928087887
 40
0.1411548651644127
 40
0.1966956792566838
 40
0.2521819736969202
 40
0.2900078264790378
 40
0.3278042987931132
 40
0.3656044724280281
 40
0.403416972838347
 40
0.441160871467002
 40
0.4509984658853115
 40
0.4607219328702206
 40
0.4657594483853406
 40
0.4707176570746289
 40
0.4750932855376753
 40
0.4788933329767592
 40
0.4828154126548228
 40
0.4865167811554745
 40
0.4902777200286227
 40
0.4944157852317411
 40
0.4988488473699145
 40
0.5119336339534669
 40
0.5249184137892403
 40
0.5380278774876944
 40
0.551123086229139
 40
0.5642685982350387
 40
0.5774308431751873
 40
0.5994690182379282
 40
0.6215456245088871
 40
0.64365773740747
 40
0.6657956357196221
 40
0.6879435672395607
 40
0.7100872403524926
 40
0.7361887456047106
 40
0.7622817683490665
 40
0.7883559044229499
 40
0.814450150836503
 40
0.8493233617882919
 40
0.8840832622201068
 40
0.9187287698130348
 40
0.9396046553379619
 40
0.9607637775860939
 40
0.9812062280180758
 40
1.0
 40
1.0
 40
1.0
 40
1.0
 10
1.870059452315816
 20
-0.7746488206135524
 30
0.0
 10
1.728567255419376
 20
-0.8173053720271487
 30
0.0
 10
1.435135678843541
 20
-0.9057680534126171
 30
0.0
 10
0.9790577362570247
 20
-1.013838734372594
 30
0.0
 10
0.5072712705171012
 20
-1.102031700902398
 30
0.0
 10
0.0325511625005675
 20
-1.157371582764796
 30
0.0
 10
-0.4381301690943507
 20
-1.189538095227353
 30
0.0
 10
-0.9071078574486573
 20
-1.21135927163924
 30
0.0
 10
-1.651050293419079
 20
-1.240139421882857
 30
0.0
 10
-2.670356468554805
 20
-1.266705969219261
 30
0.0
 10
-3.827217072173139
 20
-1.268053820730725
 30
0.0
 10
-4.845928294796936
 20
-1.250820071263274
 30
0.0
 10
-5.727178611200658
 20
-1.23428892711542
 30
0.0
 10
-6.608449545002387
 20
-1.224248308139196
 30
0.0
 10
-7.48918142885601
 20
-1.211394850495955
 30
0.0
 10
-8.152811286060166
 20
-1.195310025778095
 30
0.0
 10
-8.598043215038262
 20
-1.204946354694679
 30
0.0
 10
-8.788930756920713
 20
-1.219432141685166
 30
0.0
 10
-8.940104185969965
 20
-1.245631660012347
 30
0.0
 10
-9.048586328411
 20
-1.271633039038715
 30
0.0
 10
-9.142949995035197
 20
-1.317009901025928
 30
0.0
 10
-9.202086652185626
 20
-1.39308343425012
 30
0.0
 10
-9.235201886160244
 20
-1.476601236952434
 30
0.0
 10
-9.240256948950824
 20
-1.566834710985575
 30
0.0
 10
-9.213196381045961
 20
-1.654224924701861
 30
0.0
 10
-9.165238946061551
 20
-1.737710385461464
 30
0.0
 10
-9.06088646680569
 20
-1.870046220792719
 30
0.0
 10
-8.893689153907342
 20
-2.039554660321479
 30
0.0
 10
-8.64909483662752
 20
-2.222286428040402
 30
0.0
 10
-8.386269125995645
 20
-2.377025491826325
 30
0.0
 10
-8.109881718791023
 20
-2.508639893556762
 30
0.0
 10
-7.824112947608276
 20
-2.619290000774165
 30
0.0
 10
-7.465662959925843
 20
-2.732528747217991
 30
0.0
 10
-7.031468075549974
 20
-2.833309951614448
 30
0.0
 10
-6.522179426447462
 20
-2.910100420804346
 30
0.0
 10
-6.008407596136872
 20
-2.954722732284476
 30
0.0
 10
-5.492555807441915
 20
-2.972786344763763
 30
0.0
 10
-4.976197805193348
 20
-2.96807157433184
 30
0.0
 10
-4.429722460572593
 20
-2.940521297838812
 30
0.0
 10
-3.854371258430493
 20
-2.886168278613821
 30
0.0
 10
-3.252181479952301
 20
-2.798762128567741
 30
0.0
 10
-2.655572723930934
 20
-2.679193171578524
 30
0.0
 10
-2.000066738446146
 20
-2.51123589323692
 30
0.0
 10
-1.29026722893009
 20
-2.287178299824709
 30
0.0
 10
-0.5301994369798017
 20
-2.005600205587927
 30
0.0
 10
0.1179773935349205
 20
-1.736387487005743
 30
0.0
 10
0.6573830116616037
 20
-1.48285985080089
 30
0.0
 10
1.089697344810424
 20
-1.26177476561841
 30
0.0
 10
1.502904827427954
 20
-1.039080285763011
 30
0.0
 10
1.766858752555091
 20
-0.8864228770647353
 30
0.0
 10
1.893290136041569
 20
-0.813301451149636
 30
0.0
  0
SPLINE
  5
28E
330
1F
100
AcDbEntity
  8
0
  6
Continuous
 62
     7
370
    25
100
AcDbSpline
210
0.0
220
0.0
230
1.0
 70
     8
 71
     3
 72
    55
 73
    51
 74
     0
 42
0.00000001
 43
0.00000001
 40
0.0
 40
0.0
 40
0.0
 40
0.0
 40
0.0190136358875781
 40
0.0394311578822571
 40
0.0602807673586437
 40
0.0807414835354873
 40
0.1008911534488376
 40
0.1209815928087887
 40
0.1411548651644127
 40
0.1966956792566838
 40
0.2521819736969202
 40
0.2900078264790378
 40
0.3278042987931132
 40
0.3656044724280281
 40
0.4034169728383469
 40
0.4411608714670019
 40
0.4509984658853115
 40
0.4607219328702206
 40
0.4657594483853406
 40
0.4707176570746289
 40
0.4750932855376753
 40
0.4788933329767592
 40
0.4828154126548228
 40
0.4865167811554745
 40
0.4902777200286227
 40
0.4944157852317411
 40
0.4988488473699145
 40
0.5119336339534669
 40
0.5249184137892403
 40
0.5380278774876944
 40
0.5511230862291389
 40
0.5642685982350386
 40
0.5774308431751872
 40
0.5994690182379281
 40
0.621545624508887
 40
0.6436577374074699
 40
0.665795635719622
 40
0.6879435672395606
 40
0.7100872403524924
 40
0.7361887456047104
 40
0.7622817683490662
 40
0.7883559044229497
 40
0.8144501508365027
 40
0.8493233617882918
 40
0.8840832622201068
 40
0.9187287698130348
 40
0.9396046553379619
 40
0.9607637775860939
 40
0.9812062280180758
 40
1.0
 40
1.0
 40
1.0
 40
1.0
 10
-6.505708383525559
 20
-4.449025683332651
 30
0.0
 10
-6.364216186629119
 20
-4.406369131919054
 30
0.0
 10
-6.070784610053285
 20
-4.317906450533584
 30
0.0
 10
-5.614706667466771
 20
-4.209835769573605
 30
0.0
 10
-5.142920201726847
 20
-4.121642803043795
 30
0.0
 10
-4.668200093710314
 20
-4.066302921181395
 30
0.0
 10
-4.197518762115398
 20
-4.034136408718835
 30
0.0
 10
-3.72854107376109
 20
-4.012315232306945
 30
0.0
 10
-2.984598637790669
 20
-3.983535082063323
 30
0.0
 10
-1.965292462654942
 20
-3.956968534726911
 30
0.0
 10
-0.8084318590366089
 20
-3.955620683215438
 30
0.0
 10
0.2102793635871882
 20
-3.972854432682884
 30
0.0
 10
1.09152967999091
 20
-3.989385576830729
 30
0.0
 10
1.972800613792637
 20
-3.99942619580695
 30
0.0
 10
2.853532497646265
 20
-4.012279653450183
 30
0.0
 10
3.51716235485042
 20
-4.028364478168038
 30
0.0
 10
3.962394283828513
 20
-4.018728149251452
 30
0.0
 10
4.153281825710969
 20
-4.004242362260962
 30
0.0
 10
4.304455254760216
 20
-3.978042843933782
 30
0.0
 10
4.412937397201252
 20
-3.952041464907413
 30
0.0
 10
4.507301063825446
 20
-3.906664602920197
 30
0.0
 10
4.566437720975877
 20
-3.830591069696008
 30
0.0
 10
4.599552954950496
 20
-3.747073266993691
 30
0.0
 10
4.60460801774107
 20
-3.656839792960553
 30
0.0
 10
4.577547449836209
 20
-3.569449579244263
 30
0.0
 10
4.529590014851801
 20
-3.485964118484664
 30
0.0
 10
4.425237535595937
 20
-3.353628283153406
 30
0.0
 10
4.258040222697588
 20
-3.184119843624651
 30
0.0
 10
4.013445905417766
 20
-3.001388075905729
 30
0.0
 10
3.750620194785888
 20
-2.846649012119807
 30
0.0
 10
3.474232787581266
 20
-2.715034610389373
 30
0.0
 10
3.188464016398517
 20
-2.604384503171972
 30
0.0
 10
2.830014028716087
 20
-2.491145756728145
 30
0.0
 10
2.395819144340213
 20
-2.390364552331694
 30
0.0
 10
1.886530495237704
 20
-2.313574083141799
 30
0.0
 10
1.372758664927114
 20
-2.268951771661672
 30
0.0
 10
0.8569068762321563
 20
-2.250888159182388
 30
0.0
 10
0.3405488739835919
 20
-2.255602929614317
 30
0.0
 10
-0.205926470637169
 20
-2.283153206107347
 30
0.0
 10
-0.7812776727792649
 20
-2.337506225332343
 30
0.0
 10
-1.383467451257459
 20
-2.424912375378426
 30
0.0
 10
-1.980076207278823
 20
-2.544481332367649
 30
0.0
 10
-2.635582192763612
 20
-2.712438610709257
 30
0.0
 10
-3.345381702279663
 20
-2.936496204121471
 30
0.0
 10
-4.105449494229949
 20
-3.21807429835826
 30
0.0
 10
-4.753626324744674
 20
-3.487287016940449
 30
0.0
 10
-5.293031942871352
 20
-3.740814653145305
 30
0.0
 10
-5.72534627602017
 20
-3.961899738327789
 30
0.0
 10
-6.138553758637697
 20
-4.184594218183191
 30
0.0
 10
-6.402507683764834
 20
-4.337251626881467
 30
0.0
 10
-6.528939067251313
 20
-4.410373052796568
 30
0.0
  0
CIRCLE
  5
2A7
330
1F
100
AcDbEntity
  8
0
  6
Continuous
 62
     7
370
    25
100
AcDbCircle
 10
-0.4496990973
 20
-3.1247687558
 30
0.0
 40
0.0590551181102365
  0
CIRCLE
  5
2A8
330
1F
100
AcDbEntity
  8
0
  6
Continuous
 62
     7
370
    25
100
AcDbCircle
 10
2.5484733837
 20
-3.2294672459
 30
0.0
 40
0.0590551181102364
  0
CIRCLE
  5
2A9
330
1F
100
AcDbEntity
  8
0
  6
Continuous
 62
     7
370
    25
100
AcDbCircle
 10
1.0493871432
 20
-3.1771180009
 30
0.0
 40
0.4549999999999592
  0
CIRCLE
  5
2F8
330
1F
100
AcDbEntity
  8
0
  6
Continuous
 62
     7
370
    25
100
AcDbCircle
 10
-4.347657059
 20
-0.3254438327
 30
0.0
 40
0.059055118110237
  0
CIRCLE
  5
2F9
330
1F
100
AcDbEntity
  8
0
  6
Continuous
 62
     7
370
    25
100
AcDbCircle
 10
-7.3435456633
 20
-0.168435964
 30
0.0
 40
0.059055118110237
  0
CIRCLE
  5
2FA
330
1F
100
AcDbEntity
  8
0
  6
Continuous
 62
     7
370
    25
100
AcDbCircle
 10
-5.8456013612
 20
-0.2469398983
 30
0.0
 40
0.4549999999999585
  0
SPLINE
  5
330
330
1F
100
AcDbEntity
  8
0
  6
Continuous
 62
     7
370
    25
100
AcDbSpline
210
0.0
220
0.0
230
1.0
 70
     8
 71
     3
 72
    55
 73
    51
 74
     0
 42
0.00000001
 43
0.00000001
 40
0.0
 40
0.0
 40
0.0
 40
0.0
 40
0.0190136358875782
 40
0.0394311578822572
 40
0.0602807673586438
 40
0.0807414835354873
 40
0.1008911534488376
 40
0.1209815928087887
 40
0.1411548651644127
 40
0.1966956792566838
 40
0.2521819736969202
 40
0.2900078264790378
 40
0.3278042987931132
 40
0.3656044724280281
 40
0.4034169728383469
 40
0.4411608714670019
 40
0.4509984658853115
 40
0.4607219328702206
 40
0.4657594483853406
 40
0.4707176570746289
 40
0.4750932855376753
 40
0.4788933329767591
 40
0.4828154126548226
 40
0.4865167811554744
 40
0.4902777200286226
 40
0.494415785231741
 40
0.4988488473699144
 40
0.5119336339534667
 40
0.5249184137892402
 40
0.5380278774876942
 40
0.5511230862291386
 40
0.5642685982350384
 40
0.577430843175187
 40
0.5994690182379279
 40
0.6215456245088867
 40
0.6436577374074697
 40
0.6657956357196216
 40
0.6879435672395604
 40
0.7100872403524922
 40
0.7361887456047103
 40
0.7622817683490661
 40
0.7883559044229496
 40
0.8144501508365026
 40
0.8493233617882916
 40
0.8840832622201067
 40
0.9187287698130345
 40
0.9396046553379619
 40
0.9607637775860939
 40
0.9812062280180758
 40
1.0
 40
1.0
 40
1.0
 40
1.0
 10
1.730541337728823
 20
0.8929194686351649
 30
0.0
 10
1.588326231306821
 20
0.8527387933489017
 30
0.0
 10
1.293395459111294
 20
0.7694106723942219
 30
0.0
 10
0.8355008859564292
 20
0.6693161087435068
 30
0.0
 10
0.3622470960835991
 20
0.5893703835813785
 30
0.0
 10
-0.1133665238715788
 20
0.5423239385200904
 30
0.0
 10
-0.5845375514690656
 20
0.5183768470746188
 30
0.0
 10
-1.053824644289572
 20
0.5047437833607703
 30
0.0
 10
-1.798156057103007
 20
0.4889516022319345
 30
0.0
 10
-2.81777063715289
 20
0.4801784467618671
 30
0.0
 10
-3.974478568550307
 20
0.4990208019803458
 30
0.0
 10
-4.992733866120517
 20
0.5340308889637335
 30
0.0
 10
-5.873561455586079
 20
0.5659394540331241
 30
0.0
 10
-6.754522934592797
 20
0.5913588422925184
 30
0.0
 10
-7.634896354947686
 20
0.6195812330911912
 30
0.0
 10
-8.298144419211772
 20
0.6472455460041796
 30
0.0
 10
-8.74347671433937
 20
0.6453810533305475
 30
0.0
 10
-8.934587994966732
 20
0.6342289195603276
 30
0.0
 10
-9.08619564421282
 20
0.610671731672975
 30
0.0
 10
-9.195115050932815
 20
0.5865675872236408
 30
0.0
 10
-9.29025628095177
 20
0.5428445094151337
 30
0.0
 10
-9.35071159752383
 20
0.4678146395344538
 30
0.0
 10
-9.385279374525432
 20
0.3848874975206081
 30
0.0
 10
-9.391908458668526
 20
0.2947559894930085
 30
0.0
 10
-9.366377181747657
 20
0.2069068137000546
 30
0.0
 10
-9.319884073105658
 20
0.1225970955334584
 30
0.0
 10
-9.217857066022246
 20
-0.0115397862898037
 30
0.0
 10
-9.053643548265697
 20
-0.1839404043221168
 30
0.0
 10
-8.812275592964351
 20
-0.3709131005451474
 30
0.0
 10
-8.552190480994145
 20
-0.5302155379462793
 30
0.0
 10
-8.278142156962355
 20
-0.666633519530525
 30
0.0
 10
-7.994348020391095
 20
-0.7822541269424176
 30
0.0
 10
-7.637928915005367
 20
-0.9017314414491499
 30
0.0
 10
-7.205559035153823
 20
-1.010075041975149
 30
0.0
 10
-6.697688131658178
 20
-1.095742128102678
 30
0.0
 10
-6.184773318001976
 20
-1.149324198187245
 30
0.0
 10
-5.669315349539732
 20
-1.176387914568563
 30
0.0
 10
-5.152953707026115
 20
-1.180685551941398
 30
0.0
 10
-4.606080774624433
 20
-1.162676781311199
 30
0.0
 10
-4.029868610274595
 20
-1.118373303338265
 30
0.0
 10
-3.42624510056071
 20
-1.041490126438577
 30
0.0
 10
-2.827640444907967
 20
-0.9323516388747815
 30
0.0
 10
-2.169303037474066
 20
-0.7758600981209397
 30
0.0
 10
-1.455701289675707
 20
-0.5642243392945111
 30
0.0
 10
-0.690835044387155
 20
-0.2959541427903432
 30
0.0
 10
-0.0380585245604442
 20
-0.0380946720985295
 30
0.0
 10
0.505689606828052
 20
0.2059804245372367
 30
0.0
 10
0.9417965631738011
 20
0.4194869119396185
 30
0.0
 10
1.35882766686409
 20
0.6349360094175227
 30
0.0
 10
1.625405629672206
 20
0.7829635364710051
 30
0.0
 10
1.753093901890939
 20
0.8538672937477325
 30
0.0
  0
SPLINE
  5
332
330
1F
100
AcDbEntity
  8
0
  6
Continuous
 62
     7
370
    25
100
AcDbSpline
210
0.0
220
0.0
230
1.0
 70
     8
 71
     3
 72
    55
 73
    51
 74
     0
 42
0.00000001
 43
0.00000001
 40
0.0
 40
0.0
 40
0.0
 40
0.0
 40
0.0190136358875782
 40
0.0394311578822572
 40
0.0602807673586437
 40
0.0807414835354873
 40
0.1008911534488376
 40
0.1209815928087887
 40
0.1411548651644127
 40
0.1966956792566838
 40
0.2521819736969202
 40
0.2900078264790378
 40
0.3278042987931132
 40
0.3656044724280281
 40
0.4034169728383469
 40
0.4411608714670019
 40
0.4509984658853115
 40
0.4607219328702206
 40
0.4657594483853406
 40
0.4707176570746289
 40
0.4750932855376752
 40
0.4788933329767591
 40
0.4828154126548226
 40
0.4865167811554744
 40
0.4902777200286226
 40
0.494415785231741
 40
0.4988488473699143
 40
0.5119336339534667
 40
0.5249184137892402
 40
0.5380278774876943
 40
0.5511230862291387
 40
0.5642685982350386
 40
0.5774308431751872
 40
0.599469018237928
 40
0.621545624508887
 40
0.6436577374074697
 40
0.6657956357196219
 40
0.6879435672395605
 40
0.7100872403524923
 40
0.7361887456047104
 40
0.7622817683490662
 40
0.7883559044229497
 40
0.8144501508365029
 40
0.8493233617882919
 40
0.8840832622201068
 40
0.9187287698130346
 40
0.9396046553379618
 40
0.9607637775860938
 40
0.9812062280180758
 40
0.9999999999999999
 40
0.9999999999999999
 40
0.9999999999999999
 40
0.9999999999999999
 10
-10.57135631186032
 20
0.3311674646970492
 30
0.0
 10
-10.42914120543831
 20
0.371348139983313
 30
0.0
 10
-10.13421043324278
 20
0.4546762609379944
 30
0.0
 10
-9.67631586008793
 20
0.5547708245887145
 30
0.0
 10
-9.203062070215093
 20
0.6347165497508449
 30
0.0
 10
-8.727448450259917
 20
0.6817629948121362
 30
0.0
 10
-8.256277422662432
 20
0.7057100862576122
 30
0.0
 10
-7.786990329841925
 20
0.7193431499714635
 30
0.0
 10
-7.04265891702849
 20
0.7351353311003043
 30
0.0
 10
-6.023044336978606
 20
0.7439084865703777
 30
0.0
 10
-4.866336405581188
 20
0.7250661313519077
 30
0.0
 10
-3.848081108010982
 20
0.6900560443685287
 30
0.0
 10
-2.967253518545418
 20
0.658147479299142
 30
0.0
 10
-2.086292039538699
 20
0.6327280910397552
 30
0.0
 10
-1.205918619183813
 20
0.6045057002410885
 30
0.0
 10
-0.5426705549197217
 20
0.576841387328104
 30
0.0
 10
-0.0973382597921286
 20
0.5787058800017398
 30
0.0
 10
0.0937730208352376
 20
0.5898580137719603
 30
0.0
 10
0.2453806700813227
 20
0.6134152016593157
 30
0.0
 10
0.3543000768013138
 20
0.6375193461086494
 30
0.0
 10
0.4494413068202757
 20
0.6812424239171585
 30
0.0
 10
0.5098966233923344
 20
0.7562722937978373
 30
0.0
 10
0.5444644003939312
 20
0.839199435811682
 30
0.0
 10
0.5510934845370308
 20
0.9293309438392854
 30
0.0
 10
0.5255622076161544
 20
1.017180119632236
 30
0.0
 10
0.4790690989741584
 20
1.101489837798833
 30
0.0
 10
0.3770420918907482
 20
1.235626719622094
 30
0.0
 10
0.2128285741341943
 20
1.408027337654406
 30
0.0
 10
-0.0285393811671506
 20
1.595000033877436
 30
0.0
 10
-0.2886244931373574
 20
1.754302471278565
 30
0.0
 10
-0.5626728171691533
 20
1.89072045286281
 30
0.0
 10
-0.8464669537404076
 20
2.006341060274699
 30
0.0
 10
-1.202886059126137
 20
2.125818374781429
 30
0.0
 10
-1.63525593897769
 20
2.234161975307428
 30
0.0
 10
-2.143126842473325
 20
2.31982906143495
 30
0.0
 10
-2.656041656129537
 20
2.373411131519514
 30
0.0
 10
-3.171499624591771
 20
2.400474847900828
 30
0.0
 10
-3.687861267105397
 20
2.404772485273661
 30
0.0
 10
-4.234734199507075
 20
2.386763714643456
 30
0.0
 10
-4.810946363856917
 20
2.342460236670519
 30
0.0
 10
-5.414569873570798
 20
2.265577059770827
 30
0.0
 10
-6.01317452922354
 20
2.156438572207027
 30
0.0
 10
-6.671511936657444
 20
1.999947031453182
 30
0.0
 10
-7.38511368445579
 20
1.788311272626748
 30
0.0
 10
-8.149979929744353
 20
1.520041076122573
 30
0.0
 10
-8.802756449571051
 20
1.262181605430757
 30
0.0
 10
-9.346504580959552
 20
1.018106508794986
 30
0.0
 10
-9.7826115373053
 20
0.8046000213926
 30
0.0
 10
-10.19964264099558
 20
0.5891509239146953
 30
0.0
 10
-10.4662206038037
 20
0.4411233968612095
 30
0.0
 10
-10.59390887602243
 20
0.3702196395844817
 30
0.0
  0
CIRCLE
  5
34B
330
1F
100
AcDbEntity
  8
0
  6
Continuous
 62
     7
370
    25
100
AcDbCircle
 10
-4.4931579151
 20
1.549530766
 30
0.0
 40
0.0590551181102362
  0
CIRCLE
  5
34C
330
1F
100
AcDbEntity
  8
0
  6
Continuous
 62
     7
370
    25
100
AcDbCircle
 10
-1.4972693108
 20
1.3925228973
 30
0.0
 40
0.0590551181102369
  0
CIRCLE
  5
34D
330
1F
100
AcDbEntity
  8
0
  6
Continuous
 62
     7
370
    25
100
AcDbCircle
 10
-2.995213613
 20
1.4710268317
 30
0.0
 40
0.4549999999999585
  0
SPLINE
  5
389
330
1F
100
AcDbEntity
  8
0
  6
Continuous
 62
     7
370
    25
100
AcDbSpline
210
0.0
220
0.0
230
1.0
 70
     8
 71
     3
 72
    10
 73
     6
 74
     0
 42
0.00000001
 43
0.00000001
 40
0.0
 40
0.0
 40
0.0
 40
0.0
 40
0.3340008855489898
 40
0.6665136185794989
 40
1.0
 40
1.0
 40
1.0
 40
1.0
 10
10.04980933202929
 20
2.355401403546815
 30
0.0
 10
9.821859669001018
 20
2.350163083329546
 30
0.0
 10
9.36697598056642
 20
2.33970978241224
 30
0.0
 10
8.684346775775044
 20
2.349839080454886
 30
0.0
 10
8.229861165777608
 20
2.360058206609757
 30
0.0
 10
8.002286146236223
 20
2.365175239543768
 30
0.0
  0
CIRCLE
  5
391
330
1F
100
AcDbEntity
  8
0
  6
Continuous
 62
     7
370
    25
100
AcDbCircle
 10
2.7969270425
 20
2.1167966018
 30
0.0
 40
0.0590551200000013
  0
CIRCLE
  5
392
330
1F
100
AcDbEntity
  8
0
  6
Continuous
 62
     7
370
    25
100
AcDbCircle
 10
2.8124403396
 20
1.8672783908
 30
0.0
 40
0.0590551200000011
  0
CIRCLE
  5
393
330
1F
100
AcDbEntity
  8
0
  6
Continuous
 62
     7
370
    25
100
AcDbCircle
 10
3.4699467709
 20
1.766730556
 30
0.0
 40
0.0590551199999835
  0
CIRCLE
  5
394
330
1F
100
AcDbEntity
  8
0
  6
Continuous
 62
     7
370
    25
100
AcDbCircle
 10
3.449514471
 20
2.0953667499
 30
0.0
 40
0.0590551200000016
  0
CIRCLE
  5
395
330
1F
100
AcDbEntity
  8
0
  6
Continuous
 62
     7
370
    25
100
AcDbCircle
 10
5.2408737279
 20
1.5151916889
 30
0.0
 40
0.0590551200000016
  0
CIRCLE
  5
396
330
1F
100
AcDbEntity
  8
0
  6
Continuous
 62
     7
370
    25
100
AcDbCircle
 10
5.2090659716
 20
2.0267924387
 30
0.0
 40
0.0590551200000016
  0
CIRCLE
  5
397
330
1F
100
AcDbEntity
  8
0
  6
Continuous
 62
     7
370
    25
100
AcDbCircle
 10
6.9122762782
 20
1.5564481368
 30
0.0
 40
0.0590551199999999
  0
CIRCLE
  5
398
330
1F
100
AcDbEntity
  8
0
  6
Continuous
 62
     7
370
    25
100
AcDbCircle
 10
6.89023793
 20
1.9109162524
 30
0.0
 40
0.0590551200000003
  0
CIRCLE
  5
399
330
1F
100
AcDbEntity
  8
0
  6
Continuous
 62
     7
370
    25
100
AcDbCircle
 10
7.4895133218
 20
1.6069498343
 30
0.0
 40
0.0590551200000008
  0
CIRCLE
  5
39A
330
1F
100
AcDbEntity
  8
0
  6
Continuous
 62
     7
370
    25
100
AcDbCircle
 10
7.4674749737
 20
1.9614179499
 30
0.0
 40
0.0590551200000007
  0
CIRCLE
  5
39B
330
1F
100
AcDbEntity
  8
0
  6
Continuous
 62
     7
370
    25
100
AcDbCircle
 10
4.2517550953
 20
1.8612196851
 30
0.0
 40
0.4549999999999489
  0
SPLINE
  5
39C
330
1F
100
AcDbEntity
  8
0
  6
Continuous
 62
     7
370
    25
100
AcDbSpline
210
0.0
220
0.0
230
1.0
 70
     8
 71
     3
 72
    55
 73
    51
 74
     0
 42
0.00000001
 43
0.00000001
 40
0.0
 40
0.0
 40
0.0
 40
0.0
 40
0.0188262787386029
 40
0.039038190031915
 40
0.0596942791746262
 40
0.0799758069448016
 40
0.0999432623244302
 40
0.1198414268171914
 40
0.1398193628827902
 40
0.1948381073448052
 40
0.2497998271880849
 40
0.2880659259170855
 40
0.3263018103589962
 40
0.3645395409928933
 40
0.4027908056747327
 40
0.4409742295559956
 40
0.4509267572912442
 40
0.4607630951501052
 40
0.4658590057643932
 40
0.4708661746080614
 40
0.4752754176871863
 40
0.4791359957262263
 40
0.4830934363121959
 40
0.4868247803731676
 40
0.4906586769519776
 40
0.4948821301522912
 40
0.4993871671178049
 40
0.512590930675378
 40
0.5257442188302441
 40
0.5390031131771946
 40
0.5522537141232777
 40
0.5655544903250328
 40
0.5788705363531957
 40
0.6008357701119211
 40
0.6228394598930946
 40
0.6448776575308153
 40
0.666940894115866
 40
0.6890131817023147
 40
0.7110809988095703
 40
0.7370935594378752
 40
0.763096626328766
 40
0.7890815100957463
 40
0.8150878854893246
 40
0.8498427295086488
 40
0.8844799951524676
 40
0.9190105545013082
 40
0.9398213010845896
 40
0.960907292175523
 40
0.9812735627294823
 40
0.9999999999999999
 40
0.9999999999999999
 40
0.9999999999999999
 40
0.9999999999999999
 10
11.86306313095096
 20
2.735981113368929
 30
0.0
 10
11.72095289492401
 20
2.701112530251927
 30
0.0
 10
11.42627297030752
 20
2.628809002148201
 30
0.0
 10
10.9697112838205
 20
2.545280044214597
 30
0.0
 10
10.49851480492606
 20
2.481800521554762
 30
0.0
 10
10.02592080346224
 20
2.450685815858833
 30
0.0
 10
9.558512208027185
 20
2.442505967491697
 30
0.0
 10
9.093461840426416
 20
2.444967322974553
 30
0.0
 10
8.356098342174365
 20
2.454719227279479
 30
0.0
 10
7.346441339141915
 20
2.480785980534088
 30
0.0
 10
6.195741031489994
 20
2.53845252317457
 30
0.0
 10
5.176537363304901
 20
2.608633857286496
 30
0.0
 10
4.287172508792898
 20
2.672272257778555
 30
0.0
 10
3.397436336358012
 20
2.729136588005627
 30
0.0
 10
2.508374409929505
 20
2.788577764935138
 30
0.0
 10
1.838802330032727
 20
2.840066808174912
 30
0.0
 10
1.388514122523467
 20
2.854153352411925
 30
0.0
 10
1.194878703485335
 20
2.84972699815324
 30
0.0
 10
1.040889361169478
 20
2.831037509513942
 30
0.0
 10
0.9300610575683771
 20
2.810533058356267
 30
0.0
 10
0.832965924826363
 20
2.76807637493724
 30
0.0
 10
0.770743190506097
 20
2.693166038655089
 30
0.0
 10
0.7343553279260701
 20
2.609872927441463
 30
0.0
 10
0.7271697367921911
 20
2.518634182174427
 30
0.0
 10
0.7523214479438335
 20
2.429200181801896
 30
0.0
 10
0.7982115803897465
 20
2.342572512125265
 30
0.0
 10
0.8982551576313881
 20
2.204325012801087
 30
0.0
 10
1.059038840753357
 20
2.024966289744195
 30
0.0
 10
1.298052029401104
 20
1.829509345014566
 30
0.0
 10
1.55651435631915
 20
1.660802061427502
 30
0.0
 10
1.829771829810121
 20
1.51502240673121
 30
0.0
 10
2.113428266472328
 20
1.389844094717873
 30
0.0
 10
2.468012250257234
 20
1.259595465502611
 30
0.0
 10
2.897049762311295
 20
1.138588185972983
 30
0.0
 10
3.400361537119359
 20
1.037706679929002
 30
0.0
 10
3.909603614339682
 20
0.9681236732687937
 30
0.0
 10
4.422171233219481
 20
0.9245128920072899
 30
0.0
 10
4.936354742922097
 20
0.9033634066804646
 30
0.0
 10
5.481652300555906
 20
0.9033070977299046
 30
0.0
 10
6.057036183136909
 20
0.9283912264717077
 30
0.0
 10
6.660799800093003
 20
0.985020430700798
 30
0.0
 10
7.260648396256384
 20
1.073861424970892
 30
0.0
 10
7.921614420678786
 20
1.207693851696831
 30
0.0
 10
8.639509740354422
 20
1.394323309239522
 30
0.0
 10
9.41050433543376
 20
1.635303920473891
 30
0.0
 10
10.0695522221671
 20
1.869749044009869
 30
0.0
 10
10.61956556573498
 20
2.094192570273888
 30
0.0
 10
11.0612892678673
 20
2.29176969820319
 30
0.0
 10
11.48403944455229
 20
2.491860213036841
 30
0.0
 10
11.75462259542135
 20
2.629995305340901
 30
0.0
 10
11.88423905545167
 20
2.696165654872674
 30
0.0
  0
SPLINE
  5
3A7
330
1F
100
AcDbEntity
  8
0
  6
Continuous
 62
     7
370
    25
100
AcDbSpline
210
0.0
220
0.0
230
1.0
 70
     8
 71
     3
 72
     9
 73
     5
 74
     0
 42
0.00000001
 43
0.00000001
 40
0.0
 40
0.0
 40
0.0
 40
0.0
 40
0.4979340491079265
 40
1.0
 40
1.0
 40
1.0
 40
1.0
 10
1.371935898841
 20
1.906234282417277
 30
0.0
 10
1.480376612239732
 20
1.833667442327732
 30
0.0
 10
1.698157889886859
 20
1.687931595944959
 30
0.0
 10
1.936824942182295
 20
1.57972715593611
 30
0.0
 10
2.056651542739612
 20
1.525401390872323
 30
0.0
  0
SPLINE
  5
3AB
330
1F
100
AcDbEntity
  8
0
  6
Continuous
 62
     7
370
    25
100
AcDbSpline
210
0.0
220
0.0
230
1.0
 70
     8
 71
     3
 72
    19
 73
    15
 74
     0
 42
0.00000001
 43
0.00000001
 40
0.0
 40
0.0
 40
0.0
 40
0.0
 40
0.1301445324710036
 40
0.255614744742381
 40
0.3185347350074276
 40
0.3678121316701916
 40
0.4017106865793065
 40
0.4704256405087449
 40
0.5368986000605254
 40
0.5809137257845493
 40
0.6374970660269822
 40
0.7058905790103747
 40
0.8548929662720175
 40
1.0
 40
1.0
 40
1.0
 40
1.0
 10
1.330113825827005
 20
2.751725199567271
 30
0.0
 10
1.281835901226244
 20
2.750445419439134
 30
0.0
 10
1.187014020205121
 20
2.747931824249471
 30
0.0
 10
1.069273946808047
 20
2.73461459868048
 30
0.0
 10
0.9828790961842256
 20
2.717287301022045
 30
0.0
 10
0.9302829942857881
 20
2.702871938006159
 30
0.0
 10
0.8811876554064442
 20
2.673577071326197
 30
0.0
 10
0.8447106614707761
 20
2.61982480113238
 30
0.0
 10
0.8266182744224778
 20
2.553767915913277
 30
0.0
 10
0.8375724096727251
 20
2.491725364669644
 30
0.0
 10
0.8619100999501738
 20
2.433636680280847
 30
0.0
 10
0.9155059422721443
 20
2.346949831691127
 30
0.0
 10
0.999834360582402
 20
2.241694119442376
 30
0.0
 10
1.075143424228884
 20
2.162705252343733
 30
0.0
 10
1.112299237877432
 20
2.123733905680811
 30
0.0
  0
SPLINE
  5
3AF
330
1F
100
AcDbEntity
  8
0
  6
Continuous
 62
     7
370
    25
100
AcDbSpline
210
0.0
220
0.0
230
1.0
 70
     8
 71
     3
 72
    10
 73
     6
 74
     0
 42
0.00000001
 43
0.00000001
 40
0.0
 40
0.0
 40
0.0
 40
0.0
 40
0.3344125491347473
 40
0.6677053124601016
 40
1.0
 40
1.0
 40
1.0
 40
1.0
 10
8.074220677937294
 20
1.353720780557934
 30
0.0
 10
8.303463177191963
 20
1.414046988889571
 30
0.0
 10
8.761180553498601
 20
1.534497402272168
 30
0.0
 10
9.436927276868818
 20
1.749562901134603
 30
0.0
 10
9.879619054438884
 20
1.912650038746392
 30
0.0
 10
10.10063302595066
 20
1.994071329613634
 30
0.0
  0
SPLINE
  5
3B3
330
1F
100
AcDbEntity
  8
0
  6
Continuous
 62
     7
370
    25
100
AcDbSpline
210
0.0
220
0.0
230
1.0
 70
     8
 71
     3
 72
    10
 73
     6
 74
     0
 42
0.00000001
 43
0.00000001
 40
0.0
 40
0.0
 40
0.0
 40
0.0
 40
0.3344125491347469
 40
0.6677053124601032
 40
0.9999999999999999
 40
0.9999999999999999
 40
0.9999999999999999
 40
0.9999999999999999
 10
2.562828656630282
 20
3.980225575615141
 30
0.0
 10
2.333586157375616
 20
3.919899367283506
 30
0.0
 10
1.875868781068974
 20
3.799448953900911
 30
0.0
 10
1.200122057698764
 20
3.58438345503845
 30
0.0
 10
0.7574302801286915
 20
3.421296317426669
 30
0.0
 10
0.5364163086169157
 20
3.339875026559433
 30
0.0
  0
SPLINE
  5
3B7
330
1F
100
AcDbEntity
  8
0
  6
Continuous
 62
     7
370
    25
100
AcDbSpline
210
0.0
220
0.0
230
1.0
 70
     8
 71
     3
 72
    10
 73
     6
 74
     0
 42
0.00000001
 43
0.00000001
 40
0.0
 40
0.0
 40
0.0
 40
0.0
 40
0.3340008855489984
 40
0.6665136185794989
 40
1.0
 40
1.0
 40
1.0
 40
1.0
 10
0.5872400025382752
 20
2.978544952626252
 30
0.0
 10
0.8151896655665465
 20
2.983783272843521
 30
0.0
 10
1.270073354001144
 20
2.994236573760823
 30
0.0
 10
1.952702558792521
 20
2.98410727571819
 30
0.0
 10
2.40718816878995
 20
2.973888149563323
 30
0.0
 10
2.634763188331336
 20
2.968771116629316
 30
0.0
  0
CIRCLE
  5
3BF
330
1F
100
AcDbEntity
  8
0
  6
Continuous
 62
     7
370
    25
100
AcDbCircle
 10
7.8401222921
 20
3.2171497544
 30
0.0
 40
0.0590551199999824
  0
CIRCLE
  5
3C0
330
1F
100
AcDbEntity
  8
0
  6
Continuous
 62
     7
370
    25
100
AcDbCircle
 10
7.8246089949
 20
3.4666679654
 30
0.0
 40
0.0590551199999833
  0
CIRCLE
  5
3C1
330
1F
100
AcDbEntity
  8
0
  6
Continuous
 62
     7
370
    25
100
AcDbCircle
 10
7.1671025637
 20
3.5672158001
 30
0.0
 40
0.0590551200000008
  0
CIRCLE
  5
3C2
330
1F
100
AcDbEntity
  8
0
  6
Continuous
 62
     7
370
    25
100
AcDbCircle
 10
7.1875348636
 20
3.2385796063
 30
0.0
 40
0.0590551199999831
  0
CIRCLE
  5
3C3
330
1F
100
AcDbEntity
  8
0
  6
Continuous
 62
     7
370
    25
100
AcDbCircle
 10
5.3961756067
 20
3.8187546673
 30
0.0
 40
0.0590551199999824
  0
CIRCLE
  5
3C4
330
1F
100
AcDbEntity
  8
0
  6
Continuous
 62
     7
370
    25
100
AcDbCircle
 10
5.427983363
 20
3.3071539175
 30
0.0
 40
0.0590551200000016
  0
CIRCLE
  5
3C5
330
1F
100
AcDbEntity
  8
0
  6
Continuous
 62
     7
370
    25
100
AcDbCircle
 10
3.7247730564
 20
3.7774982193
 30
0.0
 40
0.0590551199999839
  0
CIRCLE
  5
3C6
330
1F
100
AcDbEntity
  8
0
  6
Continuous
 62
     7
370
    25
100
AcDbCircle
 10
3.7468114045
 20
3.4230301037
 30
0.0
 40
0.0590551199999848
  0
CIRCLE
  5
3C7
330
1F
100
AcDbEntity
  8
0
  6
Continuous
 62
     7
370
    25
100
AcDbCircle
 10
3.1475360127
 20
3.7269965219
 30
0.0
 40
0.0590551199999848
  0
CIRCLE
  5
3C8
330
1F
100
AcDbEntity
  8
0
  6
Continuous
 62
     7
370
    25
100
AcDbCircle
 10
3.1695743609
 20
3.3725284063
 30
0.0
 40
0.0590551199999835
  0
CIRCLE
  5
3C9
330
1F
100
AcDbEntity
  8
0
  6
Continuous
 62
     7
370
    25
100
AcDbCircle
 10
6.3852942393
 20
3.4727266711
 30
0.0
 40
0.4549999999999695
  0
SPLINE
  5
3CA
330
1F
100
AcDbEntity
  8
0
  6
Continuous
 62
     7
370
    25
100
AcDbSpline
210
0.0
220
0.0
230
1.0
 70
     8
 71
     3
 72
    55
 73
    51
 74
     0
 42
0.00000001
 43
0.00000001
 40
0.0
 40
0.0
 40
0.0
 40
0.0
 40
0.0188262787386036
 40
0.0390381900319158
 40
0.059694279174627
 40
0.0799758069448016
 40
0.099943262324431
 40
0.1198414268171921
 40
0.139819362882791
 40
0.1948381073448066
 40
0.2497998271880856
 40
0.2880659259170854
 40
0.3263018103589975
 40
0.3645395409928935
 40
0.402790805674734
 40
0.440974229555996
 40
0.450926757291245
 40
0.460763095150106
 40
0.4658590057643936
 40
0.4708661746080618
 40
0.4752754176871867
 40
0.4791359957262269
 40
0.4830934363121965
 40
0.4868247803731682
 40
0.4906586769519781
 40
0.4948821301522919
 40
0.4993871671178058
 40
0.5125909306753784
 40
0.5257442188302448
 40
0.5390031131771956
 40
0.5522537141232785
 40
0.5655544903250337
 40
0.5788705363531969
 40
0.6008357701119224
 40
0.6228394598930951
 40
0.6448776575308164
 40
0.6669408941158671
 40
0.6890131817023152
 40
0.7110809988095708
 40
0.7370935594378756
 40
0.7630966263287662
 40
0.7890815100957475
 40
0.8150878854893251
 40
0.8498427295086493
 40
0.8844799951524689
 40
0.9190105545013089
 40
0.9398213010845902
 40
0.9609072921755231
 40
0.9812735627294824
 40
1.0
 40
1.0
 40
1.0
 40
1.0
 10
-1.226013796383404
 20
2.59796524280412
 30
0.0
 10
-1.083903560356444
 20
2.632833825921121
 30
0.0
 10
-0.7892236357399494
 20
2.705137354024843
 30
0.0
 10
-0.3326619492529259
 20
2.788666311958464
 30
0.0
 10
0.138534529641513
 20
2.85214583461829
 30
0.0
 10
0.6111285311053308
 20
2.883260540314236
 30
0.0
 10
1.078537126540385
 20
2.891440388681381
 30
0.0
 10
1.543587494141158
 20
2.888979033198522
 30
0.0
 10
2.280950992393218
 20
2.879227128893596
 30
0.0
 10
3.290607995425666
 20
2.853160375639004
 30
0.0
 10
4.441308303077581
 20
2.795493832998503
 30
0.0
 10
5.460511971262676
 20
2.72531249888661
 30
0.0
 10
6.349876825774675
 20
2.661674098394547
 30
0.0
 10
7.239612998209572
 20
2.604809768167478
 30
0.0
 10
8.128674924638073
 20
2.545368591237991
 30
0.0
 10
8.79824700453486
 20
2.49387954799819
 30
0.0
 10
9.248535212044116
 20
2.479793003761207
 30
0.0
 10
9.442170631082247
 20
2.484219358019886
 30
0.0
 10
9.596159973398104
 20
2.502908846659186
 30
0.0
 10
9.706988276999198
 20
2.523413297816859
 30
0.0
 10
9.804083409741214
 20
2.565869981235892
 30
0.0
 10
9.866306144061488
 20
2.640780317518036
 30
0.0
 10
9.902694006641516
 20
2.724073428731664
 30
0.0
 10
9.90987959777538
 20
2.815312173998699
 30
0.0
 10
9.884727886623761
 20
2.904746174371236
 30
0.0
 10
9.838837754177824
 20
2.991373844047862
 30
0.0
 10
9.738794176936185
 20
3.129621343372033
 30
0.0
 10
9.578010493814215
 20
3.308980066428925
 30
0.0
 10
9.33899730516647
 20
3.504437011158564
 30
0.0
 10
9.080534978248425
 20
3.673144294745626
 30
0.0
 10
8.807277504757442
 20
3.818923949441908
 30
0.0
 10
8.52362106809524
 20
3.944102261455245
 30
0.0
 10
8.169037084310338
 20
4.074350890670524
 30
0.0
 10
7.73999957225627
 20
4.195358170200132
 30
0.0
 10
7.236687797448207
 20
4.296239676244109
 30
0.0
 10
6.727445720227879
 20
4.365822682904316
 30
0.0
 10
6.214878101348084
 20
4.40943346416582
 30
0.0
 10
5.700694591645475
 20
4.430582949492636
 30
0.0
 10
5.15539703401167
 20
4.430639258443189
 30
0.0
 10
4.580013151430668
 20
4.405555129701369
 30
0.0
 10
3.976249534474563
 20
4.348925925472298
 30
0.0
 10
3.376400938311191
 20
4.260084931202191
 30
0.0
 10
2.715434913888786
 20
4.126252504476255
 30
0.0
 10
1.997539594213147
 20
3.939623046933546
 30
0.0
 10
1.22654499913381
 20
3.698642435699186
 30
0.0
 10
0.5674971124004766
 20
3.464197312163178
 30
0.0
 10
0.0174837688326004
 20
3.239753785899187
 30
0.0
 10
-0.4242399332997024
 20
3.04217665796986
 30
0.0
 10
-0.8469901099846949
 20
2.842086143136217
 30
0.0
 10
-1.117573260853756
 20
2.703951050832158
 30
0.0
 10
-1.247189720884081
 20
2.637780701300384
 30
0.0
  0
SPLINE
  5
3D7
330
1F
100
AcDbEntity
  8
0
  6
Continuous
 62
     7
370
    25
100
AcDbSpline
210
0.0
220
0.0
230
1.0
 70
     8
 71
     3
 72
    19
 73
    15
 74
     0
 42
0.00000001
 43
0.00000001
 40
0.0
 40
0.0
 40
0.0
 40
0.0
 40
0.1301445324710025
 40
0.2556147447423878
 40
0.318534735007434
 40
0.3678121316702
 40
0.4017106865792973
 40
0.4704256405087446
 40
0.5368986000605247
 40
0.5809137257845481
 40
0.6374970660269809
 40
0.7058905790103809
 40
0.8548929662720132
 40
1.0
 40
1.0
 40
1.0
 40
1.0
 10
9.306935508740573
 20
2.582221156605856
 30
0.0
 10
9.355213433341332
 20
2.583500936733989
 30
0.0
 10
9.45003531436246
 20
2.586014531923644
 30
0.0
 10
9.567775387759534
 20
2.59933175749265
 30
0.0
 10
9.65417023838336
 20
2.61665905515108
 30
0.0
 10
9.706766340281789
 20
2.631074418166976
 30
0.0
 10
9.75586167916113
 20
2.660369284846939
 30
0.0
 10
9.792338673096811
 20
2.71412155504074
 30
0.0
 10
9.810431060145106
 20
2.78017844025985
 30
0.0
 10
9.79947692489486
 20
2.842220991503484
 30
0.0
 10
9.775139234617413
 20
2.900309675892284
 30
0.0
 10
9.721543392295414
 20
2.986996524481988
 30
0.0
 10
9.637214973985186
 20
3.092252236730761
 30
0.0
 10
9.561905910338698
 20
3.171241103829397
 30
0.0
 10
9.524750096690145
 20
3.210212450492318
 30
0.0
  0
SPLINE
  5
3DA
330
1F
100
AcDbEntity
  8
0
  6
Continuous
 62
     7
370
    25
100
AcDbSpline
210
0.0
220
0.0
230
1.0
 70
     8
 71
     3
 72
     9
 73
     5
 74
     0
 42
0.00000001
 43
0.00000001
 40
0.0
 40
0.0
 40
0.0
 40
0.0
 40
0.4979340491079416
 40
0.9999999999999999
 40
0.9999999999999999
 40
0.9999999999999999
 40
0.9999999999999999
 10
9.265113435726576
 20
3.427712073755842
 30
0.0
 10
9.15667272232784
 20
3.50027891384539
 30
0.0
 10
8.938891444680714
 20
3.646014760228165
 30
0.0
 10
8.700224392385277
 20
3.754219200237011
 30
0.0
 10
8.580397791827965
 20
3.808544965300796
 30
0.0
  0
SPLINE
  5
3DE
330
1F
100
AcDbEntity
  8
0
  6
Continuous
 62
     7
370
    25
100
AcDbSpline
210
0.0
220
0.0
230
1.0
 70
     8
 71
     3
 72
    14
 73
    10
 74
     0
 42
0.00000001
 43
0.00000001
 40
0.0
 40
0.0
 40
0.0
 40
0.0
 40
0.1160781187520771
 40
0.22098889793684
 40
0.3254921144219275
 40
0.4354121102794489
 40
0.5493991998218579
 40
0.7777945681892664
 40
1.0
 40
1.0
 40
1.0
 40
1.0
 10
-2.841710215925185
 20
4.100874943178067
 30
0.0
 10
-2.760511422944974
 20
4.101673371988512
 30
0.0
 10
-2.605925597748893
 20
4.103193416461995
 30
0.0
 10
-2.37825571302576
 20
4.106849896535135
 30
0.0
 10
-2.154902126673375
 20
4.110880137818183
 30
0.0
 10
-1.925202923149699
 20
4.11524095616619
 30
0.0
 10
-1.608877862505049
 20
4.122379378987049
 30
0.0
 10
-1.214039581021211
 20
4.133220465587007
 30
0.0
 10
-0.8992371854684323
 20
4.149617543710067
 30
0.0
 10
-0.7439982196006315
 20
4.157703458833451
 30
0.0
  0
SPLINE
  5
3E2
330
1F
100
AcDbEntity
  8
0
  6
Continuous
 62
     7
370
    25
100
AcDbSpline
210
0.0
220
0.0
230
1.0
 70
     8
 71
     3
 72
     9
 73
     5
 74
     0
 42
0.00000001
 43
0.00000001
 40
0.0
 40
0.0
 40
0.0
 40
0.0
 40
0.4997237150160853
 40
1.0
 40
1.0
 40
1.0
 40
1.0
 10
-0.715854109764458
 20
3.899128362955466
 30
0.0
 10
-1.064210638986042
 20
3.828944368350912
 30
0.0
 10
-1.761308892988997
 20
3.688498773123765
 30
0.0
 10
-2.464150291877713
 20
3.580401096135502
 30
0.0
 10
-2.815765175846658
 20
3.526322391876423
 30
0.0
  0
SPLINE
  5
3E5
330
1F
100
AcDbEntity
  8
0
  6
Continuous
 62
     7
370
    25
100
AcDbSpline
210
0.0
220
0.0
230
1.0
 70
     8
 71
     3
 72
    13
 73
     9
 74
     0
 42
0.00000001
 43
0.00000001
 40
0.0
 40
0.0
 40
0.0
 40
0.0
 40
0.1400055923962357
 40
0.2799955208871545
 40
0.4199993768585896
 40
0.560001792597357
 40
0.7800055064700477
 40
1.0
 40
1.0
 40
1.0
 40
1.0
 10
-8.849847945070698
 20
4.288411803191368
 30
0.0
 10
-8.622163849901892
 20
4.293731241454354
 30
0.0
 10
-8.166821132990357
 20
4.304369522838546
 30
0.0
 10
-7.483511979318971
 20
4.303451204797187
 30
0.0
 10
-6.800598688619797
 20
4.282666985617156
 30
0.0
 10
-5.987689736042447
 20
4.25629774540129
 30
0.0
 10
-5.044730637925229
 20
4.225000445478548
 30
0.0
 10
-4.329201452382132
 20
4.207932153030832
 30
0.0
 10
-3.97144435671423
 20
4.199398185643505
 30
0.0
  0
SPLINE
  5
3E6
330
1F
100
AcDbEntity
  8
0
  6
Continuous
 62
     7
370
    25
100
AcDbSpline
210
0.0
220
0.0
230
1.0
 70
     8
 71
     3
 72
    19
 73
    15
 74
     0
 42
0.00000001
 43
0.00000001
 40
0.0
 40
0.0
 40
0.0
 40
0.0
 40
0.0927392820556094
 40
0.17264177616156
 40
0.2415899269570681
 40
0.3014662264281303
 40
0.354153179148876
 40
0.4015332292451479
 40
0.469792708122209
 40
0.5368780975110408
 40
0.6074088178502528
 40
0.7393772308776675
 40
0.8727123900766751
 40
0.9999999999999999
 40
0.9999999999999999
 40
0.9999999999999999
 40
0.9999999999999999
 10
-3.97144435671423
 20
4.199398185643505
 30
0.0
 10
-3.868658408100642
 20
4.199120734834743
 30
0.0
 10
-3.677313938532071
 20
4.198604237409268
 30
0.0
 10
-3.40955087398962
 20
4.198482650766274
 30
0.0
 10
-3.178211393801441
 20
4.19888849686656
 30
0.0
 10
-2.977037504918647
 20
4.1997991079815
 30
0.0
 10
-2.799771474385432
 20
4.201159801968844
 30
0.0
 10
-2.613220082059134
 20
4.203211027437806
 30
0.0
 10
-2.41072199993265
 20
4.206277650846978
 30
0.0
 10
-2.182580007829303
 20
4.210397750461248
 30
0.0
 10
-1.88384106921005
 20
4.215994889268123
 30
0.0
 10
-1.511731831719154
 20
4.22480828481222
 30
0.0
 10
-1.076798588371713
 20
4.238848211393917
 30
0.0
 10
-0.7884276874662577
 20
4.255811127705399
 30
0.0
 10
-0.6475879485927055
 20
4.264095780200993
 30
0.0
  0
SPLINE
  5
3E7
330
1F
100
AcDbEntity
  8
0
  6
Continuous
 62
     7
370
    25
100
AcDbSpline
210
0.0
220
0.0
230
1.0
 70
     8
 71
     3
 72
    11
 73
     7
 74
     0
 42
0.00000001
 43
0.00000001
 40
0.0
 40
0.0
 40
0.0
 40
0.0
 40
0.2800127809470859
 40
0.5600037821462588
 40
0.7800057018668441
 40
1.0
 40
1.0
 40
1.0
 40
1.0
 10
-0.6475879485927055
 20
4.264095780200993
 30
0.0
 10
-0.4375755166313641
 20
4.276118068688767
 30
0.0
 10
-0.0175669877410014
 20
4.300161710555528
 30
0.0
 10
0.566614996146109
 20
4.34604419723383
 30
0.0
 10
1.104335161623874
 20
4.407236588319883
 30
0.0
 10
1.434883425373577
 20
4.41686121632379
 30
0.0
 10
1.60015469438008
 20
4.421673446967137
 30
0.0
  0
SPLINE
  5
3E9
330
1F
100
AcDbEntity
  8
0
  6
Continuous
 62
     7
370
    25
100
AcDbSpline
210
0.0
220
0.0
230
1.0
 70
     8
 71
     3
 72
    30
 73
    26
 74
     0
 42
0.00000001
 43
0.00000001
 40
0.0
 40
0.0
 40
0.0
 40
0.0
 40
0.0199852284469477
 40
0.0399909945833422
 40
0.0599918104368614
 40
0.0800359715673065
 40
0.1000540317088911
 40
0.1200488676976993
 40
0.1400385570815875
 40
0.1767147924726666
 40
0.2134054529626985
 40
0.2500636414427642
 40
0.3125503299101315
 40
0.3750555749010144
 40
0.4375288821493119
 40
0.5000326630591974
 40
0.5933607559114149
 40
0.6866890396101891
 40
0.779968361788569
 40
0.8166215652424343
 40
0.853303666572345
 40
0.8900234411976646
 40
0.9267225213551157
 40
0.9633496652920448
 40
1.0
 40
1.0
 40
1.0
 40
1.0
 10
-8.987664552555211
 20
3.955051018228641
 30
0.0
 10
-8.938282795355535
 20
3.90140145146036
 30
0.0
 10
-8.839468534116017
 20
3.794047185297009
 30
0.0
 10
-8.658118901254094
 20
3.669786091287675
 30
0.0
 10
-8.463509276915186
 20
3.569968031293462
 30
0.0
 10
-8.260114893218084
 20
3.489406248283127
 30
0.0
 10
-8.053030294072204
 20
3.419515473316379
 30
0.0
 10
-7.84273069415153
 20
3.360560450835898
 30
0.0
 10
-7.570782181343011
 20
3.298231154469364
 30
0.0
 10
-7.235619166449809
 20
3.241796441247478
 30
0.0
 10
-6.838330714090072
 20
3.192394536558464
 30
0.0
 10
-6.346075711185009
 20
3.147270017695378
 30
0.0
 10
-5.757851952988691
 20
3.127145738106357
 30
0.0
 10
-5.075635185228663
 20
3.142886987806735
 30
0.0
 10
-4.39550689592924
 20
3.200076760170027
 30
0.0
 10
-3.608428863114789
 20
3.307393592706631
 30
0.0
 10
-2.711524937300222
 20
3.438652697415036
 30
0.0
 10
-1.705599872175279
 20
3.598879598377312
 30
0.0
 10
-0.9084193223662581
 20
3.75553085694036
 30
0.0
 10
-0.3154683236949807
 20
3.881461879595808
 30
0.0
 10
0.076021460030567
 20
3.965467537273927
 30
0.0
 10
0.4682723857569966
 20
4.04680881008367
 30
0.0
 10
0.8590157545337657
 20
4.133821456135513
 30
0.0
 10
1.246513033467468
 20
4.235568232228996
 30
0.0
 10
1.496240849028509
 20
4.32937446183842
 30
0.0
 10
1.621144273593017
 20
4.376292420486233
 30
0.0
  0
SPLINE
  5
3EA
330
1F
100
AcDbEntity
  8
0
  6
Continuous
 62
     7
370
    25
100
AcDbSpline
210
0.0
220
0.0
230
1.0
 70
     8
 71
     3
 72
    15
 73
    11
 74
     0
 42
0.00000001
 43
0.00000001
 40
0.0
 40
0.0
 40
0.0
 40
0.0
 40
0.2493506067842834
 40
0.3130204017095175
 40
0.3756083666696799
 40
0.4372454478611317
 40
0.5011722410328212
 40
0.6246132795293808
 40
0.7504519728929128
 40
1.0
 40
1.0
 40
1.0
 40
1.0
 10
-8.8498479450707
 20
4.288411803191368
 30
0.0
 10
-8.895652948213332
 20
4.287194157666633
 30
0.0
 10
-8.953153913095347
 20
4.285665595549991
 30
0.0
 10
-9.020230965576163
 20
4.271310501849671
 30
0.0
 10
-9.052883077426328
 20
4.258115946864508
 30
0.0
 10
-9.075494706495206
 20
4.230708022121443
 30
0.0
 10
-9.093470902623004
 20
4.18875088249315
 30
0.0
 10
-9.098744817570717
 20
4.128897291375323
 30
0.0
 10
-9.058055111067977
 20
4.044831090895116
 30
0.0
 10
-9.015772807172054
 20
3.990901865207931
 30
0.0
 10
-8.987664552555211
 20
3.955051018228641
 30
0.0
  0
CIRCLE
  5
3EB
330
1F
100
AcDbEntity
  8
0
  6
Continuous
 62
     7
370
    25
100
AcDbCircle
 10
-4.8833792077
 20
3.6978247997
 30
0.0
 40
0.4549999999999854
  0
CIRCLE
  5
3EC
330
1F
100
AcDbEntity
  8
0
  6
Continuous
 62
     7
370
    25
100
AcDbCircle
 10
-6.3862732738
 20
3.7137679892
 30
0.0
 40
0.4550000000000161
  0
CIRCLE
  5
3ED
330
1F
100
AcDbEntity
  8
0
  6
Continuous
 62
     7
370
    25
100
AcDbCircle
 10
-3.958638906
 20
3.5632932322
 30
0.0
 40
0.0590551181102476
  0
CIRCLE
  5
3EE
330
1F
100
AcDbEntity
  8
0
  6
Continuous
 62
     7
370
    25
100
AcDbCircle
 10
-3.9682930702
 20
3.918314542
 30
0.0
 40
0.059055118110228
  0
CIRCLE
  5
3EF
330
1F
100
AcDbEntity
  8
0
  6
Continuous
 62
     7
370
    25
100
AcDbCircle
 10
-8.0449784633
 20
4.0114615529
 30
0.0
 40
0.0590551181102462
  0
CIRCLE
  5
3F0
330
1F
100
AcDbEntity
  8
0
  6
Continuous
 62
     7
370
    25
100
AcDbCircle
 10
-8.0368209344
 20
3.711477367
 30
0.0
 40
0.0590551181102461
  0
CIRCLE
  5
3F1
330
1F
100
AcDbEntity
  8
0
  6
Continuous
 62
     7
370
    25
100
AcDbCircle
 10
-7.3939655611
 20
3.98304934
 30
0.0
 40
0.0590551181102302
  0
CIRCLE
  5
3F2
330
1F
100
AcDbEntity
  8
0
  6
Continuous
 62
     7
370
    25
100
AcDbCircle
 10
-7.383088856
 20
3.5830704256
 30
0.0
 40
0.0590551181102284
  0
CIRCLE
  5
3F3
330
1F
100
AcDbEntity
  8
0
  6
Continuous
 62
     7
370
    25
100
AcDbCircle
 10
-5.6402361244
 20
3.9397848354
 30
0.0
 40
0.0590551181102451
  0
CIRCLE
  5
3F4
330
1F
100
AcDbEntity
  8
0
  6
Continuous
 62
     7
370
    25
100
AcDbCircle
 10
-5.626640243
 20
3.4398111923
 30
0.0
 40
0.0590551181102471
  0
CIRCLE
  5
3F5
330
1F
100
AcDbEntity
  8
0
  6
Continuous
 62
     7
370
    25
100
AcDbCircle
 10
-3.3895766563
 20
3.9461203131
 30
0.0
 40
0.0590551181102297
  0
CIRCLE
  5
3F6
330
1F
100
AcDbEntity
  8
0
  6
Continuous
 62
     7
370
    25
100
AcDbCircle
 10
-3.3800595394
 20
3.5961387629
 30
0.0
 40
0.0590551181102294
  0
SPLINE
  5
3FA
330
1F
100
AcDbEntity
  8
0
  6
Continuous
 62
     7
370
    25
100
AcDbSpline
210
0.0
220
0.0
230
1.0
 70
     8
 71
     3
 72
    18
 73
    14
 74
     0
 42
0.00000001
 43
0.00000001
 40
0.0
 40
0.0
 40
0.0
 40
0.0
 40
0.2010100264874078
 40
0.3737356905473447
 40
0.4392779816638484
 40
0.4878569142994045
 40
0.5127539199821265
 40
0.5338067955283108
 40
0.5532882361936742
 40
0.5922002881617535
 40
0.6397892832844417
 40
0.7363329123871484
 40
1.0
 40
1.0
 40
1.0
 40
1.0
 10
-8.910287748409079
 20
4.018397233079347
 30
0.0
 10
-8.923981186751545
 20
4.035421250161397
 30
0.0
 10
-8.949441243268726
 20
4.067073814420168
 30
0.0
 10
-8.97693258780367
 20
4.106281036061943
 30
0.0
 10
-8.991652011958857
 20
4.133815810248638
 30
0.0
 10
-8.99655886506399
 20
4.148269477580339
 30
0.0
 10
-8.997302940887765
 20
4.158613891833218
 30
0.0
 10
-8.995811483459203
 20
4.16568803734324
 30
0.0
 10
-8.991235679812231
 20
4.173214102991641
 30
0.0
 10
-8.981116331045332
 20
4.179597188898267
 30
0.0
 10
-8.961818085250892
 20
4.184717169571774
 30
0.0
 10
-8.917446496377659
 20
4.188160596708708
 30
0.0
 10
-8.878310216715883
 20
4.188299206758686
 30
0.0
 10
-8.84966323760179
 20
4.188400666561228
 30
0.0
  0
SPLINE
  5
3FC
330
1F
100
AcDbEntity
  8
0
  6
Continuous
 62
     7
370
    25
100
AcDbSpline
210
0.0
220
0.0
230
1.0
 70
     8
 71
     3
 72
    10
 73
     6
 74
     0
 42
0.00000001
 43
0.00000001
 40
0.0
 40
0.0
 40
0.0
 40
0.0
 40
0.3392906296950249
 40
0.6724618601023931
 40
1.0
 40
1.0
 40
1.0
 40
1.0
 10
-8.42985689099988
 20
3.668404659512801
 30
0.0
 10
-8.49061247301954
 20
3.698363014201401
 30
0.0
 10
-8.611027857709855
 20
3.757739398800091
 30
0.0
 10
-8.776093884285697
 20
3.872760038445417
 30
0.0
 10
-8.865673364911908
 20
3.969959619028504
 30
0.0
 10
-8.910081235869995
 20
4.018145056156958
 30
0.0
  0
SPLINE
  5
3FD
330
1F
100
AcDbEntity
  8
0
  6
Continuous
 62
     7
370
    25
100
AcDbSpline
210
0.0
220
0.0
230
1.0
 70
     8
 71
     3
 72
     9
 73
     5
 74
     0
 42
0.00000001
 43
0.00000001
 40
0.0
 40
0.0
 40
0.0
 40
0.0
 40
0.5606570928571012
 40
1.0
 40
1.0
 40
1.0
 40
1.0
 10
-8.848319036562975
 20
4.188421214448793
 30
0.0
 10
-8.764471032071297
 20
4.189536384640739
 30
0.0
 10
-8.61491793524987
 20
4.191525426081852
 30
0.0
 10
-8.465393107127241
 20
4.195035027255384
 30
0.0
 10
-8.399700434449803
 20
4.196576945637878
 30
0.0
  0
SPLINE
  5
400
330
1F
100
AcDbEntity
  8
0
  6
Continuous
 62
     7
370
    25
100
AcDbSpline
210
0.0
220
0.0
230
1.0
 70
     8
 71
     3
 72
    14
 73
    10
 74
     0
 42
0.00000001
 43
0.00000001
 40
0.0
 40
0.0
 40
0.0
 40
0.0
 40
0.1160781187520678
 40
0.2209888979368382
 40
0.3254921144219332
 40
0.4354121102794453
 40
0.5493991998218452
 40
0.7777945681892516
 40
1.0
 40
1.0
 40
1.0
 40
1.0
 10
-5.628361344423244
 20
2.969671206860597
 30
0.0
 10
-5.547162551443039
 20
2.970469635671042
 30
0.0
 10
-5.39257672624696
 20
2.971989680144524
 30
0.0
 10
-5.164906841523819
 20
2.975646160217669
 30
0.0
 10
-4.94155325517143
 20
2.979676401500701
 30
0.0
 10
-4.711854051647758
 20
2.98403721984871
 30
0.0
 10
-4.395528991003122
 20
2.991175642669588
 30
0.0
 10
-4.000690709519277
 20
3.002016729269524
 30
0.0
 10
-3.685888313966486
 20
3.018413807392587
 30
0.0
 10
-3.530649348098674
 20
3.026499722515974
 30
0.0
  0
SPLINE
  5
404
330
1F
100
AcDbEntity
  8
0
  6
Continuous
 62
     7
370
    25
100
AcDbSpline
210
0.0
220
0.0
230
1.0
 70
     8
 71
     3
 72
     9
 73
     5
 74
     0
 42
0.00000001
 43
0.00000001
 40
0.0
 40
0.0
 40
0.0
 40
0.0
 40
0.4997237150160889
 40
1.0
 40
1.0
 40
1.0
 40
1.0
 10
-3.502505238262517
 20
2.767924626637987
 30
0.0
 10
-3.850861767484101
 20
2.697740632033435
 30
0.0
 10
-4.547960021487053
 20
2.5572950368063
 30
0.0
 10
-5.250801420375761
 20
2.449197359818033
 30
0.0
 10
-5.6024163043447
 20
2.395118655558953
 30
0.0
  0
SPLINE
  5
407
330
1F
100
AcDbEntity
  8
0
  6
Continuous
 62
     7
370
    25
100
AcDbSpline
210
0.0
220
0.0
230
1.0
 70
     8
 71
     3
 72
    13
 73
     9
 74
     0
 42
0.00000001
 43
0.00000001
 40
0.0
 40
0.0
 40
0.0
 40
0.0
 40
0.1400055923962385
 40
0.2799955208871529
 40
0.419999376858589
 40
0.5600017925973558
 40
0.7800055064700452
 40
0.9999999999999999
 40
0.9999999999999999
 40
0.9999999999999999
 40
0.9999999999999999
 10
-11.63649907356877
 20
3.157208066873889
 30
0.0
 10
-11.40881497839995
 20
3.162527505136875
 30
0.0
 10
-10.95347226148842
 20
3.173165786521068
 30
0.0
 10
-10.27016310781704
 20
3.172247468479705
 30
0.0
 10
-9.587249817117856
 20
3.151463249299691
 30
0.0
 10
-8.774340864540509
 20
3.125094009083807
 30
0.0
 10
-7.831381766423283
 20
3.093796709161068
 30
0.0
 10
-7.115852580880181
 20
3.076728416713359
 30
0.0
 10
-6.758095485212272
 20
3.068194449326036
 30
0.0
  0
SPLINE
  5
408
330
1F
100
AcDbEntity
  8
0
  6
Continuous
 62
     7
370
    25
100
AcDbSpline
210
0.0
220
0.0
230
1.0
 70
     8
 71
     3
 72
    19
 73
    15
 74
     0
 42
0.00000001
 43
0.00000001
 40
0.0
 40
0.0
 40
0.0
 40
0.0
 40
0.0927392820555994
 40
0.172641776161561
 40
0.2415899269570641
 40
0.3014662264281319
 40
0.3541531791488673
 40
0.4015332292451448
 40
0.4697927081222062
 40
0.536878097511033
 40
0.6074088178502508
 40
0.7393772308776713
 40
0.8727123900766796
 40
0.9999999999999999
 40
0.9999999999999999
 40
0.9999999999999999
 40
0.9999999999999999
 10
-6.758095485212272
 20
3.068194449326036
 30
0.0
 10
-6.655309536598696
 20
3.067916998517273
 30
0.0
 10
-6.463965067030125
 20
3.067400501091795
 30
0.0
 10
-6.19620200248768
 20
3.067278914448811
 30
0.0
 10
-5.964862522299486
 20
3.067684760549075
 30
0.0
 10
-5.763688633416709
 20
3.068595371664034
 30
0.0
 10
-5.58642260288349
 20
3.069956065651377
 30
0.0
 10
-5.3998712105572
 20
3.07200729112032
 30
0.0
 10
-5.197373128430716
 20
3.075073914529516
 30
0.0
 10
-4.969231136327366
 20
3.079194014143761
 30
0.0
 10
-4.670492197708112
 20
3.084791152950664
 30
0.0
 10
-4.298382960217202
 20
3.093604548494751
 30
0.0
 10
-3.863449716869761
 20
3.107644475076433
 30
0.0
 10
-3.575078815964312
 20
3.124607391387925
 30
0.0
 10
-3.434239077090765
 20
3.132892043883523
 30
0.0
  0
SPLINE
  5
409
330
1F
100
AcDbEntity
  8
0
  6
Continuous
 62
     7
370
    25
100
AcDbSpline
210
0.0
220
0.0
230
1.0
 70
     8
 71
     3
 72
    11
 73
     7
 74
     0
 42
0.00000001
 43
0.00000001
 40
0.0
 40
0.0
 40
0.0
 40
0.0
 40
0.280012780947088
 40
0.5600037821462708
 40
0.7800057018668501
 40
1.0
 40
1.0
 40
1.0
 40
1.0
 10
-3.434239077090765
 20
3.132892043883523
 30
0.0
 10
-3.224226645129425
 20
3.144914332371299
 30
0.0
 10
-2.804218116239055
 20
3.168957974238059
 30
0.0
 10
-2.220036132351944
 20
3.214840460916357
 30
0.0
 10
-1.682315966874186
 20
3.276032852002413
 30
0.0
 10
-1.351767703124494
 20
3.285657480006321
 30
0.0
 10
-1.186496434117998
 20
3.290469710649668
 30
0.0
  0
SPLINE
  5
40B
330
1F
100
AcDbEntity
  8
0
  6
Continuous
 62
     7
370
    25
100
AcDbSpline
210
0.0
220
0.0
230
1.0
 70
     8
 71
     3
 72
    30
 73
    26
 74
     0
 42
0.00000001
 43
0.00000001
 40
0.0
 40
0.0
 40
0.0
 40
0.0
 40
0.0199852284469466
 40
0.0399909945833402
 40
0.059991810436859
 40
0.0800359715673059
 40
0.1000540317088905
 40
0.1200488676976985
 40
0.1400385570815869
 40
0.1767147924726652
 40
0.2134054529626986
 40
0.2500636414427627
 40
0.3125503299101283
 40
0.3750555749010129
 40
0.437528882149312
 40
0.5000326630591958
 40
0.5933607559114134
 40
0.6866890396101875
 40
0.7799683617885689
 40
0.8166215652424312
 40
0.853303666572345
 40
0.8900234411976631
 40
0.9267225213551141
 40
0.9633496652920416
 40
1.0
 40
1.0
 40
1.0
 40
1.0
 10
-11.77431568105325
 20
2.823847281911163
 30
0.0
 10
-11.72493392385358
 20
2.770197715142885
 30
0.0
 10
-11.62611966261406
 20
2.662843448979543
 30
0.0
 10
-11.44477002975217
 20
2.53858235497019
 30
0.0
 10
-11.25016040541325
 20
2.438764294975993
 30
0.0
 10
-11.04676602171614
 20
2.358202511965652
 30
0.0
 10
-10.83968142257026
 20
2.288311736998899
 30
0.0
 10
-10.62938182264958
 20
2.229356714518434
 30
0.0
 10
-10.35743330984107
 20
2.16702741815188
 30
0.0
 10
-10.02227029494786
 20
2.11059270493
 30
0.0
 10
-9.62498184258813
 20
2.061190800240986
 30
0.0
 10
-9.132726839683066
 20
2.016066281377914
 30
0.0
 10
-8.544503081486758
 20
1.995942001788874
 30
0.0
 10
-7.862286313726723
 20
2.011683251489259
 30
0.0
 10
-7.182158024427292
 20
2.068873023852545
 30
0.0
 10
-6.395079991612843
 20
2.176189856389154
 30
0.0
 10
-5.498176065798283
 20
2.307448961097554
 30
0.0
 10
-4.492251000673333
 20
2.467675862059841
 30
0.0
 10
-3.695070450864314
 20
2.624327120622862
 30
0.0
 10
-3.102119452193037
 20
2.75025814327835
 30
0.0
 10
-2.710629668467491
 20
2.834263800956449
 30
0.0
 10
-2.318378742741058
 20
2.915605073766203
 30
0.0
 10
-1.927635373964299
 20
3.002617719818041
 30
0.0
 10
-1.540138095030593
 20
3.104364495911522
 30
0.0
 10
-1.290410279469545
 20
3.198170725520947
 30
0.0
 10
-1.165506854905026
 20
3.245088684168763
 30
0.0
  0
SPLINE
  5
40C
330
1F
100
AcDbEntity
  8
0
  6
Continuous
 62
     7
370
    25
100
AcDbSpline
210
0.0
220
0.0
230
1.0
 70
     8
 71
     3
 72
    15
 73
    11
 74
     0
 42
0.00000001
 43
0.00000001
 40
0.0
 40
0.0
 40
0.0
 40
0.0
 40
0.2493506067842544
 40
0.3130204017094857
 40
0.3756083666696556
 40
0.4372454478611172
 40
0.501172241032809
 40
0.6246132795293542
 40
0.7504519728928877
 40
0.9999999999999999
 40
0.9999999999999999
 40
0.9999999999999999
 40
0.9999999999999999
 10
-11.63649907356877
 20
3.157208066873889
 30
0.0
 10
-11.68230407671139
 20
3.155990421349146
 30
0.0
 10
-11.73980504159339
 20
3.154461859232492
 30
0.0
 10
-11.80688209407422
 20
3.140106765532209
 30
0.0
 10
-11.83953420592437
 20
3.12691221054702
 30
0.0
 10
-11.86214583499329
 20
3.099504285803985
 30
0.0
 10
-11.88012203112103
 20
3.057547146175664
 30
0.0
 10
-11.88539594606877
 20
2.997693555057854
 30
0.0
 10
-11.84470623956602
 20
2.913627354577641
 30
0.0
 10
-11.8024239356701
 20
2.859698128890454
 30
0.0
 10
-11.77431568105325
 20
2.823847281911163
 30
0.0
  0
CIRCLE
  5
40D
330
1F
100
AcDbEntity
  8
0
  6
Continuous
 62
     7
370
    25
100
AcDbCircle
 10
-7.6700303362
 20
2.5666210633
 30
0.0
 40
0.4550000000000023
  0
CIRCLE
  5
40E
330
1F
100
AcDbEntity
  8
0
  6
Continuous
 62
     7
370
    25
100
AcDbCircle
 10
-9.1729244023
 20
2.5825642529
 30
0.0
 40
0.4550000000000026
  0
CIRCLE
  5
40F
330
1F
100
AcDbEntity
  8
0
  6
Continuous
 62
     7
370
    25
100
AcDbCircle
 10
-6.7452900345
 20
2.4320894958
 30
0.0
 40
0.0590551181102457
  0
CIRCLE
  5
410
330
1F
100
AcDbEntity
  8
0
  6
Continuous
 62
     7
370
    25
100
AcDbCircle
 10
-6.7549441987
 20
2.7871108057
 30
0.0
 40
0.0590551181102124
  0
CIRCLE
  5
411
330
1F
100
AcDbEntity
  8
0
  6
Continuous
 62
     7
370
    25
100
AcDbCircle
 10
-10.8316295918
 20
2.8802578165
 30
0.0
 40
0.0590551181102305
  0
CIRCLE
  5
412
330
1F
100
AcDbEntity
  8
0
  6
Continuous
 62
     7
370
    25
100
AcDbCircle
 10
-10.8234720629
 20
2.5802736307
 30
0.0
 40
0.0590551181102461
  0
CIRCLE
  5
413
330
1F
100
AcDbEntity
  8
0
  6
Continuous
 62
     7
370
    25
100
AcDbCircle
 10
-10.1806166896
 20
2.8518456037
 30
0.0
 40
0.0590551181102476
  0
CIRCLE
  5
414
330
1F
100
AcDbEntity
  8
0
  6
Continuous
 62
     7
370
    25
100
AcDbCircle
 10
-10.1697399845
 20
2.4518666893
 30
0.0
 40
0.0590551181102442
  0
CIRCLE
  5
415
330
1F
100
AcDbEntity
  8
0
  6
Continuous
 62
     7
370
    25
100
AcDbCircle
 10
-8.4268872529
 20
2.8085810991
 30
0.0
 40
0.0590551181102667
  0
CIRCLE
  5
416
330
1F
100
AcDbEntity
  8
0
  6
Continuous
 62
     7
370
    25
100
AcDbCircle
 10
-8.4132913715
 20
2.308607456
 30
0.0
 40
0.0590551181102639
  0
CIRCLE
  5
417
330
1F
100
AcDbEntity
  8
0
  6
Continuous
 62
     7
370
    25
100
AcDbCircle
 10
-6.1762277848
 20
2.8149165767
 30
0.0
 40
0.0590551181102456
  0
CIRCLE
  5
418
330
1F
100
AcDbEntity
  8
0
  6
Continuous
 62
     7
370
    25
100
AcDbCircle
 10
-6.1667106679
 20
2.4649350266
 30
0.0
 40
0.0590551181102465
  0
SPLINE
  5
41C
330
1F
100
AcDbEntity
  8
0
  6
Continuous
 62
     7
370
    25
100
AcDbSpline
210
0.0
220
0.0
230
1.0
 70
     8
 71
     3
 72
     9
 73
     5
 74
     0
 42
0.00000001
 43
0.00000001
 40
0.0
 40
0.0
 40
0.0
 40
0.0
 40
0.5606570928570794
 40
1.0
 40
1.0
 40
1.0
 40
1.0
 10
-11.63497016506104
 20
3.057217478131315
 30
0.0
 10
-11.55112216056936
 20
3.05833264832326
 30
0.0
 10
-11.40156906374793
 20
3.060321689764373
 30
0.0
 10
-11.2520442356253
 20
3.063831290937908
 30
0.0
 10
-11.18635156294786
 20
3.065373209320399
 30
0.0
  0
SPLINE
  5
41E
330
1F
100
AcDbEntity
  8
0
  6
Continuous
 62
     7
370
    25
100
AcDbSpline
210
0.0
220
0.0
230
1.0
 70
     8
 71
     3
 72
    18
 73
    14
 74
     0
 42
0.00000001
 43
0.00000001
 40
0.0
 40
0.0
 40
0.0
 40
0.0
 40
0.2010100264874075
 40
0.3737356905473322
 40
0.439277981663888
 40
0.4878569142994313
 40
0.5127539199821548
 40
0.5338067955283023
 40
0.5532882361937315
 40
0.5922002881617757
 40
0.6397892832844232
 40
0.7363329123871326
 40
1.0
 40
1.0
 40
1.0
 40
1.0
 10
-11.69693887690715
 20
2.887193496761868
 30
0.0
 10
-11.71063231524961
 20
2.904217513843922
 30
0.0
 10
-11.73609237176677
 20
2.935870078102699
 30
0.0
 10
-11.76358371630171
 20
2.97507729974448
 30
0.0
 10
-11.77830314045693
 20
3.002612073931159
 30
0.0
 10
-11.78320999356204
 20
3.017065741262871
 30
0.0
 10
-11.78395406938581
 20
3.027410155515744
 30
0.0
 10
-11.78246261195728
 20
3.034484301025778
 30
0.0
 10
-11.77788680831027
 20
3.042010366674157
 30
0.0
 10
-11.76776745954338
 20
3.048393452580786
 30
0.0
 10
-11.74846921374896
 20
3.053513433254316
 30
0.0
 10
-11.70409762487572
 20
3.05695686039121
 30
0.0
 10
-11.66496134521395
 20
3.057095470441205
 30
0.0
 10
-11.63631436609986
 20
3.057196930243759
 30
0.0
  0
SPLINE
  5
420
330
1F
100
AcDbEntity
  8
0
  6
Continuous
 62
     7
370
    25
100
AcDbSpline
210
0.0
220
0.0
230
1.0
 70
     8
 71
     3
 72
    10
 73
     6
 74
     0
 42
0.00000001
 43
0.00000001
 40
0.0
 40
0.0
 40
0.0
 40
0.0
 40
0.3392906296950112
 40
0.6724618601024083
 40
0.9999999999999999
 40
0.9999999999999999
 40
0.9999999999999999
 40
0.9999999999999999
 10
-11.21650801949795
 20
2.537200923195324
 30
0.0
 10
-11.2772636015176
 20
2.567159277883929
 30
0.0
 10
-11.39767898620791
 20
2.626535662482633
 30
0.0
 10
-11.56274501278376
 20
2.741556302127936
 30
0.0
 10
-11.65232449340997
 20
2.838755882711031
 30
0.0
 10
-11.69673236436805
 20
2.886941319839488
 30
0.0
  0
LINE
  5
421
330
1F
100
AcDbEntity
  8
0
  6
Continuous
 62
     7
370
    25
100
AcDbLine
 10
1.7713476395
 20
-0.1250838144
 30
0.0
 11
1.9866482367
 21
0.3388201674
 31
0.0
  0
LINE
  5
422
330
1F
100
AcDbEntity
  8
0
  6
Continuous
 62
     7
370
    25
100
AcDbLine
 10
5.7126946278
 20
-0.1005860336
 30
0.0
 11
5.9367091386
 21
-0.1031932733
 31
0.0
  0
LINE
  5
423
330
1F
100
AcDbEntity
  8
0
  6
Continuous
 62
     7
370
    25
100
AcDbLine
 10
5.981965041
 20
-0.0307415229
 30
0.0
 11
5.8486506969
 21
0.2344844698
 31
0.0
  0
LINE
  5
424
330
1F
100
AcDbEntity
  8
0
  6
Continuous
 62
     7
370
    25
100
AcDbLine
 10
6.1922967166
 20
-0.1061679827
 30
0.0
 11
6.5274340549
 21
-0.1100685486
 31
0.0
  0
LINE
  5
425
330
1F
100
AcDbEntity
  8
0
  6
Continuous
 62
     7
370
    25
100
AcDbLine
 10
6.6157764184
 20
0.0389134195
 30
0.0
 11
6.3264781057
 21
0.5537381208
 31
0.0
  0
LINE
  5
426
330
1F
100
AcDbEntity
  8
0
  6
Continuous
 62
     7
370
    25
100
AcDbLine
 10
6.219838557
 20
0.6283017081
 30
0.0
 11
5.9152914964
 21
0.6779360838
 31
0.0
  0
LINE
  5
427
330
1F
100
AcDbEntity
  8
0
  6
Continuous
 62
     7
370
    25
100
AcDbLine
 10
5.8098579447
 20
0.5343280123
 30
0.0
 11
6.1041124959
 21
-0.0510850279
 31
0.0
  0
LINE
  5
428
330
1F
100
AcDbEntity
  8
0
  6
Continuous
 62
     7
370
    25
100
AcDbLine
 10
4.5370537153
 20
0.7338997581
 30
0.0
 11
4.2507718846
 21
0.7301973336
 31
0.0
  0
LINE
  5
429
330
1F
100
AcDbEntity
  8
0
  6
Continuous
 62
     7
370
    25
100
AcDbLine
 10
4.2770589042
 20
-0.1690694961
 30
0.0
 11
4.54464614
 21
-0.1589379217
 31
0.0
  0
LINE
  5
42A
330
1F
100
AcDbEntity
  8
0
  6
Continuous
 62
     7
370
    25
100
AcDbLine
 10
3.6813372857
 20
-1.2501064701
 30
0.0
 11
3.9208605932
 21
-0.4517157007
 31
0.0
  0
LINE
  5
42B
330
1F
100
AcDbEntity
  8
0
  6
Continuous
 62
     7
370
    25
100
AcDbLine
 10
3.0165911082
 20
-1.2204818114
 30
0.0
 11
2.7862898563
 21
-0.5065872136
 31
0.0
  0
LINE
  5
42C
330
1F
100
AcDbEntity
  8
0
  6
Continuous
 62
     7
370
    25
100
AcDbLine
 10
11.6632282164
 20
-0.3378776913
 30
0.0
 11
11.6425943361
 21
-0.3834215491
 31
0.0
  0
LINE
  5
42D
330
1F
100
AcDbEntity
  8
0
  6
Continuous
 62
     7
370
    25
100
AcDbLine
 10
9.3237783754
 20
-0.4007077119
 30
0.0
 11
8.7327296852
 21
-1.7303736771
 31
0.0
  0
LINE
  5
42E
330
1F
100
AcDbEntity
  8
0
  6
Continuous
 62
     7
370
    25
100
AcDbLine
 10
8.4844967628
 20
-1.8780425532
 30
0.0
 11
6.798221551
 21
-1.7441672928
 31
0.0
  0
LINE
  5
42F
330
1F
100
AcDbEntity
  8
0
  6
Continuous
 62
     7
370
    25
100
AcDbLine
 10
6.5837994254
 20
-1.5823973133
 30
0.0
 11
6.1315491102
 21
-0.3711280073
 31
0.0
  0
LINE
  5
430
330
1F
100
AcDbEntity
  8
0
  6
Continuous
 62
     7
370
    25
100
AcDbLine
 10
2.6064148736
 20
-0.0890300888
 30
0.0
 11
2.3284771473
 21
0.454021254
 31
0.0
  0
LINE
  5
431
330
1F
100
AcDbEntity
  8
0
  6
Continuous
 62
     7
370
    25
100
AcDbLine
 10
2.148751689
 20
0.4505587225
 30
0.0
 11
1.8927927064
 21
-0.1009510861
 31
0.0
  0
LINE
  5
432
330
1F
100
AcDbEntity
  8
0
  6
Continuous
 62
     7
370
    25
100
AcDbLine
 10
2.4481841311
 20
0.4396201839
 30
0.0
 11
2.7594995578
 21
-0.168646505
 31
0.0
  0
LINE
  5
433
330
1F
100
AcDbEntity
  8
0
  6
Continuous
 62
     7
370
    25
100
AcDbLine
 10
2.8523014508
 20
-0.2230146555
 30
0.0
 11
3.0590728263
 21
-0.2151857336
 31
0.0
  0
LINE
  5
434
330
1F
100
AcDbEntity
  8
0
  6
Continuous
 62
     7
370
    25
100
AcDbLine
 10
9.2899291141
 20
0.1279454482
 30
0.0
 11
6.6855439092
 21
0.5524021266
 31
0.0
  0
LINE
  5
435
330
1F
100
AcDbEntity
  8
0
  6
Continuous
 62
     7
370
    25
100
AcDbLine
 10
6.5822797988
 20
0.4047155877
 30
0.0
 11
6.8313952629
 21
-0.038601185
 31
0.0
  0
LINE
  5
436
330
1F
100
AcDbEntity
  8
0
  6
Continuous
 62
     7
370
    25
100
AcDbLine
 10
6.9604174319
 20
-0.1151079161
 30
0.0
 11
9.277895314
 21
-0.1420803665
 31
0.0
  0
LINE
  5
437
330
1F
100
AcDbEntity
  8
0
  6
Continuous
 62
     7
370
    25
100
AcDbLine
 10
10.9977901122
 20
-2.1966722405
 30
0.0
 11
10.782489515
 21
-2.6605762223
 31
0.0
  0
LINE
  5
438
330
1F
100
AcDbEntity
  8
0
  6
Continuous
 62
     7
370
    25
100
AcDbLine
 10
7.0564431238
 20
-2.2211700213
 30
0.0
 11
6.8324286131
 21
-2.2185627816
 31
0.0
  0
LINE
  5
439
330
1F
100
AcDbEntity
  8
0
  6
Continuous
 62
     7
370
    25
100
AcDbLine
 10
6.7871727107
 20
-2.291014532
 30
0.0
 11
6.9204870547
 21
-2.5562405247
 31
0.0
  0
LINE
  5
43A
330
1F
100
AcDbEntity
  8
0
  6
Continuous
 62
     7
370
    25
100
AcDbLine
 10
6.5768410351
 20
-2.2155880722
 30
0.0
 11
6.2417036968
 21
-2.2116875063
 31
0.0
  0
LINE
  5
43B
330
1F
100
AcDbEntity
  8
0
  6
Continuous
 62
     7
370
    25
100
AcDbLine
 10
6.1533613333
 20
-2.3606694744
 30
0.0
 11
6.442659646
 21
-2.8754941757
 31
0.0
  0
LINE
  5
43C
330
1F
100
AcDbEntity
  8
0
  6
Continuous
 62
     7
370
    25
100
AcDbLine
 10
6.5492991947
 20
-2.950057763
 30
0.0
 11
6.8538462553
 21
-2.9996921387
 31
0.0
  0
LINE
  5
43D
330
1F
100
AcDbEntity
  8
0
  6
Continuous
 62
     7
370
    25
100
AcDbLine
 10
6.959279807
 20
-2.8560840672
 30
0.0
 11
6.6650252558
 21
-2.270671027
 31
0.0
  0
LINE
  5
43E
330
1F
100
AcDbEntity
  8
0
  6
Continuous
 62
     7
370
    25
100
AcDbLine
 10
8.2320840363
 20
-3.0556558131
 30
0.0
 11
8.5183658671
 21
-3.0519533885
 31
0.0
  0
LINE
  5
43F
330
1F
100
AcDbEntity
  8
0
  6
Continuous
 62
     7
370
    25
100
AcDbLine
 10
9.7525466435
 20
-1.1012742435
 30
0.0
 11
9.9828478953
 21
-1.8151688414
 31
0.0
  0
LINE
  5
440
330
1F
100
AcDbEntity
  8
0
  6
Continuous
 62
     7
370
    25
100
AcDbLine
 10
10.162722878
 20
-2.2327259661
 30
0.0
 11
10.4406606044
 21
-2.7757773089
 31
0.0
  0
LINE
  5
441
330
1F
100
AcDbEntity
  8
0
  6
Continuous
 62
     7
370
    25
100
AcDbLine
 10
10.6203860627
 20
-2.7723147774
 30
0.0
 11
10.8763450453
 21
-2.2208049688
 31
0.0
  0
LINE
  5
442
330
1F
100
AcDbEntity
  8
0
  6
Continuous
 62
     7
370
    25
100
AcDbLine
 10
3.4792086376
 20
-2.4497015032
 30
0.0
 11
6.0835938425
 21
-2.8741581815
 31
0.0
  0
LINE
  5
443
330
1F
100
AcDbEntity
  8
0
  6
Continuous
 62
     7
370
    25
100
AcDbLine
 10
6.1868579529
 20
-2.7264716426
 30
0.0
 11
5.9377424888
 21
-2.2831548699
 31
0.0
  0
LINE
  5
444
330
1F
100
AcDbEntity
  8
0
  6
Continuous
 62
     7
370
    25
100
AcDbLine
 10
5.8087203198
 20
-2.2066481388
 30
0.0
 11
3.4912424377
 21
-2.1796756884
 31
0.0
  0
LINE
  5
445
330
1F
100
AcDbEntity
  8
0
  6
Continuous
 62
     7
370
    25
100
AcDbLine
 10
9.0878004659
 20
-1.0716495848
 30
0.0
 11
8.8482771585
 21
-1.8700403542
 31
0.0
  0
LINE
  5
446
330
1F
100
AcDbEntity
  8
0
  6
Continuous
 62
     7
370
    25
100
AcDbLine
 10
6.1853383262
 20
-0.7393587416
 30
0.0
 11
6.6375886414
 21
-1.9506280476
 31
0.0
  0
LINE
  5
447
330
1F
100
AcDbEntity
  8
0
  6
Continuous
 62
     7
370
    25
100
AcDbLine
 10
4.2846409889
 20
-0.4437135017
 30
0.0
 11
5.9709162006
 21
-0.5775887621
 31
0.0
  0
LINE
  5
448
330
1F
100
AcDbEntity
  8
0
  6
Continuous
 62
     7
370
    25
100
AcDbLine
 10
9.9168363008
 20
-2.0987413994
 30
0.0
 11
9.7100649254
 21
-2.1065703213
 31
0.0
  0
LINE
  5
449
330
1F
100
AcDbEntity
  8
0
  6
Continuous
 62
     7
370
    25
100
AcDbLine
 10
8.4920788475
 20
-2.1526865588
 30
0.0
 11
8.2244916117
 21
-2.1628181332
 31
0.0
  0
LINE
  5
44A
330
1F
100
AcDbEntity
  8
0
  6
Continuous
 62
     7
370
    25
100
AcDbLine
 10
10.3209536206
 20
-2.7613762388
 30
0.0
 11
10.0096381939
 21
-2.1531095499
 31
0.0
  0
LINE
  5
44B
330
1F
100
AcDbEntity
  8
0
  6
Continuous
 62
     7
370
    25
100
AcDbLine
 10
1.1059095353
 20
-1.9838783636
 30
0.0
 11
1.1265434156
 21
-1.9383345058
 31
0.0
  0
LINE
  5
44C
330
1F
100
AcDbEntity
  8
0
  6
Continuous
 62
     7
370
    25
100
AcDbLine
 10
3.4453593763
 20
-1.921048343
 30
0.0
 11
4.0364080664
 21
-0.5913823778
 31
0.0
  0
LINE
  5
44D
330
1F
100
AcDbEntity
  8
0
  6
Continuous
 62
     7
370
    25
100
AcDbLine
 10
-11.9371966529
 20
-1.608516827
 30
0.0
 11
-11.9446777104
 21
-1.6108298006
 31
0.0
  0
LINE
  5
44E
330
1F
100
AcDbEntity
  8
0
  6
Continuous
 62
     7
370
    25
100
AcDbLine
 10
-11.9446777104
 20
-1.6108298006
 30
0.0
 11
-11.9393949674
 21
-1.6578106543
 31
0.0
  0
LINE
  5
44F
330
1F
100
AcDbEntity
  8
0
  6
Continuous
 62
     7
370
    25
100
AcDbLine
 10
-9.0365296737
 20
-4.1226065941
 30
0.0
 11
-9.0290486162
 21
-4.1202936205
 31
0.0
  0
LINE
  5
450
330
1F
100
AcDbEntity
  8
0
  6
Continuous
 62
     7
370
    25
100
AcDbLine
 10
-9.0290486162
 20
-4.1202936205
 30
0.0
 11
-9.0343313592
 21
-4.0733127668
 31
0.0
  0
LINE
  5
451
330
1F
100
AcDbEntity
  8
0
  6
Continuous
 62
     7
370
    25
100
AcDbLine
 10
-11.8175210722
 20
-8.2888578789
 30
0.0
 11
-11.6479551148
 21
-7.6560291107
 31
0.0
  0
LINE
  5
452
330
1F
100
AcDbEntity
  8
0
  6
Continuous
 62
     7
370
    25
100
AcDbLine
 10
-8.7882756317
 20
-7.2365928428
 30
0.0
 11
-8.7408151131
 21
-7.3187968725
 31
0.0
  0
LINE
  5
453
330
1F
100
AcDbEntity
  8
0
  6
Continuous
 62
     7
370
    25
100
AcDbLine
 10
-8.7882756317
 20
-7.2365928428
 30
0.0
 11
-8.615070551
 21
-7.1365928428
 31
0.0
  0
LINE
  5
454
330
1F
100
AcDbEntity
  8
0
  6
Continuous
 62
     7
370
    25
100
AcDbLine
 10
-8.615070551
 20
-7.1365928428
 30
0.0
 11
-8.5424107734
 21
-7.2624432692
 31
0.0
  0
LINE
  5
455
330
1F
100
AcDbEntity
  8
0
  6
Continuous
 62
     7
370
    25
100
AcDbLine
 10
-5.7791066291
 20
-6.8781891374
 30
0.0
 11
-5.9283342932
 21
-6.8340693347
 31
0.0
  0
LINE
  5
456
330
1F
100
AcDbEntity
  8
0
  6
Continuous
 62
     7
370
    25
100
AcDbLine
 10
-5.7791066291
 20
-6.8781891374
 30
0.0
 11
-5.9486725863
 21
-7.511017905
 31
0.0
  0
LINE
  5
457
330
1F
100
AcDbEntity
  8
0
  6
Continuous
 62
     7
370
    25
100
AcDbLine
 10
-5.9486725863
 20
-7.511017905
 30
0.0
 11
-6.0992515702
 21
-7.4719412961
 31
0.0
  0
LINE
  5
458
330
1F
100
AcDbEntity
  8
0
  6
Continuous
 62
     7
370
    25
100
AcDbLine
 10
-8.2032846724
 20
-7.8498269063
 30
0.0
 11
-8.1496913783
 21
-7.9426532147
 31
0.0
  0
LINE
  5
459
330
1F
100
AcDbEntity
  8
0
  6
Continuous
 62
     7
370
    25
100
AcDbLine
 10
-8.322896459
 20
-8.0426532147
 30
0.0
 11
-8.1496913783
 21
-7.9426532147
 31
0.0
  0
LINE
  5
45A
330
1F
100
AcDbEntity
  8
0
  6
Continuous
 62
     7
370
    25
100
AcDbLine
 10
-8.3929192778
 20
-7.921370135
 30
0.0
 11
-8.322896459
 21
-8.0426532147
 31
0.0
  0
LINE
  5
45B
330
1F
100
AcDbEntity
  8
0
  6
Continuous
 62
     7
370
    25
100
AcDbLine
 10
-5.6530200949
 20
-6.4759573026
 30
0.0
 11
-5.4834541375
 21
-5.8431285344
 31
0.0
  0
LINE
  5
45C
330
1F
100
AcDbEntity
  8
0
  6
Continuous
 62
     7
370
    25
100
AcDbLine
 10
-2.6395289484
 20
-5.3757787612
 30
0.0
 11
-2.566047966
 21
-5.5030515562
 31
0.0
  0
LINE
  5
45D
330
1F
100
AcDbEntity
  8
0
  6
Continuous
 62
     7
370
    25
100
AcDbLine
 10
-2.6395289484
 20
-5.3757787612
 30
0.0
 11
-2.4663238676
 21
-5.2757787612
 31
0.0
  0
LINE
  5
45E
330
1F
100
AcDbEntity
  8
0
  6
Continuous
 62
     7
370
    25
100
AcDbLine
 10
-2.4663238676
 20
-5.2757787612
 30
0.0
 11
-2.367713227
 21
-5.446577401
 31
0.0
  0
LINE
  5
45F
330
1F
100
AcDbEntity
  8
0
  6
Continuous
 62
     7
370
    25
100
AcDbLine
 10
0.3853943483
 20
-5.0652885611
 30
0.0
 11
0.2361666841
 21
-5.0211687584
 31
0.0
  0
LINE
  5
460
330
1F
100
AcDbEntity
  8
0
  6
Continuous
 62
     7
370
    25
100
AcDbLine
 10
0.3853943483
 20
-5.0652885611
 30
0.0
 11
0.215828391
 21
-5.6981173287
 31
0.0
  0
LINE
  5
461
330
1F
100
AcDbEntity
  8
0
  6
Continuous
 62
     7
370
    25
100
AcDbLine
 10
0.215828391
 20
-5.6981173287
 30
0.0
 11
0.0652494071
 21
-5.6590407198
 31
0.0
  0
LINE
  5
462
330
1F
100
AcDbEntity
  8
0
  6
Continuous
 62
     7
370
    25
100
AcDbLine
 10
-2.0289949763
 20
-6.0332546207
 30
0.0
 11
-1.958975884
 21
-6.154531246
 31
0.0
  0
LINE
  5
463
330
1F
100
AcDbEntity
  8
0
  6
Continuous
 62
     7
370
    25
100
AcDbLine
 10
-2.1321809647
 20
-6.254531246
 30
0.0
 11
-1.958975884
 21
-6.154531246
 31
0.0
  0
LINE
  5
464
330
1F
100
AcDbEntity
  8
0
  6
Continuous
 62
     7
370
    25
100
AcDbLine
 10
-2.2186486071
 20
-6.1047648962
 30
0.0
 11
-2.1321809647
 21
-6.254531246
 31
0.0
  0
LINE
  5
465
330
1F
100
AcDbEntity
  8
0
  6
Continuous
 62
     7
370
    25
100
AcDbLine
 10
-5.5654672838
 20
-6.8419855115
 30
0.0
 11
-5.8016625908
 21
-7.7234783975
 31
0.0
  0
LINE
  5
466
330
1F
100
AcDbEntity
  8
0
  6
Continuous
 62
     7
370
    25
100
AcDbLine
 10
-2.8667676388
 20
-6.6034438423
 30
0.0
 11
-2.8167482714
 21
-6.5915360465
 31
0.0
  0
LINE
  5
467
330
1F
100
AcDbEntity
  8
0
  6
Continuous
 62
     7
370
    25
100
AcDbLine
 10
-2.8637933589
 20
-6.5100515648
 30
0.0
 11
-2.8167482714
 21
-6.5915360465
 31
0.0
  0
LINE
  5
468
330
1F
100
AcDbEntity
  8
0
  6
Continuous
 62
     7
370
    25
100
AcDbLine
 10
-2.8637933589
 20
-6.5100515648
 30
0.0
 11
-2.6905882781
 21
-6.4100515648
 31
0.0
  0
LINE
  5
469
330
1F
100
AcDbEntity
  8
0
  6
Continuous
 62
     7
370
    25
100
AcDbLine
 10
-2.6905882781
 20
-6.4100515648
 30
0.0
 11
-2.6148534906
 21
-6.5412280646
 31
0.0
  0
LINE
  5
46A
330
1F
100
AcDbEntity
  8
0
  6
Continuous
 62
     7
370
    25
100
AcDbLine
 10
0.1222580374
 20
-6.155108135
 30
0.0
 11
0.265336503
 21
-6.2061302876
 31
0.0
  0
LINE
  5
46B
330
1F
100
AcDbEntity
  8
0
  6
Continuous
 62
     7
370
    25
100
AcDbLine
 10
0.265336503
 20
-6.2061302876
 30
0.0
 11
0.0292160303
 21
-7.0873438885
 31
0.0
  0
LINE
  5
46C
330
1F
100
AcDbEntity
  8
0
  6
Continuous
 62
     7
370
    25
100
AcDbLine
 10
0.0292160303
 20
-7.0873438885
 30
0.0
 11
-0.1153162792
 21
-7.0417475548
 31
0.0
  0
LINE
  5
46D
330
1F
100
AcDbEntity
  8
0
  6
Continuous
 62
     7
370
    25
100
AcDbLine
 10
-2.13830776
 20
-7.3666294822
 30
0.0
 11
-2.0993184158
 21
-7.4341610072
 31
0.0
  0
LINE
  5
46F
330
1F
100
AcDbEntity
  8
0
  6
Continuous
 62
     7
370
    25
100
AcDbLine
 10
-2.3288050511
 20
-7.4366784953
 30
0.0
 11
-2.2725234966
 21
-7.5341610072
 31
0.0
  0
LINE
  5
470
330
1F
100
AcDbEntity
  8
0
  6
Continuous
 62
     7
370
    25
100
AcDbLine
 10
-2.2666740417
 20
-7.5442925603
 30
0.0
 11
-2.0934689609
 21
-7.4442925603
 31
0.0
  0
LINE
  5
471
330
1F
100
AcDbEntity
  8
0
  6
Continuous
 62
     7
370
    25
100
AcDbLine
 10
-5.9103439208
 20
-6.5980685419
 30
0.0
 11
-5.7215947616
 21
-5.8936470901
 31
0.0
  0
LINE
  5
472
330
1F
100
AcDbEntity
  8
0
  6
Continuous
 62
     7
370
    25
100
AcDbLine
 10
-8.4843040348
 20
-6.9000054577
 30
0.0
 11
-8.5601742852
 21
-6.7685943293
 31
0.0
  0
LINE
  5
473
330
1F
100
AcDbEntity
  8
0
  6
Continuous
 62
     7
370
    25
100
AcDbLine
 10
-8.4843040348
 20
-6.9000054577
 30
0.0
 11
-8.6575091156
 21
-7.0000054577
 31
0.0
  0
LINE
  5
474
330
1F
100
AcDbEntity
  8
0
  6
Continuous
 62
     7
370
    25
100
AcDbLine
 10
-8.6575091156
 20
-7.0000054577
 30
0.0
 11
-8.757440763
 21
-6.826918767
 31
0.0
  0
LINE
  5
475
330
1F
100
AcDbEntity
  8
0
  6
Continuous
 62
     7
370
    25
100
AcDbLine
 10
-11.5747208302
 20
-7.2117521397
 30
0.0
 11
-11.7210981361
 21
-7.1590977462
 31
0.0
  0
LINE
  5
476
330
1F
100
AcDbEntity
  8
0
  6
Continuous
 62
     7
370
    25
100
AcDbLine
 10
-11.7210981361
 20
-7.1590977462
 30
0.0
 11
-11.5061166018
 21
-6.3567757378
 31
0.0
  0
LINE
  5
477
330
1F
100
AcDbEntity
  8
0
  6
Continuous
 62
     7
370
    25
100
AcDbLine
 10
-11.3583410472
 20
-6.404211796
 30
0.0
 11
-11.5061166018
 21
-6.3567757378
 31
0.0
  0
LINE
  5
478
330
1F
100
AcDbEntity
  8
0
  6
Continuous
 62
     7
370
    25
100
AcDbLine
 10
-9.2034749528
 20
-6.0543648884
 30
0.0
 11
-9.2297743341
 21
-6.0088130238
 31
0.0
  0
LINE
  5
47A
330
1F
100
AcDbEntity
  8
0
  6
Continuous
 62
     7
370
    25
100
AcDbLine
 10
-9.0110916583
 20
-5.987582529
 30
0.0
 11
-9.0565692533
 21
-5.9088130238
 31
0.0
  0
LINE
  5
47B
330
1F
100
AcDbEntity
  8
0
  6
Continuous
 62
     7
370
    25
100
AcDbLine
 10
-9.0901460953
 20
-5.8506562275
 30
0.0
 11
-9.2633511761
 21
-5.9506562275
 31
0.0
  0
LINE
  5
47C
330
1F
100
AcDbEntity
  8
0
  6
Continuous
 62
     7
370
    25
100
AcDbLine
 10
-11.8032248709
 20
-5.2274409761
 30
0.0
 11
-11.9326343935
 21
-5.7104038892
 31
0.0
  0
LINE
  5
47D
330
1F
100
AcDbEntity
  8
0
  6
Continuous
 62
     7
370
    25
100
AcDbLine
 10
-9.1202294486
 20
-5.095809482
 30
0.0
 11
-9.2558041079
 21
-4.8609872839
 31
0.0
  0
LINE
  5
47E
330
1F
100
AcDbEntity
  8
0
  6
Continuous
 62
     7
370
    25
100
AcDbLine
 10
-9.2558041079
 20
-4.8609872839
 30
0.0
 11
-9.0825990271
 21
-4.7609872839
 31
0.0
  0
LINE
  5
47F
330
1F
100
AcDbEntity
  8
0
  6
Continuous
 62
     7
370
    25
100
AcDbLine
 10
-8.9219318558
 20
-5.0392709878
 30
0.0
 11
-9.0825990271
 21
-4.7609872839
 31
0.0
  0
LINE
  5
480
330
1F
100
AcDbEntity
  8
0
  6
Continuous
 62
     7
370
    25
100
AcDbLine
 10
-6.2362796199
 20
-4.6356728643
 30
0.0
 11
-6.0069816377
 21
-4.7205674941
 31
0.0
  0
LINE
  5
481
330
1F
100
AcDbEntity
  8
0
  6
Continuous
 62
     7
370
    25
100
AcDbLine
 10
-6.1364321744
 20
-5.2036834742
 30
0.0
 11
-6.0069816377
 21
-4.7205674941
 31
0.0
  0
LINE
  5
482
330
1F
100
AcDbEntity
  8
0
  6
Continuous
 62
     7
370
    25
100
AcDbLine
 10
-6.3755621857
 20
-5.1554824762
 30
0.0
 11
-6.1364321744
 21
-5.2036834742
 31
0.0
  0
LINE
  5
483
330
1F
100
AcDbEntity
  8
0
  6
Continuous
 62
     7
370
    25
100
AcDbLine
 10
-8.560630876
 20
-5.6650626416
 30
0.0
 11
-8.6352823694
 21
-5.5357624621
 31
0.0
  0
LINE
  5
485
330
1F
100
AcDbEntity
  8
0
  6
Continuous
 62
     7
370
    25
100
AcDbLine
 10
-8.7338359567
 20
-5.7650626416
 30
0.0
 11
-8.8345983574
 21
-5.5905370442
 31
0.0
  0
LINE
  5
486
330
1F
100
AcDbEntity
  8
0
  6
Continuous
 62
     7
370
    25
100
AcDbLine
 10
-8.6833130283
 20
-5.8525709206
 30
0.0
 11
-8.5101079475
 21
-5.7525709206
 31
0.0
  0
LINE
  5
487
330
1F
100
AcDbEntity
  8
0
  6
Continuous
 62
     7
370
    25
100
AcDbLine
 10
8.9810332664
 20
-3.9942298561
 30
0.0
 11
9.0510560851
 21
-3.8729467764
 31
0.0
  0
LINE
  5
488
330
1F
100
AcDbEntity
  8
0
  6
Continuous
 62
     7
370
    25
100
AcDbLine
 10
9.0510560851
 20
-3.8729467764
 30
0.0
 11
9.2242611658
 21
-3.9729467764
 31
0.0
  0
LINE
  5
489
330
1F
100
AcDbEntity
  8
0
  6
Continuous
 62
     7
370
    25
100
AcDbLine
 10
9.1706678717
 20
-4.0657730848
 30
0.0
 11
9.2242611658
 21
-3.9729467764
 31
0.0
  0
LINE
  5
48A
330
1F
100
AcDbEntity
  8
0
  6
Continuous
 62
     7
370
    25
100
AcDbLine
 10
11.4252799578
 20
-4.4045820861
 30
0.0
 11
11.2747009739
 21
-4.443658695
 31
0.0
  0
LINE
  5
48B
330
1F
100
AcDbEntity
  8
0
  6
Continuous
 62
     7
370
    25
100
AcDbLine
 10
11.5948459151
 20
-5.0374108537
 30
0.0
 11
11.4252799578
 21
-4.4045820861
 31
0.0
  0
LINE
  5
48C
330
1F
100
AcDbEntity
  8
0
  6
Continuous
 62
     7
370
    25
100
AcDbLine
 10
11.5948459151
 20
-5.0374108537
 30
0.0
 11
11.4456182509
 21
-5.0815306564
 31
0.0
  0
LINE
  5
48D
330
1F
100
AcDbEntity
  8
0
  6
Continuous
 62
     7
370
    25
100
AcDbLine
 10
8.7588819931
 20
-4.7790071483
 30
0.0
 11
8.8315417707
 21
-4.6531567219
 31
0.0
  0
LINE
  5
48E
330
1F
100
AcDbEntity
  8
0
  6
Continuous
 62
     7
370
    25
100
AcDbLine
 10
8.5856769124
 20
-4.6790071483
 30
0.0
 11
8.7588819931
 21
-4.7790071483
 31
0.0
  0
LINE
  5
48F
330
1F
100
AcDbEntity
  8
0
  6
Continuous
 62
     7
370
    25
100
AcDbLine
 10
8.5856769124
 20
-4.6790071483
 30
0.0
 11
8.633137431
 21
-4.5968031186
 31
0.0
  0
LINE
  5
490
330
1F
100
AcDbEntity
  8
0
  6
Continuous
 62
     7
370
    25
100
AcDbLine
 10
5.5564314719
 20
-3.6267421122
 30
0.0
 11
5.7259974293
 21
-4.2595708804
 31
0.0
  0
LINE
  5
491
330
1F
100
AcDbEntity
  8
0
  6
Continuous
 62
     7
370
    25
100
AcDbLine
 10
6.3900533766
 20
-4.6681667331
 30
0.0
 11
6.476521019
 21
-4.5184003833
 31
0.0
  0
LINE
  5
492
330
1F
100
AcDbEntity
  8
0
  6
Continuous
 62
     7
370
    25
100
AcDbLine
 10
6.476521019
 20
-4.5184003833
 30
0.0
 11
6.6497260998
 21
-4.6184003833
 31
0.0
  0
LINE
  5
493
330
1F
100
AcDbEntity
  8
0
  6
Continuous
 62
     7
370
    25
100
AcDbLine
 10
6.5797070075
 20
-4.7396770086
 30
0.0
 11
6.6497260998
 21
-4.6184003833
 31
0.0
  0
LINE
  5
494
330
1F
100
AcDbEntity
  8
0
  6
Continuous
 62
     7
370
    25
100
AcDbLine
 10
8.8245303748
 20
-5.0748143006
 30
0.0
 11
8.6739513909
 21
-5.1138909095
 31
0.0
  0
LINE
  5
495
330
1F
100
AcDbEntity
  8
0
  6
Continuous
 62
     7
370
    25
100
AcDbLine
 10
8.994096332
 20
-5.7076430682
 30
0.0
 11
8.8245303748
 21
-5.0748143006
 31
0.0
  0
LINE
  5
496
330
1F
100
AcDbEntity
  8
0
  6
Continuous
 62
     7
370
    25
100
AcDbLine
 10
8.994096332
 20
-5.7076430682
 30
0.0
 11
8.8448686679
 21
-5.7517628709
 31
0.0
  0
LINE
  5
497
330
1F
100
AcDbEntity
  8
0
  6
Continuous
 62
     7
370
    25
100
AcDbLine
 10
6.1423781161
 20
-5.4971528681
 30
0.0
 11
6.2409887568
 21
-5.3263542283
 31
0.0
  0
LINE
  5
498
330
1F
100
AcDbEntity
  8
0
  6
Continuous
 62
     7
370
    25
100
AcDbLine
 10
5.9691730354
 20
-5.3971528681
 30
0.0
 11
6.1423781161
 21
-5.4971528681
 31
0.0
  0
LINE
  5
499
330
1F
100
AcDbEntity
  8
0
  6
Continuous
 62
     7
370
    25
100
AcDbLine
 10
5.9691730354
 20
-5.3971528681
 30
0.0
 11
6.0426540178
 21
-5.2698800731
 31
0.0
  0
LINE
  5
49A
330
1F
100
AcDbEntity
  8
0
  6
Continuous
 62
     7
370
    25
100
AcDbLine
 10
2.9556818889
 20
-4.2969743267
 30
0.0
 11
3.1252478463
 21
-4.9298030949
 31
0.0
  0
LINE
  5
49B
330
1F
100
AcDbEntity
  8
0
  6
Continuous
 62
     7
370
    25
100
AcDbLine
 10
7.3547702826
 20
-5.9538471195
 30
0.0
 11
7.4110518371
 21
-5.8563646075
 31
0.0
  0
LINE
  5
49D
330
1F
100
AcDbEntity
  8
0
  6
Continuous
 62
     7
370
    25
100
AcDbLine
 10
7.5452675737
 20
-6.0238961325
 30
0.0
 11
7.5842569179
 21
-5.9563646075
 31
0.0
  0
LINE
  5
49E
330
1F
100
AcDbEntity
  8
0
  6
Continuous
 62
     7
370
    25
100
AcDbLine
 10
9.712791364
 20
-6.3031817263
 30
0.0
 11
9.5682590545
 21
-6.3487780599
 31
0.0
  0
LINE
  5
49F
330
1F
100
AcDbEntity
  8
0
  6
Continuous
 62
     7
370
    25
100
AcDbLine
 10
9.9489118367
 20
-7.1843953272
 30
0.0
 11
9.712791364
 21
-6.3031817263
 31
0.0
  0
LINE
  5
4A0
330
1F
100
AcDbEntity
  8
0
  6
Continuous
 62
     7
370
    25
100
AcDbLine
 10
9.8058333711
 20
-7.2354174798
 30
0.0
 11
9.9489118367
 21
-7.1843953272
 31
0.0
  0
LINE
  5
4A1
330
1F
100
AcDbEntity
  8
0
  6
Continuous
 62
     7
370
    25
100
AcDbLine
 10
6.9929870556
 20
-6.98047405
 30
0.0
 11
7.0687218431
 21
-6.8492975502
 31
0.0
  0
LINE
  5
4A2
330
1F
100
AcDbEntity
  8
0
  6
Continuous
 62
     7
370
    25
100
AcDbLine
 10
6.8197819748
 20
-6.88047405
 30
0.0
 11
6.9929870556
 21
-6.98047405
 31
0.0
  0
LINE
  5
4A3
330
1F
100
AcDbEntity
  8
0
  6
Continuous
 62
     7
370
    25
100
AcDbLine
 10
6.8197819748
 20
-6.88047405
 30
0.0
 11
6.8668270623
 21
-6.7989895683
 31
0.0
  0
LINE
  5
4A4
330
1F
100
AcDbEntity
  8
0
  6
Continuous
 62
     7
370
    25
100
AcDbLine
 10
6.8168076949
 20
-6.7870817725
 30
0.0
 11
6.8668270623
 21
-6.7989895683
 31
0.0
  0
LINE
  5
4A5
330
1F
100
AcDbEntity
  8
0
  6
Continuous
 62
     7
370
    25
100
AcDbLine
 10
4.1181080499
 20
-6.5485401032
 30
0.0
 11
3.881912743
 21
-5.6670472173
 31
0.0
  0
LINE
  5
4A6
330
1F
100
AcDbEntity
  8
0
  6
Continuous
 62
     7
370
    25
100
AcDbLine
 10
7.416901292
 20
-5.8462330545
 30
0.0
 11
7.5901063728
 21
-5.9462330545
 31
0.0
  0
LINE
  5
4A7
330
1F
100
AcDbEntity
  8
0
  6
Continuous
 62
     7
370
    25
100
AcDbLine
 10
3.5382030056
 20
-6.4906729015
 30
0.0
 11
3.5836806006
 21
-6.4119033963
 31
0.0
  0
LINE
  5
4A9
330
1F
100
AcDbEntity
  8
0
  6
Continuous
 62
     7
370
    25
100
AcDbLine
 10
3.7305863001
 20
-6.5574552609
 30
0.0
 11
3.7568856814
 21
-6.5119033963
 31
0.0
  0
LINE
  5
4AA
330
1F
100
AcDbEntity
  8
0
  6
Continuous
 62
     7
370
    25
100
AcDbLine
 10
5.8854523945
 20
-6.9073021685
 30
0.0
 11
6.0332279491
 21
-6.8598661103
 31
0.0
  0
LINE
  5
4AB
330
1F
100
AcDbEntity
  8
0
  6
Continuous
 62
     7
370
    25
100
AcDbLine
 10
6.2482094833
 20
-7.6621881187
 30
0.0
 11
6.0332279491
 21
-6.8598661103
 31
0.0
  0
LINE
  5
4AC
330
1F
100
AcDbEntity
  8
0
  6
Continuous
 62
     7
370
    25
100
AcDbLine
 10
6.1018321774
 20
-7.7148425122
 30
0.0
 11
6.2482094833
 21
-7.6621881187
 31
0.0
  0
LINE
  5
4AD
330
1F
100
AcDbEntity
  8
0
  6
Continuous
 62
     7
370
    25
100
AcDbLine
 10
3.1846204628
 20
-7.5030958302
 30
0.0
 11
3.2845521103
 21
-7.3300091395
 31
0.0
  0
LINE
  5
4AE
330
1F
100
AcDbEntity
  8
0
  6
Continuous
 62
     7
370
    25
100
AcDbLine
 10
3.0114153821
 20
-7.4030958302
 30
0.0
 11
3.1846204628
 21
-7.5030958302
 31
0.0
  0
LINE
  5
4AF
330
1F
100
AcDbEntity
  8
0
  6
Continuous
 62
     7
370
    25
100
AcDbLine
 10
3.0114153821
 20
-7.4030958302
 30
0.0
 11
3.0872856324
 21
-7.2716847018
 31
0.0
  0
LINE
  5
4B0
330
1F
100
AcDbEntity
  8
0
  6
Continuous
 62
     7
370
    25
100
AcDbLine
 10
0.437455268
 20
-7.1011589143
 30
0.0
 11
0.2487061089
 21
-6.3967374626
 31
0.0
  0
LINE
  5
4B1
330
1F
100
AcDbEntity
  8
0
  6
Continuous
 62
     7
370
    25
100
AcDbLine
 10
3.6172574426
 20
-6.3537466
 30
0.0
 11
3.7904625234
 21
-6.4537466
 31
0.0
  0
LINE
  5
4B2
330
1F
100
AcDbEntity
  8
0
  6
Continuous
 62
     7
370
    25
100
AcDbLine
 10
1.1770370622
 20
-4.3385882915
 30
0.0
 11
1.0762746616
 21
-4.5131138889
 31
0.0
  0
LINE
  5
4B4
330
1F
100
AcDbEntity
  8
0
  6
Continuous
 62
     7
370
    25
100
AcDbLine
 10
1.350242143
 20
-4.4385882915
 30
0.0
 11
1.2755906495
 21
-4.567888471
 31
0.0
  0
LINE
  5
4B5
330
1F
100
AcDbEntity
  8
0
  6
Continuous
 62
     7
370
    25
100
AcDbLine
 10
3.5353108332
 20
-4.9481684569
 30
0.0
 11
3.7744408445
 21
-4.8999674589
 31
0.0
  0
LINE
  5
4B6
330
1F
100
AcDbEntity
  8
0
  6
Continuous
 62
     7
370
    25
100
AcDbLine
 10
3.7744408445
 20
-4.8999674589
 30
0.0
 11
3.9038913812
 21
-5.383083439
 31
0.0
  0
LINE
  5
4B7
330
1F
100
AcDbEntity
  8
0
  6
Continuous
 62
     7
370
    25
100
AcDbLine
 10
3.674593399
 20
-5.4679780688
 30
0.0
 11
3.9038913812
 21
-5.383083439
 31
0.0
  0
LINE
  5
4B8
330
1F
100
AcDbEntity
  8
0
  6
Continuous
 62
     7
370
    25
100
AcDbLine
 10
0.9889411632
 20
-5.0643799453
 30
0.0
 11
0.8282739918
 21
-5.3426636492
 31
0.0
  0
LINE
  5
4B9
330
1F
100
AcDbEntity
  8
0
  6
Continuous
 62
     7
370
    25
100
AcDbLine
 10
0.6550689111
 20
-5.2426636492
 30
0.0
 11
0.8282739918
 21
-5.3426636492
 31
0.0
  0
LINE
  5
4BA
330
1F
100
AcDbEntity
  8
0
  6
Continuous
 62
     7
370
    25
100
AcDbLine
 10
0.7906435704
 20
-5.0078414511
 30
0.0
 11
0.6550689111
 21
-5.2426636492
 31
0.0
  0
LINE
  5
4BB
330
1F
100
AcDbEntity
  8
0
  6
Continuous
 62
     7
370
    25
100
AcDbLine
 10
-1.892351852
 20
-4.876209957
 30
0.0
 11
-2.0217613746
 21
-4.3932470439
 31
0.0
  0
LINE
  5
4BC
330
1F
100
AcDbEntity
  8
0
  6
Continuous
 62
     7
370
    25
100
AcDbLine
 10
1.2275599907
 20
-4.2510800125
 30
0.0
 11
1.4007650714
 21
-4.3510800125
 31
0.0
  0
LINE
  5
4BD
330
1F
100
AcDbEntity
  8
0
  6
Continuous
 62
     7
370
    25
100
AcDbLine
 10
-9.0311878173
 20
-0.5270639446
 30
0.0
 11
-9.0103274976
 21
-0.5611938004
 31
0.0
  0
LINE
  5
4BE
330
1F
100
AcDbEntity
  8
0
  6
Continuous
 62
     7
370
    25
100
AcDbLine
 10
-9.6551628593
 20
-0.7836397869
 30
0.0
 11
-10.0586001883
 21
-0.8541197513
 31
0.0
  0
LINE
  5
4BF
330
1F
100
AcDbEntity
  8
0
  6
Continuous
 62
     7
370
    25
100
AcDbLine
 10
-8.9163078146
 20
1.4881899686
 30
0.0
 11
-8.8954474949
 21
1.4540601127
 31
0.0
  0
LINE
  5
4C0
330
1F
100
AcDbEntity
  8
0
  6
Continuous
 62
     7
370
    25
100
AcDbLine
 10
-9.5402828565
 20
1.2316141263
 30
0.0
 11
-9.9437201855
 21
1.1611341619
 31
0.0
  0
LINE
  5
4C1
330
1F
100
AcDbEntity
  8
0
  6
Continuous
 62
     7
370
    25
100
AcDbLine
 10
-5.3915569008
 20
-3.6008281446
 30
0.0
 11
-5.370696581
 21
-3.6349580004
 31
0.0
  0
LINE
  5
4C2
330
1F
100
AcDbEntity
  8
0
  6
Continuous
 62
     7
370
    25
100
AcDbLine
 10
-6.0155319427
 20
-3.8574039868
 30
0.0
 11
-6.4189692717
 21
-3.9278839513
 31
0.0
  0
LINE
  5
4C3
330
1F
100
AcDbEntity
  8
0
  6
Continuous
 62
     7
370
    25
100
AcDbLine
 10
-8.6305992278
 20
-4.0243279966
 30
0.0
 11
-8.6514595475
 21
-3.9901981407
 31
0.0
  0
LINE
  5
4C4
330
1F
100
AcDbEntity
  8
0
  6
Continuous
 62
     7
370
    25
100
AcDbLine
 10
-8.0066241859
 20
-3.7677521543
 30
0.0
 11
-7.6031868568
 21
-3.6972721899
 31
0.0
  0
LINE
  5
4C5
330
1F
100
AcDbEntity
  8
0
  6
Continuous
 62
     7
370
    25
100
AcDbLine
 10
-11.7697143235
 20
1.1695636394
 30
0.0
 11
-11.7905746432
 21
1.2036934952
 31
0.0
  0
LINE
  5
4C6
330
1F
100
AcDbEntity
  8
0
  6
Continuous
 62
     7
370
    25
100
AcDbLine
 10
-11.1457392816
 20
1.4261394817
 30
0.0
 11
-10.7423019525
 21
1.4966194461
 31
0.0
  0
LINE
  5
4C7
330
1F
100
AcDbEntity
  8
0
  6
Continuous
 62
     7
370
    25
100
AcDbLine
 10
-11.803195579
 20
-0.8401489348
 30
0.0
 11
-11.8240558987
 21
-0.806019079
 31
0.0
  0
LINE
  5
4C8
330
1F
100
AcDbEntity
  8
0
  6
Continuous
 62
     7
370
    25
100
AcDbLine
 10
-11.179220537
 20
-0.5835730926
 30
0.0
 11
-10.775783208
 21
-0.5130931281
 31
0.0
  0
LINE
  5
4C9
330
1F
100
AcDbEntity
  8
0
  6
Continuous
 62
     7
370
    25
100
AcDbLine
 10
-9.1617517969
 20
3.9816614808
 30
0.0
 11
-9.1546395989
 21
3.9849375618
 31
0.0
  0
LINE
  5
4CA
330
1F
100
AcDbEntity
  8
0
  6
Continuous
 62
     7
370
    25
100
AcDbLine
 10
-9.1546395989
 20
3.9849375618
 30
0.0
 11
-9.1660507975
 21
4.0308166696
 31
0.0
  0
LINE
  5
4CB
330
1F
100
AcDbEntity
  8
0
  6
Continuous
 62
     7
370
    25
100
AcDbLine
 10
-11.8638468095
 20
3.81751124
 30
0.0
 11
-11.8709590076
 21
3.8142351589
 31
0.0
  0
LINE
  5
4CC
330
1F
100
AcDbEntity
  8
0
  6
Continuous
 62
     7
370
    25
100
AcDbLine
 10
-11.8709590076
 20
3.8142351589
 30
0.0
 11
-11.8595478089
 21
3.7683560511
 31
0.0
  0
LINE
  5
4CD
330
1F
100
AcDbEntity
  8
0
  6
Continuous
 62
     7
370
    25
100
AcDbLine
 10
1.893290136
 20
-0.8133014511
 30
0.0
 11
1.8700594523
 21
-0.7746488206
 31
0.0
  0
LINE
  5
4CE
330
1F
100
AcDbEntity
  8
0
  6
Continuous
 62
     7
370
    25
100
AcDbLine
 10
-0.6930644381
 20
-1.4241197146
 30
0.0
 11
-0.8167468588
 21
-1.9190561715
 31
0.0
  0
LINE
  5
4CF
330
1F
100
AcDbEntity
  8
0
  6
Continuous
 62
     7
370
    25
100
AcDbLine
 10
-0.8133779501
 20
-1.3899839614
 30
0.0
 11
-0.9607760706
 21
-1.9798228662
 31
0.0
  0
LINE
  5
4D0
330
1F
100
AcDbEntity
  8
0
  6
Continuous
 62
     7
370
    25
100
AcDbLine
 10
-1.8083376921
 20
-1.4562103806
 30
0.0
 11
-1.0384225385
 21
-2.0083329609
 31
0.0
  0
LINE
  5
4D1
330
1F
100
AcDbEntity
  8
0
  6
Continuous
 62
     7
370
    25
100
AcDbLine
 10
-2.1555930889
 20
-1.4566223171
 30
0.0
 11
-2.1872881235
 21
-2.3642493549
 31
0.0
  0
LINE
  5
4D2
330
1F
100
AcDbEntity
  8
0
  6
Continuous
 62
     7
370
    25
100
AcDbLine
 10
-2.0764853966
 20
-1.4177351845
 30
0.0
 11
-1.1900450225
 21
-2.053420486
 31
0.0
  0
LINE
  5
4D3
330
1F
100
AcDbEntity
  8
0
  6
Continuous
 62
     7
370
    25
100
AcDbLine
 10
-4.9934527831
 20
-2.067076933
 30
0.0
 11
-4.4412311256
 21
-2.7407231893
 31
0.0
  0
LINE
  5
4D4
330
1F
100
AcDbEntity
  8
0
  6
Continuous
 62
     7
370
    25
100
AcDbLine
 10
-5.9270683442
 20
-2.7557333655
 30
0.0
 11
-7.0049214684
 21
-1.4986837391
 31
0.0
  0
LINE
  5
4D5
330
1F
100
AcDbEntity
  8
0
  6
Continuous
 62
     7
370
    25
100
AcDbLine
 10
-7.0928481396
 20
-1.5294849821
 30
0.0
 11
-7.104272917
 21
-1.8566478009
 31
0.0
  0
LINE
  5
4D6
330
1F
100
AcDbEntity
  8
0
  6
Continuous
 62
     7
370
    25
100
AcDbLine
 10
-7.1327326439
 20
-2.6716277482
 30
0.0
 11
-7.1140630888
 21
-2.1370016397
 31
0.0
  0
LINE
  5
4D7
330
1F
100
AcDbEntity
  8
0
  6
Continuous
 62
     7
370
    25
100
AcDbLine
 10
-4.0876194366
 20
-1.4321197138
 30
0.0
 11
-4.1061004359
 21
-1.961346291
 31
0.0
  0
LINE
  5
4D8
330
1F
100
AcDbEntity
  8
0
  6
Continuous
 62
     7
370
    25
100
AcDbLine
 10
-4.1296617052
 20
-2.6360527657
 30
0.0
 11
-4.1158906077
 21
-2.2417001298
 31
0.0
  0
LINE
  5
4D9
330
1F
100
AcDbEntity
  8
0
  6
Continuous
 62
     7
370
    25
100
AcDbLine
 10
-2.565495459
 20
-1.4711435346
 30
0.0
 11
-4.048150037
 21
-2.6765932845
 31
0.0
  0
LINE
  5
4DA
330
1F
100
AcDbEntity
  8
0
  6
Continuous
 62
     7
370
    25
100
AcDbLine
 10
-2.2824972855
 20
-1.5089694914
 30
0.0
 11
-2.3118186346
 21
-2.3486230696
 31
0.0
  0
LINE
  5
4DB
330
1F
100
AcDbEntity
  8
0
  6
Continuous
 62
     7
370
    25
100
AcDbLine
 10
-3.8235231485
 20
-2.6550647858
 30
0.0
 11
-2.3640089538
 21
-1.4684289726
 31
0.0
  0
LINE
  5
4DC
330
1F
100
AcDbEntity
  8
0
  6
Continuous
 62
     7
370
    25
100
AcDbLine
 10
-8.3312834691
 20
-2.1569891888
 30
0.0
 11
-7.4528735597
 21
-1.4037994617
 31
0.0
  0
LINE
  5
4DD
330
1F
100
AcDbEntity
  8
0
  6
Continuous
 62
     7
370
    25
100
AcDbLine
 10
-5.2995349875
 20
-1.3668022412
 30
0.0
 11
-4.286660002
 21
-1.3809850423
 31
0.0
  0
LINE
  5
4DE
330
1F
100
AcDbEntity
  8
0
  6
Continuous
 62
     7
370
    25
100
AcDbLine
 10
-5.3389031699
 20
-1.4484955436
 30
0.0
 11
-4.3501440753
 21
-2.6546667492
 31
0.0
  0
LINE
  5
4DF
330
1F
100
AcDbEntity
  8
0
  6
Continuous
 62
     7
370
    25
100
AcDbLine
 10
-4.2657992318
 20
-2.2364652053
 30
0.0
 11
-4.2795703293
 21
-2.6308178412
 31
0.0
  0
LINE
  5
4E0
330
1F
100
AcDbEntity
  8
0
  6
Continuous
 62
     7
370
    25
100
AcDbLine
 10
-4.2375280607
 20
-1.4268847893
 30
0.0
 11
-4.25600906
 21
-1.9561113665
 31
0.0
  0
LINE
  5
4E1
330
1F
100
AcDbEntity
  8
0
  6
Continuous
 62
     7
370
    25
100
AcDbLine
 10
-8.131832454
 20
-2.1506300098
 30
0.0
 11
-7.3243545518
 21
-1.4582607021
 31
0.0
  0
LINE
  5
4E2
330
1F
100
AcDbEntity
  8
0
  6
Continuous
 62
     7
370
    25
100
AcDbLine
 10
-7.2744449732
 20
-2.4901763768
 30
0.0
 11
-7.261968954
 21
-2.1329099306
 31
0.0
  0
LINE
  5
4E3
330
1F
100
AcDbEntity
  8
0
  6
Continuous
 62
     7
370
    25
100
AcDbLine
 10
-7.2418387927
 20
-1.4979628067
 30
0.0
 11
-7.2541815411
 21
-1.8514128764
 31
0.0
  0
LINE
  5
4E4
330
1F
100
AcDbEntity
  8
0
  6
Continuous
 62
     7
370
    25
100
AcDbLine
 10
-6.8626791696
 20
-1.3449142852
 30
0.0
 11
-6.2080352463
 21
-1.3540809491
 31
0.0
  0
LINE
  5
4E5
330
1F
100
AcDbEntity
  8
0
  6
Continuous
 62
     7
370
    25
100
AcDbLine
 10
-6.3767780604
 20
-2.0392233796
 30
0.0
 11
-6.9013363567
 21
-1.427455602
 31
0.0
  0
LINE
  5
4E6
330
1F
100
AcDbEntity
  8
0
  6
Continuous
 62
     7
370
    25
100
AcDbLine
 10
-6.5289390673
 20
-4.4103730528
 30
0.0
 11
-6.5057083835
 21
-4.4490256833
 31
0.0
  0
LINE
  5
4E7
330
1F
100
AcDbEntity
  8
0
  6
Continuous
 62
     7
370
    25
100
AcDbLine
 10
-3.9425844931
 20
-3.7995547893
 30
0.0
 11
-3.8189020724
 21
-3.3046183324
 31
0.0
  0
LINE
  5
4E8
330
1F
100
AcDbEntity
  8
0
  6
Continuous
 62
     7
370
    25
100
AcDbLine
 10
-3.8222709812
 20
-3.8336905426
 30
0.0
 11
-3.6748728606
 21
-3.2438516378
 31
0.0
  0
LINE
  5
4E9
330
1F
100
AcDbEntity
  8
0
  6
Continuous
 62
     7
370
    25
100
AcDbLine
 10
-2.8273112391
 20
-3.7674641233
 30
0.0
 11
-3.5972263927
 21
-3.2153415431
 31
0.0
  0
LINE
  5
4EA
330
1F
100
AcDbEntity
  8
0
  6
Continuous
 62
     7
370
    25
100
AcDbLine
 10
-2.4800558423
 20
-3.7670521869
 30
0.0
 11
-2.4483608077
 21
-2.8594251491
 31
0.0
  0
LINE
  5
4EB
330
1F
100
AcDbEntity
  8
0
  6
Continuous
 62
     7
370
    25
100
AcDbLine
 10
-2.5591635346
 20
-3.8059393195
 30
0.0
 11
-3.4456039087
 21
-3.170254018
 31
0.0
  0
LINE
  5
4EC
330
1F
100
AcDbEntity
  8
0
  6
Continuous
 62
     7
370
    25
100
AcDbLine
 10
0.3578038519
 20
-3.1565975709
 30
0.0
 11
-0.1944178056
 21
-2.4829513147
 31
0.0
  0
LINE
  5
4ED
330
1F
100
AcDbEntity
  8
0
  6
Continuous
 62
     7
370
    25
100
AcDbLine
 10
1.291419413
 20
-2.4679411384
 30
0.0
 11
2.3692725372
 21
-3.7249907649
 31
0.0
  0
LINE
  5
4EE
330
1F
100
AcDbEntity
  8
0
  6
Continuous
 62
     7
370
    25
100
AcDbLine
 10
2.4571992084
 20
-3.6941895219
 30
0.0
 11
2.4686239858
 21
-3.3670267031
 31
0.0
  0
LINE
  5
4EF
330
1F
100
AcDbEntity
  8
0
  6
Continuous
 62
     7
370
    25
100
AcDbLine
 10
2.4970837127
 20
-2.5520467557
 30
0.0
 11
2.4784141576
 21
-3.0866728643
 31
0.0
  0
LINE
  5
4F0
330
1F
100
AcDbEntity
  8
0
  6
Continuous
 62
     7
370
    25
100
AcDbLine
 10
-0.5480294946
 20
-3.7915547901
 30
0.0
 11
-0.5295484953
 21
-3.2623282129
 31
0.0
  0
LINE
  5
4F1
330
1F
100
AcDbEntity
  8
0
  6
Continuous
 62
     7
370
    25
100
AcDbLine
 10
-0.505987226
 20
-2.5876217383
 30
0.0
 11
-0.5197583235
 21
-2.9819743742
 31
0.0
  0
LINE
  5
4F2
330
1F
100
AcDbEntity
  8
0
  6
Continuous
 62
     7
370
    25
100
AcDbLine
 10
-2.0701534722
 20
-3.7525309694
 30
0.0
 11
-0.5874988942
 21
-2.5470812195
 31
0.0
  0
LINE
  5
4F3
330
1F
100
AcDbEntity
  8
0
  6
Continuous
 62
     7
370
    25
100
AcDbLine
 10
-2.3531516457
 20
-3.7147050125
 30
0.0
 11
-2.3238302966
 21
-2.8750514343
 31
0.0
  0
LINE
  5
4F4
330
1F
100
AcDbEntity
  8
0
  6
Continuous
 62
     7
370
    25
100
AcDbLine
 10
-0.8121257828
 20
-2.5686097181
 30
0.0
 11
-2.2716399775
 21
-3.7552455314
 31
0.0
  0
LINE
  5
4F5
330
1F
100
AcDbEntity
  8
0
  6
Continuous
 62
     7
370
    25
100
AcDbLine
 10
3.6956345378
 20
-3.0666853152
 30
0.0
 11
2.8172246285
 21
-3.8198750423
 31
0.0
  0
LINE
  5
4F6
330
1F
100
AcDbEntity
  8
0
  6
Continuous
 62
     7
370
    25
100
AcDbLine
 10
0.6638860563
 20
-3.8568722628
 30
0.0
 11
-0.3489889292
 21
-3.8426894616
 31
0.0
  0
LINE
  5
4F7
330
1F
100
AcDbEntity
  8
0
  6
Continuous
 62
     7
370
    25
100
AcDbLine
 10
0.7032542387
 20
-3.7751789603
 30
0.0
 11
-0.2855048559
 21
-2.5690077548
 31
0.0
  0
LINE
  5
4F8
330
1F
100
AcDbEntity
  8
0
  6
Continuous
 62
     7
370
    25
100
AcDbLine
 10
-0.3698496994
 20
-2.9872092987
 30
0.0
 11
-0.3560786019
 21
-2.5928566628
 31
0.0
  0
LINE
  5
4F9
330
1F
100
AcDbEntity
  8
0
  6
Continuous
 62
     7
370
    25
100
AcDbLine
 10
-0.3981208705
 20
-3.7967897146
 30
0.0
 11
-0.3796398712
 21
-3.2675631375
 31
0.0
  0
LINE
  5
4FA
330
1F
100
AcDbEntity
  8
0
  6
Continuous
 62
     7
370
    25
100
AcDbLine
 10
3.4961835228
 20
-3.0730444941
 30
0.0
 11
2.6887056206
 21
-3.7654138019
 31
0.0
  0
LINE
  5
4FB
330
1F
100
AcDbEntity
  8
0
  6
Continuous
 62
     7
370
    25
100
AcDbLine
 10
2.638796042
 20
-2.7334981272
 30
0.0
 11
2.6263200227
 21
-3.0907645733
 31
0.0
  0
LINE
  5
4FC
330
1F
100
AcDbEntity
  8
0
  6
Continuous
 62
     7
370
    25
100
AcDbLine
 10
2.6061898614
 20
-3.7257116972
 30
0.0
 11
2.6185326098
 21
-3.3722616276
 31
0.0
  0
LINE
  5
4FD
330
1F
100
AcDbEntity
  8
0
  6
Continuous
 62
     7
370
    25
100
AcDbLine
 10
2.2270302384
 20
-3.8787602188
 30
0.0
 11
1.5723863151
 21
-3.8695935548
 31
0.0
  0
LINE
  5
4FE
330
1F
100
AcDbEntity
  8
0
  6
Continuous
 62
     7
370
    25
100
AcDbLine
 10
1.7411291292
 20
-3.1844511243
 30
0.0
 11
2.2656874255
 21
-3.796218902
 31
0.0
  0
LINE
  5
4FF
330
1F
100
AcDbEntity
  8
0
  6
Continuous
 62
     7
370
    25
100
AcDbLine
 10
1.7530939019
 20
0.8538672937
 30
0.0
 11
1.7305413377
 21
0.8929194686
 31
0.0
  0
LINE
  5
500
330
1F
100
AcDbEntity
  8
0
  6
Continuous
 62
     7
370
    25
100
AcDbLine
 10
-0.8435270065
 20
0.2882801721
 30
0.0
 11
-0.975828422
 21
-0.2044223477
 31
0.0
  0
LINE
  5
501
330
1F
100
AcDbEntity
  8
0
  6
Continuous
 62
     7
370
    25
100
AcDbLine
 10
-0.9632264431
 20
0.3245104866
 30
0.0
 11
-1.1208962225
 21
-0.262666131
 31
0.0
  0
LINE
  5
502
330
1F
100
AcDbEntity
  8
0
  6
Continuous
 62
     7
370
    25
100
AcDbLine
 10
-1.9591904584
 20
0.2756585958
 30
0.0
 11
-1.1990284342
 21
-0.2898167657
 31
0.0
  0
LINE
  5
503
330
1F
100
AcDbEntity
  8
0
  6
Continuous
 62
     7
370
    25
100
AcDbLine
 10
-2.3064001558
 20
0.2813071644
 30
0.0
 11
-2.353930639
 21
-0.6256284828
 31
0.0
  0
LINE
  5
504
330
1F
100
AcDbEntity
  8
0
  6
Continuous
 62
     7
370
    25
100
AcDbLine
 10
-2.2266258379
 20
0.3188077547
 30
0.0
 11
-1.3514147112
 21
-0.3322512466
 31
0.0
  0
LINE
  5
505
330
1F
100
AcDbEntity
  8
0
  6
Continuous
 62
     7
370
    25
100
AcDbLine
 10
-5.1544815322
 20
-0.2795269956
 30
0.0
 11
-4.614100729
 21
-0.9627082491
 31
0.0
  0
LINE
  5
506
330
1F
100
AcDbEntity
  8
0
  6
Continuous
 62
     7
370
    25
100
AcDbLine
 10
-6.0999736111
 20
-0.9517847042
 30
0.0
 11
-7.1557240321
 21
0.3238845983
 31
0.0
  0
LINE
  5
507
330
1F
100
AcDbEntity
  8
0
  6
Continuous
 62
     7
370
    25
100
AcDbLine
 10
-7.2441748675
 20
0.2946225785
 30
0.0
 11
-7.2613076833
 21
-0.0322910219
 31
0.0
  0
LINE
  5
508
330
1F
100
AcDbEntity
  8
0
  6
Continuous
 62
     7
370
    25
100
AcDbLine
 10
-7.3039864369
 20
-0.8466501532
 30
0.0
 11
-7.2759892131
 21
-0.3124312994
 31
0.0
  0
LINE
  5
509
330
1F
100
AcDbEntity
  8
0
  6
Continuous
 62
     7
370
    25
100
AcDbLine
 10
-4.2377046171
 20
0.3395245448
 30
0.0
 11
-4.265419079
 21
-0.1892988907
 31
0.0
  0
LINE
  5
50A
330
1F
100
AcDbEntity
  8
0
  6
Continuous
 62
     7
370
    25
100
AcDbLine
 10
-4.3007520114
 20
-0.8634914034
 30
0.0
 11
-4.2801006088
 21
-0.4694391682
 31
0.0
  0
LINE
  5
50B
330
1F
100
AcDbEntity
  8
0
  6
Continuous
 62
     7
370
    25
100
AcDbLine
 10
-2.7164935259
 20
0.2739419413
 30
0.0
 11
-4.2199602874
 21
-0.9054483225
 31
0.0
  0
LINE
  5
50C
330
1F
100
AcDbEntity
  8
0
  6
Continuous
 62
     7
370
    25
100
AcDbLine
 10
-2.4341986084
 20
0.2311827464
 30
0.0
 11
-2.4781694672
 21
-0.6078312204
 31
0.0
  0
LINE
  5
50D
330
1F
100
AcDbEntity
  8
0
  6
Continuous
 62
     7
370
    25
100
AcDbLine
 10
-3.9949918865
 20
-0.8878433825
 30
0.0
 11
-2.5149903324
 21
0.2731396655
 31
0.0
  0
LINE
  5
50E
330
1F
100
AcDbEntity
  8
0
  6
Continuous
 62
     7
370
    25
100
AcDbLine
 10
-8.4933730356
 20
-0.3111723795
 30
0.0
 11
-7.6019519392
 21
0.4265722664
 31
0.0
  0
LINE
  5
50F
330
1F
100
AcDbEntity
  8
0
  6
Continuous
 62
     7
370
    25
100
AcDbLine
 10
-5.4482956403
 20
0.4259829121
 30
0.0
 11
-4.4358224446
 21
0.3941251651
 31
0.0
  0
LINE
  5
510
330
1F
100
AcDbEntity
  8
0
  6
Continuous
 62
     7
370
    25
100
AcDbLine
 10
-5.4890835714
 20
0.3449891214
 30
0.0
 11
-4.5215256598
 21
-0.878254604
 31
0.0
  0
LINE
  5
511
330
1F
100
AcDbEntity
  8
0
  6
Continuous
 62
     7
370
    25
100
AcDbLine
 10
-4.4298950391
 20
-0.4615887747
 30
0.0
 11
-4.4505464416
 21
-0.85564101
 31
0.0
  0
LINE
  5
512
330
1F
100
AcDbEntity
  8
0
  6
Continuous
 62
     7
370
    25
100
AcDbLine
 10
-4.3874990473
 20
0.3473749383
 30
0.0
 11
-4.4152135092
 21
-0.1814484972
 31
0.0
  0
LINE
  5
513
330
1F
100
AcDbEntity
  8
0
  6
Continuous
 62
     7
370
    25
100
AcDbLine
 10
-8.293841415
 20
-0.3082950693
 30
0.0
 11
-7.474402985
 21
0.3698763547
 31
0.0
  0
LINE
  5
514
330
1F
100
AcDbEntity
  8
0
  6
Continuous
 62
     7
370
    25
100
AcDbLine
 10
-7.4425104196
 20
-0.6627531965
 30
0.0
 11
-7.4238011413
 21
-0.3057589003
 31
0.0
  0
LINE
  5
515
330
1F
100
AcDbEntity
  8
0
  6
Continuous
 62
     7
370
    25
100
AcDbLine
 10
-7.3925926907
 20
0.3287401983
 30
0.0
 11
-7.4111021135
 21
-0.0244406285
 31
0.0
  0
LINE
  5
516
330
1F
100
AcDbEntity
  8
0
  6
Continuous
 62
     7
370
    25
100
AcDbLine
 10
-7.0108197504
 20
0.475148162
 30
0.0
 11
-6.356435513
 21
0.4545577824
 31
0.0
  0
LINE
  5
517
330
1F
100
AcDbEntity
  8
0
  6
Continuous
 62
     7
370
    25
100
AcDbLine
 10
-6.5371100108
 20
-0.2275353295
 30
0.0
 11
-7.0509115945
 21
0.3932940776
 31
0.0
  0
LINE
  5
518
330
1F
100
AcDbEntity
  8
0
  6
Continuous
 62
     7
370
    25
100
AcDbLine
 10
-10.593908876
 20
0.3702196396
 30
0.0
 11
-10.5713563119
 21
0.3311674647
 31
0.0
  0
LINE
  5
519
330
1F
100
AcDbEntity
  8
0
  6
Continuous
 62
     7
370
    25
100
AcDbLine
 10
-7.9972879676
 20
0.9358067612
 30
0.0
 11
-7.8649865522
 21
1.4285092811
 31
0.0
  0
LINE
  5
51A
330
1F
100
AcDbEntity
  8
0
  6
Continuous
 62
     7
370
    25
100
AcDbLine
 10
-7.877588531
 20
0.8995764467
 30
0.0
 11
-7.7199187516
 21
1.4867530643
 31
0.0
  0
LINE
  5
51B
330
1F
100
AcDbEntity
  8
0
  6
Continuous
 62
     7
370
    25
100
AcDbLine
 10
-6.8816245158
 20
0.9484283376
 30
0.0
 11
-7.6417865399
 21
1.513903699
 31
0.0
  0
LINE
  5
51C
330
1F
100
AcDbEntity
  8
0
  6
Continuous
 62
     7
370
    25
100
AcDbLine
 10
-6.5344148184
 20
0.942779769
 30
0.0
 11
-6.4868843351
 21
1.8497154161
 31
0.0
  0
LINE
  5
51D
330
1F
100
AcDbEntity
  8
0
  6
Continuous
 62
     7
370
    25
100
AcDbLine
 10
-6.6141891363
 20
0.9052791787
 30
0.0
 11
-7.4894002629
 21
1.5563381799
 31
0.0
  0
LINE
  5
51E
330
1F
100
AcDbEntity
  8
0
  6
Continuous
 62
     7
370
    25
100
AcDbLine
 10
-3.6863334419
 20
1.503613929
 30
0.0
 11
-4.2267142451
 21
2.1867951824
 31
0.0
  0
LINE
  5
51F
330
1F
100
AcDbEntity
  8
0
  6
Continuous
 62
     7
370
    25
100
AcDbLine
 10
-2.740841363
 20
2.1758716375
 30
0.0
 11
-1.685090942
 21
0.900202335
 31
0.0
  0
LINE
  5
520
330
1F
100
AcDbEntity
  8
0
  6
Continuous
 62
     7
370
    25
100
AcDbLine
 10
-1.5966401067
 20
0.9294643548
 30
0.0
 11
-1.5795072909
 21
1.2563779553
 31
0.0
  0
LINE
  5
521
330
1F
100
AcDbEntity
  8
0
  6
Continuous
 62
     7
370
    25
100
AcDbLine
 10
-1.5368285373
 20
2.0707370865
 30
0.0
 11
-1.564825761
 21
1.5365182328
 31
0.0
  0
LINE
  5
522
330
1F
100
AcDbEntity
  8
0
  6
Continuous
 62
     7
370
    25
100
AcDbLine
 10
-4.603110357
 20
0.8845623885
 30
0.0
 11
-4.5753958951
 21
1.413385824
 31
0.0
  0
LINE
  5
523
330
1F
100
AcDbEntity
  8
0
  6
Continuous
 62
     7
370
    25
100
AcDbLine
 10
-4.5400629627
 20
2.0875783368
 30
0.0
 11
-4.5607143653
 21
1.6935261015
 31
0.0
  0
LINE
  5
524
330
1F
100
AcDbEntity
  8
0
  6
Continuous
 62
     7
370
    25
100
AcDbLine
 10
-6.1243214482
 20
0.950144992
 30
0.0
 11
-4.6208546867
 21
2.1295352558
 31
0.0
  0
LINE
  5
525
330
1F
100
AcDbEntity
  8
0
  6
Continuous
 62
     7
370
    25
100
AcDbLine
 10
-6.4066163657
 20
0.9929041869
 30
0.0
 11
-6.3626455069
 21
1.8319181538
 31
0.0
  0
LINE
  5
526
330
1F
100
AcDbEntity
  8
0
  6
Continuous
 62
     7
370
    25
100
AcDbLine
 10
-4.8458230876
 20
2.1119303158
 30
0.0
 11
-6.3258246417
 21
0.9509472679
 31
0.0
  0
LINE
  5
527
330
1F
100
AcDbEntity
  8
0
  6
Continuous
 62
     7
370
    25
100
AcDbLine
 10
-0.3474419385
 20
1.5352593129
 30
0.0
 11
-1.238863035
 21
0.7975146669
 31
0.0
  0
LINE
  5
528
330
1F
100
AcDbEntity
  8
0
  6
Continuous
 62
     7
370
    25
100
AcDbLine
 10
-3.3925193338
 20
0.7981040213
 30
0.0
 11
-4.4049925295
 21
0.8299617682
 31
0.0
  0
LINE
  5
529
330
1F
100
AcDbEntity
  8
0
  6
Continuous
 62
     7
370
    25
100
AcDbLine
 10
-3.3517314027
 20
0.8790978119
 30
0.0
 11
-4.3192893143
 21
2.1023415373
 31
0.0
  0
LINE
  5
52A
330
1F
100
AcDbEntity
  8
0
  6
Continuous
 62
     7
370
    25
100
AcDbLine
 10
-4.4109199351
 20
1.6856757081
 30
0.0
 11
-4.3902685325
 21
2.0797279433
 31
0.0
  0
LINE
  5
52B
330
1F
100
AcDbEntity
  8
0
  6
Continuous
 62
     7
370
    25
100
AcDbLine
 10
-4.4533159268
 20
0.8767119951
 30
0.0
 11
-4.4256014649
 21
1.4055354306
 31
0.0
  0
LINE
  5
52C
330
1F
100
AcDbEntity
  8
0
  6
Continuous
 62
     7
370
    25
100
AcDbLine
 10
-0.5469735591
 20
1.5323820026
 30
0.0
 11
-1.3664119891
 21
0.8542105786
 31
0.0
  0
LINE
  5
52D
330
1F
100
AcDbEntity
  8
0
  6
Continuous
 62
     7
370
    25
100
AcDbLine
 10
-1.3983045545
 20
1.8868401298
 30
0.0
 11
-1.4170138328
 21
1.5298458336
 31
0.0
  0
LINE
  5
52E
330
1F
100
AcDbEntity
  8
0
  6
Continuous
 62
     7
370
    25
100
AcDbLine
 10
-1.4482222835
 20
0.895346735
 30
0.0
 11
-1.4297128606
 21
1.2485275618
 31
0.0
  0
LINE
  5
52F
330
1F
100
AcDbEntity
  8
0
  6
Continuous
 62
     7
370
    25
100
AcDbLine
 10
-1.8299952237
 20
0.7489387713
 30
0.0
 11
-2.4843794612
 21
0.7695291509
 31
0.0
  0
LINE
  5
530
330
1F
100
AcDbEntity
  8
0
  6
Continuous
 62
     7
370
    25
100
AcDbLine
 10
-2.3037049633
 20
1.4516222628
 30
0.0
 11
-1.7899033796
 21
0.8307928557
 31
0.0
  0
LINE
  5
531
330
1F
100
AcDbEntity
  8
0
  6
Continuous
 62
     7
370
    25
100
AcDbLine
 10
7.9504754913
 20
1.4446080816
 30
0.0
 11
7.8998420062
 21
2.2590046918
 31
0.0
  0
LINE
  5
532
330
1F
100
AcDbEntity
  8
0
  6
Continuous
 62
     7
370
    25
100
AcDbLine
 10
10.1644711945
 20
2.0935837902
 30
0.0
 11
10.1540186769
 21
2.2617036601
 31
0.0
  0
LINE
  5
533
330
1F
100
AcDbEntity
  8
0
  6
Continuous
 62
     7
370
    25
100
AcDbLine
 10
1.4266186903
 20
2.6207557742
 30
0.0
 11
1.2777364749
 21
2.1638170052
 31
0.0
  0
LINE
  5
534
330
1F
100
AcDbEntity
  8
0
  6
Continuous
 62
     7
370
    25
100
AcDbLine
 10
5.6389763638
 20
2.3638921545
 30
0.0
 11
5.716725172
 21
1.1133685969
 31
0.0
  0
LINE
  5
535
330
1F
100
AcDbEntity
  8
0
  6
Continuous
 62
     7
370
    25
100
AcDbLine
 10
5.8214944463
 20
1.0196970983
 30
0.0
 11
6.3955572263
 21
1.0619914205
 31
0.0
  0
LINE
  5
536
330
1F
100
AcDbEntity
  8
0
  6
Continuous
 62
     7
370
    25
100
AcDbLine
 10
6.4126403196
 20
2.3408249467
 30
0.0
 11
6.485575997
 21
1.1677165112
 31
0.0
  0
LINE
  5
537
330
1F
100
AcDbEntity
  8
0
  6
Continuous
 62
     7
370
    25
100
AcDbLine
 10
6.3185641312
 20
2.4344552654
 30
0.0
 11
5.7453346845
 21
2.4698826623
 31
0.0
  0
LINE
  5
538
330
1F
100
AcDbEntity
  8
0
  6
Continuous
 62
     7
370
    25
100
AcDbLine
 10
11.8842390555
 20
2.6961656549
 30
0.0
 11
11.863063131
 21
2.7359811134
 31
0.0
  0
LINE
  5
539
330
1F
100
AcDbEntity
  8
0
  6
Continuous
 62
     7
370
    25
100
AcDbLine
 10
1.7809885917
 20
2.5832790755
 30
0.0
 11
2.2503723062
 21
1.7509637033
 31
0.0
  0
LINE
  5
53A
330
1F
100
AcDbEntity
  8
0
  6
Continuous
 62
     7
370
    25
100
AcDbLine
 10
2.4372831479
 20
1.8062910127
 30
0.0
 11
2.3872501401
 21
2.611029982
 31
0.0
  0
LINE
  5
53B
330
1F
100
AcDbEntity
  8
0
  6
Continuous
 62
     7
370
    25
100
AcDbLine
 10
2.2942612472
 20
2.7045919441
 30
0.0
 11
1.8742218893
 21
2.7322130247
 31
0.0
  0
LINE
  5
53C
330
1F
100
AcDbEntity
  8
0
  6
Continuous
 62
     7
370
    25
100
AcDbLine
 10
1.6849891509
 20
2.5499313412
 30
0.0
 11
2.1832627211
 21
1.6663882201
 31
0.0
  0
LINE
  5
53D
330
1F
100
AcDbEntity
  8
0
  6
Continuous
 62
     7
370
    25
100
AcDbLine
 10
1.5028052799
 20
2.5317889192
 30
0.0
 11
1.3354750689
 21
2.0182308662
 31
0.0
  0
LINE
  5
53E
330
1F
100
AcDbEntity
  8
0
  6
Continuous
 62
     7
370
    25
100
AcDbLine
 10
2.6865738433
 20
3.8893382746
 30
0.0
 11
2.7372073284
 21
3.0749416644
 31
0.0
  0
LINE
  5
53F
330
1F
100
AcDbEntity
  8
0
  6
Continuous
 62
     7
370
    25
100
AcDbLine
 10
0.4725781401
 20
3.2403625659
 30
0.0
 11
0.4830306577
 21
3.0722426961
 31
0.0
  0
LINE
  5
540
330
1F
100
AcDbEntity
  8
0
  6
Continuous
 62
     7
370
    25
100
AcDbLine
 10
9.2104306443
 20
2.713190582
 30
0.0
 11
9.3593128597
 21
3.170129351
 31
0.0
  0
LINE
  5
541
330
1F
100
AcDbEntity
  8
0
  6
Continuous
 62
     7
370
    25
100
AcDbLine
 10
4.9980729708
 20
2.9700542017
 30
0.0
 11
4.9203241626
 21
4.2205777593
 31
0.0
  0
LINE
  5
542
330
1F
100
AcDbEntity
  8
0
  6
Continuous
 62
     7
370
    25
100
AcDbLine
 10
4.224409015
 20
2.9931214095
 30
0.0
 11
4.1514733376
 21
4.166229845
 31
0.0
  0
LINE
  5
543
330
1F
100
AcDbEntity
  8
0
  6
Continuous
 62
     7
370
    25
100
AcDbLine
 10
4.3184852034
 20
2.8994910908
 30
0.0
 11
4.8917146501
 21
2.8640636939
 31
0.0
  0
LINE
  5
544
330
1F
100
AcDbEntity
  8
0
  6
Continuous
 62
     7
370
    25
100
AcDbLine
 10
-1.2471897209
 20
2.6377807013
 30
0.0
 11
-1.2260137964
 21
2.5979652428
 31
0.0
  0
LINE
  5
545
330
1F
100
AcDbEntity
  8
0
  6
Continuous
 62
     7
370
    25
100
AcDbLine
 10
8.8560607428
 20
2.7506672806
 30
0.0
 11
8.3866770284
 21
3.5829826528
 31
0.0
  0
LINE
  5
546
330
1F
100
AcDbEntity
  8
0
  6
Continuous
 62
     7
370
    25
100
AcDbLine
 10
8.1997661867
 20
3.5276553435
 30
0.0
 11
8.2497991944
 21
2.7229163741
 31
0.0
  0
LINE
  5
547
330
1F
100
AcDbEntity
  8
0
  6
Continuous
 62
     7
370
    25
100
AcDbLine
 10
8.9520601837
 20
2.784015015
 30
0.0
 11
8.4537866135
 21
3.667558136
 31
0.0
  0
LINE
  5
548
330
1F
100
AcDbEntity
  8
0
  6
Continuous
 62
     7
370
    25
100
AcDbLine
 10
9.1342440546
 20
2.8021574369
 30
0.0
 11
9.3015742657
 21
3.3157154899
 31
0.0
  0
LINE
  5
549
330
1F
100
AcDbEntity
  8
0
  6
Continuous
 62
     7
370
    25
100
AcDbLine
 10
8.3427880874
 20
2.6293544121
 30
0.0
 11
8.7628274452
 21
2.6017333315
 31
0.0
  0
LINE
  5
54A
330
1F
100
AcDbEntity
  8
0
  6
Continuous
 62
     7
370
    25
100
AcDbLine
 10
4.8155548883
 20
4.3142492578
 30
0.0
 11
4.2414921083
 21
4.2719549357
 31
0.0
  0
LINE
  5
54B
330
1F
100
AcDbEntity
  8
0
  6
Continuous
 62
     7
370
    25
100
AcDbLine
 10
-2.9408254378
 20
3.9981602225
 30
0.0
 11
-2.9306097794
 21
3.6224905741
 31
0.0
  0
LINE
  5
54C
330
1F
100
AcDbEntity
  8
0
  6
Continuous
 62
     7
370
    25
100
AcDbLine
 10
-0.6379878087
 20
4.0606047941
 30
0.0
 11
-0.6363325674
 21
3.9997351085
 31
0.0
  0
LINE
  5
54D
330
1F
100
AcDbEntity
  8
0
  6
Continuous
 62
     7
370
    25
100
AcDbLine
 10
1.6211442736
 20
4.3762924205
 30
0.0
 11
1.6001546944
 21
4.421673447
 31
0.0
  0
LINE
  5
54E
330
1F
100
AcDbEntity
  8
0
  6
Continuous
 62
     7
370
    25
100
AcDbLine
 10
-8.2974600644
 20
4.0993211948
 30
0.0
 11
-8.2882887762
 21
3.7620571171
 31
0.0
  0
LINE
  5
54F
330
1F
100
AcDbEntity
  8
0
  6
Continuous
 62
     7
370
    25
100
AcDbLine
 10
-8.9100812359
 20
4.0181450562
 30
0.0
 11
-8.9102877484
 21
4.0183972331
 31
0.0
  0
LINE
  5
550
330
1F
100
AcDbEntity
  8
0
  6
Continuous
 62
     7
370
    25
100
AcDbLine
 10
-5.7274765663
 20
2.8669564862
 30
0.0
 11
-5.7172609079
 21
2.4912868377
 31
0.0
  0
LINE
  5
551
330
1F
100
AcDbEntity
  8
0
  6
Continuous
 62
     7
370
    25
100
AcDbLine
 10
-3.4246389372
 20
2.9294010578
 30
0.0
 11
-3.4229836959
 21
2.8685313722
 31
0.0
  0
LINE
  5
552
330
1F
100
AcDbEntity
  8
0
  6
Continuous
 62
     7
370
    25
100
AcDbLine
 10
-1.1655068549
 20
3.2450886842
 30
0.0
 11
-1.1864964341
 21
3.2904697106
 31
0.0
  0
LINE
  5
553
330
1F
100
AcDbEntity
  8
0
  6
Continuous
 62
     7
370
    25
100
AcDbLine
 10
-11.0841111929
 20
2.9681174584
 30
0.0
 11
-11.0749399047
 21
2.6308533808
 31
0.0
  0
LINE
  5
554
330
1F
100
AcDbEntity
  8
0
  6
Continuous
 62
     7
370
    25
100
AcDbLine
 10
-11.6967323644
 20
2.8869413198
 30
0.0
 11
-11.6969388769
 21
2.8871934968
 31
0.0
  0
ARC
  5
555
330
1F
100
AcDbEntity
  8
0
  6
Continuous
 62
     7
370
    25
100
AcDbCircle
 10
1.9412946748
 20
0.3598690252
 30
0.0
 40
0.0500000000000421
100
AcDbArc
 50
335.1037050992
 51
110.8992058592
  0
ARC
  5
556
330
1F
100
AcDbEntity
  8
0
  6
Continuous
 62
     7
370
    25
100
AcDbCircle
 10
3.3848282776
 20
-3.4205290288
 30
0.0
 40
4.096628066613501
100
AcDbArc
 50
110.8992058591
 51
113.170137534
  0
ARC
  5
557
330
1F
100
AcDbEntity
  8
0
  6
Continuous
 62
     7
370
    25
100
AcDbCircle
 10
2.7222527731
 20
-1.8723966182
 30
0.0
 40
2.412668370019133
100
AcDbArc
 50
113.1701375339
 51
131.1783714245
  0
ARC
  5
558
330
1F
100
AcDbEntity
  8
0
  6
Continuous
 62
     7
370
    25
100
AcDbCircle
 10
1.1995794664
 20
-0.1317355396
 30
0.0
 40
0.1000000000001042
100
AcDbArc
 50
131.1783714245
 51
268.141410177
  0
ARC
  5
559
330
1F
100
AcDbEntity
  8
0
  6
Continuous
 62
     7
370
    25
100
AcDbCircle
 10
1.9056257013
 20
21.6263085183
 30
0.0
 40
21.86949660671194
100
AcDbArc
 50
268.1414101769
 51
269.1652562498
  0
ARC
  5
55A
330
1F
100
AcDbEntity
  8
0
  6
Continuous
 62
     7
370
    25
100
AcDbCircle
 10
1.5899333916
 20
-0.0408883829
 30
0.0
 40
0.2000000000003322
100
AcDbArc
 50
269.1652562498
 51
335.1037050993
  0
ARC
  5
55B
330
1F
100
AcDbEntity
  8
0
  6
Continuous
 62
     7
370
    25
100
AcDbCircle
 10
5.9372910346
 20
-0.0531966594
 30
0.0
 40
0.0499999999999674
100
AcDbArc
 50
269.33318121
 51
26.6861305449
  0
ARC
  5
55C
330
1F
100
AcDbEntity
  8
0
  6
Continuous
 62
     7
370
    25
100
AcDbCircle
 10
5.8039766905
 20
0.2120293334
 30
0.0
 40
0.0500000000000289
100
AcDbArc
 50
26.6861305449
 51
173.1916741781
  0
ARC
  5
55D
330
1F
100
AcDbEntity
  8
0
  6
Continuous
 62
     7
370
    25
100
AcDbCircle
 10
5.1535955593
 20
0.2896784423
 30
0.0
 40
0.6049999999997318
100
AcDbArc
 50
328.7017563449
 51
353.1916741781
  0
ARC
  5
55E
330
1F
100
AcDbEntity
  8
0
  6
Continuous
 62
     7
370
    25
100
AcDbCircle
 10
5.7132765239
 20
-0.0505894197
 30
0.0
 40
0.0500000000000319
100
AcDbArc
 50
148.7017563449
 51
269.3331812101
  0
ARC
  5
55F
330
1F
100
AcDbEntity
  8
0
  6
Continuous
 62
     7
370
    25
100
AcDbCircle
 10
6.528597847
 20
-0.0100753209
 30
0.0
 40
0.1000000000001167
100
AcDbArc
 50
269.3331812102
 51
29.33318121
  0
ARC
  5
560
330
1F
100
AcDbEntity
  8
0
  6
Continuous
 62
     7
370
    25
100
AcDbCircle
 10
6.1957102485
 20
0.4802550103
 30
0.0
 40
0.149999999999846
100
AcDbArc
 50
29.33318121
 51
80.7434504215
  0
ARC
  5
561
330
1F
100
AcDbEntity
  8
0
  6
Continuous
 62
     7
370
    25
100
AcDbCircle
 10
5.8992059574
 20
0.5792382852
 30
0.0
 40
0.1000000000000184
100
AcDbArc
 50
80.7434504214
 51
206.6861305448
  0
ARC
  5
562
330
1F
100
AcDbEntity
  8
0
  6
Continuous
 62
     7
370
    25
100
AcDbCircle
 10
6.1934605087
 20
-0.006174755
 30
0.0
 40
0.0999999999999518
100
AcDbArc
 50
206.6861305448
 51
269.3331812101
  0
ARC
  5
563
330
1F
100
AcDbEntity
  8
0
  6
Continuous
 62
     7
370
    25
100
AcDbCircle
 10
5.1535955593
 20
0.2896784423
 30
0.0
 40
0.6049999999999996
100
AcDbArc
 50
150.7731256224
 51
209.6429066353
  0
ARC
  5
564
330
1F
100
AcDbEntity
  8
0
  6
Continuous
 62
     7
370
    25
100
AcDbCircle
 10
4.5383468868
 20
0.63390812
 30
0.0
 40
0.100000000000002
100
AcDbArc
 50
330.7731256224
 51
90.740953327
  0
ARC
  5
565
330
1F
100
AcDbEntity
  8
0
  6
Continuous
 62
     7
370
    25
100
AcDbCircle
 10
4.2520650561
 20
0.6302056954
 30
0.0
 40
0.0999999999999976
100
AcDbArc
 50
90.740953327
 51
211.4873194762
  0
ARC
  5
566
330
1F
100
AcDbEntity
  8
0
  6
Continuous
 62
     7
370
    25
100
AcDbCircle
 10
3.6508722303
 20
0.2619772524
 30
0.0
 40
0.6050000000000576
100
AcDbArc
 50
331.9870302282
 51
31.4873194762
  0
ARC
  5
567
330
1F
100
AcDbEntity
  8
0
  6
Continuous
 62
     7
370
    25
100
AcDbCircle
 10
4.2732753455
 20
-0.0691410983
 30
0.0
 40
0.0999999999999947
100
AcDbArc
 50
151.9870302282
 51
272.1683369592
  0
ARC
  5
568
330
1F
100
AcDbEntity
  8
0
  6
Continuous
 62
     7
370
    25
100
AcDbCircle
 10
4.5408625813
 20
-0.0590095239
 30
0.0
 40
0.1000000000000394
100
AcDbArc
 50
272.1683369593
 51
29.6429066353
  0
ARC
  5
569
330
1F
100
AcDbEntity
  8
0
  6
Continuous
 62
     7
370
    25
100
AcDbCircle
 10
5.8973414628
 20
-0.4585738642
 30
0.0
 40
0.2499999999999481
100
AcDbArc
 50
20.4740691506
 51
91.4422620687
  0
ARC
  5
56A
330
1F
100
AcDbEntity
  8
0
  6
Continuous
 62
     7
370
    25
100
AcDbCircle
 10
4.1603166629
 20
-0.5235543441
 30
0.0
 40
0.2500000000002147
100
AcDbArc
 50
92.2181439412
 51
163.3003556913
  0
ARC
  5
56B
330
1F
100
AcDbEntity
  8
0
  6
Continuous
 62
     7
370
    25
100
AcDbCircle
 10
3.3526979712
 20
-1.1515121745
 30
0.0
 40
0.3431102362205048
100
AcDbArc
 50
191.5962060023
 51
343.3003556914
  0
ARC
  5
56C
330
1F
100
AcDbEntity
  8
0
  6
Continuous
 62
     7
370
    25
100
AcDbCircle
 10
2.5483639359
 20
-0.5833417337
 30
0.0
 40
0.2500000000002494
100
AcDbArc
 50
17.8796177566
 51
91.6110313402
  0
ARC
  5
56D
330
1F
100
AcDbEntity
  8
0
  6
Continuous
 62
     7
370
    25
100
AcDbCircle
 10
9.5522257761
 20
-0.5022546722
 30
0.0
 40
0.2499999999999813
100
AcDbArc
 50
87.0327080206
 51
156.0344151879
  0
ARC
  5
56E
330
1F
100
AcDbEntity
  8
0
  6
Continuous
 62
     7
370
    25
100
AcDbCircle
 10
8.5042822846
 20
-1.6288267168
 30
0.0
 40
0.2499999999999221
100
AcDbArc
 50
265.4607453991
 51
336.034415188
  0
ARC
  5
56F
330
1F
100
AcDbEntity
  8
0
  6
Continuous
 62
     7
370
    25
100
AcDbCircle
 10
6.8180070729
 20
-1.4949514564
 30
0.0
 40
0.2499999999998471
100
AcDbArc
 50
200.4740691506
 51
265.4607453992
  0
ARC
  5
570
330
1F
100
AcDbEntity
  8
0
  6
Continuous
 62
     7
370
    25
100
AcDbCircle
 10
2.5173965392
 20
-0.1345903361
 30
0.0
 40
0.0999999999999474
100
AcDbArc
 50
271.610349698
 51
27.1037050993
  0
ARC
  5
571
330
1F
100
AcDbEntity
  8
0
  6
Continuous
 62
     7
370
    25
100
AcDbCircle
 10
2.2394588129
 20
0.4084610067
 30
0.0
 40
0.0999999999999211
100
AcDbArc
 50
27.1037050992
 51
155.1037050994
  0
ARC
  5
572
330
1F
100
AcDbEntity
  8
0
  6
Continuous
 62
     7
370
    25
100
AcDbCircle
 10
1.9834998303
 20
-0.1430488018
 30
0.0
 40
0.0999999999999589
100
AcDbArc
 50
155.1037050994
 51
270.2049596515
  0
ARC
  5
573
330
1F
100
AcDbEntity
  8
0
  6
Continuous
 62
     7
370
    25
100
AcDbCircle
 10
1.9056257015
 20
21.6263085076
 30
0.0
 40
21.86949659600673
100
AcDbArc
 50
270.2049596512
 51
271.6103496984
  0
ARC
  5
574
330
1F
100
AcDbEntity
  8
0
  6
Continuous
 62
     7
370
    25
100
AcDbCircle
 10
3.6508722303
 20
0.2619772524
 30
0.0
 40
0.6049999999999379
100
AcDbArc
 50
155.1179772067
 51
212.3496436903
  0
ARC
  5
575
330
1F
100
AcDbEntity
  8
0
  6
Continuous
 62
     7
370
    25
100
AcDbCircle
 10
3.0113130978
 20
0.5586068464
 30
0.0
 40
0.1000000000000038
100
AcDbArc
 50
335.1179772067
 51
95.3625505682
  0
ARC
  5
576
330
1F
100
AcDbEntity
  8
0
  6
Continuous
 62
     7
370
    25
100
AcDbCircle
 10
3.3848282777
 20
-3.4205290289
 30
0.0
 40
4.096628066741097
100
AcDbArc
 50
95.3625505682
 51
102.244580535
  0
ARC
  5
577
330
1F
100
AcDbEntity
  8
0
  6
Continuous
 62
     7
370
    25
100
AcDbCircle
 10
2.5372024655
 20
0.4851804312
 30
0.0
 40
0.100000000000085
100
AcDbArc
 50
102.2445805349
 51
207.1037050993
  0
ARC
  5
578
330
1F
100
AcDbEntity
  8
0
  6
Continuous
 62
     7
370
    25
100
AcDbCircle
 10
2.8485178922
 20
-0.1230862577
 30
0.0
 40
0.1000000000001799
100
AcDbArc
 50
207.1037050994
 51
272.1683369591
  0
ARC
  5
579
330
1F
100
AcDbEntity
  8
0
  6
Continuous
 62
     7
370
    25
100
AcDbCircle
 10
3.0552892676
 20
-0.1152573358
 30
0.0
 40
0.1000000000000527
100
AcDbArc
 50
272.1683369592
 51
32.3496436902
  0
ARC
  5
57A
330
1F
100
AcDbEntity
  8
0
  6
Continuous
 62
     7
370
    25
100
AcDbCircle
 10
6.6694583702
 20
0.4537043281
 30
0.0
 40
0.1000000000000332
100
AcDbArc
 50
80.7434504215
 51
209.3331812101
  0
ARC
  5
57B
330
1F
100
AcDbEntity
  8
0
  6
Continuous
 62
     7
370
    25
100
AcDbCircle
 10
6.96216312
 20
0.0348819255
 30
0.0
 40
0.1500000000000094
100
AcDbArc
 50
209.3331812101
 51
269.3331812101
  0
ARC
  5
57C
330
1F
100
AcDbEntity
  8
0
  6
Continuous
 62
     7
370
    25
100
AcDbCircle
 10
9.2680403029
 20
-0.0063601215
 30
0.0
 40
0.1360775739413574
100
AcDbArc
 50
274.1531112722
 51
80.7434504214
  0
ARC
  5
57D
330
1F
100
AcDbEntity
  8
0
  6
Continuous
 62
     7
370
    25
100
AcDbCircle
 10
10.8278430769
 20
-2.6816250801
 30
0.0
 40
0.0500000000000418
100
AcDbArc
 50
155.1037050992
 51
290.8992058592
  0
ARC
  5
57E
330
1F
100
AcDbEntity
  8
0
  6
Continuous
 62
     7
370
    25
100
AcDbCircle
 10
9.384309474
 20
1.0987729739
 30
0.0
 40
4.096628066610919
100
AcDbArc
 50
290.8992058591
 51
293.170137534
  0
ARC
  5
57F
330
1F
100
AcDbEntity
  8
0
  6
Continuous
 62
     7
370
    25
100
AcDbCircle
 10
10.0468849785
 20
-0.4493594367
 30
0.0
 40
2.412668370019493
100
AcDbArc
 50
293.1701375339
 51
311.1783714245
  0
ARC
  5
580
330
1F
100
AcDbEntity
  8
0
  6
Continuous
 62
     7
370
    25
100
AcDbCircle
 10
11.5695582852
 20
-2.1900205153
 30
0.0
 40
0.1000000000001133
100
AcDbArc
 50
311.1783714245
 51
88.141410177
  0
ARC
  5
581
330
1F
100
AcDbEntity
  8
0
  6
Continuous
 62
     7
370
    25
100
AcDbCircle
 10
10.8635120503
 20
-23.948064573
 30
0.0
 40
21.86949660652797
100
AcDbArc
 50
88.1414101769
 51
89.1652562498
  0
ARC
  5
582
330
1F
100
AcDbEntity
  8
0
  6
Continuous
 62
     7
370
    25
100
AcDbCircle
 10
11.17920436
 20
-2.280867672
 30
0.0
 40
0.200000000000357
100
AcDbArc
 50
89.1652562498
 51
155.1037050993
  0
ARC
  5
583
330
1F
100
AcDbEntity
  8
0
  6
Continuous
 62
     7
370
    25
100
AcDbCircle
 10
6.831846717
 20
-2.2685593955
 30
0.0
 40
0.0499999999999691
100
AcDbArc
 50
89.33318121
 51
206.6861305449
  0
ARC
  5
584
330
1F
100
AcDbEntity
  8
0
  6
Continuous
 62
     7
370
    25
100
AcDbCircle
 10
6.9651610611
 20
-2.5337853883
 30
0.0
 40
0.0500000000000277
100
AcDbArc
 50
206.6861305449
 51
353.1916741781
  0
ARC
  5
585
330
1F
100
AcDbEntity
  8
0
  6
Continuous
 62
     7
370
    25
100
AcDbCircle
 10
7.6155421924
 20
-2.6114344972
 30
0.0
 40
0.6049999999996689
100
AcDbArc
 50
148.7017563449
 51
173.1916741781
  0
ARC
  5
586
330
1F
100
AcDbEntity
  8
0
  6
Continuous
 62
     7
370
    25
100
AcDbCircle
 10
7.0558612278
 20
-2.2711666352
 30
0.0
 40
0.0500000000000221
100
AcDbArc
 50
328.7017563449
 51
89.3331812101
  0
ARC
  5
587
330
1F
100
AcDbEntity
  8
0
  6
Continuous
 62
     7
370
    25
100
AcDbCircle
 10
6.2405399047
 20
-2.311680734
 30
0.0
 40
0.1000000000001176
100
AcDbArc
 50
89.3331812102
 51
209.33318121
  0
ARC
  5
588
330
1F
100
AcDbEntity
  8
0
  6
Continuous
 62
     7
370
    25
100
AcDbCircle
 10
6.5734275032
 20
-2.8020110652
 30
0.0
 40
0.1499999999998095
100
AcDbArc
 50
209.33318121
 51
260.7434504215
  0
ARC
  5
589
330
1F
100
AcDbEntity
  8
0
  6
Continuous
 62
     7
370
    25
100
AcDbCircle
 10
6.8699317942
 20
-2.9009943401
 30
0.0
 40
0.1000000000000037
100
AcDbArc
 50
260.7434504214
 51
26.6861305449
  0
ARC
  5
58A
330
1F
100
AcDbEntity
  8
0
  6
Continuous
 62
     7
370
    25
100
AcDbCircle
 10
6.575677243
 20
-2.3155812999
 30
0.0
 40
0.0999999999999812
100
AcDbArc
 50
26.6861305448
 51
89.3331812101
  0
ARC
  5
58B
330
1F
100
AcDbEntity
  8
0
  6
Continuous
 62
     7
370
    25
100
AcDbCircle
 10
7.6155421924
 20
-2.6114344972
 30
0.0
 40
0.6049999999999508
100
AcDbArc
 50
330.7731256224
 51
29.6429066353
  0
ARC
  5
58C
330
1F
100
AcDbEntity
  8
0
  6
Continuous
 62
     7
370
    25
100
AcDbCircle
 10
8.2307908649
 20
-2.9556641749
 30
0.0
 40
0.1000000000000091
100
AcDbArc
 50
150.7731256224
 51
270.740953327
  0
ARC
  5
58D
330
1F
100
AcDbEntity
  8
0
  6
Continuous
 62
     7
370
    25
100
AcDbCircle
 10
8.5170726956
 20
-2.9519617503
 30
0.0
 40
0.0999999999999981
100
AcDbArc
 50
270.740953327
 51
31.4873194762
  0
ARC
  5
58E
330
1F
100
AcDbEntity
  8
0
  6
Continuous
 62
     7
370
    25
100
AcDbCircle
 10
9.1182655214
 20
-2.5837333073
 30
0.0
 40
0.6050000000001022
100
AcDbArc
 50
151.9870302282
 51
211.4873194762
  0
ARC
  5
58F
330
1F
100
AcDbEntity
  8
0
  6
Continuous
 62
     7
370
    25
100
AcDbCircle
 10
8.4958624061
 20
-2.2526149566
 30
0.0
 40
0.0999999999999956
100
AcDbArc
 50
331.9870302282
 51
92.1683369592
  0
ARC
  5
590
330
1F
100
AcDbEntity
  8
0
  6
Continuous
 62
     7
370
    25
100
AcDbCircle
 10
6.8717962889
 20
-1.8631821907
 30
0.0
 40
0.2499999999998959
100
AcDbArc
 50
200.4740691506
 51
271.4422620687
  0
ARC
  5
591
330
1F
100
AcDbEntity
  8
0
  6
Continuous
 62
     7
370
    25
100
AcDbCircle
 10
8.6088210888
 20
-1.7982017108
 30
0.0
 40
0.2500000000002058
100
AcDbArc
 50
272.2181439412
 51
343.3003556913
  0
ARC
  5
592
330
1F
100
AcDbEntity
  8
0
  6
Continuous
 62
     7
370
    25
100
AcDbCircle
 10
9.4164397805
 20
-1.1702438804
 30
0.0
 40
0.3431102362205045
100
AcDbArc
 50
11.5962060023
 51
163.3003556914
  0
ARC
  5
593
330
1F
100
AcDbEntity
  8
0
  6
Continuous
 62
     7
370
    25
100
AcDbCircle
 10
10.2207738158
 20
-1.7384143212
 30
0.0
 40
0.250000000000279
100
AcDbArc
 50
197.8796177566
 51
271.6110313402
  0
ARC
  5
594
330
1F
100
AcDbEntity
  8
0
  6
Continuous
 62
     7
370
    25
100
AcDbCircle
 10
3.2169119756
 20
-1.8195013827
 30
0.0
 40
0.249999999999943
100
AcDbArc
 50
267.0327080206
 51
336.034415188
  0
ARC
  5
595
330
1F
100
AcDbEntity
  8
0
  6
Continuous
 62
     7
370
    25
100
AcDbCircle
 10
4.2648554671
 20
-0.6929293381
 30
0.0
 40
0.2499999999998901
100
AcDbArc
 50
85.4607453991
 51
156.034415188
  0
ARC
  5
596
330
1F
100
AcDbEntity
  8
0
  6
Continuous
 62
     7
370
    25
100
AcDbCircle
 10
5.9511306788
 20
-0.8268045985
 30
0.0
 40
0.2499999999998528
100
AcDbArc
 50
20.4740691506
 51
85.4607453992
  0
ARC
  5
597
330
1F
100
AcDbEntity
  8
0
  6
Continuous
 62
     7
370
    25
100
AcDbCircle
 10
10.5296789388
 20
-2.7302170616
 30
0.0
 40
0.0999999999999183
100
AcDbArc
 50
207.1037050992
 51
335.1037050994
  0
ARC
  5
598
330
1F
100
AcDbEntity
  8
0
  6
Continuous
 62
     7
370
    25
100
AcDbCircle
 10
10.7856379213
 20
-2.1787072531
 30
0.0
 40
0.0999999999999471
100
AcDbArc
 50
335.1037050993
 51
90.2049596515
  0
ARC
  5
599
330
1F
100
AcDbEntity
  8
0
  6
Continuous
 62
     7
370
    25
100
AcDbCircle
 10
9.7578246538
 20
-2.8803629013
 30
0.0
 40
0.1000000000000073
100
AcDbArc
 50
155.1179772067
 51
275.3625505682
  0
ARC
  5
59A
330
1F
100
AcDbEntity
  8
0
  6
Continuous
 62
     7
370
    25
100
AcDbCircle
 10
9.384309474
 20
1.098772974
 30
0.0
 40
4.096628066742197
100
AcDbArc
 50
275.3625505682
 51
282.244580535
  0
ARC
  5
59B
330
1F
100
AcDbEntity
  8
0
  6
Continuous
 62
     7
370
    25
100
AcDbCircle
 10
10.2319352861
 20
-2.8069364861
 30
0.0
 40
0.1000000000000501
100
AcDbArc
 50
282.2445805349
 51
27.1037050993
  0
ARC
  5
59C
330
1F
100
AcDbEntity
  8
0
  6
Continuous
 62
     7
370
    25
100
AcDbCircle
 10
9.9206198595
 20
-2.1986697972
 30
0.0
 40
0.100000000000245
100
AcDbArc
 50
27.1037050994
 51
92.1683369591
  0
ARC
  5
59D
330
1F
100
AcDbEntity
  8
0
  6
Continuous
 62
     7
370
    25
100
AcDbCircle
 10
9.713848484
 20
-2.2064987191
 30
0.0
 40
0.1000000000000409
100
AcDbArc
 50
92.1683369592
 51
212.3496436902
  0
ARC
  5
59E
330
1F
100
AcDbEntity
  8
0
  6
Continuous
 62
     7
370
    25
100
AcDbCircle
 10
6.0996793814
 20
-2.775460383
 30
0.0
 40
0.1000000000000481
100
AcDbArc
 50
260.7434504215
 51
29.33318121
  0
ARC
  5
59F
330
1F
100
AcDbEntity
  8
0
  6
Continuous
 62
     7
370
    25
100
AcDbCircle
 10
5.8069746317
 20
-2.3566379804
 30
0.0
 40
0.1499999999999279
100
AcDbArc
 50
29.3331812101
 51
89.3331812101
  0
ARC
  5
5A0
330
1F
100
AcDbEntity
  8
0
  6
Continuous
 62
     7
370
    25
100
AcDbCircle
 10
3.5010974488
 20
-2.3153959334
 30
0.0
 40
0.1360775739413607
100
AcDbArc
 50
94.1531112722
 51
260.7434504214
  0
ARC
  5
5A1
330
1F
100
AcDbEntity
  8
0
  6
Continuous
 62
     7
370
    25
100
AcDbCircle
 10
10.8635120501
 20
-23.9480645625
 30
0.0
 40
21.86949659604435
100
AcDbArc
 50
90.2049596512
 51
91.6103496984
  0
ARC
  5
5A2
330
1F
100
AcDbEntity
  8
0
  6
Continuous
 62
     7
370
    25
100
AcDbCircle
 10
10.2517412125
 20
-2.1871657188
 30
0.0
 40
0.0999999999999287
100
AcDbArc
 50
91.610349698
 51
207.1037050994
  0
ARC
  5
5A3
330
1F
100
AcDbEntity
  8
0
  6
Continuous
 62
     7
370
    25
100
AcDbCircle
 10
9.1182655214
 20
-2.5837333073
 30
0.0
 40
0.6049999999999635
100
AcDbArc
 50
335.1179772067
 51
32.3496436902
  0
ARC
  5
5A4
330
1F
100
AcDbEntity
  8
0
  6
Continuous
 62
     7
370
    25
100
AcDbCircle
 10
8.2282751703
 20
-2.262746531
 30
0.0
 40
0.1000000000000573
100
AcDbArc
 50
92.1683369593
 51
209.6429066353
  0
ARC
  5
5A5
330
1F
100
AcDbEntity
  8
0
  6
Continuous
 62
     7
370
    25
100
AcDbCircle
 10
-1.2429948145
 20
-2.9940116644
 30
0.0
 40
10.24086777781797
100
AcDbArc
 50
176.0091535679
 51
184.0091535679
  0
ARC
  5
5A6
330
1F
100
AcDbEntity
  8
0
  6
Continuous
 62
     7
370
    25
100
AcDbCircle
 10
-9.9770116476
 20
-1.488963655
 30
0.0
 40
0.1386514630836521
100
AcDbArc
 50
263.7140082344
 51
86.2252401168
  0
ARC
  5
5A7
330
1F
100
AcDbEntity
  8
0
  6
Continuous
 62
     7
370
    25
100
AcDbCircle
 10
-10.452811909
 20
-1.4696947052
 30
0.0
 40
0.1072565709543737
100
AcDbArc
 50
95.252146586
 51
265.0446436415
  0
ARC
  5
5A8
330
1F
100
AcDbEntity
  8
0
  6
Continuous
 62
     7
370
    25
100
AcDbCircle
 10
-1.2429948145
 20
-2.9940116644
 30
0.0
 40
10.47708825025786
100
AcDbArc
 50
176.0091535679
 51
184.0091535679
  0
ARC
  5
5A9
330
1F
100
AcDbEntity
  8
0
  6
Continuous
 62
     7
370
    25
100
AcDbCircle
 10
-1.2429948145
 20
-2.9940116644
 30
0.0
 40
10.6209887818848
100
AcDbArc
 50
173.9174457175
 51
184.0091535679
  0
ARC
  5
5AA
330
1F
100
AcDbEntity
  8
0
  6
Continuous
 62
     7
370
    25
100
AcDbCircle
 10
-11.5766233034
 20
-3.7182683509
 30
0.0
 40
0.2620107678400659
100
AcDbArc
 50
184.0091535679
 51
4.0091535679
  0
ARC
  5
5AB
330
1F
100
AcDbEntity
  8
0
  6
Continuous
 62
     7
370
    25
100
AcDbCircle
 10
-1.2429948145
 20
-2.9940116644
 30
0.0
 40
10.09696724620537
100
AcDbArc
 50
173.9713750098
 51
184.0091535679
  0
ARC
  5
5AC
330
1F
100
AcDbEntity
  8
0
  6
Continuous
 62
     7
370
    25
100
AcDbCircle
 10
-11.5768541902
 20
-2.2730568136
 30
0.0
 40
0.1181102362204605
100
AcDbArc
 50
356.0091535679
 51
176.0091535679
  0
ARC
  5
5AD
330
1F
100
AcDbEntity
  8
0
  6
Continuous
 62
     7
370
    25
100
AcDbCircle
 10
-10.936056934
 20
-1.970333372
 30
0.0
 40
0.3499999999999983
100
AcDbArc
 50
87.9796423046
 51
173.9713750098
  0
ARC
  5
5AE
330
1F
100
AcDbEntity
  8
0
  6
Continuous
 62
     7
370
    25
100
AcDbCircle
 10
-12.0030641767
 20
-1.8474055693
 30
0.0
 40
0.200000000000056
100
AcDbArc
 50
353.9174457175
 51
71.43706975
  0
ARC
  5
5AF
330
1F
100
AcDbEntity
  8
0
  6
Continuous
 62
     7
370
    25
100
AcDbCircle
 10
-11.5766233034
 20
-3.7182683509
 30
0.0
 40
0.1181102362204606
100
AcDbArc
 50
184.0091535679
 51
4.0091535679
  0
ARC
  5
5B0
330
1F
100
AcDbEntity
  8
0
  6
Continuous
 62
     7
370
    25
100
AcDbCircle
 10
-10.0376693926
 20
-3.760790049
 30
0.0
 40
0.3499999999999577
100
AcDbArc
 50
267.9796423046
 51
353.9713750098
  0
ARC
  5
5B1
330
1F
100
AcDbEntity
  8
0
  6
Continuous
 62
     7
370
    25
100
AcDbCircle
 10
-19.7307315121
 20
-2.7371117567
 30
0.0
 40
10.47708825025596
100
AcDbArc
 50
356.0091535679
 51
4.0091535679
  0
ARC
  5
5B2
330
1F
100
AcDbEntity
  8
0
  6
Continuous
 62
     7
370
    25
100
AcDbCircle
 10
-19.7307315121
 20
-2.7371117567
 30
0.0
 40
10.62098878188695
100
AcDbArc
 50
353.9174457175
 51
4.0091535679
  0
ARC
  5
5B3
330
1F
100
AcDbEntity
  8
0
  6
Continuous
 62
     7
370
    25
100
AcDbCircle
 10
-9.3971030231
 20
-2.0128550702
 30
0.0
 40
0.2620107678400577
100
AcDbArc
 50
4.0091535679
 51
184.0091535679
  0
ARC
  5
5B4
330
1F
100
AcDbEntity
  8
0
  6
Continuous
 62
     7
370
    25
100
AcDbCircle
 10
-19.7307315121
 20
-2.7371117567
 30
0.0
 40
10.0969672462046
100
AcDbArc
 50
353.9713750098
 51
4.0091535679
  0
ARC
  5
5B5
330
1F
100
AcDbEntity
  8
0
  6
Continuous
 62
     7
370
    25
100
AcDbCircle
 10
-10.5209144176
 20
-4.2614287159
 30
0.0
 40
0.1072565709543756
100
AcDbArc
 50
275.252146586
 51
85.0446436415
  0
ARC
  5
5B6
330
1F
100
AcDbEntity
  8
0
  6
Continuous
 62
     7
370
    25
100
AcDbCircle
 10
-9.3971030231
 20
-2.0128550702
 30
0.0
 40
0.1181102362204607
100
AcDbArc
 50
4.0091535679
 51
184.0091535679
  0
ARC
  5
5B7
330
1F
100
AcDbEntity
  8
0
  6
Continuous
 62
     7
370
    25
100
AcDbCircle
 10
-9.3968721363
 20
-3.4580666075
 30
0.0
 40
0.1181102362204586
100
AcDbArc
 50
176.0091535679
 51
356.0091535679
  0
ARC
  5
5B8
330
1F
100
AcDbEntity
  8
0
  6
Continuous
 62
     7
370
    25
100
AcDbCircle
 10
-10.9967146789
 20
-4.2421597661
 30
0.0
 40
0.1386514630836497
100
AcDbArc
 50
83.7140082344
 51
266.2252401168
  0
ARC
  5
5B9
330
1F
100
AcDbEntity
  8
0
  6
Continuous
 62
     7
370
    25
100
AcDbCircle
 10
-19.7307315121
 20
-2.7371117567
 30
0.0
 40
10.24086777781627
100
AcDbArc
 50
356.0091535679
 51
4.0091535679
  0
ARC
  5
5BA
330
1F
100
AcDbEntity
  8
0
  6
Continuous
 62
     7
370
    25
100
AcDbCircle
 10
-8.9706621498
 20
-3.8837178518
 30
0.0
 40
0.2000000000001044
100
AcDbArc
 50
173.9174457175
 51
251.43706975
  0
ARC
  5
5BB
330
1F
100
AcDbEntity
  8
0
  6
Continuous
 62
     7
370
    25
100
AcDbCircle
 10
-9.6509518307
 20
-0.8031894166
 30
0.0
 40
0.0199999999999912
100
AcDbArc
 50
294.8651873781
 51
102.1558916166
  0
ARC
  5
5BC
330
1F
100
AcDbEntity
  8
0
  6
Continuous
 62
     7
370
    25
100
AcDbCircle
 10
-10.0499126887
 20
-0.9180500942
 30
0.0
 40
0.0645179152575511
100
AcDbArc
 50
97.7385270169
 51
289.3397198357
  0
ARC
  5
5BD
330
1F
100
AcDbEntity
  8
0
  6
Continuous
 62
     7
370
    25
100
AcDbCircle
 10
-10.541566592
 20
-1.0074512047
 30
0.0
 40
0.1096583169580167
100
AcDbArc
 50
281.4784869968
 51
92.4131255974
  0
ARC
  5
5BE
330
1F
100
AcDbEntity
  8
0
  6
Continuous
 62
     7
370
    25
100
AcDbCircle
 10
-11.2447878164
 20
-1.026880234
 30
0.0
 40
0.1238014784685677
100
AcDbArc
 50
90.9284584871
 51
260.0593269083
  0
ARC
  5
5BF
330
1F
100
AcDbEntity
  8
0
  6
Continuous
 62
     7
370
    25
100
AcDbCircle
 10
-9.5360718279
 20
1.2120644965
 30
0.0
 40
0.0199999999999915
100
AcDbArc
 50
294.8651873781
 51
102.1558916166
  0
ARC
  5
5C0
330
1F
100
AcDbEntity
  8
0
  6
Continuous
 62
     7
370
    25
100
AcDbCircle
 10
-10.4266865892
 20
1.0078027084
 30
0.0
 40
0.1096583169580169
100
AcDbArc
 50
281.4784869968
 51
92.4131255974
  0
ARC
  5
5C1
330
1F
100
AcDbEntity
  8
0
  6
Continuous
 62
     7
370
    25
100
AcDbCircle
 10
-11.1299078136
 20
0.9883736791
 30
0.0
 40
0.1238014784685676
100
AcDbArc
 50
90.9284584871
 51
260.0593269083
  0
ARC
  5
5C2
330
1F
100
AcDbEntity
  8
0
  6
Continuous
 62
     7
370
    25
100
AcDbCircle
 10
-9.935032686
 20
1.097203819
 30
0.0
 40
0.0645179152575514
100
AcDbArc
 50
97.7385270169
 51
289.3397198357
  0
ARC
  5
5C3
330
1F
100
AcDbEntity
  8
0
  6
Continuous
 62
     7
370
    25
100
AcDbCircle
 10
-6.0113209141
 20
-3.8769536166
 30
0.0
 40
0.0199999999999915
100
AcDbArc
 50
294.8651873781
 51
102.1558916166
  0
ARC
  5
5C4
330
1F
100
AcDbEntity
  8
0
  6
Continuous
 62
     7
370
    25
100
AcDbCircle
 10
-6.4102817721
 20
-3.9918142941
 30
0.0
 40
0.0645179152575515
100
AcDbArc
 50
97.7385270169
 51
289.3397198357
  0
ARC
  5
5C5
330
1F
100
AcDbEntity
  8
0
  6
Continuous
 62
     7
370
    25
100
AcDbCircle
 10
-6.9019356754
 20
-4.0812154047
 30
0.0
 40
0.1096583169580171
100
AcDbArc
 50
281.4784869968
 51
92.4131255974
  0
ARC
  5
5C6
330
1F
100
AcDbEntity
  8
0
  6
Continuous
 62
     7
370
    25
100
AcDbCircle
 10
-7.6051568998
 20
-4.100644434
 30
0.0
 40
0.1238014784685686
100
AcDbArc
 50
90.9284584871
 51
260.0593269083
  0
ARC
  5
5C7
330
1F
100
AcDbEntity
  8
0
  6
Continuous
 62
     7
370
    25
100
AcDbCircle
 10
-8.0108352144
 20
-3.7482025246
 30
0.0
 40
0.0199999999999911
100
AcDbArc
 50
114.8651873781
 51
282.1558916165
  0
ARC
  5
5C8
330
1F
100
AcDbEntity
  8
0
  6
Continuous
 62
     7
370
    25
100
AcDbCircle
 10
-7.1202204532
 20
-3.5439407364
 30
0.0
 40
0.1096583169580163
100
AcDbArc
 50
101.4784869968
 51
272.4131255974
  0
ARC
  5
5C9
330
1F
100
AcDbEntity
  8
0
  6
Continuous
 62
     7
370
    25
100
AcDbCircle
 10
-6.4169992288
 20
-3.5245117071
 30
0.0
 40
0.1238014784685621
100
AcDbArc
 50
270.9284584871
 51
80.0593269083
  0
ARC
  5
5CA
330
1F
100
AcDbEntity
  8
0
  6
Continuous
 62
     7
370
    25
100
AcDbCircle
 10
-7.6118743564
 20
-3.633341847
 30
0.0
 40
0.064517915257551
100
AcDbArc
 50
277.7385270169
 51
109.3397198357
  0
ARC
  5
5CB
330
1F
100
AcDbEntity
  8
0
  6
Continuous
 62
     7
370
    25
100
AcDbCircle
 10
-11.1499503101
 20
1.4456891114
 30
0.0
 40
0.0199999999999916
100
AcDbArc
 50
114.8651873781
 51
282.1558916165
  0
ARC
  5
5CC
330
1F
100
AcDbEntity
  8
0
  6
Continuous
 62
     7
370
    25
100
AcDbCircle
 10
-10.7509894521
 20
1.560549789
 30
0.0
 40
0.0645179152575512
100
AcDbArc
 50
277.7385270169
 51
109.3397198357
  0
ARC
  5
5CD
330
1F
100
AcDbEntity
  8
0
  6
Continuous
 62
     7
370
    25
100
AcDbCircle
 10
-9.5561143245
 20
1.6693799288
 30
0.0
 40
0.1238014784685616
100
AcDbArc
 50
270.9284584871
 51
80.0593269083
  0
ARC
  5
5CE
330
1F
100
AcDbEntity
  8
0
  6
Continuous
 62
     7
370
    25
100
AcDbCircle
 10
-10.2593355489
 20
1.6499508995
 30
0.0
 40
0.1096583169580163
100
AcDbArc
 50
101.4784869968
 51
272.4131255974
  0
ARC
  5
5CF
330
1F
100
AcDbEntity
  8
0
  6
Continuous
 62
     7
370
    25
100
AcDbCircle
 10
-11.1834315656
 20
-0.5640234628
 30
0.0
 40
0.0199999999999912
100
AcDbArc
 50
114.8651873781
 51
282.1558916165
  0
ARC
  5
5D0
330
1F
100
AcDbEntity
  8
0
  6
Continuous
 62
     7
370
    25
100
AcDbCircle
 10
-10.7844707076
 20
-0.4491627853
 30
0.0
 40
0.0645179152575511
100
AcDbArc
 50
277.7385270169
 51
109.3397198357
  0
ARC
  5
5D1
330
1F
100
AcDbEntity
  8
0
  6
Continuous
 62
     7
370
    25
100
AcDbCircle
 10
-10.2928168044
 20
-0.3597616747
 30
0.0
 40
0.109658316958016
100
AcDbArc
 50
101.4784869968
 51
272.4131255974
  0
ARC
  5
5D2
330
1F
100
AcDbEntity
  8
0
  6
Continuous
 62
     7
370
    25
100
AcDbCircle
 10
-9.5895955799
 20
-0.3403326454
 30
0.0
 40
0.1238014784685615
100
AcDbArc
 50
270.9284584871
 51
80.0593269083
  0
ARC
  5
5D3
330
1F
100
AcDbEntity
  8
0
  6
Continuous
 62
     7
370
    25
100
AcDbCircle
 10
-10.6149671297
 20
3.6513982467
 30
0.0
 40
0.1070045166464828
100
AcDbArc
 50
282.7665154859
 51
92.5144676155
  0
ARC
  5
5D4
330
1F
100
AcDbEntity
  8
0
  6
Continuous
 62
     7
370
    25
100
AcDbCircle
 10
-9.7840234142
 20
3.816490791
 30
0.0
 40
0.0200000000000034
100
AcDbArc
 50
290.9800082072
 51
98.4089085046
  0
ARC
  5
5D5
330
1F
100
AcDbEntity
  8
0
  6
Continuous
 62
     7
370
    25
100
AcDbCircle
 10
-10.1713870799
 20
3.7261014211
 30
0.0
 40
0.063362335255252
100
AcDbArc
 50
95.4248829282
 51
287.5305873583
  0
ARC
  5
5D6
330
1F
100
AcDbEntity
  8
0
  6
Continuous
 62
     7
370
    25
100
AcDbCircle
 10
-11.0892118239
 20
3.6084270273
 30
0.0
 40
0.1386385080950693
100
AcDbArc
 50
91.199432137
 51
273.7091378837
  0
ARC
  5
5D7
330
1F
100
AcDbEntity
  8
0
  6
Continuous
 62
     7
370
    25
100
AcDbCircle
 10
-10.4106314767
 20
4.147774474
 30
0.0
 40
0.107004516646483
100
AcDbArc
 50
102.7665154859
 51
272.5144676155
  0
ARC
  5
5D8
330
1F
100
AcDbEntity
  8
0
  6
Continuous
 62
     7
370
    25
100
AcDbCircle
 10
-9.9363867826
 20
4.1907456934
 30
0.0
 40
0.1386385080950697
100
AcDbArc
 50
271.199432137
 51
93.7091378837
  0
ARC
  5
5D9
330
1F
100
AcDbEntity
  8
0
  6
Continuous
 62
     7
370
    25
100
AcDbCircle
 10
-11.2415751922
 20
3.9826819298
 30
0.0
 40
0.0200000000000044
100
AcDbArc
 50
110.9800082072
 51
278.4089085046
  0
ARC
  5
5DA
330
1F
100
AcDbEntity
  8
0
  6
Continuous
 62
     7
370
    25
100
AcDbCircle
 10
-10.8542115265
 20
4.0730712997
 30
0.0
 40
0.0633623352552522
100
AcDbArc
 50
275.4248829282
 51
107.5305873583
  0
ARC
  5
5DB
330
1F
100
AcDbEntity
  8
0
  6
Continuous
 62
     7
370
    25
100
AcDbCircle
 10
-0.7682385419
 20
-1.9311781843
 30
0.0
 40
0.0499999999999969
100
AcDbArc
 50
165.9693889014
 51
291.4077181179
  0
ARC
  5
5DC
330
1F
100
AcDbEntity
  8
0
  6
Continuous
 62
     7
370
    25
100
AcDbCircle
 10
-5.0536517899
 20
8.9995730663
 30
0.0
 40
11.7907874355943
100
AcDbArc
 50
291.4077181179
 51
297.2970623953
  0
ARC
  5
5DD
330
1F
100
AcDbEntity
  8
0
  6
Continuous
 62
     7
370
    25
100
AcDbCircle
 10
0.3032065923
 20
-1.3702743758
 30
0.0
 40
0.1191333468268532
100
AcDbArc
 50
295.0508987849
 51
94.5678176843
  0
ARC
  5
5DE
330
1F
100
AcDbEntity
  8
0
  6
Continuous
 62
     7
370
    25
100
AcDbCircle
 10
-3.0444920807
 20
40.5321126065
 30
0.0
 40
41.91676941755494
100
AcDbArc
 50
273.4028994699
 51
274.5678176847
  0
ARC
  5
5DF
330
1F
100
AcDbEntity
  8
0
  6
Continuous
 62
     7
370
    25
100
AcDbCircle
 10
-0.5475394875
 20
-1.4604857529
 30
0.0
 40
0.1499999999999977
100
AcDbArc
 50
93.4028994699
 51
165.9693889014
  0
ARC
  5
5E0
330
1F
100
AcDbEntity
  8
0
  6
Continuous
 62
     7
370
    25
100
AcDbCircle
 10
-0.8618862669
 20
-1.3778619486
 30
0.0
 40
0.0499999999999935
100
AcDbArc
 50
345.9693889053
 51
92.9811812273
  0
ARC
  5
5E1
330
1F
100
AcDbEntity
  8
0
  6
Continuous
 62
     7
370
    25
100
AcDbCircle
 10
-3.0444920807
 20
40.5321126059
 30
0.0
 40
41.91676941694693
100
AcDbArc
 50
271.7277219852
 51
272.9811812273
  0
ARC
  5
5E2
330
1F
100
AcDbEntity
  8
0
  6
Continuous
 62
     7
370
    25
100
AcDbCircle
 10
-1.7791995411
 20
-1.4155782732
 30
0.0
 40
0.0500000000000011
100
AcDbArc
 50
91.7277219852
 51
234.3548856608
  0
ARC
  5
5E3
330
1F
100
AcDbEntity
  8
0
  6
Continuous
 62
     7
370
    25
100
AcDbCircle
 10
-1.0092843875
 20
-1.9677008534
 30
0.0
 40
0.0500000000000019
100
AcDbArc
 50
234.3548856608
 51
345.9693889053
  0
ARC
  5
5E4
330
1F
100
AcDbEntity
  8
0
  6
Continuous
 62
     7
370
    25
100
AcDbCircle
 10
-2.1373185822
 20
-2.3659943297
 30
0.0
 40
0.0499999999999994
100
AcDbArc
 50
178.0
 51
284.5185828479
  0
ARC
  5
5E5
330
1F
100
AcDbEntity
  8
0
  6
Continuous
 62
     7
370
    25
100
AcDbCircle
 10
-5.6110423539
 20
11.0479498216
 30
0.0
 40
13.90643007907417
100
AcDbArc
 50
284.5185828479
 51
288.4788512947
  0
ARC
  5
5E6
330
1F
100
AcDbEntity
  8
0
  6
Continuous
 62
     7
370
    25
100
AcDbCircle
 10
-1.2191831735
 20
-2.0940525934
 30
0.0
 40
0.0499999999999998
100
AcDbArc
 50
288.4788512947
 51
54.3548856608
  0
ARC
  5
5E7
330
1F
100
AcDbEntity
  8
0
  6
Continuous
 62
     7
370
    25
100
AcDbCircle
 10
-2.1056235476
 20
-1.4583672919
 30
0.0
 40
0.0499999999999979
100
AcDbArc
 50
54.3548856608
 51
178.0
  0
ARC
  5
5E8
330
1F
100
AcDbEntity
  8
0
  6
Continuous
 62
     7
370
    25
100
AcDbCircle
 10
-5.6850360744
 20
-2.0465565031
 30
0.0
 40
0.6049999999999446
100
AcDbArc
 50
298.3434231609
 51
355.427350043
  0
ARC
  5
5E9
330
1F
100
AcDbEntity
  8
0
  6
Continuous
 62
     7
370
    25
100
AcDbCircle
 10
-5.3265957727
 20
-2.7110454421
 30
0.0
 40
0.1500000000000008
100
AcDbArc
 50
118.3434231609
 51
269.9534332213
  0
ARC
  5
5EA
330
1F
100
AcDbEntity
  8
0
  6
Continuous
 62
     7
370
    25
100
AcDbCircle
 10
-5.3192496347
 20
6.3276431843
 30
0.0
 40
9.188691611667727
100
AcDbArc
 50
269.9534332213
 51
275.2698031635
  0
ARC
  5
5EB
330
1F
100
AcDbEntity
  8
0
  6
Continuous
 62
     7
370
    25
100
AcDbCircle
 10
-4.4798992507
 20
-2.7724213928
 30
0.0
 40
0.0500000000000005
100
AcDbArc
 50
275.2698031635
 51
39.3431937413
  0
ARC
  5
5EC
330
1F
100
AcDbEntity
  8
0
  6
Continuous
 62
     7
370
    25
100
AcDbCircle
 10
-5.0321209081
 20
-2.0987751365
 30
0.0
 40
0.050000000000003
100
AcDbArc
 50
39.3431937413
 51
175.427350043
  0
ARC
  5
5ED
330
1F
100
AcDbEntity
  8
0
  6
Continuous
 62
     7
370
    25
100
AcDbCircle
 10
-5.965025474
 20
-2.7882795834
 30
0.0
 40
0.0499999999999986
100
AcDbArc
 50
265.7773432858
 51
40.6113307116
  0
ARC
  5
5EE
330
1F
100
AcDbEntity
  8
0
  6
Continuous
 62
     7
370
    25
100
AcDbCircle
 10
-7.0428785983
 20
-1.5312299569
 30
0.0
 40
0.0500000000000024
100
AcDbArc
 50
40.6113307116
 51
178.0
  0
ARC
  5
5EF
330
1F
100
AcDbEntity
  8
0
  6
Continuous
 62
     7
370
    25
100
AcDbCircle
 10
-7.1841223149
 20
-1.994207258
 30
0.0
 40
0.1590551181102339
100
AcDbArc
 50
296.133960405
 51
59.866039595
  0
ARC
  5
5F0
330
1F
100
AcDbEntity
  8
0
  6
Continuous
 62
     7
370
    25
100
AcDbCircle
 10
-7.0827631025
 20
-2.6733727231
 30
0.0
 40
0.0500000000000029
100
AcDbArc
 50
178.0
 51
262.4835315449
  0
ARC
  5
5F1
330
1F
100
AcDbEntity
  8
0
  6
Continuous
 62
     7
370
    25
100
AcDbCircle
 10
-4.5256426041
 20
16.7068392092
 30
0.0
 40
19.59818354182082
100
AcDbArc
 50
262.4835315449
 51
265.7773432858
  0
ARC
  5
5F2
330
1F
100
AcDbEntity
  8
0
  6
Continuous
 62
     7
370
    25
100
AcDbCircle
 10
-2.5970375858
 20
-1.4323479906
 30
0.0
 40
0.0500000000000072
100
AcDbArc
 50
309.1123107958
 51
90.6777124647
  0
ARC
  5
5F3
330
1F
100
AcDbEntity
  8
0
  6
Continuous
 62
     7
370
    25
100
AcDbCircle
 10
-3.3877181764
 20
65.4109673967
 30
0.0
 40
66.79799165093881
100
AcDbArc
 50
269.44293119
 51
270.6777124646
  0
ARC
  5
5F4
330
1F
100
AcDbEntity
  8
0
  6
Continuous
 62
     7
370
    25
100
AcDbCircle
 10
-4.0376498953
 20
-1.4338646887
 30
0.0
 40
0.0499999999999822
100
AcDbArc
 50
89.44293119
 51
178.0
  0
ARC
  5
5F5
330
1F
100
AcDbEntity
  8
0
  6
Continuous
 62
     7
370
    25
100
AcDbCircle
 10
-4.1859498339
 20
-2.0989057481
 30
0.0
 40
0.1590551181102356
100
AcDbArc
 50
296.133960405
 51
59.866039595
  0
ARC
  5
5F6
330
1F
100
AcDbEntity
  8
0
  6
Continuous
 62
     7
370
    25
100
AcDbCircle
 10
-4.0796921639
 20
-2.6377977405
 30
0.0
 40
0.0500000000000037
100
AcDbArc
 50
178.0
 51
309.1123107958
  0
ARC
  5
5F7
330
1F
100
AcDbEntity
  8
0
  6
Continuous
 62
     7
370
    25
100
AcDbCircle
 10
-2.4617272587
 20
-2.3433881451
 30
0.0
 40
0.1499999999999949
100
AcDbArc
 50
283.308733403
 51
358.0
  0
ARC
  5
5F8
330
1F
100
AcDbEntity
  8
0
  6
Continuous
 62
     7
370
    25
100
AcDbCircle
 10
-2.3324668269
 20
-1.5072245166
 30
0.0
 40
0.0500000000000028
100
AcDbArc
 50
358.0
 51
129.1123107958
  0
ARC
  5
5F9
330
1F
100
AcDbEntity
  8
0
  6
Continuous
 62
     7
370
    25
100
AcDbCircle
 10
-3.7919810216
 20
-2.6938603298
 30
0.0
 40
0.0500000000000014
100
AcDbArc
 50
129.1123107958
 51
277.8830476768
  0
ARC
  5
5FA
330
1F
100
AcDbEntity
  8
0
  6
Continuous
 62
     7
370
    25
100
AcDbCircle
 10
-5.7867177197
 20
11.7127409848
 30
0.0
 40
14.5940412517318
100
AcDbArc
 50
277.8830476768
 51
283.308733403
  0
ARC
  5
5FB
330
1F
100
AcDbEntity
  8
0
  6
Continuous
 62
     7
370
    25
100
AcDbCircle
 10
-8.1655901993
 20
-8.8096805097
 30
0.0
 40
7.510792424179384
100
AcDbArc
 50
89.9792104201
 51
92.3157190707
  0
ARC
  5
5FC
330
1F
100
AcDbEntity
  8
0
  6
Continuous
 62
     7
370
    25
100
AcDbCircle
 10
-8.2964285693
 20
-5.5742258537
 30
0.0
 40
4.272693366078514
100
AcDbArc
 50
92.3157190707
 51
98.7901836446
  0
ARC
  5
5FD
330
1F
100
AcDbEntity
  8
0
  6
Continuous
 62
     7
370
    25
100
AcDbCircle
 10
-8.9183396068
 20
-1.5523673721
 30
0.0
 40
0.2030350285402533
100
AcDbArc
 50
98.7901836446
 51
214.2797179312
  0
ARC
  5
5FE
330
1F
100
AcDbEntity
  8
0
  6
Continuous
 62
     7
370
    25
100
AcDbCircle
 10
-7.9494761161
 20
-0.891955949
 30
0.0
 40
1.375570619237179
100
AcDbArc
 50
214.2797179312
 51
234.8465907868
  0
ARC
  5
5FF
330
1F
100
AcDbEntity
  8
0
  6
Continuous
 62
     7
370
    25
100
AcDbCircle
 10
-6.1140274744
 20
1.7144553754
 30
0.0
 40
4.563399301569989
100
AcDbArc
 50
234.8465907868
 51
238.3643931411
  0
ARC
  5
600
330
1F
100
AcDbEntity
  8
0
  6
Continuous
 62
     7
370
    25
100
AcDbCircle
 10
-8.4289221226
 20
-2.0431177993
 30
0.0
 40
0.1500000000000064
100
AcDbArc
 50
238.3643931412
 51
310.6113307116
  0
ARC
  5
601
330
1F
100
AcDbEntity
  8
0
  6
Continuous
 62
     7
370
    25
100
AcDbCircle
 10
-7.4854197776
 20
-1.3658423318
 30
0.0
 40
0.0499999999999994
100
AcDbArc
 50
310.6113307116
 51
87.1536942953
  0
ARC
  5
602
330
1F
100
AcDbEntity
  8
0
  6
Continuous
 62
     7
370
    25
100
AcDbCircle
 10
-8.1678697807
 20
-15.0921732984
 30
0.0
 40
13.79328562642318
100
AcDbArc
 50
87.1536942953
 51
89.9792104201
  0
ARC
  5
603
330
1F
100
AcDbEntity
  8
0
  6
Continuous
 62
     7
370
    25
100
AcDbCircle
 10
-4.2873600594
 20
-1.4309801413
 30
0.0
 40
0.0500000000000026
100
AcDbArc
 50
4.6981908685
 51
89.1977671914
  0
ARC
  5
604
330
1F
100
AcDbEntity
  8
0
  6
Continuous
 62
     7
370
    25
100
AcDbCircle
 10
-5.3002350448
 20
-1.4167973401
 30
0.0
 40
0.0500000000000016
100
AcDbArc
 50
89.1977671914
 51
219.3431937413
  0
ARC
  5
605
330
1F
100
AcDbEntity
  8
0
  6
Continuous
 62
     7
370
    25
100
AcDbCircle
 10
-4.3193563239
 20
-2.6294284836
 30
0.0
 40
0.039810245985016
100
AcDbArc
 50
219.3431937413
 51
358.0
  0
ARC
  5
606
330
1F
100
AcDbEntity
  8
0
  6
Continuous
 62
     7
370
    25
100
AcDbCircle
 10
-4.1859498339
 20
-2.0989057481
 30
0.0
 40
0.1590551181102367
100
AcDbArc
 50
116.133960405
 51
239.866039595
  0
ARC
  5
607
330
1F
100
AcDbEntity
  8
0
  6
Continuous
 62
     7
370
    25
100
AcDbCircle
 10
-7.291808334
 20
-1.4962178319
 30
0.0
 40
0.0500000000000008
100
AcDbArc
 50
358.0
 51
130.6113307116
  0
ARC
  5
608
330
1F
100
AcDbEntity
  8
0
  6
Continuous
 62
     7
370
    25
100
AcDbCircle
 10
-8.0341938005
 20
-2.2645013993
 30
0.0
 40
0.1500000000000032
100
AcDbArc
 50
130.6113307116
 51
241.585248563
  0
ARC
  5
609
330
1F
100
AcDbEntity
  8
0
  6
Continuous
 62
     7
370
    25
100
AcDbCircle
 10
-6.9953894738
 20
-0.3444546979
 30
0.0
 40
2.333046899378155
100
AcDbArc
 50
241.585248563
 51
258.6677601726
  0
ARC
  5
60A
330
1F
100
AcDbEntity
  8
0
  6
Continuous
 62
     7
370
    25
100
AcDbCircle
 10
-7.4243535972
 20
-2.4849414523
 30
0.0
 40
0.1500000000000003
100
AcDbArc
 50
258.6677601726
 51
358.0
  0
ARC
  5
60B
330
1F
100
AcDbEntity
  8
0
  6
Continuous
 62
     7
370
    25
100
AcDbCircle
 10
-7.1841223149
 20
-1.994207258
 30
0.0
 40
0.1590551181102372
100
AcDbArc
 50
116.133960405
 51
240.6967551274
  0
ARC
  5
60C
330
1F
100
AcDbEntity
  8
0
  6
Continuous
 62
     7
370
    25
100
AcDbCircle
 10
-6.8633792269
 20
-1.3949093841
 30
0.0
 40
0.0499999999999984
100
AcDbArc
 50
89.1977671914
 51
220.6113307116
  0
ARC
  5
60D
330
1F
100
AcDbEntity
  8
0
  6
Continuous
 62
     7
370
    25
100
AcDbCircle
 10
-6.3388209306
 20
-2.0066771618
 30
0.0
 40
0.0499999999999994
100
AcDbArc
 50
220.6113307116
 51
356.5094168344
  0
ARC
  5
60E
330
1F
100
AcDbEntity
  8
0
  6
Continuous
 62
     7
370
    25
100
AcDbCircle
 10
-5.6850360744
 20
-2.0465565031
 30
0.0
 40
0.6049999999999617
100
AcDbArc
 50
134.0667408086
 51
176.5094168344
  0
ARC
  5
60F
330
1F
100
AcDbEntity
  8
0
  6
Continuous
 62
     7
370
    25
100
AcDbCircle
 10
-6.2101354183
 20
-1.504066246
 30
0.0
 40
0.150000000000001
100
AcDbArc
 50
314.0667408086
 51
89.1977671914
  0
ARC
  5
610
330
1F
100
AcDbEntity
  8
0
  6
Continuous
 62
     7
370
    25
100
AcDbCircle
 10
-3.8674103893
 20
-3.2924963197
 30
0.0
 40
0.0499999999999963
100
AcDbArc
 50
345.9693889014
 51
111.4077181179
  0
ARC
  5
611
330
1F
100
AcDbEntity
  8
0
  6
Continuous
 62
     7
370
    25
100
AcDbCircle
 10
0.4180028587
 20
-14.2232475702
 30
0.0
 40
11.79078743559437
100
AcDbArc
 50
111.4077181179
 51
117.2970623953
  0
ARC
  5
612
330
1F
100
AcDbEntity
  8
0
  6
Continuous
 62
     7
370
    25
100
AcDbCircle
 10
-4.9388555235
 20
-3.8534001282
 30
0.0
 40
0.1191333468268531
100
AcDbArc
 50
115.0508987849
 51
274.5678176843
  0
ARC
  5
613
330
1F
100
AcDbEntity
  8
0
  6
Continuous
 62
     7
370
    25
100
AcDbCircle
 10
-1.5911568505
 20
-45.7557871105
 30
0.0
 40
41.91676941766043
100
AcDbArc
 50
93.4028994699
 51
94.5678176847
  0
ARC
  5
614
330
1F
100
AcDbEntity
  8
0
  6
Continuous
 62
     7
370
    25
100
AcDbCircle
 10
-4.0881094438
 20
-3.763188751
 30
0.0
 40
0.1499999999999971
100
AcDbArc
 50
273.4028994699
 51
345.9693889014
  0
ARC
  5
615
330
1F
100
AcDbEntity
  8
0
  6
Continuous
 62
     7
370
    25
100
AcDbCircle
 10
-3.7737626643
 20
-3.8458125554
 30
0.0
 40
0.0499999999999947
100
AcDbArc
 50
165.9693889053
 51
272.9811812273
  0
ARC
  5
616
330
1F
100
AcDbEntity
  8
0
  6
Continuous
 62
     7
370
    25
100
AcDbCircle
 10
-1.5911568505
 20
-45.7557871098
 30
0.0
 40
41.91676941696365
100
AcDbArc
 50
91.7277219852
 51
92.9811812273
  0
ARC
  5
617
330
1F
100
AcDbEntity
  8
0
  6
Continuous
 62
     7
370
    25
100
AcDbCircle
 10
-2.8564493901
 20
-3.8080962308
 30
0.0
 40
0.0500000000000011
100
AcDbArc
 50
271.7277219852
 51
54.3548856608
  0
ARC
  5
618
330
1F
100
AcDbEntity
  8
0
  6
Continuous
 62
     7
370
    25
100
AcDbCircle
 10
-3.6263645437
 20
-3.2559736505
 30
0.0
 40
0.0500000000000024
100
AcDbArc
 50
54.3548856608
 51
165.9693889053
  0
ARC
  5
619
330
1F
100
AcDbEntity
  8
0
  6
Continuous
 62
     7
370
    25
100
AcDbCircle
 10
-2.4983303491
 20
-2.8576801742
 30
0.0
 40
0.0499999999999993
100
AcDbArc
 50
358.0
 51
104.5185828479
  0
ARC
  5
61A
330
1F
100
AcDbEntity
  8
0
  6
Continuous
 62
     7
370
    25
100
AcDbCircle
 10
0.9753934227
 20
-16.2716243255
 30
0.0
 40
13.90643007907604
100
AcDbArc
 50
104.5185828479
 51
108.4788512947
  0
ARC
  5
61B
330
1F
100
AcDbEntity
  8
0
  6
Continuous
 62
     7
370
    25
100
AcDbCircle
 10
-3.4164657577
 20
-3.1296219105
 30
0.0
 40
0.0500000000000007
100
AcDbArc
 50
108.4788512947
 51
234.3548856608
  0
ARC
  5
61C
330
1F
100
AcDbEntity
  8
0
  6
Continuous
 62
     7
370
    25
100
AcDbCircle
 10
-2.5300253836
 20
-3.765307212
 30
0.0
 40
0.0499999999999988
100
AcDbArc
 50
234.3548856608
 51
358.0
  0
ARC
  5
61D
330
1F
100
AcDbEntity
  8
0
  6
Continuous
 62
     7
370
    25
100
AcDbCircle
 10
1.0493871432
 20
-3.1771180009
 30
0.0
 40
0.6049999999999456
100
AcDbArc
 50
118.3434231609
 51
175.427350043
  0
ARC
  5
61E
330
1F
100
AcDbEntity
  8
0
  6
Continuous
 62
     7
370
    25
100
AcDbCircle
 10
0.6909468415
 20
-2.5126290618
 30
0.0
 40
0.1500000000000008
100
AcDbArc
 50
298.3434231609
 51
89.9534332213
  0
ARC
  5
61F
330
1F
100
AcDbEntity
  8
0
  6
Continuous
 62
     7
370
    25
100
AcDbCircle
 10
0.6836007035
 20
-11.5513176882
 30
0.0
 40
9.188691611667782
100
AcDbArc
 50
89.9534332213
 51
95.2698031635
  0
ARC
  5
620
330
1F
100
AcDbEntity
  8
0
  6
Continuous
 62
     7
370
    25
100
AcDbCircle
 10
-0.1557496806
 20
-2.4512531112
 30
0.0
 40
0.0499999999999999
100
AcDbArc
 50
95.2698031635
 51
219.3431937413
  0
ARC
  5
621
330
1F
100
AcDbEntity
  8
0
  6
Continuous
 62
     7
370
    25
100
AcDbCircle
 10
0.3964719769
 20
-3.1248993674
 30
0.0
 40
0.0500000000000021
100
AcDbArc
 50
219.3431937413
 51
355.427350043
  0
ARC
  5
622
330
1F
100
AcDbEntity
  8
0
  6
Continuous
 62
     7
370
    25
100
AcDbCircle
 10
1.3293765428
 20
-2.4353949206
 30
0.0
 40
0.0499999999999978
100
AcDbArc
 50
85.7773432858
 51
220.6113307116
  0
ARC
  5
623
330
1F
100
AcDbEntity
  8
0
  6
Continuous
 62
     7
370
    25
100
AcDbCircle
 10
2.4072296671
 20
-3.692444547
 30
0.0
 40
0.0500000000000018
100
AcDbArc
 50
220.6113307116
 51
358.0
  0
ARC
  5
624
330
1F
100
AcDbEntity
  8
0
  6
Continuous
 62
     7
370
    25
100
AcDbCircle
 10
2.5484733837
 20
-3.2294672459
 30
0.0
 40
0.1590551181102337
100
AcDbArc
 50
116.133960405
 51
239.866039595
  0
ARC
  5
625
330
1F
100
AcDbEntity
  8
0
  6
Continuous
 62
     7
370
    25
100
AcDbCircle
 10
2.4471141713
 20
-2.5503017809
 30
0.0
 40
0.0500000000000029
100
AcDbArc
 50
358.0
 51
82.4835315449
  0
ARC
  5
626
330
1F
100
AcDbEntity
  8
0
  6
Continuous
 62
     7
370
    25
100
AcDbCircle
 10
-0.1100063271
 20
-21.9305137132
 30
0.0
 40
19.59818354181815
100
AcDbArc
 50
82.4835315449
 51
85.7773432858
  0
ARC
  5
627
330
1F
100
AcDbEntity
  8
0
  6
Continuous
 62
     7
370
    25
100
AcDbCircle
 10
-2.0386113454
 20
-3.7913265134
 30
0.0
 40
0.0500000000000072
100
AcDbArc
 50
129.1123107958
 51
270.6777124647
  0
ARC
  5
628
330
1F
100
AcDbEntity
  8
0
  6
Continuous
 62
     7
370
    25
100
AcDbCircle
 10
-1.2479307548
 20
-70.6346419007
 30
0.0
 40
66.79799165091794
100
AcDbArc
 50
89.44293119
 51
90.6777124646
  0
ARC
  5
629
330
1F
100
AcDbEntity
  8
0
  6
Continuous
 62
     7
370
    25
100
AcDbCircle
 10
-0.5979990359
 20
-3.7898098153
 30
0.0
 40
0.0499999999999822
100
AcDbArc
 50
269.44293119
 51
358.0
  0
ARC
  5
62A
330
1F
100
AcDbEntity
  8
0
  6
Continuous
 62
     7
370
    25
100
AcDbCircle
 10
-0.4496990973
 20
-3.1247687558
 30
0.0
 40
0.1590551181102354
100
AcDbArc
 50
116.133960405
 51
239.866039595
  0
ARC
  5
62B
330
1F
100
AcDbEntity
  8
0
  6
Continuous
 62
     7
370
    25
100
AcDbCircle
 10
-0.5559567673
 20
-2.5858767634
 30
0.0
 40
0.0500000000000035
100
AcDbArc
 50
358.0
 51
129.1123107958
  0
ARC
  5
62C
330
1F
100
AcDbEntity
  8
0
  6
Continuous
 62
     7
370
    25
100
AcDbCircle
 10
-2.1739216726
 20
-2.8802863588
 30
0.0
 40
0.149999999999995
100
AcDbArc
 50
103.308733403
 51
178.0
  0
ARC
  5
62D
330
1F
100
AcDbEntity
  8
0
  6
Continuous
 62
     7
370
    25
100
AcDbCircle
 10
-2.3031821043
 20
-3.7164499874
 30
0.0
 40
0.050000000000002
100
AcDbArc
 50
178.0
 51
309.1123107958
  0
ARC
  5
62E
330
1F
100
AcDbEntity
  8
0
  6
Continuous
 62
     7
370
    25
100
AcDbCircle
 10
-0.8436679096
 20
-2.5298141741
 30
0.0
 40
0.0500000000000008
100
AcDbArc
 50
309.1123107958
 51
97.8830476768
  0
ARC
  5
62F
330
1F
100
AcDbEntity
  8
0
  6
Continuous
 62
     7
370
    25
100
AcDbCircle
 10
1.1510687885
 20
-16.9364154887
 30
0.0
 40
14.59404125173281
100
AcDbArc
 50
97.8830476768
 51
103.308733403
  0
ARC
  5
630
330
1F
100
AcDbEntity
  8
0
  6
Continuous
 62
     7
370
    25
100
AcDbCircle
 10
3.5299412681
 20
3.5860060058
 30
0.0
 40
7.510792424179987
100
AcDbArc
 50
269.9792104201
 51
272.3157190707
  0
ARC
  5
631
330
1F
100
AcDbEntity
  8
0
  6
Continuous
 62
     7
370
    25
100
AcDbCircle
 10
3.6607796381
 20
0.3505513498
 30
0.0
 40
4.27269336607856
100
AcDbArc
 50
272.3157190707
 51
278.7901836446
  0
ARC
  5
632
330
1F
100
AcDbEntity
  8
0
  6
Continuous
 62
     7
370
    25
100
AcDbCircle
 10
4.2826906756
 20
-3.6713071318
 30
0.0
 40
0.2030350285402557
100
AcDbArc
 50
278.7901836446
 51
34.2797179312
  0
ARC
  5
633
330
1F
100
AcDbEntity
  8
0
  6
Continuous
 62
     7
370
    25
100
AcDbCircle
 10
3.3138271849
 20
-4.331718555
 30
0.0
 40
1.375570619237194
100
AcDbArc
 50
34.2797179312
 51
54.8465907868
  0
ARC
  5
634
330
1F
100
AcDbEntity
  8
0
  6
Continuous
 62
     7
370
    25
100
AcDbCircle
 10
1.4783785432
 20
-6.9381298793
 30
0.0
 40
4.56339930156874
100
AcDbArc
 50
54.8465907868
 51
58.3643931411
  0
ARC
  5
635
330
1F
100
AcDbEntity
  8
0
  6
Continuous
 62
     7
370
    25
100
AcDbCircle
 10
3.7932731914
 20
-3.1805567046
 30
0.0
 40
0.1500000000000067
100
AcDbArc
 50
58.3643931411
 51
130.6113307116
  0
ARC
  5
636
330
1F
100
AcDbEntity
  8
0
  6
Continuous
 62
     7
370
    25
100
AcDbCircle
 10
2.8497708464
 20
-3.8578321721
 30
0.0
 40
0.0499999999999981
100
AcDbArc
 50
130.6113307116
 51
267.1536942953
  0
ARC
  5
637
330
1F
100
AcDbEntity
  8
0
  6
Continuous
 62
     7
370
    25
100
AcDbCircle
 10
3.5322208495
 20
9.8684987944
 30
0.0
 40
13.79328562642468
100
AcDbArc
 50
267.1536942953
 51
269.9792104201
  0
ARC
  5
638
330
1F
100
AcDbEntity
  8
0
  6
Continuous
 62
     7
370
    25
100
AcDbCircle
 10
-0.3482888718
 20
-3.7926943627
 30
0.0
 40
0.0500000000000005
100
AcDbArc
 50
184.6981908685
 51
269.1977671914
  0
ARC
  5
639
330
1F
100
AcDbEntity
  8
0
  6
Continuous
 62
     7
370
    25
100
AcDbCircle
 10
0.6645861136
 20
-3.8068771638
 30
0.0
 40
0.0500000000000016
100
AcDbArc
 50
269.1977671914
 51
39.3431937413
  0
ARC
  5
63A
330
1F
100
AcDbEntity
  8
0
  6
Continuous
 62
     7
370
    25
100
AcDbCircle
 10
-0.3162926073
 20
-2.5942460203
 30
0.0
 40
0.0398102459850154
100
AcDbArc
 50
39.3431937413
 51
178.0
  0
ARC
  5
63B
330
1F
100
AcDbEntity
  8
0
  6
Continuous
 62
     7
370
    25
100
AcDbCircle
 10
-0.4496990973
 20
-3.1247687558
 30
0.0
 40
0.159055118110237
100
AcDbArc
 50
296.133960405
 51
59.866039595
  0
ARC
  5
63C
330
1F
100
AcDbEntity
  8
0
  6
Continuous
 62
     7
370
    25
100
AcDbCircle
 10
2.6561594028
 20
-3.727456672
 30
0.0
 40
0.0499999999999999
100
AcDbArc
 50
178.0
 51
310.6113307116
  0
ARC
  5
63D
330
1F
100
AcDbEntity
  8
0
  6
Continuous
 62
     7
370
    25
100
AcDbCircle
 10
3.3985448693
 20
-2.9591731047
 30
0.0
 40
0.1500000000000027
100
AcDbArc
 50
310.6113307116
 51
61.585248563
  0
ARC
  5
63E
330
1F
100
AcDbEntity
  8
0
  6
Continuous
 62
     7
370
    25
100
AcDbCircle
 10
2.3597405426
 20
-4.8792198061
 30
0.0
 40
2.333046899378075
100
AcDbArc
 50
61.585248563
 51
78.6677601726
  0
ARC
  5
63F
330
1F
100
AcDbEntity
  8
0
  6
Continuous
 62
     7
370
    25
100
AcDbCircle
 10
2.788704666
 20
-2.7387330517
 30
0.0
 40
0.1500000000000001
100
AcDbArc
 50
78.6677601726
 51
178.0
  0
ARC
  5
640
330
1F
100
AcDbEntity
  8
0
  6
Continuous
 62
     7
370
    25
100
AcDbCircle
 10
2.5484733837
 20
-3.2294672459
 30
0.0
 40
0.1590551181102372
100
AcDbArc
 50
296.133960405
 51
60.6967551274
  0
ARC
  5
641
330
1F
100
AcDbEntity
  8
0
  6
Continuous
 62
     7
370
    25
100
AcDbCircle
 10
2.2277302957
 20
-3.8287651198
 30
0.0
 40
0.0499999999999981
100
AcDbArc
 50
269.1977671914
 51
40.6113307116
  0
ARC
  5
642
330
1F
100
AcDbEntity
  8
0
  6
Continuous
 62
     7
370
    25
100
AcDbCircle
 10
1.7031719993
 20
-3.2169973421
 30
0.0
 40
0.0499999999999976
100
AcDbArc
 50
40.6113307116
 51
176.5094168344
  0
ARC
  5
643
330
1F
100
AcDbEntity
  8
0
  6
Continuous
 62
     7
370
    25
100
AcDbCircle
 10
1.0493871432
 20
-3.1771180009
 30
0.0
 40
0.6049999999999626
100
AcDbArc
 50
314.0667408086
 51
356.5094168344
  0
ARC
  5
644
330
1F
100
AcDbEntity
  8
0
  6
Continuous
 62
     7
370
    25
100
AcDbCircle
 10
1.5744864871
 20
-3.719608258
 30
0.0
 40
0.1500000000000009
100
AcDbArc
 50
134.0667408086
 51
269.1977671914
  0
ARC
  5
645
330
1F
100
AcDbEntity
  8
0
  6
Continuous
 62
     7
370
    25
100
AcDbCircle
 10
-0.9275390514
 20
-0.2173891011
 30
0.0
 40
0.0499999999999969
100
AcDbArc
 50
164.9693889014
 51
290.4077181179
  0
ARC
  5
646
330
1F
100
AcDbEntity
  8
0
  6
Continuous
 62
     7
370
    25
100
AcDbCircle
 10
-5.0215316967
 20
10.7864881168
 30
0.0
 40
11.79078743559374
100
AcDbArc
 50
290.4077181179
 51
296.2970623953
  0
ARC
  5
647
330
1F
100
AcDbEntity
  8
0
  6
Continuous
 62
     7
370
    25
100
AcDbCircle
 10
0.1535320177
 20
0.3247299831
 30
0.0
 40
0.1191333468268531
100
AcDbArc
 50
294.0508987849
 51
93.5678176843
  0
ARC
  5
648
330
1F
100
AcDbEntity
  8
0
  6
Continuous
 62
     7
370
    25
100
AcDbCircle
 10
-2.4623592963
 20
42.2791604268
 30
0.0
 40
41.91676941766496
100
AcDbArc
 50
272.4028994699
 51
273.5678176847
  0
ARC
  5
649
330
1F
100
AcDbEntity
  8
0
  6
Continuous
 62
     7
370
    25
100
AcDbCircle
 10
-0.6986588949
 20
0.2493799119
 30
0.0
 40
0.1499999999999996
100
AcDbArc
 50
92.4028994699
 51
164.9693889014
  0
ARC
  5
64A
330
1F
100
AcDbEntity
  8
0
  6
Continuous
 62
     7
370
    25
100
AcDbCircle
 10
-1.0115158136
 20
0.33747724
 30
0.0
 40
0.049999999999993
100
AcDbArc
 50
344.9693889053
 51
91.9811812273
  0
ARC
  5
64B
330
1F
100
AcDbEntity
  8
0
  6
Continuous
 62
     7
370
    25
100
AcDbCircle
 10
-2.4623592963
 20
42.2791604261
 30
0.0
 40
41.91676941692805
100
AcDbArc
 50
270.7277219852
 51
271.9811812273
  0
ARC
  5
64C
330
1F
100
AcDbEntity
  8
0
  6
Continuous
 62
     7
370
    25
100
AcDbCircle
 10
-1.9293476172
 20
0.3157759839
 30
0.0
 40
0.0500000000000006
100
AcDbArc
 50
90.7277219852
 51
233.3548856608
  0
ARC
  5
64D
330
1F
100
AcDbEntity
  8
0
  6
Continuous
 62
     7
370
    25
100
AcDbCircle
 10
-1.169185593
 20
-0.2496993776
 30
0.0
 40
0.0500000000000019
100
AcDbArc
 50
233.3548856608
 51
344.9693889053
  0
ARC
  5
64E
330
1F
100
AcDbEntity
  8
0
  6
Continuous
 62
     7
370
    25
100
AcDbCircle
 10
-2.3039991623
 20
-0.6282452806
 30
0.0
 40
0.0499999999999991
100
AcDbArc
 50
177.0
 51
283.5185828479
  0
ARC
  5
64F
330
1F
100
AcDbEntity
  8
0
  6
Continuous
 62
     7
370
    25
100
AcDbCircle
 10
-5.5430882638
 20
12.8442807011
 30
0.0
 40
13.90643007907597
100
AcDbArc
 50
283.5185828479
 51
287.4788512947
  0
ARC
  5
650
330
1F
100
AcDbEntity
  8
0
  6
Continuous
 62
     7
370
    25
100
AcDbCircle
 10
-1.3812575524
 20
-0.3723686347
 30
0.0
 40
0.0499999999999998
100
AcDbArc
 50
287.4788512947
 51
53.3548856608
  0
ARC
  5
651
330
1F
100
AcDbEntity
  8
0
  6
Continuous
 62
     7
370
    25
100
AcDbCircle
 10
-2.256468679
 20
0.2786903665
 30
0.0
 40
0.049999999999999
100
AcDbArc
 50
53.3548856608
 51
177.0
  0
ARC
  5
652
330
1F
100
AcDbEntity
  8
0
  6
Continuous
 62
     7
370
    25
100
AcDbCircle
 10
-5.8456013612
 20
-0.2469398983
 30
0.0
 40
0.6049999999999477
100
AcDbArc
 50
297.3434231609
 51
354.427350043
  0
ARC
  5
653
330
1F
100
AcDbEntity
  8
0
  6
Continuous
 62
     7
370
    25
100
AcDbCircle
 10
-5.4988125827
 20
-0.9175832783
 30
0.0
 40
0.1500000000000011
100
AcDbArc
 50
117.3434231609
 51
268.9534332213
  0
ARC
  5
654
330
1F
100
AcDbEntity
  8
0
  6
Continuous
 62
     7
370
    25
100
AcDbCircle
 10
-5.3337206959
 20
8.1196005042
 30
0.0
 40
9.188691611667373
100
AcDbArc
 50
268.9534332213
 51
274.2698031635
  0
ARC
  5
655
330
1F
100
AcDbEntity
  8
0
  6
Continuous
 62
     7
370
    25
100
AcDbCircle
 10
-4.6533161747
 20
-0.9937267729
 30
0.0
 40
0.05
100
AcDbArc
 50
274.2698031635
 51
38.3431937413
  0
ARC
  5
656
330
1F
100
AcDbEntity
  8
0
  6
Continuous
 62
     7
370
    25
100
AcDbCircle
 10
-5.1936969779
 20
-0.3105455195
 30
0.0
 40
0.0500000000000017
100
AcDbArc
 50
38.3431937413
 51
174.427350043
  0
ARC
  5
657
330
1F
100
AcDbEntity
  8
0
  6
Continuous
 62
     7
370
    25
100
AcDbCircle
 10
-6.1384929697
 20
-0.9836635218
 30
0.0
 40
0.0499999999999977
100
AcDbArc
 50
264.7773432858
 51
39.6113307116
  0
ARC
  5
658
330
1F
100
AcDbEntity
  8
0
  6
Continuous
 62
     7
370
    25
100
AcDbCircle
 10
-7.1942433907
 20
0.2920057807
 30
0.0
 40
0.0500000000000034
100
AcDbArc
 50
39.6113307116
 51
177.0
  0
ARC
  5
659
330
1F
100
AcDbEntity
  8
0
  6
Continuous
 62
     7
370
    25
100
AcDbCircle
 10
-7.3435456633
 20
-0.168435964
 30
0.0
 40
0.1590551181102343
100
AcDbArc
 50
295.133960405
 51
58.866039595
  0
ARC
  5
65A
330
1F
100
AcDbEntity
  8
0
  6
Continuous
 62
     7
370
    25
100
AcDbCircle
 10
-7.2540549601
 20
-0.849266951
 30
0.0
 40
0.0500000000000065
100
AcDbArc
 50
177.0
 51
261.4835315449
  0
ARC
  5
65B
330
1F
100
AcDbEntity
  8
0
  6
Continuous
 62
     7
370
    25
100
AcDbCircle
 10
-4.359092588
 20
18.4833653749
 30
0.0
 40
19.59818354181948
100
AcDbArc
 50
261.4835315449
 51
264.7773432858
  0
ARC
  5
65C
330
1F
100
AcDbEntity
  8
0
  6
Continuous
 62
     7
370
    25
100
AcDbCircle
 10
-2.7473537731
 20
0.3132820626
 30
0.0
 40
0.0500000000000075
100
AcDbArc
 50
308.1123107958
 51
89.6777124647
  0
ARC
  5
65D
330
1F
100
AcDbEntity
  8
0
  6
Continuous
 62
     7
370
    25
100
AcDbCircle
 10
-2.3713372315
 20
67.1602161682
 30
0.0
 40
66.79799165093797
100
AcDbArc
 50
268.44293119
 51
269.6777124646
  0
ARC
  5
65E
330
1F
100
AcDbEntity
  8
0
  6
Continuous
 62
     7
370
    25
100
AcDbCircle
 10
-4.1877731404
 20
0.336907747
 30
0.0
 40
0.0499999999999836
100
AcDbArc
 50
88.44293119
 51
177.0
  0
ARC
  5
65F
330
1F
100
AcDbEntity
  8
0
  6
Continuous
 62
     7
370
    25
100
AcDbCircle
 10
-4.347657059
 20
-0.3254438327
 30
0.0
 40
0.1590551181102352
100
AcDbArc
 50
295.133960405
 51
58.866039595
  0
ARC
  5
660
330
1F
100
AcDbEntity
  8
0
  6
Continuous
 62
     7
370
    25
100
AcDbCircle
 10
-4.2508205347
 20
-0.8661082012
 30
0.0
 40
0.0500000000000039
100
AcDbArc
 50
177.0
 51
308.1123107958
  0
ARC
  5
661
330
1F
100
AcDbEntity
  8
0
  6
Continuous
 62
     7
370
    25
100
AcDbCircle
 10
-2.6279638974
 20
-0.599980827
 30
0.0
 40
0.1499999999999942
100
AcDbArc
 50
282.308733403
 51
357.0
  0
ARC
  5
662
330
1F
100
AcDbEntity
  8
0
  6
Continuous
 62
     7
370
    25
100
AcDbCircle
 10
-2.4841300852
 20
0.2337995442
 30
0.0
 40
0.0500000000000026
100
AcDbArc
 50
357.0
 51
128.1123107958
  0
ARC
  5
663
330
1F
100
AcDbEntity
  8
0
  6
Continuous
 62
     7
370
    25
100
AcDbCircle
 10
-3.9641316393
 20
-0.9271835038
 30
0.0
 40
0.0500000000000008
100
AcDbArc
 50
128.1123107958
 51
276.8830476768
  0
ARC
  5
664
330
1F
100
AcDbEntity
  8
0
  6
Continuous
 62
     7
370
    25
100
AcDbCircle
 10
-5.7071346678
 20
13.5120365713
 30
0.0
 40
14.59404125173271
100
AcDbArc
 50
276.8830476768
 51
282.308733403
  0
ARC
  5
665
330
1F
100
AcDbEntity
  8
0
  6
Continuous
 62
     7
370
    25
100
AcDbCircle
 10
-8.4438104746
 20
-6.9657422096
 30
0.0
 40
7.510792424179083
100
AcDbArc
 50
88.9792104201
 51
91.3157190707
  0
ARC
  5
666
330
1F
100
AcDbEntity
  8
0
  6
Continuous
 62
     7
370
    25
100
AcDbCircle
 10
-8.5181624477
 20
-3.7284968846
 30
0.0
 40
4.272693366078955
100
AcDbArc
 50
91.3157190707
 51
97.7901836446
  0
ARC
  5
667
330
1F
100
AcDbEntity
  8
0
  6
Continuous
 62
     7
370
    25
100
AcDbCircle
 10
-9.0697876562
 20
0.3036028926
 30
0.0
 40
0.2030350285402562
100
AcDbArc
 50
97.7901836446
 51
213.2797179312
  0
ARC
  5
668
330
1F
100
AcDbEntity
  8
0
  6
Continuous
 62
     7
370
    25
100
AcDbCircle
 10
-8.0895459595
 20
0.9470047325
 30
0.0
 40
1.375570619237183
100
AcDbArc
 50
213.2797179312
 51
233.8465907868
  0
ARC
  5
669
330
1F
100
AcDbEntity
  8
0
  6
Continuous
 62
     7
370
    25
100
AcDbCircle
 10
-6.2088887158
 20
3.5209860921
 30
0.0
 40
4.563399301568624
100
AcDbArc
 50
233.8465907868
 51
237.3643931411
  0
ARC
  5
66A
330
1F
100
AcDbEntity
  8
0
  6
Continuous
 62
     7
370
    25
100
AcDbCircle
 10
-8.5890094885
 20
-0.1956143038
 30
0.0
 40
0.1500000000000049
100
AcDbArc
 50
237.3643931412
 51
309.6113307116
  0
ARC
  5
66B
330
1F
100
AcDbEntity
  8
0
  6
Continuous
 62
     7
370
    25
100
AcDbCircle
 10
-7.6338307568
 20
0.465091625
 30
0.0
 40
0.0499999999999988
100
AcDbArc
 50
309.6113307116
 51
86.1536942953
  0
ARC
  5
66C
330
1F
100
AcDbEntity
  8
0
  6
Continuous
 62
     7
370
    25
100
AcDbCircle
 10
-8.5557343264
 20
-13.24723836
 30
0.0
 40
13.79328562642924
100
AcDbArc
 50
86.1536942953
 51
88.9792104201
  0
ARC
  5
66D
330
1F
100
AcDbEntity
  8
0
  6
Continuous
 62
     7
370
    25
100
AcDbCircle
 10
-4.4373949301
 20
0.3441498983
 30
0.0
 40
0.0499999999999996
100
AcDbArc
 50
3.6981908685
 51
88.1977671914
  0
ARC
  5
66E
330
1F
100
AcDbEntity
  8
0
  6
Continuous
 62
     7
370
    25
100
AcDbCircle
 10
-5.4498681258
 20
0.3760076453
 30
0.0
 40
0.0500000000000023
100
AcDbArc
 50
88.1977671914
 51
218.3431937413
  0
ARC
  5
66F
330
1F
100
AcDbEntity
  8
0
  6
Continuous
 62
     7
370
    25
100
AcDbCircle
 10
-4.4903021291
 20
-0.8535575027
 30
0.0
 40
0.0398102459850162
100
AcDbArc
 50
218.3431937413
 51
357.0
  0
ARC
  5
670
330
1F
100
AcDbEntity
  8
0
  6
Continuous
 62
     7
370
    25
100
AcDbCircle
 10
-4.347657059
 20
-0.3254438327
 30
0.0
 40
0.1590551181102369
100
AcDbArc
 50
115.133960405
 51
238.866039595
  0
ARC
  5
671
330
1F
100
AcDbEntity
  8
0
  6
Continuous
 62
     7
370
    25
100
AcDbCircle
 10
-7.4425241674
 20
0.3313569961
 30
0.0
 40
0.0500000000000013
100
AcDbArc
 50
357.0
 51
129.6113307116
  0
ARC
  5
672
330
1F
100
AcDbEntity
  8
0
  6
Continuous
 62
     7
370
    25
100
AcDbCircle
 10
-8.1982049621
 20
-0.4238531451
 30
0.0
 40
0.1500000000000024
100
AcDbArc
 50
129.6113307116
 51
240.585248563
  0
ARC
  5
673
330
1F
100
AcDbEntity
  8
0
  6
Continuous
 62
     7
370
    25
100
AcDbCircle
 10
-7.1260494149
 20
1.4777714886
 30
0.0
 40
2.33304689937817
100
AcDbArc
 50
240.585248563
 51
257.6677601726
  0
ARC
  5
674
330
1F
100
AcDbEntity
  8
0
  6
Continuous
 62
     7
370
    25
100
AcDbCircle
 10
-7.5923048498
 20
-0.654902803
 30
0.0
 40
0.1500000000000022
100
AcDbArc
 50
257.6677601726
 51
357.0
  0
ARC
  5
675
330
1F
100
AcDbEntity
  8
0
  6
Continuous
 62
     7
370
    25
100
AcDbCircle
 10
-7.3435456633
 20
-0.168435964
 30
0.0
 40
0.159055118110237
100
AcDbArc
 50
115.133960405
 51
239.6967551274
  0
ARC
  5
676
330
1F
100
AcDbEntity
  8
0
  6
Continuous
 62
     7
370
    25
100
AcDbCircle
 10
-7.0123922359
 20
0.4251728952
 30
0.0
 40
0.0499999999999989
100
AcDbArc
 50
88.1977671914
 51
219.6113307116
  0
ARC
  5
677
330
1F
100
AcDbEntity
  8
0
  6
Continuous
 62
     7
370
    25
100
AcDbCircle
 10
-6.4985906522
 20
-0.1956565118
 30
0.0
 40
0.049999999999998
100
AcDbArc
 50
219.6113307116
 51
355.5094168344
  0
ARC
  5
678
330
1F
100
AcDbEntity
  8
0
  6
Continuous
 62
     7
370
    25
100
AcDbCircle
 10
-5.8456013612
 20
-0.2469398983
 30
0.0
 40
0.6049999999999585
100
AcDbArc
 50
133.0667408086
 51
175.5094168344
  0
ARC
  5
679
330
1F
100
AcDbEntity
  8
0
  6
Continuous
 62
     7
370
    25
100
AcDbCircle
 10
-6.3611529694
 20
0.3046319821
 30
0.0
 40
0.1500000000000013
100
AcDbArc
 50
313.0667408086
 51
88.1977671914
  0
ARC
  5
67A
330
1F
100
AcDbEntity
  8
0
  6
Continuous
 62
     7
370
    25
100
AcDbCircle
 10
-7.9132759227
 20
1.4414760345
 30
0.0
 40
0.0499999999999968
100
AcDbArc
 50
344.9693889014
 51
110.4077181179
  0
ARC
  5
67B
330
1F
100
AcDbEntity
  8
0
  6
Continuous
 62
     7
370
    25
100
AcDbCircle
 10
-3.8192832774
 20
-9.5624011835
 30
0.0
 40
11.79078743559393
100
AcDbArc
 50
110.4077181179
 51
116.2970623953
  0
ARC
  5
67C
330
1F
100
AcDbEntity
  8
0
  6
Continuous
 62
     7
370
    25
100
AcDbCircle
 10
-8.9943469918
 20
0.8993569503
 30
0.0
 40
0.1191333468268528
100
AcDbArc
 50
114.0508987849
 51
273.5678176843
  0
ARC
  5
67D
330
1F
100
AcDbEntity
  8
0
  6
Continuous
 62
     7
370
    25
100
AcDbCircle
 10
-6.3784556778
 20
-41.0550734935
 30
0.0
 40
41.91676941771504
100
AcDbArc
 50
92.4028994699
 51
93.5678176847
  0
ARC
  5
67E
330
1F
100
AcDbEntity
  8
0
  6
Continuous
 62
     7
370
    25
100
AcDbCircle
 10
-8.1421560792
 20
0.9747070214
 30
0.0
 40
0.1499999999999997
100
AcDbArc
 50
272.4028994699
 51
344.9693889014
  0
ARC
  5
67F
330
1F
100
AcDbEntity
  8
0
  6
Continuous
 62
     7
370
    25
100
AcDbCircle
 10
-7.8292991605
 20
0.8866096933
 30
0.0
 40
0.0499999999999937
100
AcDbArc
 50
164.9693889053
 51
271.9811812273
  0
ARC
  5
680
330
1F
100
AcDbEntity
  8
0
  6
Continuous
 62
     7
370
    25
100
AcDbCircle
 10
-6.3784556779
 20
-41.0550734927
 30
0.0
 40
41.9167694169057
100
AcDbArc
 50
90.7277219852
 51
91.9811812273
  0
ARC
  5
681
330
1F
100
AcDbEntity
  8
0
  6
Continuous
 62
     7
370
    25
100
AcDbCircle
 10
-6.911467357
 20
0.9083109494
 30
0.0
 40
0.0500000000000008
100
AcDbArc
 50
270.7277219852
 51
53.3548856608
  0
ARC
  5
682
330
1F
100
AcDbEntity
  8
0
  6
Continuous
 62
     7
370
    25
100
AcDbCircle
 10
-7.6716293811
 20
1.4737863109
 30
0.0
 40
0.050000000000002
100
AcDbArc
 50
53.3548856608
 51
164.9693889053
  0
ARC
  5
683
330
1F
100
AcDbEntity
  8
0
  6
Continuous
 62
     7
370
    25
100
AcDbCircle
 10
-6.5368158119
 20
1.8523322139
 30
0.0
 40
0.0500000000000021
100
AcDbArc
 50
357.0
 51
103.5185828479
  0
ARC
  5
684
330
1F
100
AcDbEntity
  8
0
  6
Continuous
 62
     7
370
    25
100
AcDbCircle
 10
-3.2977267104
 20
-11.6201937678
 30
0.0
 40
13.90643007907799
100
AcDbArc
 50
103.5185828479
 51
107.4788512947
  0
ARC
  5
685
330
1F
100
AcDbEntity
  8
0
  6
Continuous
 62
     7
370
    25
100
AcDbCircle
 10
-7.4595574217
 20
1.596455568
 30
0.0
 40
0.0500000000000003
100
AcDbArc
 50
107.4788512947
 51
233.3548856608
  0
ARC
  5
686
330
1F
100
AcDbEntity
  8
0
  6
Continuous
 62
     7
370
    25
100
AcDbCircle
 10
-6.5843462951
 20
0.9453965668
 30
0.0
 40
0.0499999999999975
100
AcDbArc
 50
233.3548856608
 51
357.0
  0
ARC
  5
687
330
1F
100
AcDbEntity
  8
0
  6
Continuous
 62
     7
370
    25
100
AcDbCircle
 10
-2.995213613
 20
1.4710268317
 30
0.0
 40
0.6049999999999464
100
AcDbArc
 50
117.3434231609
 51
174.427350043
  0
ARC
  5
688
330
1F
100
AcDbEntity
  8
0
  6
Continuous
 62
     7
370
    25
100
AcDbCircle
 10
-3.3420023914
 20
2.1416702117
 30
0.0
 40
0.1500000000000009
100
AcDbArc
 50
297.3434231609
 51
88.9534332213
  0
ARC
  5
689
330
1F
100
AcDbEntity
  8
0
  6
Continuous
 62
     7
370
    25
100
AcDbCircle
 10
-3.5070942782
 20
-6.8955135709
 30
0.0
 40
9.188691611668022
100
AcDbArc
 50
88.9534332213
 51
94.2698031635
  0
ARC
  5
68A
330
1F
100
AcDbEntity
  8
0
  6
Continuous
 62
     7
370
    25
100
AcDbCircle
 10
-4.1874987995
 20
2.2178137063
 30
0.0
 40
0.0499999999999998
100
AcDbArc
 50
94.2698031635
 51
218.3431937413
  0
ARC
  5
68B
330
1F
100
AcDbEntity
  8
0
  6
Continuous
 62
     7
370
    25
100
AcDbCircle
 10
-3.6471179963
 20
1.5346324528
 30
0.0
 40
0.0500000000000019
100
AcDbArc
 50
218.3431937413
 51
354.427350043
  0
ARC
  5
68C
330
1F
100
AcDbEntity
  8
0
  6
Continuous
 62
     7
370
    25
100
AcDbCircle
 10
-2.7023220044
 20
2.2077504551
 30
0.0
 40
0.0499999999999981
100
AcDbArc
 50
84.7773432858
 51
219.6113307116
  0
ARC
  5
68D
330
1F
100
AcDbEntity
  8
0
  6
Continuous
 62
     7
370
    25
100
AcDbCircle
 10
-1.6465715834
 20
0.9320811526
 30
0.0
 40
0.050000000000002
100
AcDbArc
 50
219.6113307116
 51
357.0
  0
ARC
  5
68E
330
1F
100
AcDbEntity
  8
0
  6
Continuous
 62
     7
370
    25
100
AcDbCircle
 10
-1.4972693108
 20
1.3925228973
 30
0.0
 40
0.1590551181102338
100
AcDbArc
 50
115.133960405
 51
238.866039595
  0
ARC
  5
68F
330
1F
100
AcDbEntity
  8
0
  6
Continuous
 62
     7
370
    25
100
AcDbCircle
 10
-1.586760014
 20
2.0733538843
 30
0.0
 40
0.0500000000000035
100
AcDbArc
 50
357.0
 51
81.4835315449
  0
ARC
  5
690
330
1F
100
AcDbEntity
  8
0
  6
Continuous
 62
     7
370
    25
100
AcDbCircle
 10
-4.4817223861
 20
-17.2592784416
 30
0.0
 40
19.59818354182055
100
AcDbArc
 50
81.4835315449
 51
84.7773432858
  0
ARC
  5
691
330
1F
100
AcDbEntity
  8
0
  6
Continuous
 62
     7
370
    25
100
AcDbCircle
 10
-6.093461201
 20
0.9108048708
 30
0.0
 40
0.0500000000000077
100
AcDbArc
 50
128.1123107958
 51
269.6777124647
  0
ARC
  5
692
330
1F
100
AcDbEntity
  8
0
  6
Continuous
 62
     7
370
    25
100
AcDbCircle
 10
-6.4694777426
 20
-65.9361292348
 30
0.0
 40
66.79799165088473
100
AcDbArc
 50
88.44293119
 51
89.6777124646
  0
ARC
  5
693
330
1F
100
AcDbEntity
  8
0
  6
Continuous
 62
     7
370
    25
100
AcDbCircle
 10
-4.6530418337
 20
0.8871791863
 30
0.0
 40
0.0499999999999813
100
AcDbArc
 50
268.44293119
 51
357.0
  0
ARC
  5
694
330
1F
100
AcDbEntity
  8
0
  6
Continuous
 62
     7
370
    25
100
AcDbCircle
 10
-4.4931579151
 20
1.549530766
 30
0.0
 40
0.1590551181102351
100
AcDbArc
 50
115.133960405
 51
238.866039595
  0
ARC
  5
695
330
1F
100
AcDbEntity
  8
0
  6
Continuous
 62
     7
370
    25
100
AcDbCircle
 10
-4.5899944395
 20
2.0901951346
 30
0.0
 40
0.0500000000000029
100
AcDbArc
 50
357.0
 51
128.1123107958
  0
ARC
  5
696
330
1F
100
AcDbEntity
  8
0
  6
Continuous
 62
     7
370
    25
100
AcDbCircle
 10
-6.2128510767
 20
1.8240677603
 30
0.0
 40
0.149999999999996
100
AcDbArc
 50
102.308733403
 51
177.0
  0
ARC
  5
697
330
1F
100
AcDbEntity
  8
0
  6
Continuous
 62
     7
370
    25
100
AcDbCircle
 10
-6.356684889
 20
0.9902873891
 30
0.0
 40
0.0500000000000022
100
AcDbArc
 50
177.0
 51
308.1123107958
  0
ARC
  5
698
330
1F
100
AcDbEntity
  8
0
  6
Continuous
 62
     7
370
    25
100
AcDbCircle
 10
-4.8766833348
 20
2.1512704371
 30
0.0
 40
0.0500000000000012
100
AcDbArc
 50
308.1123107958
 51
96.8830476768
  0
ARC
  5
699
330
1F
100
AcDbEntity
  8
0
  6
Continuous
 62
     7
370
    25
100
AcDbCircle
 10
-3.1336803064
 20
-12.2879496379
 30
0.0
 40
14.59404125173392
100
AcDbArc
 50
96.8830476768
 51
102.308733403
  0
ARC
  5
69A
330
1F
100
AcDbEntity
  8
0
  6
Continuous
 62
     7
370
    25
100
AcDbCircle
 10
-0.3970044995
 20
8.189829143
 30
0.0
 40
7.510792424179089
100
AcDbArc
 50
268.9792104201
 51
271.3157190707
  0
ARC
  5
69B
330
1F
100
AcDbEntity
  8
0
  6
Continuous
 62
     7
370
    25
100
AcDbCircle
 10
-0.3226525265
 20
4.952583818
 30
0.0
 40
4.272693366078538
100
AcDbArc
 50
271.3157190707
 51
277.7901836446
  0
ARC
  5
69C
330
1F
100
AcDbEntity
  8
0
  6
Continuous
 62
     7
370
    25
100
AcDbCircle
 10
0.2289726821
 20
0.9204840407
 30
0.0
 40
0.2030350285402549
100
AcDbArc
 50
277.7901836446
 51
33.2797179312
  0
ARC
  5
69D
330
1F
100
AcDbEntity
  8
0
  6
Continuous
 62
     7
370
    25
100
AcDbCircle
 10
-0.7512690146
 20
0.2770822009
 30
0.0
 40
1.375570619237166
100
AcDbArc
 50
33.2797179312
 51
53.8465907868
  0
ARC
  5
69E
330
1F
100
AcDbEntity
  8
0
  6
Continuous
 62
     7
370
    25
100
AcDbCircle
 10
-2.6319262584
 20
-2.2968991587
 30
0.0
 40
4.563399301569292
100
AcDbArc
 50
53.8465907868
 51
57.3643931411
  0
ARC
  5
69F
330
1F
100
AcDbEntity
  8
0
  6
Continuous
 62
     7
370
    25
100
AcDbCircle
 10
-0.2518054856
 20
1.4197012371
 30
0.0
 40
0.1500000000000094
100
AcDbArc
 50
57.3643931412
 51
129.6113307116
  0
ARC
  5
6A0
330
1F
100
AcDbEntity
  8
0
  6
Continuous
 62
     7
370
    25
100
AcDbCircle
 10
-1.2069842173
 20
0.7589953084
 30
0.0
 40
0.0499999999999981
100
AcDbArc
 50
129.6113307116
 51
266.1536942953
  0
ARC
  5
6A1
330
1F
100
AcDbEntity
  8
0
  6
Continuous
 62
     7
370
    25
100
AcDbCircle
 10
-0.2850806477
 20
14.4713252934
 30
0.0
 40
13.79328562642921
100
AcDbArc
 50
266.1536942953
 51
268.9792104201
  0
ARC
  5
6A2
330
1F
100
AcDbEntity
  8
0
  6
Continuous
 62
     7
370
    25
100
AcDbCircle
 10
-4.403420044
 20
0.879937035
 30
0.0
 40
0.0500000000000008
100
AcDbArc
 50
183.6981908685
 51
268.1977671914
  0
ARC
  5
6A3
330
1F
100
AcDbEntity
  8
0
  6
Continuous
 62
     7
370
    25
100
AcDbCircle
 10
-3.3909468483
 20
0.848079288
 30
0.0
 40
0.0500000000000012
100
AcDbArc
 50
268.1977671914
 51
38.3431937413
  0
ARC
  5
6A4
330
1F
100
AcDbEntity
  8
0
  6
Continuous
 62
     7
370
    25
100
AcDbCircle
 10
-4.3505128451
 20
2.077644436
 30
0.0
 40
0.0398102459850158
100
AcDbArc
 50
38.3431937413
 51
177.0
  0
ARC
  5
6A5
330
1F
100
AcDbEntity
  8
0
  6
Continuous
 62
     7
370
    25
100
AcDbCircle
 10
-4.4931579151
 20
1.549530766
 30
0.0
 40
0.159055118110237
100
AcDbArc
 50
295.133960405
 51
58.866039595
  0
ARC
  5
6A6
330
1F
100
AcDbEntity
  8
0
  6
Continuous
 62
     7
370
    25
100
AcDbCircle
 10
-1.3982908067
 20
0.8927299372
 30
0.0
 40
0.0499999999999999
100
AcDbArc
 50
177.0
 51
309.6113307116
  0
ARC
  5
6A7
330
1F
100
AcDbEntity
  8
0
  6
Continuous
 62
     7
370
    25
100
AcDbCircle
 10
-0.642610012
 20
1.6479400784
 30
0.0
 40
0.1500000000000021
100
AcDbArc
 50
309.6113307116
 51
60.585248563
  0
ARC
  5
6A8
330
1F
100
AcDbEntity
  8
0
  6
Continuous
 62
     7
370
    25
100
AcDbCircle
 10
-1.7147655592
 20
-0.2536845553
 30
0.0
 40
2.33304689937814
100
AcDbArc
 50
60.585248563
 51
77.6677601726
  0
ARC
  5
6A9
330
1F
100
AcDbEntity
  8
0
  6
Continuous
 62
     7
370
    25
100
AcDbCircle
 10
-1.2485101243
 20
1.8789897364
 30
0.0
 40
0.1500000000000007
100
AcDbArc
 50
77.6677601726
 51
177.0
  0
ARC
  5
6AA
330
1F
100
AcDbEntity
  8
0
  6
Continuous
 62
     7
370
    25
100
AcDbCircle
 10
-1.4972693108
 20
1.3925228973
 30
0.0
 40
0.1590551181102372
100
AcDbArc
 50
295.133960405
 51
59.6967551274
  0
ARC
  5
6AB
330
1F
100
AcDbEntity
  8
0
  6
Continuous
 62
     7
370
    25
100
AcDbCircle
 10
-1.8284227382
 20
0.7989140381
 30
0.0
 40
0.049999999999999
100
AcDbArc
 50
268.1977671914
 51
39.6113307116
  0
ARC
  5
6AC
330
1F
100
AcDbEntity
  8
0
  6
Continuous
 62
     7
370
    25
100
AcDbCircle
 10
-2.3422243219
 20
1.4197434452
 30
0.0
 40
0.0499999999999977
100
AcDbArc
 50
39.6113307116
 51
175.5094168344
  0
ARC
  5
6AD
330
1F
100
AcDbEntity
  8
0
  6
Continuous
 62
     7
370
    25
100
AcDbCircle
 10
-2.995213613
 20
1.4710268317
 30
0.0
 40
0.6049999999999573
100
AcDbArc
 50
313.0667408086
 51
355.5094168344
  0
ARC
  5
6AE
330
1F
100
AcDbEntity
  8
0
  6
Continuous
 62
     7
370
    25
100
AcDbCircle
 10
-2.4796620047
 20
0.9194549513
 30
0.0
 40
0.1500000000000015
100
AcDbArc
 50
133.0667408086
 51
268.1977671914
  0
ARC
  5
6AF
330
1F
100
AcDbEntity
  8
0
  6
Continuous
 62
     7
370
    25
100
AcDbCircle
 10
7.9996492906
 20
2.2652100106
 30
0.0
 40
0.0999999999999845
100
AcDbArc
 50
88.4890178799
 51
183.5576715008
  0
ARC
  5
6B0
330
1F
100
AcDbEntity
  8
0
  6
Continuous
 62
     7
370
    25
100
AcDbCircle
 10
8.0502827757
 20
1.4508134004
 30
0.0
 40
0.1000000000000119
100
AcDbArc
 50
183.5576715008
 51
283.8498926898
  0
ARC
  5
6B1
330
1F
100
AcDbEntity
  8
0
  6
Continuous
 62
     7
370
    25
100
AcDbCircle
 10
10.0646639101
 20
2.0873784714
 30
0.0
 40
0.1000000000001911
100
AcDbArc
 50
291.0812302214
 51
3.5576715008
  0
ARC
  5
6B2
330
1F
100
AcDbEntity
  8
0
  6
Continuous
 62
     7
370
    25
100
AcDbCircle
 10
10.0542113925
 20
2.2554983412
 30
0.0
 40
0.1000000000000379
100
AcDbArc
 50
3.5576715009
 51
92.523010157
  0
ARC
  5
6B3
330
1F
100
AcDbEntity
  8
0
  6
Continuous
 62
     7
370
    25
100
AcDbCircle
 10
5.8165324564
 20
1.1195739158
 30
0.0
 40
0.1000000000001437
100
AcDbArc
 50
183.5576715009
 51
272.8441787168
  0
ARC
  5
6B4
330
1F
100
AcDbEntity
  8
0
  6
Continuous
 62
     7
370
    25
100
AcDbCircle
 10
6.3128330352
 20
2.3346196278
 30
0.0
 40
0.0999999999999707
100
AcDbArc
 50
3.5576715008
 51
86.7145236469
  0
ARC
  5
6B5
330
1F
100
AcDbEntity
  8
0
  6
Continuous
 62
     7
370
    25
100
AcDbCircle
 10
1.8680921488
 20
2.6324010701
 30
0.0
 40
0.1000000000000047
100
AcDbArc
 50
86.485714283
 51
209.4207966178
  0
ARC
  5
6B6
330
1F
100
AcDbEntity
  8
0
  6
Continuous
 62
     7
370
    25
100
AcDbCircle
 10
2.3374758632
 20
1.8000856979
 30
0.0
 40
0.0999999999999931
100
AcDbArc
 50
209.4207966178
 51
3.5576691779
  0
ARC
  5
6B7
330
1F
100
AcDbEntity
  8
0
  6
Continuous
 62
     7
370
    25
100
AcDbCircle
 10
1.5978855938
 20
2.5008093466
 30
0.0
 40
0.1000000000000286
100
AcDbArc
 50
29.4207966179
 51
161.9530795773
  0
ARC
  5
6B8
330
1F
100
AcDbEntity
  8
0
  6
Continuous
 62
     7
370
    25
100
AcDbCircle
 10
1.4305553827
 20
1.9872512936
 30
0.0
 40
0.1000000000001192
100
AcDbArc
 50
161.9530795774
 51
234.1125551727
  0
ARC
  5
6B9
330
1F
100
AcDbEntity
  8
0
  6
Continuous
 62
     7
370
    25
100
AcDbCircle
 10
2.2874428555
 20
2.6048246672
 30
0.0
 40
0.0999999999998609
100
AcDbArc
 50
3.5576691778
 51
86.0903159364
  0
ARC
  5
6BA
330
1F
100
AcDbEntity
  8
0
  6
Continuous
 62
     7
370
    25
100
AcDbCircle
 10
5.7387836482
 20
2.3700974734
 30
0.0
 40
0.0999999999999785
100
AcDbArc
 50
86.2438427243
 51
183.5576715008
  0
ARC
  5
6BB
330
1F
100
AcDbEntity
  8
0
  6
Continuous
 62
     7
370
    25
100
AcDbCircle
 10
2.096159164
 20
1.6172662256
 30
0.0
 40
0.0999999999999926
100
AcDbArc
 50
246.7292726795
 51
29.4207966179
  0
ARC
  5
6BC
330
1F
100
AcDbEntity
  8
0
  6
Continuous
 62
     7
370
    25
100
AcDbCircle
 10
1.182656161
 20
2.1947965778
 30
0.0
 40
0.0999999999999936
100
AcDbArc
 50
225.2859299682
 51
341.9530795774
  0
ARC
  5
6BD
330
1F
100
AcDbEntity
  8
0
  6
Continuous
 62
     7
370
    25
100
AcDbCircle
 10
1.3315383764
 20
2.6517353468
 30
0.0
 40
0.1000000000000288
100
AcDbArc
 50
341.9530795774
 51
90.8162349726
  0
ARC
  5
6BE
330
1F
100
AcDbEntity
  8
0
  6
Continuous
 62
     7
370
    25
100
AcDbCircle
 10
6.3857687126
 20
1.1615111924
 30
0.0
 40
0.1000000000000196
100
AcDbArc
 50
275.6174002121
 51
3.5576715008
  0
ARC
  5
6BF
330
1F
100
AcDbEntity
  8
0
  6
Continuous
 62
     7
370
    25
100
AcDbCircle
 10
2.637400044
 20
3.0687363455
 30
0.0
 40
0.1000000000000125
100
AcDbArc
 50
268.4890178799
 51
3.5576715008
  0
ARC
  5
6C0
330
1F
100
AcDbEntity
  8
0
  6
Continuous
 62
     7
370
    25
100
AcDbCircle
 10
2.5867665589
 20
3.8831329557
 30
0.0
 40
0.1000000000000475
100
AcDbArc
 50
3.5576715008
 51
103.8498926897
  0
ARC
  5
6C1
330
1F
100
AcDbEntity
  8
0
  6
Continuous
 62
     7
370
    25
100
AcDbCircle
 10
0.5723854245
 20
3.2465678848
 30
0.0
 40
0.1000000000001912
100
AcDbArc
 50
111.0812302214
 51
183.5576715008
  0
ARC
  5
6C2
330
1F
100
AcDbEntity
  8
0
  6
Continuous
 62
     7
370
    25
100
AcDbCircle
 10
0.5828379421
 20
3.078448015
 30
0.0
 40
0.1000000000000404
100
AcDbArc
 50
183.5576715009
 51
272.523010157
  0
ARC
  5
6C3
330
1F
100
AcDbEntity
  8
0
  6
Continuous
 62
     7
370
    25
100
AcDbCircle
 10
4.8982656864
 20
2.9638488828
 30
0.0
 40
0.0999999999999662
100
AcDbArc
 50
266.2438427243
 51
3.5576715008
  0
ARC
  5
6C4
330
1F
100
AcDbEntity
  8
0
  6
Continuous
 62
     7
370
    25
100
AcDbCircle
 10
4.8205168782
 20
4.2143724404
 30
0.0
 40
0.1000000000001446
100
AcDbArc
 50
3.5576715009
 51
92.8441787168
  0
ARC
  5
6C5
330
1F
100
AcDbEntity
  8
0
  6
Continuous
 62
     7
370
    25
100
AcDbCircle
 10
4.3242162993
 20
2.9993267284
 30
0.0
 40
0.0999999999999707
100
AcDbArc
 50
183.5576715008
 51
266.7145236469
  0
ARC
  5
6C6
330
1F
100
AcDbEntity
  8
0
  6
Continuous
 62
     7
370
    25
100
AcDbCircle
 10
8.7689571858
 20
2.7015452861
 30
0.0
 40
0.1000000000000054
100
AcDbArc
 50
266.485714283
 51
29.4207966178
  0
ARC
  5
6C7
330
1F
100
AcDbEntity
  8
0
  6
Continuous
 62
     7
370
    25
100
AcDbCircle
 10
8.2995734713
 20
3.5338606583
 30
0.0
 40
0.0999999999999814
100
AcDbArc
 50
29.4207966178
 51
183.5576691779
  0
ARC
  5
6C8
330
1F
100
AcDbEntity
  8
0
  6
Continuous
 62
     7
370
    25
100
AcDbCircle
 10
9.0391637408
 20
2.8331370095
 30
0.0
 40
0.1000000000000219
100
AcDbArc
 50
209.4207966179
 51
341.9530795773
  0
ARC
  5
6C9
330
1F
100
AcDbEntity
  8
0
  6
Continuous
 62
     7
370
    25
100
AcDbCircle
 10
9.2064939518
 20
3.3466950625
 30
0.0
 40
0.1000000000001413
100
AcDbArc
 50
341.9530795774
 51
54.1125551727
  0
ARC
  5
6CA
330
1F
100
AcDbEntity
  8
0
  6
Continuous
 62
     7
370
    25
100
AcDbCircle
 10
4.2512806219
 20
4.1724351638
 30
0.0
 40
0.1000000000000042
100
AcDbArc
 50
95.6174002121
 51
183.5576715008
  0
ARC
  5
6CB
330
1F
100
AcDbEntity
  8
0
  6
Continuous
 62
     7
370
    25
100
AcDbCircle
 10
9.4543931735
 20
3.1391497784
 30
0.0
 40
0.0999999999999976
100
AcDbArc
 50
45.2859299682
 51
161.9530795774
  0
ARC
  5
6CC
330
1F
100
AcDbEntity
  8
0
  6
Continuous
 62
     7
370
    25
100
AcDbCircle
 10
8.5408901706
 20
3.7166801306
 30
0.0
 40
0.0999999999999903
100
AcDbArc
 50
66.7292726795
 51
209.4207966179
  0
ARC
  5
6CD
330
1F
100
AcDbEntity
  8
0
  6
Continuous
 62
     7
370
    25
100
AcDbCircle
 10
8.3496064791
 20
2.729121689
 30
0.0
 40
0.0999999999999164
100
AcDbArc
 50
183.5576691779
 51
266.0903159363
  0
ARC
  5
6CE
330
1F
100
AcDbEntity
  8
0
  6
Continuous
 62
     7
370
    25
100
AcDbCircle
 10
9.3055109582
 20
2.6822110094
 30
0.0
 40
0.1000000000000279
100
AcDbArc
 50
161.9530795774
 51
270.8162349726
  0
ARC
  5
6CF
330
1F
100
AcDbEntity
  8
0
  6
Continuous
 62
     7
370
    25
100
AcDbCircle
 10
-0.7379508557
 20
4.0578864794
 30
0.0
 40
0.1000000000000059
100
AcDbArc
 50
1.5576715008
 51
93.4669996323
  0
ARC
  5
6D0
330
1F
100
AcDbEntity
  8
0
  6
Continuous
 62
     7
370
    25
100
AcDbCircle
 10
-2.8408623908
 20
4.0008785373
 30
0.0
 40
0.0999999999999787
100
AcDbArc
 50
90.4857738183
 51
181.5576715008
  0
ARC
  5
6D1
330
1F
100
AcDbEntity
  8
0
  6
Continuous
 62
     7
370
    25
100
AcDbCircle
 10
-2.8306467324
 20
3.6252088888
 30
0.0
 40
0.1000000000000719
100
AcDbArc
 50
181.5576715009
 51
278.5582930691
  0
ARC
  5
6D2
330
1F
100
AcDbEntity
  8
0
  6
Continuous
 62
     7
370
    25
100
AcDbCircle
 10
-0.7362956144
 20
3.9970167938
 30
0.0
 40
0.0999999999999476
100
AcDbArc
 50
281.7952585861
 51
1.5576715008
  0
ARC
  5
6D3
330
1F
100
AcDbEntity
  8
0
  6
Continuous
 62
     7
370
    25
100
AcDbCircle
 10
-8.3882518232
 20
3.7593388023
 30
0.0
 40
0.1000000000000505
100
AcDbArc
 50
245.414499852
 51
1.5576715008
  0
ARC
  5
6D4
330
1F
100
AcDbEntity
  8
0
  6
Continuous
 62
     7
370
    25
100
AcDbCircle
 10
-8.3974231114
 20
4.09660288
 30
0.0
 40
0.0999999999998878
100
AcDbArc
 50
1.5576715008
 51
91.3049228003
  0
ARC
  5
6D5
330
1F
100
AcDbEntity
  8
0
  6
Continuous
 62
     7
370
    25
100
AcDbCircle
 10
-8.8474627182
 20
4.0884248814
 30
0.0
 40
0.0999999995039652
100
AcDbArc
 50
90.4906403016
 51
91.2609065476
  0
ARC
  5
6D6
330
1F
100
AcDbEntity
  8
0
  6
Continuous
 62
     7
370
    25
100
AcDbCircle
 10
-3.5246019842
 20
2.926682743
 30
0.0
 40
0.100000000000014
100
AcDbArc
 50
1.5576715008
 51
93.4669996322
  0
ARC
  5
6D7
330
1F
100
AcDbEntity
  8
0
  6
Continuous
 62
     7
370
    25
100
AcDbCircle
 10
-5.6275135193
 20
2.869674801
 30
0.0
 40
0.0999999999999781
100
AcDbArc
 50
90.4857738183
 51
181.5576715008
  0
ARC
  5
6D8
330
1F
100
AcDbEntity
  8
0
  6
Continuous
 62
     7
370
    25
100
AcDbCircle
 10
-5.6172978609
 20
2.4940051525
 30
0.0
 40
0.1000000000000771
100
AcDbArc
 50
181.5576715009
 51
278.5582930691
  0
ARC
  5
6D9
330
1F
100
AcDbEntity
  8
0
  6
Continuous
 62
     7
370
    25
100
AcDbCircle
 10
-3.5229467429
 20
2.8658130575
 30
0.0
 40
0.099999999999922
100
AcDbArc
 50
281.7952585861
 51
1.5576715009
  0
ARC
  5
6DA
330
1F
100
AcDbEntity
  8
0
  6
Continuous
 62
     7
370
    25
100
AcDbCircle
 10
-11.1749029517
 20
2.628135066
 30
0.0
 40
0.1000000000000522
100
AcDbArc
 50
245.414499852
 51
1.5576715008
  0
ARC
  5
6DB
330
1F
100
AcDbEntity
  8
0
  6
Continuous
 62
     7
370
    25
100
AcDbCircle
 10
-11.1840742399
 20
2.9653991437
 30
0.0
 40
0.0999999999998517
100
AcDbArc
 50
1.5576715007
 51
91.3049228003
  0
ARC
  5
6DC
330
1F
100
AcDbEntity
  8
0
  6
Continuous
 62
     7
370
    25
100
AcDbCircle
 10
-11.6341138467
 20
2.9572211454
 30
0.0
 40
0.0999999992469525
100
AcDbArc
 50
90.4906403003
 51
91.2609065482
  0
MTEXT
  5
D5C
330
1F
100
AcDbEntity
  8
0
  6
Continuous
 62
     7
100
AcDbMText
 10
-11.9446777104
 20
-8.5131125391
 30
0.0
 40
0.1903
 41
0.0
 71
     1
 72
     1
  1
SOLIDWORKS Educational Product.
  7
SLDTEXTSTYLE0
 73
     1
 44
1.0
  0
MTEXT
  5
D5D
330
1F
100
AcDbEntity
  8
0
  6
Continuous
 62
     7
100
AcDbMText
 10
-11.9446777104
 20
-8.7985625391
 30
0.0
 40
0.1903
 41
0.0
 71
     1
 72
     1
  1
For Instructional Use Only.
  7
SLDTEXTSTYLE0
 73
     1
 44
1.0
  0
CIRCLE
  5
6E4
330
1B
100
AcDbEntity
 67
     1
  8
0
  6
Continuous
 62
     7
370
    25
100
AcDbCircle
 10
5.1535955593
 20
0.2896784423
 30
0.0
 40
0.4550000000000037
  0
CIRCLE
  5
6E5
330
1B
100
AcDbEntity
 67
     1
  8
0
  6
Continuous
 62
     7
370
    25
100
AcDbCircle
 10
3.6508722303
 20
0.2619772524
 30
0.0
 40
0.4550000000000037
  0
CIRCLE
  5
6FC
330
1B
100
AcDbEntity
 67
     1
  8
0
  6
Continuous
 62
     7
370
    25
100
AcDbCircle
 10
8.0628772797
 20
-1.5254585369
 30
0.0
 40
0.1181102362204834
  0
CIRCLE
  5
6FD
330
1B
100
AcDbEntity
 67
     1
  8
0
  6
Continuous
 62
     7
370
    25
100
AcDbCircle
 10
7.6641319414
 20
-1.493801702
 30
0.0
 40
0.1181102362204657
  0
CIRCLE
  5
6FE
330
1B
100
AcDbEntity
 67
     1
  8
0
  6
Continuous
 62
     7
370
    25
100
AcDbCircle
 10
8.461622618
 20
-1.5571153718
 30
0.0
 40
0.1181102362204855
  0
CIRCLE
  5
6FF
330
1B
100
AcDbEntity
 67
     1
  8
0
  6
Continuous
 62
     7
370
    25
100
AcDbCircle
 10
7.2653866031
 20
-1.4621448671
 30
0.0
 40
0.1181102362204657
  0
CIRCLE
  5
700
330
1B
100
AcDbEntity
 67
     1
  8
0
  6
Continuous
 62
     7
370
    25
100
AcDbCircle
 10
6.8666412648
 20
-1.4304880322
 30
0.0
 40
0.1181102362204657
  0
SPLINE
  5
702
330
1B
100
AcDbEntity
 67
     1
  8
0
  6
Continuous
 62
     7
370
    25
100
AcDbSpline
210
0.0
220
0.0
230
1.0
 70
     8
 71
     3
 72
     9
 73
     5
 74
     0
 42
0.00000001
 43
0.00000001
 40
0.0
 40
0.0
 40
0.0
 40
0.0
 40
0.5600095428437407
 40
0.9999999999999999
 40
0.9999999999999999
 40
0.9999999999999999
 40
0.9999999999999999
 10
4.15064060155198
 20
-0.273741666632444
 30
0.0
 10
4.475479656556279
 20
-0.2604399445491789
 30
0.0
 10
5.055539512955796
 20
-0.2366872741648164
 30
0.0
 10
5.635758329561711
 20
-0.21721894443708
 30
0.0
 10
5.89104907193081
 20
-0.2086530651401042
 30
0.0
  0
SPLINE
  5
708
330
1B
100
AcDbEntity
 67
     1
  8
0
  6
Continuous
 62
     7
370
    25
100
AcDbSpline
210
0.0
220
0.0
230
1.0
 70
     8
 71
     3
 72
     9
 73
     5
 74
     0
 42
0.00000001
 43
0.00000001
 40
0.0
 40
0.0
 40
0.0
 40
0.0
 40
0.5600254466929957
 40
1.0
 40
1.0
 40
1.0
 40
1.0
 10
1.191868916035363
 20
-0.3319237276714165
 30
0.0
 10
1.443781804571209
 20
-0.3363534330922369
 30
0.0
 10
1.893605808147147
 20
-0.3442632619169414
 30
0.0
 10
2.343425981805475
 20
-0.3367473594223672
 30
0.0
 10
2.541335411779278
 20
-0.3334405535796177
 30
0.0
  0
SPLINE
  5
709
330
1B
100
AcDbEntity
 67
     1
  8
0
  6
Continuous
 62
     7
370
    25
100
AcDbSpline
210
0.0
220
0.0
230
1.0
 70
     8
 71
     3
 72
    15
 73
    11
 74
     0
 42
0.00000001
 43
0.00000001
 40
0.0
 40
0.0
 40
0.0
 40
0.0
 40
0.2493506067843412
 40
0.3130204017095465
 40
0.3756083666696764
 40
0.4372454478611618
 40
0.5011722410328747
 40
0.624613279529433
 40
0.7504519728929594
 40
1.0
 40
1.0
 40
1.0
 40
1.0
 10
1.191868916035363
 20
-0.3319237276714165
 30
0.0
 10
1.146055788120245
 20
-0.3310644930386726
 30
0.0
 10
1.088544623866435
 20
-0.3299858593294036
 30
0.0
 10
1.021357311649517
 20
-0.3161560089424287
 30
0.0
 10
0.9886029663492518
 20
-0.3032173245625391
 30
0.0
 10
0.965777592579678
 20
-0.2759871497531655
 30
0.0
 10
0.9474736783161476
 20
-0.234171938218985
 30
0.0
 10
0.9417316364603926
 20
-0.174361441615938
 30
0.0
 10
0.9817623722795412
 20
-0.0899794620928801
 30
0.0
 10
1.023621445331475
 20
-0.0357210746380524
 30
0.0
 10
1.051448346303213
 20
0.0003485911359219
 30
0.0
  0
SPLINE
  5
70A
330
1B
100
AcDbEntity
 67
     1
  8
0
  6
Continuous
 62
     7
370
    25
100
AcDbSpline
210
0.0
220
0.0
230
1.0
 70
     8
 71
     3
 72
    30
 73
    26
 74
     0
 42
0.00000001
 43
0.00000001
 40
0.0
 40
0.0
 40
0.0
 40
0.0
 40
0.0199852284469479
 40
0.0399909945833396
 40
0.0599918104368582
 40
0.0800359715673094
 40
0.1000540317088939
 40
0.120048867697702
 40
0.1400385570815881
 40
0.1767147924726682
 40
0.2134054529626984
 40
0.2500636414427628
 40
0.3125503299101307
 40
0.3750555749010134
 40
0.4375288821493098
 40
0.50003266305919
 40
0.5933607559114136
 40
0.6866890396101903
 40
0.7799683617885704
 40
0.8166215652424325
 40
0.8533036665723437
 40
0.8900234411976611
 40
0.926722521355111
 40
0.9633496652920406
 40
1.0
 40
1.0
 40
1.0
 40
1.0
 10
1.051448346303213
 20
0.0003485911359219
 30
0.0
 10
1.100408843387447
 20
0.0543828736222915
 30
0.0
 10
1.19838015149087
 20
0.1625069665724045
 30
0.0
 10
1.378752027765719
 20
0.288183118139182
 30
0.0
 10
1.572574729445815
 20
0.3895207286289432
 30
0.0
 10
1.775332580733965
 20
0.4716713825663817
 30
0.0
 10
1.981864023390972
 20
0.5431802269346745
 30
0.0
 10
2.191695928621004
 20
0.603778807363593
 30
0.0
 10
2.463148459870277
 20
0.6682338931417957
 30
0.0
 10
2.797859676999444
 20
0.7272891599402979
 30
0.0
 10
3.194749454081634
 20
0.7797978964795115
 30
0.0
 10
3.686636340879514
 20
0.8287723866144205
 30
0.0
 10
4.274684644933816
 20
0.8534982523109348
 30
0.0
 10
4.957003689898086
 20
0.8430950780784509
 30
0.0
 10
5.63755860929322
 20
0.7912283097639808
 30
0.0
 10
6.425452187728632
 20
0.6900727792923145
 30
0.0
 10
7.323355619576276
 20
0.565834975920347
 30
0.0
 10
8.330503494960059
 20
0.4134832330730776
 30
0.0
 10
9.128885268645005
 20
0.2630738276128512
 30
0.0
 10
9.72280339011734
 20
0.1417858468436493
 30
0.0
 10
10.11493844306335
 20
0.0608457360552843
 30
0.0
 10
10.50781376884128
 20
-0.0174241163173453
 30
0.0
 10
10.89922595605124
 20
-0.1013769633177036
 30
0.0
 10
11.28750743108648
 20
-0.2000888864623438
 30
0.0
 10
11.53796153346245
 20
-0.2919384002415689
 30
0.0
 10
11.66322821636163
 20
-0.3378776913447125
 30
0.0
  0
SPLINE
  5
70C
330
1B
100
AcDbEntity
 67
     1
  8
0
  6
Continuous
 62
     7
370
    25
100
AcDbSpline
210
0.0
220
0.0
230
1.0
 70
     8
 71
     3
 72
    11
 73
     7
 74
     0
 42
0.00000001
 43
0.00000001
 40
0.0
 40
0.0
 40
0.0
 40
0.0
 40
0.2800134148414458
 40
0.5600083365743973
 40
0.780001308717428
 40
0.9999999999999999
 40
0.9999999999999999
 40
0.9999999999999999
 40
0.9999999999999999
 10
9.565167242912647
 20
-0.2525898599866548
 30
0.0
 10
9.759272833513718
 20
-0.2621127848160295
 30
0.0
 10
10.14747119527381
 20
-0.2811580055460465
 30
0.0
 10
10.68703416858322
 20
-0.3246008485455477
 30
0.0
 10
11.18446968818906
 20
-0.3743207371807465
 30
0.0
 10
11.4898847968072
 20
-0.3803879188699449
 30
0.0
 10
11.64259433605345
 20
-0.3834215491460394
 30
0.0
  0
CIRCLE
  5
713
330
1B
100
AcDbEntity
 67
     1
  8
0
  6
Continuous
 62
     7
370
    25
100
AcDbCircle
 10
3.3526979712
 20
-1.1515121745
 30
0.0
 40
0.1181102362204843
  0
CIRCLE
  5
72F
330
1B
100
AcDbEntity
 67
     1
  8
0
  6
Continuous
 62
     7
370
    25
100
AcDbCircle
 10
7.6155421924
 20
-2.6114344972
 30
0.0
 40
0.4549999999999889
  0
CIRCLE
  5
730
330
1B
100
AcDbEntity
 67
     1
  8
0
  6
Continuous
 62
     7
370
    25
100
AcDbCircle
 10
9.1182655214
 20
-2.5837333073
 30
0.0
 40
0.455000000000006
  0
CIRCLE
  5
747
330
1B
100
AcDbEntity
 67
     1
  8
0
  6
Continuous
 62
     7
370
    25
100
AcDbCircle
 10
4.706260472
 20
-0.796297518
 30
0.0
 40
0.1181102362204843
  0
CIRCLE
  5
748
330
1B
100
AcDbEntity
 67
     1
  8
0
  6
Continuous
 62
     7
370
    25
100
AcDbCircle
 10
5.1050058103
 20
-0.8279543529
 30
0.0
 40
0.1181102362204834
  0
CIRCLE
  5
749
330
1B
100
AcDbEntity
 67
     1
  8
0
  6
Continuous
 62
     7
370
    25
100
AcDbCircle
 10
4.3075151337
 20
-0.7646406831
 30
0.0
 40
0.1181102362204838
  0
CIRCLE
  5
74A
330
1B
100
AcDbEntity
 67
     1
  8
0
  6
Continuous
 62
     7
370
    25
100
AcDbCircle
 10
5.5037511486
 20
-0.8596111878
 30
0.0
 40
0.1181102362204826
  0
CIRCLE
  5
74B
330
1B
100
AcDbEntity
 67
     1
  8
0
  6
Continuous
 62
     7
370
    25
100
AcDbCircle
 10
5.9024964868
 20
-0.8912680227
 30
0.0
 40
0.1181102362204648
  0
SPLINE
  5
74D
330
1B
100
AcDbEntity
 67
     1
  8
0
  6
Continuous
 62
     7
370
    25
100
AcDbSpline
210
0.0
220
0.0
230
1.0
 70
     8
 71
     3
 72
     9
 73
     5
 74
     0
 42
0.00000001
 43
0.00000001
 40
0.0
 40
0.0
 40
0.0
 40
0.0
 40
0.5600095428437365
 40
1.0
 40
1.0
 40
1.0
 40
1.0
 10
8.618497150118614
 20
-2.048014388272906
 30
0.0
 10
8.29365809511432
 20
-2.061316110356172
 30
0.0
 10
7.71359823871481
 20
-2.085068780740537
 30
0.0
 10
7.1333794221089
 20
-2.104537110468265
 30
0.0
 10
6.878088679739803
 20
-2.113102989765237
 30
0.0
  0
SPLINE
  5
753
330
1B
100
AcDbEntity
 67
     1
  8
0
  6
Continuous
 62
     7
370
    25
100
AcDbSpline
210
0.0
220
0.0
230
1.0
 70
     8
 71
     3
 72
     9
 73
     5
 74
     0
 42
0.00000001
 43
0.00000001
 40
0.0
 40
0.0
 40
0.0
 40
0.0
 40
0.5600254466929957
 40
1.0
 40
1.0
 40
1.0
 40
1.0
 10
11.57726883563525
 20
-1.989832327233952
 30
0.0
 10
11.32535594709941
 20
-1.985402621813131
 30
0.0
 10
10.87553194352347
 20
-1.977492792988426
 30
0.0
 10
10.42571176986514
 20
-1.985008695483001
 30
0.0
 10
10.22780233989134
 20
-1.988315501325751
 30
0.0
  0
SPLINE
  5
754
330
1B
100
AcDbEntity
 67
     1
  8
0
  6
Continuous
 62
     7
370
    25
100
AcDbSpline
210
0.0
220
0.0
230
1.0
 70
     8
 71
     3
 72
    15
 73
    11
 74
     0
 42
0.00000001
 43
0.00000001
 40
0.0
 40
0.0
 40
0.0
 40
0.0
 40
0.249350606784341
 40
0.313020401709546
 40
0.3756083666696466
 40
0.4372454478611649
 40
0.501172241032863
 40
0.6246132795294231
 40
0.7504519728929605
 40
1.0
 40
1.0
 40
1.0
 40
1.0
 10
11.57726883563525
 20
-1.989832327233952
 30
0.0
 10
11.62308196355037
 20
-1.990691561866701
 30
0.0
 10
11.68059312780417
 20
-1.991770195575977
 30
0.0
 10
11.74778044002109
 20
-2.005600045962944
 30
0.0
 10
11.78053478532135
 20
-2.018538730342848
 30
0.0
 10
11.80336015909093
 20
-2.045768905152212
 30
0.0
 10
11.82166407335446
 20
-2.087584116686394
 30
0.0
 10
11.82740611521025
 20
-2.147394613289443
 30
0.0
 10
11.78737537939105
 20
-2.231776592812491
 30
0.0
 10
11.74551630633913
 20
-2.286034980267323
 30
0.0
 10
11.7176894053674
 20
-2.322104646041299
 30
0.0
  0
SPLINE
  5
755
330
1B
100
AcDbEntity
 67
     1
  8
0
  6
Continuous
 62
     7
370
    25
100
AcDbSpline
210
0.0
220
0.0
230
1.0
 70
     8
 71
     3
 72
    30
 73
    26
 74
     0
 42
0.00000001
 43
0.00000001
 40
0.0
 40
0.0
 40
0.0
 40
0.0
 40
0.019985228446948
 40
0.0399909945833392
 40
0.0599918104368579
 40
0.080035971567309
 40
0.1000540317088951
 40
0.1200488676977017
 40
0.1400385570815894
 40
0.1767147924726694
 40
0.2134054529626998
 40
0.2500636414427641
 40
0.3125503299101321
 40
0.3750555749010133
 40
0.4375288821493114
 40
0.5000326630591918
 40
0.5933607559114155
 40
0.6866890396101926
 40
0.7799683617885713
 40
0.816621565242435
 40
0.8533036665723464
 40
0.8900234411976624
 40
0.926722521355114
 40
0.9633496652920438
 40
1.0
 40
1.0
 40
1.0
 40
1.0
 10
11.7176894053674
 20
-2.322104646041299
 30
0.0
 10
11.66872890828316
 20
-2.376138928527669
 30
0.0
 10
11.57075760017974
 20
-2.484263021477782
 30
0.0
 10
11.39038572390489
 20
-2.609939173044549
 30
0.0
 10
11.1965630222248
 20
-2.711276783534312
 30
0.0
 10
10.99380517093664
 20
-2.793427437471753
 30
0.0
 10
10.78727372827963
 20
-2.864936281840036
 30
0.0
 10
10.5774418230496
 20
-2.925534862268966
 30
0.0
 10
10.30598929180033
 20
-2.98998994804716
 30
0.0
 10
9.971278074671146
 20
-3.04904521484566
 30
0.0
 10
9.574388297588962
 20
-3.101553951384878
 30
0.0
 10
9.082501410791076
 20
-3.150528441519769
 30
0.0
 10
8.494453106736788
 20
-3.175254307216293
 30
0.0
 10
7.812134061772514
 20
-3.164851132983801
 30
0.0
 10
7.13157914237738
 20
-3.112984364669321
 30
0.0
 10
6.343685563941963
 20
-3.011828834197659
 30
0.0
 10
5.445782132094317
 20
-2.887591030825678
 30
0.0
 10
4.438634256710539
 20
-2.735239287978407
 30
0.0
 10
3.640252483025598
 20
-2.584829882518161
 30
0.0
 10
3.046334361553256
 20
-2.463541901748966
 30
0.0
 10
2.65419930860725
 20
-2.382601790960606
 30
0.0
 10
2.26132398282933
 20
-2.304331938587953
 30
0.0
 10
1.869911795619359
 20
-2.220379091587609
 30
0.0
 10
1.481630320584128
 20
-2.121667168442957
 30
0.0
 10
1.231176218208167
 20
-2.029817654663729
 30
0.0
 10
1.105909535308996
 20
-1.983878363560586
 30
0.0
  0
SPLINE
  5
757
330
1B
100
AcDbEntity
 67
     1
  8
0
  6
Continuous
 62
     7
370
    25
100
AcDbSpline
210
0.0
220
0.0
230
1.0
 70
     8
 71
     3
 72
    11
 73
     7
 74
     0
 42
0.00000001
 43
0.00000001
 40
0.0
 40
0.0
 40
0.0
 40
0.0
 40
0.2800134148414314
 40
0.5600083365743939
 40
0.7800013087174262
 40
1.0
 40
1.0
 40
1.0
 40
1.0
 10
3.203970508757946
 20
-2.069166194918669
 30
0.0
 10
3.009864918156887
 20
-2.059643270089292
 30
0.0
 10
2.621666556396805
 20
-2.040598049359268
 30
0.0
 10
2.082103583087395
 20
-1.997155206359757
 30
0.0
 10
1.584668063481554
 20
-1.947435317724562
 30
0.0
 10
1.279252954863417
 20
-1.941368136035358
 30
0.0
 10
1.126543415617167
 20
-1.938334505759259
 30
0.0
  0
CIRCLE
  5
75E
330
1B
100
AcDbEntity
 67
     1
  8
0
  6
Continuous
 62
     7
370
    25
100
AcDbCircle
 10
9.4164397805
 20
-1.1702438804
 30
0.0
 40
0.1181102362204838
  0
SPLINE
  5
774
330
1B
100
AcDbEntity
 67
     1
  8
0
  6
Continuous
 62
     7
370
    25
100
AcDbSpline
210
0.0
220
0.0
230
1.0
 70
     8
 71
     3
 72
     9
 73
     5
 74
     0
 42
0.00000001
 43
0.00000001
 40
0.0
 40
0.0
 40
0.0
 40
0.0
 40
0.5593529695396626
 40
1.0
 40
1.0
 40
1.0
 40
1.0
 10
-9.967883620169003
 20
-1.350612987039489
 30
0.0
 10
-10.06027303257711
 20
-1.347989640551299
 30
0.0
 10
-10.22544496772237
 20
-1.343299674409976
 30
0.0
 10
-10.3900828613831
 20
-1.356896881945137
 30
0.0
 10
-10.46263006032595
 20
-1.362888451068058
 30
0.0
  0
SPLINE
  5
776
330
1B
100
AcDbEntity
 67
     1
  8
0
  6
Continuous
 62
     7
370
    25
100
AcDbSpline
210
0.0
220
0.0
230
1.0
 70
     8
 71
     3
 72
     9
 73
     5
 74
     0
 42
0.00000001
 43
0.00000001
 40
0.0
 40
0.0
 40
0.0
 40
0.0
 40
0.5612826096125593
 40
0.9999999999999999
 40
0.9999999999999999
 40
0.9999999999999999
 40
0.9999999999999999
 10
-10.46207667824457
 20
-1.576550383843091
 30
0.0
 10
-10.3740891135609
 20
-1.585251114555547
 30
0.0
 10
-10.21732750510061
 20
-1.600752629413565
 30
0.0
 10
-10.06084456356612
 20
-1.618844356287116
 30
0.0
 10
-9.992192775815955
 20
-1.626781511488682
 30
0.0
  0
SPLINE
  5
77C
330
1B
100
AcDbEntity
 67
     1
  8
0
  6
Continuous
 62
     7
370
    25
100
AcDbSpline
210
0.0
220
0.0
230
1.0
 70
     8
 71
     3
 72
    34
 73
    30
 74
     0
 42
0.00000001
 43
0.00000001
 40
0.0
 40
0.0
 40
0.0
 40
0.0
 40
0.0831359464401087
 40
0.1662100711800199
 40
0.2486080245488468
 40
0.2775223250385678
 40
0.3062551618455376
 40
0.3344440845025172
 40
0.3614999860792677
 40
0.3658277767603063
 40
0.3682269128550348
 40
0.3684737247324498
 40
0.3686514691978148
 40
0.3691165149067474
 40
0.3716968402816508
 40
0.3756739209890349
 40
0.3806568780773121
 40
0.3856920532821121
 40
0.4076385847511221
 40
0.4302370023671593
 40
0.4668619580581271
 40
0.5000556716072407
 40
0.5335968783008345
 40
0.5848235456948112
 40
0.6364255679148796
 40
0.6882341448256514
 40
0.7919740709630008
 40
0.8959079195521826
 40
0.9999999999999999
 40
0.9999999999999999
 40
0.9999999999999999
 40
0.9999999999999999
 10
-10.92371782855214
 20
-1.620550944705093
 30
0.0
 10
-10.79774464670668
 20
-1.626411709855407
 30
0.0
 10
-10.54589195941705
 20
-1.63812888196344
 30
0.0
 10
-10.17093309273759
 20
-1.67857614647965
 30
0.0
 10
-9.878281129342142
 20
-1.714932119511587
 30
0.0
 10
-9.666238883543837
 20
-1.727958395838376
 30
0.0
 10
-9.535866766476987
 20
-1.727580971937064
 30
0.0
 10
-9.409103092019704
 20
-1.715764653979446
 30
0.0
 10
-9.32009331403283
 20
-1.693954048761235
 30
0.0
 10
-9.274098345242018
 20
-1.671466178491997
 30
0.0
 10
-9.264736829037394
 20
-1.666433979377572
 30
0.0
 10
-9.261460587552751
 20
-1.663620852887772
 30
0.0
 10
-9.260755085331397
 20
-1.66245121734017
 30
0.0
 10
-9.259685428104738
 20
-1.657622331933464
 30
0.0
 10
-9.259469656411465
 20
-1.646966335148309
 30
0.0
 10
-9.258237989676763
 20
-1.629515179170719
 30
0.0
 10
-9.260471378741455
 20
-1.608125328724694
 30
0.0
 10
-9.279354529006064
 20
-1.563082243850361
 30
0.0
 10
-9.327582181015813
 20
-1.50347045047445
 30
0.0
 10
-9.42386938442156
 20
-1.42611046515283
 30
0.0
 10
-9.550930533568641
 20
-1.363738611885527
 30
0.0
 10
-9.701319566513916
 20
-1.318406094178449
 30
0.0
 10
-9.877899288430442
 20
-1.287562088373934
 30
0.0
 10
-10.08481180273666
 20
-1.275428582562488
 30
0.0
 10
-10.31938715762067
 20
-1.282389763230213
 30
0.0
 10
-10.63248205345865
 20
-1.309313446141446
 30
0.0
 10
-11.02207419711099
 20
-1.368048434352062
 30
0.0
 10
-11.48304725214961
 20
-1.474928403724649
 30
0.0
 10
-11.78573677384325
 20
-1.563964777862522
 30
0.0
 10
-11.93719665285305
 20
-1.608516827034685
 30
0.0
  0
CIRCLE
  5
783
330
1B
100
AcDbEntity
 67
     1
  8
0
  6
Continuous
 62
     7
370
    25
100
AcDbCircle
 10
-10.7027937923
 20
-1.472704354
 30
0.0
 40
0.0590551181102366
  0
CIRCLE
  5
784
330
1B
100
AcDbEntity
 67
     1
  8
0
  6
Continuous
 62
     7
370
    25
100
AcDbCircle
 10
-9.7040216415
 20
-1.5222441438
 30
0.0
 40
0.059055118110232
  0
SPLINE
  5
786
330
1B
100
AcDbEntity
 67
     1
  8
0
  6
Continuous
 62
     7
370
    25
100
AcDbSpline
210
0.0
220
0.0
230
1.0
 70
     8
 71
     3
 72
     9
 73
     5
 74
     0
 42
0.00000001
 43
0.00000001
 40
0.0
 40
0.0
 40
0.0
 40
0.0
 40
0.5593529695396472
 40
1.0
 40
1.0
 40
1.0
 40
1.0
 10
-11.0058427063671
 20
-4.380510434058341
 30
0.0
 10
-10.913453293959
 20
-4.383133780546533
 30
0.0
 10
-10.74828135881375
 20
-4.387823746687859
 30
0.0
 10
-10.58364346515302
 20
-4.374226539152699
 30
0.0
 10
-10.51109626621017
 20
-4.368234970029778
 30
0.0
  0
SPLINE
  5
788
330
1B
100
AcDbEntity
 67
     1
  8
0
  6
Continuous
 62
     7
370
    25
100
AcDbSpline
210
0.0
220
0.0
230
1.0
 70
     8
 71
     3
 72
     9
 73
     5
 74
     0
 42
0.00000001
 43
0.00000001
 40
0.0
 40
0.0
 40
0.0
 40
0.0
 40
0.5612826096125573
 40
1.0
 40
1.0
 40
1.0
 40
1.0
 10
-10.51164964829155
 20
-4.154573037254744
 30
0.0
 10
-10.59963721297521
 20
-4.145872306542292
 30
0.0
 10
-10.75639882143551
 20
-4.130370791684279
 30
0.0
 10
-10.91288176297
 20
-4.112279064810717
 30
0.0
 10
-10.98153355072016
 20
-4.104341909609144
 30
0.0
  0
SPLINE
  5
78E
330
1B
100
AcDbEntity
 67
     1
  8
0
  6
Continuous
 62
     7
370
    25
100
AcDbSpline
210
0.0
220
0.0
230
1.0
 70
     8
 71
     3
 72
    34
 73
    30
 74
     0
 42
0.00000001
 43
0.00000001
 40
0.0
 40
0.0
 40
0.0
 40
0.0
 40
0.0831359464401127
 40
0.1662100711800203
 40
0.2486080245488438
 40
0.2775223250385687
 40
0.3062551618455425
 40
0.3344440845025182
 40
0.3614999860792653
 40
0.3658277767603079
 40
0.3682269128550354
 40
0.3684737247324531
 40
0.3686514691978161
 40
0.3691165149067497
 40
0.3716968402816529
 40
0.375673920989037
 40
0.3806568780773142
 40
0.3856920532821138
 40
0.4076385847511291
 40
0.4302370023671628
 40
0.4668619580581341
 40
0.5000556716072443
 40
0.5335968783008342
 40
0.5848235456948149
 40
0.6364255679148796
 40
0.6882341448256515
 40
0.7919740709630012
 40
0.895907919552183
 40
1.0
 40
1.0
 40
1.0
 40
1.0
 10
-10.05000849798397
 20
-4.110572476392747
 30
0.0
 10
-10.17598167982945
 20
-4.104711711242434
 30
0.0
 10
-10.42783436711908
 20
-4.092994539134404
 30
0.0
 10
-10.80279323379853
 20
-4.052547274618184
 30
0.0
 10
-11.09544519719397
 20
-4.016191301586249
 30
0.0
 10
-11.30748744299228
 20
-4.003165025259444
 30
0.0
 10
-11.43785956005912
 20
-4.003542449160779
 30
0.0
 10
-11.56462323451646
 20
-4.01535876711834
 30
0.0
 10
-11.65363301250317
 20
-4.037169372336684
 30
0.0
 10
-11.69962798129414
 20
-4.059657242605804
 30
0.0
 10
-11.70898949749867
 20
-4.064689441720306
 30
0.0
 10
-11.71226573898339
 20
-4.067502568210044
 30
0.0
 10
-11.71297124120471
 20
-4.068672203757669
 30
0.0
 10
-11.71404089843146
 20
-4.07350108916433
 30
0.0
 10
-11.7142566701246
 20
-4.084157085949538
 30
0.0
 10
-11.71548833685938
 20
-4.1016082419271
 30
0.0
 10
-11.71325494779465
 20
-4.122998092373131
 30
0.0
 10
-11.69437179753011
 20
-4.168041177247487
 30
0.0
 10
-11.64614414552027
 20
-4.227652970623362
 30
0.0
 10
-11.54985694211456
 20
-4.305012955945017
 30
0.0
 10
-11.42279579296746
 20
-4.36738480921229
 30
0.0
 10
-11.2724067600222
 20
-4.412717326919391
 30
0.0
 10
-11.09582703810568
 20
-4.443561332723894
 30
0.0
 10
-10.88891452379947
 20
-4.455694838535349
 30
0.0
 10
-10.65433916891546
 20
-4.448733657867622
 30
0.0
 10
-10.34124427307747
 20
-4.421809974956386
 30
0.0
 10
-9.951652129425142
 20
-4.363074986745771
 30
0.0
 10
-9.490679074386525
 20
-4.25619501737319
 30
0.0
 10
-9.187989552692887
 20
-4.167158643235324
 30
0.0
 10
-9.036529673683086
 20
-4.122606594063163
 30
0.0
  0
CIRCLE
  5
795
330
1B
100
AcDbEntity
 67
     1
  8
0
  6
Continuous
 62
     7
370
    25
100
AcDbCircle
 10
-10.2709325342
 20
-4.2584190671
 30
0.0
 40
0.0590551181102309
  0
CIRCLE
  5
796
330
1B
100
AcDbEntity
 67
     1
  8
0
  6
Continuous
 62
     7
370
    25
100
AcDbCircle
 10
-11.269704685
 20
-4.2088792773
 30
0.0
 40
0.0590551181102512
  0
SPLINE
  5
797
330
1B
100
AcDbEntity
 67
     1
  8
0
  6
Continuous
 62
     7
370
    25
100
AcDbSpline
210
0.0
220
0.0
230
1.0
 70
     8
 71
     3
 72
    13
 73
     9
 74
     0
 42
0.00000001
 43
0.00000001
 40
0.0
 40
0.0
 40
0.0
 40
0.0
 40
0.1847666207860457
 40
0.3677999321390036
 40
0.5514491074757105
 40
0.697723265149385
 40
0.8468992356958033
 40
0.9999999999999999
 40
0.9999999999999999
 40
0.9999999999999999
 40
0.9999999999999999
 10
-11.81752107220644
 20
-8.288857878941888
 30
0.0
 10
-11.67429253614344
 20
-8.32917987324252
 30
0.0
 10
-11.38917910158349
 20
-8.40944559821161
 30
0.0
 10
-10.94802281715101
 20
-8.46802091667391
 30
0.0
 10
-10.53474922117477
 20
-8.478751067245922
 30
0.0
 10
-10.15004906742649
 20
-8.449075703301482
 30
0.0
 10
-9.793012631364226
 20
-8.392872118352761
 30
0.0
 10
-9.557725105290263
 20
-8.330945728451272
 30
0.0
 10
-9.4385538429337
 20
-8.299580504034635
 30
0.0
  0
SPLINE
  5
799
330
1B
100
AcDbEntity
 67
     1
  8
0
  6
Continuous
 62
     7
370
    25
100
AcDbSpline
210
0.0
220
0.0
230
1.0
 70
     8
 71
     3
 72
    15
 73
    11
 74
     0
 42
0.00000001
 43
0.00000001
 40
0.0
 40
0.0
 40
0.0
 40
0.0
 40
0.1118511213543171
 40
0.2194164314279937
 40
0.3253115798717976
 40
0.431635399660291
 40
0.5399365425118237
 40
0.6864474249979204
 40
0.8395486927966831
 40
1.0
 40
1.0
 40
1.0
 40
1.0
 10
-11.64795511481898
 20
-7.656029110737772
 30
0.0
 10
-11.55912329601334
 20
-7.684175269045673
 30
0.0
 10
-11.38486343662535
 20
-7.739389106328218
 30
0.0
 10
-11.11606639637385
 20
-7.779008720146109
 30
0.0
 10
-10.84979544249052
 20
-7.788633929571359
 30
0.0
 10
-10.5833349935694
 20
-7.770258105747828
 30
0.0
 10
-10.28608777221171
 20
-7.724913962685825
 30
0.0
 10
-9.954888567969434
 20
-7.649745671347624
 30
0.0
 10
-9.586015743545456
 20
-7.547496712926818
 30
0.0
 10
-9.335529980079622
 20
-7.474665366637685
 30
0.0
 10
-9.207351258588826
 20
-7.437396067486208
 30
0.0
  0
SPLINE
  5
79A
330
1B
100
AcDbEntity
 67
     1
  8
0
  6
Continuous
 62
     7
370
    25
100
AcDbSpline
210
0.0
220
0.0
230
1.0
 70
     8
 71
     3
 72
    10
 73
     6
 74
     0
 42
0.00000001
 43
0.00000001
 40
0.0
 40
0.0
 40
0.0
 40
0.0
 40
0.3366770837131382
 40
0.6617269240353539
 40
1.0
 40
1.0
 40
1.0
 40
1.0
 10
-8.74081511307429
 20
-7.318796872452634
 30
0.0
 10
-8.792936457044195
 20
-7.333019965378618
 30
0.0
 10
-8.895379118841692
 20
-7.360974952478958
 30
0.0
 10
-9.050844659361463
 20
-7.400790483325321
 30
0.0
 10
-9.154494582709818
 20
-7.425029023299233
 30
0.0
 10
-9.20735266665906
 20
-7.437389888984027
 30
0.0
  0
SPLINE
  5
79E
330
1B
100
AcDbEntity
 67
     1
  8
0
  6
Continuous
 62
     7
370
    25
100
AcDbSpline
210
0.0
220
0.0
230
1.0
 70
     8
 71
     3
 72
    16
 73
    12
 74
     0
 42
0.00000001
 43
0.00000001
 40
0.0
 40
0.0
 40
0.0
 40
0.0
 40
0.088294064936476
 40
0.1755282414623865
 40
0.2637727404546955
 40
0.386137946463083
 40
0.5074814688986072
 40
0.6278221989959413
 40
0.7488627502790072
 40
0.8738187985764903
 40
1.0
 40
1.0
 40
1.0
 40
1.0
 10
-5.928334293204633
 20
-6.834069334745345
 30
0.0
 10
-6.005465030232105
 20
-6.816565873009671
 30
0.0
 10
-6.158800621280836
 20
-6.781769062372651
 30
0.0
 10
-6.394847489772128
 20
-6.762392886371652
 30
0.0
 10
-6.661667328008789
 20
-6.770202507578358
 30
0.0
 10
-6.956422718054188
 20
-6.812177923608105
 30
0.0
 10
-7.273914123816526
 20
-6.886093242324218
 30
0.0
 10
-7.586199534958355
 20
-6.974804504385915
 30
0.0
 10
-7.900275244528228
 20
-7.068757842664265
 30
0.0
 10
-8.218609792942743
 20
-7.166701691569849
 30
0.0
 10
-8.434126652618197
 20
-7.230425785688614
 30
0.0
 10
-8.542410773397103
 20
-7.262443269213913
 30
0.0
  0
SPLINE
  5
7A2
330
1B
100
AcDbEntity
 67
     1
  8
0
  6
Continuous
 62
     7
370
    25
100
AcDbSpline
210
0.0
220
0.0
230
1.0
 70
     8
 71
     3
 72
    19
 73
    15
 74
     0
 42
0.00000001
 43
0.00000001
 40
0.0
 40
0.0
 40
0.0
 40
0.0
 40
0.0731065737329208
 40
0.1358948848777956
 40
0.1986540075874961
 40
0.2637754980433243
 40
0.3287801254472412
 40
0.4410299574171652
 40
0.5542052006648759
 40
0.6644953110645266
 40
0.7485013745687139
 40
0.8321121294620442
 40
0.9157902610316218
 40
1.0
 40
1.0
 40
1.0
 40
1.0
 10
-8.20328467241788
 20
-7.84982690628266
 30
0.0
 10
-8.15383321375556
 20
-7.831329045207182
 30
0.0
 10
-8.06190987582831
 20
-7.796944111363604
 30
0.0
 10
-7.927240488261529
 20
-7.747469602105746
 30
0.0
 10
-7.797624779959499
 20
-7.700972671030613
 30
0.0
 10
-7.665977520349974
 20
-7.655413340732763
 30
0.0
 10
-7.499600401269418
 20
-7.600989894119452
 30
0.0
 10
-7.298247066794813
 20
-7.541959337768329
 30
0.0
 10
-7.061996904004865
 20
-7.486740237311897
 30
0.0
 10
-6.842541899432729
 20
-7.451468029864331
 30
0.0
 10
-6.64239623394099
 20
-7.43417646439691
 30
0.0
 10
-6.460774092532986
 20
-7.432907045217624
 30
0.0
 10
-6.279224408268713
 20
-7.443843656185277
 30
0.0
 10
-6.159369021301845
 20
-7.462555665956227
 30
0.0
 10
-6.099251570183466
 20
-7.471941296099348
 30
0.0
  0
SPLINE
  5
7A6
330
1B
100
AcDbEntity
 67
     1
  8
0
  6
Continuous
 62
     7
370
    25
100
AcDbSpline
210
0.0
220
0.0
230
1.0
 70
     8
 71
     3
 72
    13
 73
     9
 74
     0
 42
0.00000001
 43
0.00000001
 40
0.0
 40
0.0
 40
0.0
 40
0.0
 40
0.1296937078888863
 40
0.2547997244080434
 40
0.3802860895280822
 40
0.5152691938578882
 40
0.7512196583727335
 40
1.0
 40
1.0
 40
1.0
 40
1.0
 10
-9.438553842934022
 20
-8.299580504033646
 30
0.0
 10
-9.39287665359232
 20
-8.28458431993297
 30
0.0
 10
-9.30313802675029
 20
-8.255122415895968
 30
0.0
 10
-9.169889627061215
 20
-8.209106775555183
 30
0.0
 10
-9.035199655742035
 20
-8.161286355166661
 30
0.0
 10
-8.862291619042141
 20
-8.098319061161453
 30
0.0
 10
-8.64714628219262
 20
-8.017797324657673
 30
0.0
 10
-8.479143844633791
 20
-7.954074735655903
 30
0.0
 10
-8.392919277759765
 20
-7.921370134957206
 30
0.0
  0
SPLINE
  5
7A7
330
1B
100
AcDbEntity
 67
     1
  8
0
  6
Continuous
 62
     7
370
    25
100
AcDbSpline
210
0.0
220
0.0
230
1.0
 70
     8
 71
     3
 72
    13
 73
     9
 74
     0
 42
0.00000001
 43
0.00000001
 40
0.0
 40
0.0
 40
0.0
 40
0.0
 40
0.1847666207860442
 40
0.3677999321390008
 40
0.5514491074757087
 40
0.6977232651493821
 40
0.846899235695801
 40
1.0
 40
1.0
 40
1.0
 40
1.0
 10
-5.653020094882873
 20
-6.475957302628869
 30
0.0
 10
-5.509791558819862
 20
-6.516279296929493
 30
0.0
 10
-5.224678124259918
 20
-6.596545021898574
 30
0.0
 10
-4.783521839827436
 20
-6.655120340360859
 30
0.0
 10
-4.370248243851195
 20
-6.665850490932888
 30
0.0
 10
-3.985548090102919
 20
-6.636175126988453
 30
0.0
 10
-3.628511654040648
 20
-6.579971542039734
 30
0.0
 10
-3.393224127966686
 20
-6.518045152138232
 30
0.0
 10
-3.274052865610124
 20
-6.486679927721589
 30
0.0
  0
SPLINE
  5
7A9
330
1B
100
AcDbEntity
 67
     1
  8
0
  6
Continuous
 62
     7
370
    25
100
AcDbSpline
210
0.0
220
0.0
230
1.0
 70
     8
 71
     3
 72
    15
 73
    11
 74
     0
 42
0.00000001
 43
0.00000001
 40
0.0
 40
0.0
 40
0.0
 40
0.0
 40
0.1118511213543189
 40
0.2194164314279975
 40
0.325311579871802
 40
0.4316353996602942
 40
0.5399365425118261
 40
0.686447424997925
 40
0.8395486927966881
 40
1.0
 40
1.0
 40
1.0
 40
1.0
 10
-5.483454137495401
 20
-5.843128534424736
 30
0.0
 10
-5.394622318689762
 20
-5.871274692732642
 30
0.0
 10
-5.220362459301779
 20
-5.926488530015197
 30
0.0
 10
-4.951565419050265
 20
-5.966108143833073
 30
0.0
 10
-4.685294465166939
 20
-5.975733353258309
 30
0.0
 10
-4.418834016245819
 20
-5.957357529434798
 30
0.0
 10
-4.121586794888132
 20
-5.912013386372785
 30
0.0
 10
-3.790387590645859
 20
-5.836845095034588
 30
0.0
 10
-3.421514766221891
 20
-5.73459613661378
 30
0.0
 10
-3.171029002756055
 20
-5.661764790324664
 30
0.0
 10
-3.04285028126526
 20
-5.624495491173198
 30
0.0
  0
SPLINE
  5
7AA
330
1B
100
AcDbEntity
 67
     1
  8
0
  6
Continuous
 62
     7
370
    25
100
AcDbSpline
210
0.0
220
0.0
230
1.0
 70
     8
 71
     3
 72
    10
 73
     6
 74
     0
 42
0.00000001
 43
0.00000001
 40
0.0
 40
0.0
 40
0.0
 40
0.0
 40
0.3375035102070942
 40
0.6618802696696047
 40
1.0
 40
1.0
 40
1.0
 40
1.0
 10
-2.566047965956332
 20
-5.503051556201172
 30
0.0
 10
-2.61944300718348
 20
-5.517663208066027
 30
0.0
 10
-2.724156360430558
 20
-5.546318211004203
 30
0.0
 10
-2.883041283633795
 20
-5.587097361061339
 30
0.0
 10
-2.988849915035663
 20
-5.61185414212258
 30
0.0
 10
-3.042851689335496
 20
-5.624489312671017
 30
0.0
  0
SPLINE
  5
7AE
330
1B
100
AcDbEntity
 67
     1
  8
0
  6
Continuous
 62
     7
370
    25
100
AcDbSpline
210
0.0
220
0.0
230
1.0
 70
     8
 71
     3
 72
    16
 73
    12
 74
     0
 42
0.00000001
 43
0.00000001
 40
0.0
 40
0.0
 40
0.0
 40
0.0
 40
0.0886446024328676
 40
0.176225108577435
 40
0.2648199482836898
 40
0.3869775349959376
 40
0.5081110137127534
 40
0.6282464473442332
 40
0.7492092855305967
 40
0.8739398021911468
 40
1.0
 40
1.0
 40
1.0
 40
1.0
 10
0.2361666841189419
 20
-5.021168758432282
 30
0.0
 10
0.1590359460154446
 20
-5.00366529123189
 30
0.0
 10
0.0057003528275764
 20
-4.968868469731036
 30
0.0
 10
-0.2303464997067043
 20
-4.949492374769589
 30
0.0
 10
-0.4965476686201169
 20
-4.957283535969321
 30
0.0
 10
-0.7900861362502664
 20
-4.998977628581961
 30
0.0
 10
-1.105828635352437
 20
-5.072272487515952
 30
0.0
 10
-1.41649634161099
 20
-5.160375018468847
 30
0.0
 10
-1.728912031700712
 20
-5.253773365921909
 30
0.0
 10
-2.045631759348419
 20
-5.351200152047577
 30
0.0
 10
-2.2599739269096
 20
-5.414672808291355
 30
0.0
 10
-2.367713226981802
 20
-5.446577401005137
 30
0.0
  0
SPLINE
  5
7B2
330
1B
100
AcDbEntity
 67
     1
  8
0
  6
Continuous
 62
     7
370
    25
100
AcDbSpline
210
0.0
220
0.0
230
1.0
 70
     8
 71
     3
 72
    19
 73
    15
 74
     0
 42
0.00000001
 43
0.00000001
 40
0.0
 40
0.0
 40
0.0
 40
0.0
 40
0.0719809487893726
 40
0.1338488474526058
 40
0.1964268908490437
 40
0.2610546789370128
 40
0.3255255756811099
 40
0.4383196744080757
 40
0.5520436714627103
 40
0.6628685465000244
 40
0.7472819309502918
 40
0.831298090053331
 40
0.9153819525225059
 40
1.0
 40
1.0
 40
1.0
 40
1.0
 10
-2.028994976279799
 20
-6.033254620671874
 30
0.0
 10
-1.980535404585215
 20
-6.01514139013403
 30
0.0
 10
-1.890424647107612
 20
-5.981459769206413
 30
0.0
 10
-1.757894387594259
 20
-5.932811893156869
 30
0.0
 10
-1.629969592168973
 20
-5.886964586675216
 30
0.0
 10
-1.499765785773777
 20
-5.841945820955101
 30
0.0
 10
-1.334513723271104
 20
-5.787917718973961
 30
0.0
 10
-1.133746086021671
 20
-5.729058723922567
 30
0.0
 10
-0.8974959275908154
 20
-5.673839670894775
 30
0.0
 10
-0.6780409219311592
 20
-5.638567451614555
 30
0.0
 10
-0.4778952566593022
 20
-5.621275888539589
 30
0.0
 10
-0.2962731151982623
 20
-5.620006468783203
 30
0.0
 10
-0.1147234309479487
 20
-5.63094307990279
 30
0.0
 10
0.0051319560207901
 20
-5.649655089653412
 30
0.0
 10
0.0652494071401064
 20
-5.659040719786337
 30
0.0
  0
SPLINE
  5
7B6
330
1B
100
AcDbEntity
 67
     1
  8
0
  6
Continuous
 62
     7
370
    25
100
AcDbSpline
210
0.0
220
0.0
230
1.0
 70
     8
 71
     3
 72
    13
 73
     9
 74
     0
 42
0.00000001
 43
0.00000001
 40
0.0
 40
0.0
 40
0.0
 40
0.0
 40
0.1284864867595687
 40
0.2524279855160276
 40
0.3767462924944704
 40
0.5104729406838814
 40
0.7489421032005836
 40
1.0
 40
1.0
 40
1.0
 40
1.0
 10
-3.274052865610447
 20
-6.486679927720601
 30
0.0
 10
-3.228375676696615
 20
-6.471683742551273
 30
0.0
 10
-3.138637050695193
 20
-6.442221836414775
 30
0.0
 10
-3.005388644866307
 20
-6.39620621140883
 30
0.0
 10
-2.870698697356467
 20
-6.348385731553863
 30
0.0
 10
-2.696132833199171
 20
-6.284815059334332
 30
0.0
 10
-2.477735654982876
 20
-6.203045449954731
 30
0.0
 10
-2.306478975266015
 20
-6.138081950376002
 30
0.0
 10
-2.218648607149834
 20
-6.104764896165046
 30
0.0
  0
SPLINE
  5
7B7
330
1B
100
AcDbEntity
 67
     1
  8
0
  6
Continuous
 62
     7
370
    25
100
AcDbSpline
210
0.0
220
0.0
230
1.0
 70
     8
 71
     3
 72
    14
 73
    10
 74
     0
 42
0.00000001
 43
0.00000001
 40
0.0
 40
0.0
 40
0.0
 40
0.0
 40
0.1381638530006254
 40
0.2760590635415639
 40
0.4139312434785411
 40
0.5522659419770751
 40
0.6984979559586068
 40
0.847242082761446
 40
1.0
 40
1.0
 40
1.0
 40
1.0
 10
-5.801662590757391
 20
-7.723478397489511
 30
0.0
 10
-5.682841748422916
 20
-7.754800347937238
 30
0.0
 10
-5.445431096130769
 20
-7.817383347188538
 30
0.0
 10
-5.08296603796131
 20
-7.883368493138454
 30
0.0
 10
-4.716827567382545
 20
-7.924746983261766
 30
0.0
 10
-4.340929513711997
 20
-7.936987546335457
 30
0.0
 10
-3.955891394334258
 20
-7.914607675794684
 30
0.0
 10
-3.561184924826515
 20
-7.855389670358877
 30
0.0
 10
-3.303261010832093
 20
-7.781446249339108
 30
0.0
 10
-3.172582228759244
 20
-7.743982347479384
 30
0.0
  0
SPLINE
  5
7B9
330
1B
100
AcDbEntity
 67
     1
  8
0
  6
Continuous
 62
     7
370
    25
100
AcDbSpline
210
0.0
220
0.0
230
1.0
 70
     8
 71
     3
 72
    15
 73
    11
 74
     0
 42
0.00000001
 43
0.00000001
 40
0.0
 40
0.0
 40
0.0
 40
0.0
 40
0.1096912003339394
 40
0.2159787297929221
 40
0.3211065803269176
 40
0.4269629195539194
 40
0.5350540442460192
 40
0.6818655659361529
 40
0.8363785149918646
 40
1.0
 40
1.0
 40
1.0
 40
1.0
 10
-5.565467283833612
 20
-6.84198551154061
 30
0.0
 10
-5.46820405976822
 20
-6.867461912769446
 30
0.0
 10
-5.276695647741955
 20
-6.917624193429589
 30
0.0
 10
-4.983877096128792
 20
-6.952405038322652
 30
0.0
 10
-4.693124511348585
 20
-6.959403473759587
 30
0.0
 10
-4.401241629126321
 20
-6.939995733414025
 30
0.0
 10
-4.073851302013762
 20
-6.894477063066621
 30
0.0
 10
-3.706330750997365
 20
-6.819365967251415
 30
0.0
 10
-3.293196331053727
 20
-6.716385222714734
 30
0.0
 10
-3.011597368106722
 20
-6.641805550035971
 30
0.0
 10
-2.866766643857322
 20
-6.603448064996579
 30
0.0
  0
SPLINE
  5
7BE
330
1B
100
AcDbEntity
 67
     1
  8
0
  6
Continuous
 62
     7
370
    25
100
AcDbSpline
210
0.0
220
0.0
230
1.0
 70
     8
 71
     3
 72
    20
 73
    16
 74
     0
 42
0.00000001
 43
0.00000001
 40
0.0
 40
0.0
 40
0.0
 40
0.0
 40
0.0047754894150825
 40
0.0841047123704394
 40
0.1685367618913306
 40
0.253892558729836
 40
0.3411774132540288
 40
0.4215036519422367
 40
0.502952682461608
 40
0.5865918518324773
 40
0.6695476945731011
 40
0.7523044774279851
 40
0.8349566452778029
 40
0.9166812138648991
 40
1.0
 40
1.0
 40
1.0
 40
1.0
 10
-2.614853490642659
 20
-6.541228064579798
 30
0.0
 10
-2.610532802934773
 20
-6.540115197425118
 30
0.0
 10
-2.534437943261009
 20
-6.520515662421384
 30
0.0
 10
-2.382265836230121
 20
-6.480023917607446
 30
0.0
 10
-2.157888171542881
 20
-6.418161896528189
 30
0.0
 10
-1.926603876041171
 20
-6.35339695864331
 30
0.0
 10
-1.69886246309488
 20
-6.29020294288464
 30
0.0
 10
-1.474138541504144
 20
-6.229808204809783
 30
0.0
 10
-1.251893315596899
 20
-6.173350024330813
 30
0.0
 10
-1.025485687536266
 20
-6.123564128090695
 30
0.0
 10
-0.7954209493376431
 20
-6.085915120954792
 30
0.0
 10
-0.5639520145686018
 20
-6.065802765971388
 30
0.0
 10
-0.3327151792154061
 20
-6.06759253754728
 30
0.0
 10
-0.1021639768541597
 20
-6.095214340821492
 30
0.0
 10
0.0469705167433996
 20
-6.135015385713981
 30
0.0
 10
0.1222580373972103
 20
-6.155108134997542
 30
0.0
  0
SPLINE
  5
7C2
330
1B
100
AcDbEntity
 67
     1
  8
0
  6
Continuous
 62
     7
370
    25
100
AcDbSpline
210
0.0
220
0.0
230
1.0
 70
     8
 71
     3
 72
    17
 73
    13
 74
     0
 42
0.00000001
 43
0.00000001
 40
0.0
 40
0.0
 40
0.0
 40
0.0
 40
0.0648540018273657
 40
0.117069823644416
 40
0.1743007169698914
 40
0.2310289579771059
 40
0.2891566206902261
 40
0.3461863629781001
 40
0.5081982484897425
 40
0.671553554022616
 40
0.8354681400014272
 40
0.9999999999999999
 40
0.9999999999999999
 40
0.9999999999999999
 40
0.9999999999999999
 10
-0.1153162791844438
 20
-7.041747554833471
 30
0.0
 10
-0.1598531964456163
 20
-7.036171879063937
 30
0.0
 10
-0.2402480665002096
 20
-7.026107066397862
 30
0.0
 10
-0.3598214963112676
 20
-7.01024046032845
 30
0.0
 10
-0.4744448318352384
 20
-6.999679576923794
 30
0.0
 10
-0.5936403691292687
 20
-6.99891581102762
 30
0.0
 10
-0.7125303719279236
 20
-7.003394251423363
 30
0.0
 10
-0.9038655241060114
 20
-7.017668447916821
 30
0.0
 10
-1.165874149181848
 20
-7.05923787274454
 30
0.0
 10
-1.493825091386221
 20
-7.144853137611283
 30
0.0
 10
-1.817420365894731
 20
-7.250713955529789
 30
0.0
 10
-2.031211364125054
 20
-7.327942592819993
 30
0.0
 10
-2.13830775996247
 20
-7.366629482247891
 30
0.0
  0
SPLINE
  5
7C6
330
1B
100
AcDbEntity
 67
     1
  8
0
  6
Continuous
 62
     7
370
    25
100
AcDbSpline
210
0.0
220
0.0
230
1.0
 70
     8
 71
     3
 72
    13
 73
     9
 74
     0
 42
0.00000001
 43
0.00000001
 40
0.0
 40
0.0
 40
0.0
 40
0.0
 40
0.1420580839027609
 40
0.2772256722503608
 40
0.4278307890428162
 40
0.5630539486827296
 40
0.6827024593213027
 40
1.0
 40
1.0
 40
1.0
 40
1.0
 10
-2.328805051105926
 20
-7.436678495283168
 30
0.0
 10
-2.368677603426289
 20
-7.451457645869112
 30
0.0
 10
-2.446488698843546
 20
-7.480299087650647
 30
0.0
 10
-2.566519798211729
 20
-7.524947461539773
 30
0.0
 10
-2.684666307294975
 20
-7.568794348082007
 30
0.0
 10
-2.798587625080335
 20
-7.610672163774923
 30
0.0
 10
-2.959488977771664
 20
-7.669369914446433
 30
0.0
 10
-3.082937497015936
 20
-7.712594157037143
 30
0.0
 10
-3.172582228759245
 20
-7.743982347479384
 30
0.0
  0
SPLINE
  5
7C8
330
1B
100
AcDbEntity
 67
     1
  8
0
  6
Continuous
 62
     7
370
    25
100
AcDbSpline
210
0.0
220
0.0
230
1.0
 70
    24
 71
     3
 72
     9
 73
     5
 74
     0
 42
0.00000001
 43
0.00000001
 40
0.0
 40
0.0
 40
0.0
 40
0.0
 40
0.5598226446350058
 40
1.0
 40
1.0
 40
1.0
 40
1.0
 10
-2.266674041701071
 20
-7.544292560297923
 30
0.0
 10
-2.267436262086429
 20
-7.542972355863919
 30
0.0
 10
-2.268797801125022
 20
-7.540614101072588
 30
0.0
 10
-2.271384771026693
 20
-7.536133337765241
 30
0.0
 10
-2.272523496596419
 20
-7.534161007222597
 30
0.0
  0
SPLINE
  5
7C9
330
1B
100
AcDbEntity
 67
     1
  8
0
  6
Continuous
 62
     7
370
    25
100
AcDbSpline
210
0.0
220
0.0
230
1.0
 70
    24
 71
     3
 72
     9
 73
     5
 74
     0
 42
0.00000001
 43
0.00000001
 40
0.0
 40
0.0
 40
0.0
 40
0.0
 40
0.5598226446349456
 40
1.0
 40
1.0
 40
1.0
 40
1.0
 10
-2.093468960944187
 20
-7.444292560297941
 30
0.0
 10
-2.094231181329545
 20
-7.442972355863927
 30
0.0
 10
-2.095592720368137
 20
-7.440614101072579
 30
0.0
 10
-2.09817969026981
 20
-7.436133337765252
 30
0.0
 10
-2.099318415839537
 20
-7.434161007222615
 30
0.0
  0
SPLINE
  5
7CB
330
1B
100
AcDbEntity
 67
     1
  8
0
  6
Continuous
 62
     7
370
    25
100
AcDbSpline
210
0.0
220
0.0
230
1.0
 70
     8
 71
     3
 72
    14
 73
    10
 74
     0
 42
0.00000001
 43
0.00000001
 40
0.0
 40
0.0
 40
0.0
 40
0.0
 40
0.1411027591722899
 40
0.2773141183833783
 40
0.4119502382877346
 40
0.5476740725325822
 40
0.6931737195472365
 40
0.8436070016990621
 40
1.0
 40
1.0
 40
1.0
 40
1.0
 10
-5.91034392076366
 20
-6.598068541851962
 30
0.0
 10
-6.032770959771985
 20
-6.56408938076909
 30
0.0
 10
-6.273381041304313
 20
-6.497308963756844
 30
0.0
 10
-6.642877988509206
 20
-6.45564449763401
 30
0.0
 10
-7.008981507299471
 20
-6.453888530332596
 30
0.0
 10
-7.381752753275945
 20
-6.490038870888529
 30
0.0
 10
-7.764094131461095
 20
-6.558649130596722
 30
0.0
 10
-8.15970190489157
 20
-6.653938861013122
 30
0.0
 10
-8.424966017451823
 20
-6.729884126055447
 30
0.0
 10
-8.560174285282462
 20
-6.768594329396578
 30
0.0
  0
SPLINE
  5
7CF
330
1B
100
AcDbEntity
 67
     1
  8
0
  6
Continuous
 62
     7
370
    25
100
AcDbSpline
210
0.0
220
0.0
230
1.0
 70
     8
 71
     3
 72
     9
 73
     5
 74
     0
 42
0.00000001
 43
0.00000001
 40
0.0
 40
0.0
 40
0.0
 40
0.0
 40
0.5501592219350587
 40
0.9999999999999999
 40
0.9999999999999999
 40
0.9999999999999999
 40
0.9999999999999999
 10
-8.757440763024942
 20
-6.826918767033263
 30
0.0
 10
-8.904780680996916
 20
-6.871502868675308
 30
0.0
 10
-9.172593910508438
 20
-6.95254141145431
 30
0.0
 10
-9.441126918226367
 20
-7.031160633236589
 30
0.0
 10
-9.561924015354318
 20
-7.066526765133988
 30
0.0
  0
SPLINE
  5
7D0
330
1B
100
AcDbEntity
 67
     1
  8
0
  6
Continuous
 62
     7
370
    25
100
AcDbSpline
210
0.0
220
0.0
230
1.0
 70
     8
 71
     3
 72
    16
 73
    12
 74
     0
 42
0.00000001
 43
0.00000001
 40
0.0
 40
0.0
 40
0.0
 40
0.0
 40
0.0852842642466991
 40
0.1699514569083624
 40
0.2546122275255306
 40
0.3398827955053986
 40
0.4724769261438176
 40
0.6048749484241454
 40
0.7348522421074504
 40
0.8683452803154256
 40
1.0
 40
1.0
 40
1.0
 40
1.0
 10
-11.57472083015135
 20
-7.211752139684842
 30
0.0
 10
-11.5189057792646
 20
-7.228548067319718
 30
0.0
 10
-11.40767952551892
 20
-7.262018396188563
 30
0.0
 10
-11.23647361056817
 20
-7.294311526039022
 30
0.0
 10
-11.06334929511279
 20
-7.312632971730418
 30
0.0
 10
-10.85650321126589
 20
-7.316063592074226
 30
0.0
 10
-10.61750917576408
 20
-7.29827919658951
 30
0.0
 10
-10.35093279313825
 20
-7.25542552370788
 30
0.0
 10
-10.08667793243051
 20
-7.19781943973971
 30
0.0
 10
-9.824467030056718
 20
-7.133854989602257
 30
0.0
 10
-9.64903291451453
 20
-7.088865533211644
 30
0.0
 10
-9.561924015354318
 20
-7.066526765134006
 30
0.0
  0
SPLINE
  5
7D4
330
1B
100
AcDbEntity
 67
     1
  8
0
  6
Continuous
 62
     7
370
    25
100
AcDbSpline
210
0.0
220
0.0
230
1.0
 70
     8
 71
     3
 72
    21
 73
    17
 74
     0
 42
0.00000001
 43
0.00000001
 40
0.0
 40
0.0
 40
0.0
 40
0.0
 40
0.0925030500203958
 40
0.1754639410808906
 40
0.2616293982457512
 40
0.348774324243913
 40
0.4573876059450524
 40
0.5653228206198723
 40
0.672606555082526
 40
0.764109916610605
 40
0.8563830747420836
 40
0.8843636777876032
 40
0.9129376401772296
 40
0.9267983919525778
 40
0.9541592029879458
 40
1.0
 40
1.0
 40
1.0
 40
1.0
 10
-9.203474952808115
 20
-6.054364888418973
 30
0.0
 10
-9.267677392066142
 20
-6.07772396191645
 30
0.0
 10
-9.389459463216623
 20
-6.122032501958774
 30
0.0
 10
-9.571622988818909
 20
-6.186497560229167
 30
0.0
 10
-9.750848010647049
 20
-6.247374069365883
 30
0.0
 10
-9.949429484652285
 20
-6.310068453039837
 30
0.0
 10
-10.1658846549187
 20
-6.369228853581793
 30
0.0
 10
-10.3999713518727
 20
-6.419047914116626
 30
0.0
 10
-10.62483555904019
 20
-6.44913317141668
 30
0.0
 10
-10.83972662444154
 20
-6.458722620154984
 30
0.0
 10
-10.9963540310713
 20
-6.455648093828724
 30
0.0
 10
-11.10573978484436
 20
-6.444435585540536
 30
0.0
 10
-11.15718731234796
 20
-6.436758821425102
 30
0.0
 10
-11.2080742722223
 20
-6.42853293093486
 30
0.0
 10
-11.27155045010222
 20
-6.418261948845913
 30
0.0
 10
-11.32491976223011
 20
-6.409622222704401
 30
0.0
 10
-11.35834104721531
 20
-6.404211796036774
 30
0.0
  0
SPLINE
  5
7D8
330
1B
100
AcDbEntity
 67
     1
  8
0
  6
Continuous
 62
     7
370
    25
100
AcDbSpline
210
0.0
220
0.0
230
1.0
 70
     8
 71
     3
 72
    14
 73
    10
 74
     0
 42
0.00000001
 43
0.00000001
 40
0.0
 40
0.0
 40
0.0
 40
0.0
 40
0.1332489965350621
 40
0.2700320770417515
 40
0.4089352043003069
 40
0.5496226118540387
 40
0.6985630912870596
 40
0.8487718330318408
 40
1.0
 40
1.0
 40
1.0
 40
1.0
 10
-5.721594761627469
 20
-5.893647090069777
 30
0.0
 10
-5.8653422666326
 20
-5.857224351094465
 30
0.0
 10
-6.15664980631746
 20
-5.783412854476818
 30
0.0
 10
-6.60818612801219
 20
-5.722297491481105
 30
0.0
 10
-7.070686826232712
 20
-5.69378436654575
 30
0.0
 10
-7.547776060591482
 20
-5.703277190909407
 30
0.0
 10
-8.034774685012994
 20
-5.753309870280604
 30
0.0
 10
-8.528441878840278
 20
-5.843365755643142
 30
0.0
 10
-8.849846080990698
 20
-5.93940200999033
 30
0.0
 10
-9.011091658231404
 20
-5.987582528989893
 30
0.0
  0
SPLINE
  5
7DA
330
1B
100
AcDbEntity
 67
     1
  8
0
  6
Continuous
 62
     7
370
    25
100
AcDbSpline
210
0.0
220
0.0
230
1.0
 70
    24
 71
     3
 72
     9
 73
     5
 74
     0
 42
0.00000001
 43
0.00000001
 40
0.0
 40
0.0
 40
0.0
 40
0.0
 40
0.5603194205071634
 40
1.0
 40
1.0
 40
1.0
 40
1.0
 10
-9.09014609533055
 20
-5.850656227530889
 30
0.0
 10
-9.08433403946061
 20
-5.860723003594043
 30
0.0
 10
-9.073961284818838
 20
-5.878689141648016
 30
0.0
 10
-9.061880805477799
 20
-5.899613145646497
 30
0.0
 10
-9.056569253320578
 20
-5.908813023849861
 30
0.0
  0
SPLINE
  5
7DB
330
1B
100
AcDbEntity
 67
     1
  8
0
  6
Continuous
 62
     7
370
    25
100
AcDbSpline
210
0.0
220
0.0
230
1.0
 70
    24
 71
     3
 72
     9
 73
     5
 74
     0
 42
0.00000001
 43
0.00000001
 40
0.0
 40
0.0
 40
0.0
 40
0.0
 40
0.5603194205070353
 40
1.0
 40
1.0
 40
1.0
 40
1.0
 10
-9.263351176087436
 20
-5.950656227530871
 30
0.0
 10
-9.2575391202175
 20
-5.96072300359404
 30
0.0
 10
-9.247166365575733
 20
-5.978689141648045
 30
0.0
 10
-9.235085886234696
 20
-5.999613145646498
 30
0.0
 10
-9.229774334077476
 20
-6.008813023849851
 30
0.0
  0
SPLINE
  5
7DD
330
1B
100
AcDbEntity
 67
     1
  8
0
  6
Continuous
 62
     7
370
    25
100
AcDbSpline
210
0.0
220
0.0
230
1.0
 70
     8
 71
     3
 72
    14
 73
    10
 74
     0
 42
0.00000001
 43
0.00000001
 40
0.0
 40
0.0
 40
0.0
 40
0.0
 40
0.1428075150243989
 40
0.2807748474649602
 40
0.4167275664026399
 40
0.5529784152145683
 40
0.6979534502781728
 40
0.8466387102953438
 40
1.0
 40
1.0
 40
1.0
 40
1.0
 10
-11.80322487094646
 20
-5.227440976100772
 30
0.0
 10
-11.67785132877778
 20
-5.261436885778114
 30
0.0
 10
-11.43135353646944
 20
-5.328276479986145
 30
0.0
 10
-11.05421388991599
 20
-5.373549816657831
 30
0.0
 10
-10.68115047021016
 20
-5.380965430705772
 30
0.0
 10
-10.30267456681884
 20
-5.352068597139265
 30
0.0
 10
-9.91649421030701
 20
-5.291447484045719
 30
0.0
 10
-9.5195657940787
 20
-5.204323574771604
 30
0.0
 10
-9.254708330340572
 20
-5.132352246067037
 30
0.0
 10
-9.120229448644384
 20
-5.095809482039256
 30
0.0
  0
SPLINE
  5
7E1
330
1B
100
AcDbEntity
 67
     1
  8
0
  6
Continuous
 62
     7
370
    25
100
AcDbSpline
210
0.0
220
0.0
230
1.0
 70
     8
 71
     3
 72
     9
 73
     5
 74
     0
 42
0.00000001
 43
0.00000001
 40
0.0
 40
0.0
 40
0.0
 40
0.0
 40
0.5477402735728428
 40
1.0
 40
1.0
 40
1.0
 40
1.0
 10
-8.92193185579242
 20
-5.039270987750943
 30
0.0
 10
-8.705305927560586
 20
-4.97438758221915
 30
0.0
 10
-8.309815694901943
 20
-4.855931064299508
 30
0.0
 10
-7.913247090041422
 20
-4.74113843322831
 30
0.0
 10
-7.7338950812976
 20
-4.689222349304196
 30
0.0
  0
SPLINE
  5
7E2
330
1B
100
AcDbEntity
 67
     1
  8
0
  6
Continuous
 62
     7
370
    25
100
AcDbSpline
210
0.0
220
0.0
230
1.0
 70
     8
 71
     3
 72
    14
 73
    10
 74
     0
 42
0.00000001
 43
0.00000001
 40
0.0
 40
0.0
 40
0.0
 40
0.0
 40
0.1473924838155657
 40
0.2920754646912127
 40
0.4389163173509225
 40
0.5811009380930692
 40
0.7232439746687355
 40
0.8661673187325645
 40
1.0
 40
1.0
 40
1.0
 40
1.0
 10
-6.236279619949734
 20
-4.635672864283642
 30
0.0
 10
-6.308432745764899
 20
-4.616676070305624
 30
0.0
 10
-6.451412612891355
 20
-4.579031698726165
 30
0.0
 10
-6.672646857290274
 20
-4.553526280605341
 30
0.0
 10
-6.892264579449103
 20
-4.552209377630088
 30
0.0
 10
-7.109794524950368
 20
-4.570079423837772
 30
0.0
 10
-7.323576892526008
 20
-4.602060798543953
 30
0.0
 10
-7.531467377934846
 20
-4.643012258195767
 30
0.0
 10
-7.667913448933391
 20
-4.67415866686969
 30
0.0
 10
-7.733895548178692
 20
-4.689220334920794
 30
0.0
  0
SPLINE
  5
7E6
330
1B
100
AcDbEntity
 67
     1
  8
0
  6
Continuous
 62
     7
370
    25
100
AcDbSpline
210
0.0
220
0.0
230
1.0
 70
     8
 71
     3
 72
    21
 73
    17
 74
     0
 42
0.00000001
 43
0.00000001
 40
0.0
 40
0.0
 40
0.0
 40
0.0
 40
0.0496750095807949
 40
0.0969892215073494
 40
0.2472831170454315
 40
0.3970694188264544
 40
0.5465863230627872
 40
0.6737010922055612
 40
0.8012557455632282
 40
0.8289485704062132
 40
0.8579080599778056
 40
0.8858070668554653
 40
0.9142521413872181
 40
0.9427934777722943
 40
0.9596194349394976
 40
1.0
 40
1.0
 40
1.0
 40
1.0
 10
-7.902170824207356
 20
-5.317237348859309
 30
0.0
 10
-7.877657182468242
 20
-5.309579583585167
 30
0.0
 10
-7.82979490627241
 20
-5.294627987225287
 30
0.0
 10
-7.707257393418108
 20
-5.258175152791374
 30
0.0
 10
-7.533805465102109
 20
-5.21132467149482
 30
0.0
 10
-7.306411644425359
 20
-5.162577760562279
 30
0.0
 10
-7.088004915593101
 20
-5.130835374039202
 30
0.0
 10
-6.879293113879896
 20
-5.117673165873287
 30
0.0
 10
-6.733182706737771
 20
-5.118018269352897
 30
0.0
 10
-6.63805838774833
 20
-5.122668967227401
 30
0.0
 10
-6.594455220274526
 20
-5.125820966859312
 30
0.0
 10
-6.550557273654499
 20
-5.130109635603879
 30
0.0
 10
-6.507020292221261
 20
-5.135666091213819
 30
0.0
 10
-6.46926564878146
 20
-5.141220928826332
 30
0.0
 10
-6.425441168375491
 20
-5.147902153388687
 30
0.0
 10
-6.396201612092993
 20
-5.152345814118624
 30
0.0
 10
-6.375562185698466
 20
-5.155482476237286
 30
0.0
  0
SPLINE
  5
7E7
330
1B
100
AcDbEntity
 67
     1
  8
0
  6
Continuous
 62
     7
370
    25
100
AcDbSpline
210
0.0
220
0.0
230
1.0
 70
     8
 71
     3
 72
     9
 73
     5
 74
     0
 42
0.00000001
 43
0.00000001
 40
0.0
 40
0.0
 40
0.0
 40
0.0
 40
0.5543881723617033
 40
1.0
 40
1.0
 40
1.0
 40
1.0
 10
-8.635282369428872
 20
-5.535762462134115
 30
0.0
 10
-8.499437299556766
 20
-5.496614539126779
 30
0.0
 10
-8.254401282115401
 20
-5.425999895887607
 30
0.0
 10
-8.010746483777172
 20
-5.350763115529234
 30
0.0
 10
-7.902171023776835
 20
-5.317236716328116
 30
0.0
  0
SPLINE
  5
7EB
330
1B
100
AcDbEntity
 67
     1
  8
0
  6
Continuous
 62
     7
370
    25
100
AcDbSpline
210
0.0
220
0.0
230
1.0
 70
     8
 71
     3
 72
    14
 73
    10
 74
     0
 42
0.00000001
 43
0.00000001
 40
0.0
 40
0.0
 40
0.0
 40
0.0
 40
0.1402608336128764
 40
0.2774036601408709
 40
0.4136250080975414
 40
0.5507066795698914
 40
0.6967073495202765
 40
0.8462356963743652
 40
1.0
 40
1.0
 40
1.0
 40
1.0
 10
-11.9326343934977
 20
-5.710403889245325
 30
0.0
 10
-11.79053691164694
 20
-5.748271328365522
 30
0.0
 10
-11.50950078383524
 20
-5.823164411070968
 30
0.0
 10
-11.07834726388161
 20
-5.876633284780728
 30
0.0
 10
-10.64819936019054
 20
-5.889910630025083
 30
0.0
 10
-10.20923843179149
 20
-5.863771469827162
 30
0.0
 10
-9.759999170808225
 20
-5.802189370641234
 30
0.0
 10
-9.298202167987363
 20
-5.710136403893492
 30
0.0
 10
-8.990565171849253
 20
-5.630772975707009
 30
0.0
 10
-8.834598357599592
 20
-5.590537044341262
 30
0.0
  0
SPLINE
  5
7ED
330
1B
100
AcDbEntity
 67
     1
  8
0
  6
Continuous
 62
     7
370
    25
100
AcDbSpline
210
0.0
220
0.0
230
1.0
 70
    24
 71
     3
 72
     9
 73
     5
 74
     0
 42
0.00000001
 43
0.00000001
 40
0.0
 40
0.0
 40
0.0
 40
0.0
 40
0.5599137314596394
 40
1.0
 40
1.0
 40
1.0
 40
1.0
 10
-8.510107947526034
 20
-5.752570920639887
 30
0.0
 10
-8.51874511735037
 20
-5.737610903670526
 30
0.0
 10
-8.534171011267672
 20
-5.71089247165358
 30
0.0
 10
-8.552544816558084
 20
-5.679068107362211
 30
0.0
 10
-8.56063087596723
 20
-5.665062641632556
 30
0.0
  0
SPLINE
  5
7EE
330
1B
100
AcDbEntity
 67
     1
  8
0
  6
Continuous
 62
     7
370
    25
100
AcDbSpline
210
0.0
220
0.0
230
1.0
 70
    24
 71
     3
 72
     9
 73
     5
 74
     0
 42
0.00000001
 43
0.00000001
 40
0.0
 40
0.0
 40
0.0
 40
0.0
 40
0.5599137314596185
 40
1.0
 40
1.0
 40
1.0
 40
1.0
 10
-8.683313028282914
 20
-5.852570920639868
 30
0.0
 10
-8.691950198107262
 20
-5.837610903670513
 30
0.0
 10
-8.707376092024587
 20
-5.810892471653574
 30
0.0
 10
-8.725749897314971
 20
-5.779068107362224
 30
0.0
 10
-8.733835956724105
 20
-5.765062641632571
 30
0.0
  0
SPLINE
  5
7F2
330
1B
100
AcDbEntity
 67
     1
  8
0
  6
Continuous
 62
     7
370
    25
100
AcDbSpline
210
0.0
220
0.0
230
1.0
 70
     8
 71
     3
 72
    19
 73
    15
 74
     0
 42
0.00000001
 43
0.00000001
 40
0.0
 40
0.0
 40
0.0
 40
0.0
 40
0.0731065737329341
 40
0.1358948848778086
 40
0.1986540075875088
 40
0.2637754980433362
 40
0.328780125447251
 40
0.441029957417173
 40
0.5542052006648822
 40
0.6644953110645315
 40
0.7485013745687169
 40
0.8321121294620478
 40
0.9157902610316244
 40
1.0
 40
1.0
 40
1.0
 40
1.0
 10
9.170667871695033
 20
-4.065773084813729
 30
0.0
 10
9.220119330357361
 20
-4.084270945889207
 30
0.0
 10
9.312042668284626
 20
-4.118655879732791
 30
0.0
 10
9.44671205585142
 20
-4.168130388990652
 30
0.0
 10
9.576327764153445
 20
-4.214627320065783
 30
0.0
 10
9.707975023762973
 20
-4.260186650363637
 30
0.0
 10
9.874352142843525
 20
-4.314610096976932
 30
0.0
 10
10.07570547731814
 20
-4.373640653328048
 30
0.0
 10
10.31195564010808
 20
-4.428859753784485
 30
0.0
 10
10.53141064468021
 20
-4.464131961232042
 30
0.0
 10
10.73155631017196
 20
-4.48142352669945
 30
0.0
 10
10.91317845157996
 20
-4.482692945878744
 30
0.0
 10
11.09472813584424
 20
-4.471756334911108
 30
0.0
 10
11.2145835228111
 20
-4.453044325140113
 30
0.0
 10
11.27470097392947
 20
-4.44365869499697
 30
0.0
  0
SPLINE
  5
7F6
330
1B
100
AcDbEntity
 67
     1
  8
0
  6
Continuous
 62
     7
370
    25
100
AcDbSpline
210
0.0
220
0.0
230
1.0
 70
     8
 71
     3
 72
    16
 73
    12
 74
     0
 42
0.00000001
 43
0.00000001
 40
0.0
 40
0.0
 40
0.0
 40
0.0
 40
0.0882940649364667
 40
0.1755282414623769
 40
0.2637727404546849
 40
0.3861379464630738
 40
0.507481468898599
 40
0.6278221989959313
 40
0.7488627502789991
 40
0.8738187985764837
 40
1.0
 40
1.0
 40
1.0
 40
1.0
 10
11.44561825090831
 20
-5.081530656351069
 30
0.0
 10
11.36848751388085
 20
-5.099034118086722
 30
0.0
 10
11.21515192283211
 20
-5.133830928723697
 30
0.0
 10
10.97910505434084
 20
-5.153207104724721
 30
0.0
 10
10.71228521610417
 20
-5.145397483518023
 30
0.0
 10
10.41752982605878
 20
-5.103422067488278
 30
0.0
 10
10.10003842029644
 20
-5.029506748772159
 30
0.0
 10
9.787753009154597
 20
-4.940795486710483
 30
0.0
 10
9.473677299584732
 20
-4.846842148432137
 30
0.0
 10
9.155342751170204
 20
-4.748898299526531
 30
0.0
 10
8.939825891494745
 20
-4.685174205407779
 30
0.0
 10
8.831541770715832
 20
-4.653156721882485
 30
0.0
  0
SPLINE
  5
7FA
330
1B
100
AcDbEntity
 67
     1
  8
0
  6
Continuous
 62
     7
370
    25
100
AcDbSpline
210
0.0
220
0.0
230
1.0
 70
     8
 71
     3
 72
    10
 73
     6
 74
     0
 42
0.00000001
 43
0.00000001
 40
0.0
 40
0.0
 40
0.0
 40
0.0
 40
0.3366770837130757
 40
0.6617269240352998
 40
1.0
 40
1.0
 40
1.0
 40
1.0
 10
8.633137431038637
 20
-4.596803118643773
 30
0.0
 10
8.581016087068743
 20
-4.582580025717793
 30
0.0
 10
8.47857342527125
 20
-4.554625038617461
 30
0.0
 10
8.323107884751481
 20
-4.514809507771109
 30
0.0
 10
8.219457961403121
 20
-4.490570967797169
 30
0.0
 10
8.166599877453871
 20
-4.478210102112361
 30
0.0
  0
SPLINE
  5
7FB
330
1B
100
AcDbEntity
 67
     1
  8
0
  6
Continuous
 62
     7
370
    25
100
AcDbSpline
210
0.0
220
0.0
230
1.0
 70
     8
 71
     3
 72
    15
 73
    11
 74
     0
 42
0.00000001
 43
0.00000001
 40
0.0
 40
0.0
 40
0.0
 40
0.0
 40
0.111851121354318
 40
0.2194164314279954
 40
0.3253115798717992
 40
0.4316353996602922
 40
0.5399365425118264
 40
0.6864474249979229
 40
0.8395486927966853
 40
1.0
 40
1.0
 40
1.0
 40
1.0
 10
5.72599742929394
 20
-4.259570880358678
 30
0.0
 10
5.81482924809958
 20
-4.23142472205077
 30
0.0
 10
5.989089107487565
 20
-4.176210884768218
 30
0.0
 10
6.257886147739071
 20
-4.13659127095033
 30
0.0
 10
6.524157101622403
 20
-4.126966061525085
 30
0.0
 10
6.79061755054353
 20
-4.145341885348601
 30
0.0
 10
7.087864771901212
 20
-4.190686028410612
 30
0.0
 10
7.419063976143499
 20
-4.265854319748789
 30
0.0
 10
7.78793680056747
 20
-4.368103278169589
 30
0.0
 10
8.038422564033304
 20
-4.440934624458708
 30
0.0
 10
8.166601285524104
 20
-4.478203923610181
 30
0.0
  0
SPLINE
  5
7FD
330
1B
100
AcDbEntity
 67
     1
  8
0
  6
Continuous
 62
     7
370
    25
100
AcDbSpline
210
0.0
220
0.0
230
1.0
 70
     8
 71
     3
 72
    13
 73
     9
 74
     0
 42
0.00000001
 43
0.00000001
 40
0.0
 40
0.0
 40
0.0
 40
0.0
 40
0.1847666207860446
 40
0.3677999321390032
 40
0.5514491074757095
 40
0.6977232651493831
 40
0.8468992356958024
 40
1.0
 40
1.0
 40
1.0
 40
1.0
 10
5.556431471906451
 20
-3.626742112154544
 30
0.0
 10
5.699660007969462
 20
-3.586420117853916
 30
0.0
 10
5.984773442529407
 20
-3.50615439288483
 30
0.0
 10
6.425929726961893
 20
-3.447579074422539
 30
0.0
 10
6.839203322938136
 20
-3.436848923850496
 30
0.0
 10
7.223903476686413
 20
-3.466524287794941
 30
0.0
 10
7.58093991274868
 20
-3.522727872743676
 30
0.0
 10
7.816227438822648
 20
-3.584654262645157
 30
0.0
 10
7.935398701179214
 20
-3.616019487061789
 30
0.0
  0
SPLINE
  5
7FE
330
1B
100
AcDbEntity
 67
     1
  8
0
  6
Continuous
 62
     7
370
    25
100
AcDbSpline
210
0.0
220
0.0
230
1.0
 70
     8
 71
     3
 72
    13
 73
     9
 74
     0
 42
0.00000001
 43
0.00000001
 40
0.0
 40
0.0
 40
0.0
 40
0.0
 40
0.1296937078889056
 40
0.2547997244080649
 40
0.3802860895281062
 40
0.5152691938579138
 40
0.7512196583727628
 40
1.0
 40
1.0
 40
1.0
 40
1.0
 10
7.935398701178891
 20
-3.616019487062777
 30
0.0
 10
7.9810758905206
 20
-3.631015671163452
 30
0.0
 10
8.070814517362637
 20
-3.660477575200445
 30
0.0
 10
8.20406291705172
 20
-3.706493215541258
 30
0.0
 10
8.338752888370896
 20
-3.754313635929754
 30
0.0
 10
8.511660925070801
 20
-3.817280929934979
 30
0.0
 10
8.726806261920306
 20
-3.897802666438734
 30
0.0
 10
8.894808699479134
 20
-3.961525255440494
 30
0.0
 10
8.981033266353148
 20
-3.994229856139182
 30
0.0
  0
SPLINE
  5
802
330
1B
100
AcDbEntity
 67
     1
  8
0
  6
Continuous
 62
     7
370
    25
100
AcDbSpline
210
0.0
220
0.0
230
1.0
 70
     8
 71
     3
 72
    19
 73
    15
 74
     0
 42
0.00000001
 43
0.00000001
 40
0.0
 40
0.0
 40
0.0
 40
0.0
 40
0.0719809487893857
 40
0.1338488474526193
 40
0.1964268908490551
 40
0.2610546789370244
 40
0.3255255756811219
 40
0.4383196744080873
 40
0.5520436714627212
 40
0.662868546500034
 40
0.7472819309503006
 40
0.8312980900533411
 40
0.9153819525225156
 40
1.0
 40
1.0
 40
1.0
 40
1.0
 10
6.579707007489829
 20
-4.739677008627007
 30
0.0
 10
6.628166579184423
 20
-4.75779023916485
 30
0.0
 10
6.718277336662037
 20
-4.79147186009246
 30
0.0
 10
6.850807596175399
 20
-4.840119736142015
 30
0.0
 10
6.978732391600685
 20
-4.885967042623653
 30
0.0
 10
7.108936197995883
 20
-4.930985808343771
 30
0.0
 10
7.274188260498554
 20
-4.985013910324909
 30
0.0
 10
7.474955897747993
 20
-5.043872905376292
 30
0.0
 10
7.711206056178844
 20
-5.099091958404091
 30
0.0
 10
7.930661061838502
 20
-5.134364177684302
 30
0.0
 10
8.13080672711036
 20
-5.151655740759252
 30
0.0
 10
8.312428868571399
 20
-5.152925160515655
 30
0.0
 10
8.493978552821712
 20
-5.141988549396071
 30
0.0
 10
8.613833939790439
 20
-5.123276539645434
 30
0.0
 10
8.673951390909746
 20
-5.1138909095125
 30
0.0
  0
SPLINE
  5
806
330
1B
100
AcDbEntity
 67
     1
  8
0
  6
Continuous
 62
     7
370
    25
100
AcDbSpline
210
0.0
220
0.0
230
1.0
 70
     8
 71
     3
 72
    16
 73
    12
 74
     0
 42
0.00000001
 43
0.00000001
 40
0.0
 40
0.0
 40
0.0
 40
0.0
 40
0.0886446024328585
 40
0.1762251085774259
 40
0.2648199482836807
 40
0.3869775349959286
 40
0.5081110137127444
 40
0.6282464473442244
 40
0.7492092855305869
 40
0.8739398021911383
 40
1.0
 40
1.0
 40
1.0
 40
1.0
 10
8.844868667888596
 20
-5.751762870866581
 30
0.0
 10
8.767737929785104
 20
-5.769266338066959
 30
0.0
 10
8.614402336597239
 20
-5.804063159567789
 30
0.0
 10
8.378355484062972
 20
-5.823439254529272
 30
0.0
 10
8.112154315149555
 20
-5.815648093329542
 30
0.0
 10
7.818615847519409
 20
-5.773954000716904
 30
0.0
 10
7.502873348417235
 20
-5.700659141782912
 30
0.0
 10
7.192205642158683
 20
-5.612556610830013
 30
0.0
 10
6.879789952068956
 20
-5.519158263376966
 30
0.0
 10
6.56307022442124
 20
-5.421731477251293
 30
0.0
 10
6.34872805686005
 20
-5.358258821007507
 30
0.0
 10
6.240988756787842
 20
-5.326354228293726
 30
0.0
  0
SPLINE
  5
80A
330
1B
100
AcDbEntity
 67
     1
  8
0
  6
Continuous
 62
     7
370
    25
100
AcDbSpline
210
0.0
220
0.0
230
1.0
 70
     8
 71
     3
 72
    10
 73
     6
 74
     0
 42
0.00000001
 43
0.00000001
 40
0.0
 40
0.0
 40
0.0
 40
0.0
 40
0.3375035102070672
 40
0.6618802696695772
 40
0.9999999999999999
 40
0.9999999999999999
 40
0.9999999999999999
 40
0.9999999999999999
 10
6.042654017813318
 20
-5.269880073097717
 30
0.0
 10
5.989258976586174
 20
-5.255268421232859
 30
0.0
 10
5.884545623339101
 20
-5.226613418294682
 30
0.0
 10
5.725660700135864
 20
-5.185834268237553
 30
0.0
 10
5.619852068733986
 20
-5.161077487176335
 30
0.0
 10
5.565850294434147
 20
-5.148442316627907
 30
0.0
  0
SPLINE
  5
80B
330
1B
100
AcDbEntity
 67
     1
  8
0
  6
Continuous
 62
     7
370
    25
100
AcDbSpline
210
0.0
220
0.0
230
1.0
 70
     8
 71
     3
 72
    15
 73
    11
 74
     0
 42
0.00000001
 43
0.00000001
 40
0.0
 40
0.0
 40
0.0
 40
0.0
 40
0.111851121354318
 40
0.2194164314279959
 40
0.3253115798717992
 40
0.4316353996602922
 40
0.5399365425118257
 40
0.6864474249979237
 40
0.8395486927966851
 40
1.0
 40
1.0
 40
1.0
 40
1.0
 10
3.125247846274231
 20
-4.929803094874207
 30
0.0
 10
3.214079665079871
 20
-4.9016569365663
 30
0.0
 10
3.388339524467855
 20
-4.846443099283746
 30
0.0
 10
3.657136564719361
 20
-4.806823485465863
 30
0.0
 10
3.923407518602693
 20
-4.797198276040598
 30
0.0
 10
4.189867967523813
 20
-4.815574099864135
 30
0.0
 10
4.487115188881504
 20
-4.860918242926124
 30
0.0
 10
4.818314393123776
 20
-4.936086534264332
 30
0.0
 10
5.187187217547754
 20
-5.038335492685123
 30
0.0
 10
5.437672981013587
 20
-5.111166838974252
 30
0.0
 10
5.565851702504383
 20
-5.148436138125727
 30
0.0
  0
SPLINE
  5
80D
330
1B
100
AcDbEntity
 67
     1
  8
0
  6
Continuous
 62
     7
370
    25
100
AcDbSpline
210
0.0
220
0.0
230
1.0
 70
     8
 71
     3
 72
    13
 73
     9
 74
     0
 42
0.00000001
 43
0.00000001
 40
0.0
 40
0.0
 40
0.0
 40
0.0
 40
0.1847666207860441
 40
0.3677999321390008
 40
0.5514491074757087
 40
0.6977232651493832
 40
0.846899235695802
 40
1.0
 40
1.0
 40
1.0
 40
1.0
 10
2.955681888886754
 20
-4.296974326670082
 30
0.0
 10
3.098910424949764
 20
-4.256652332369455
 30
0.0
 10
3.384023859509708
 20
-4.176386607400372
 30
0.0
 10
3.825180143942186
 20
-4.117811288938066
 30
0.0
 10
4.23845373991843
 20
-4.107081138366013
 30
0.0
 10
4.623153893666707
 20
-4.136756502310462
 30
0.0
 10
4.980190329728976
 20
-4.192960087259195
 30
0.0
 10
5.215477855802942
 20
-4.254886477160682
 30
0.0
 10
5.334649118159505
 20
-4.286251701577318
 30
0.0
  0
SPLINE
  5
80E
330
1B
100
AcDbEntity
 67
     1
  8
0
  6
Continuous
 62
     7
370
    25
100
AcDbSpline
210
0.0
220
0.0
230
1.0
 70
     8
 71
     3
 72
    13
 73
     9
 74
     0
 42
0.00000001
 43
0.00000001
 40
0.0
 40
0.0
 40
0.0
 40
0.0
 40
0.128486486759586
 40
0.2524279855160464
 40
0.37674629249449
 40
0.5104729406839001
 40
0.7489421032006045
 40
1.0
 40
1.0
 40
1.0
 40
1.0
 10
5.334649118159182
 20
-4.286251701578306
 30
0.0
 10
5.380326307073023
 20
-4.301247886747629
 30
0.0
 10
5.470064933074458
 20
-4.330709792884117
 30
0.0
 10
5.60331333890334
 20
-4.376725417890079
 30
0.0
 10
5.738003286413183
 20
-4.424545897745046
 30
0.0
 10
5.912569150570481
 20
-4.488116569964559
 30
0.0
 10
6.130966328786774
 20
-4.569886179344165
 30
0.0
 10
6.302223008503621
 20
-4.634849678922895
 30
0.0
 10
6.390053376619793
 20
-4.668166733133852
 30
0.0
  0
SPLINE
  5
812
330
1B
100
AcDbEntity
 67
     1
  8
0
  6
Continuous
 62
     7
370
    25
100
AcDbSpline
210
0.0
220
0.0
230
1.0
 70
     8
 71
     3
 72
    17
 73
    13
 74
     0
 42
0.00000001
 43
0.00000001
 40
0.0
 40
0.0
 40
0.0
 40
0.0
 40
0.0648540018273652
 40
0.1170698236444172
 40
0.1743007169698921
 40
0.2310289579771053
 40
0.2891566206902276
 40
0.3461863629780997
 40
0.5081982484897438
 40
0.6715535540226174
 40
0.8354681400014273
 40
1.0
 40
1.0
 40
1.0
 40
1.0
 10
9.568259054523137
 20
-6.348778059937844
 30
0.0
 10
9.52372213726196
 20
-6.354353735707356
 30
0.0
 10
9.443327267207362
 20
-6.364418548373396
 30
0.0
 10
9.323753837396309
 20
-6.380285154442835
 30
0.0
 10
9.209130501872338
 20
-6.39084603784748
 30
0.0
 10
9.089934964578308
 20
-6.391609803743671
 30
0.0
 10
8.971044961779654
 20
-6.38713136334792
 30
0.0
 10
8.779709809601567
 20
-6.372857166854489
 30
0.0
 10
8.517701184525727
 20
-6.331287742026749
 30
0.0
 10
8.189750242321352
 20
-6.245672477160025
 30
0.0
 10
7.866154967812844
 20
-6.139811659241522
 30
0.0
 10
7.652363969582517
 20
-6.062583021951331
 30
0.0
 10
7.545267573745098
 20
-6.023896132523442
 30
0.0
  0
SPLINE
  5
816
330
1B
100
AcDbEntity
 67
     1
  8
0
  6
Continuous
 62
     7
370
    25
100
AcDbSpline
210
0.0
220
0.0
230
1.0
 70
     8
 71
     3
 72
    20
 73
    16
 74
     0
 42
0.00000001
 43
0.00000001
 40
0.0
 40
0.0
 40
0.0
 40
0.0
 40
0.0047754894150867
 40
0.084104712370442
 40
0.1685367618913353
 40
0.2538925587298401
 40
0.341177413254035
 40
0.4215036519422416
 40
0.5029526824616105
 40
0.5865918518324807
 40
0.6695476945731048
 40
0.7523044774279868
 40
0.8349566452778052
 40
0.9166812138649012
 40
1.0
 40
1.0
 40
1.0
 40
1.0
 10
7.06872184306492
 20
-6.849297550191518
 30
0.0
 10
7.07304253077281
 20
-6.850410417346201
 30
0.0
 10
7.149137390446557
 20
-6.870009952349956
 30
0.0
 10
7.301309497477481
 20
-6.910501697163856
 30
0.0
 10
7.525687162164697
 20
-6.972363718243137
 30
0.0
 10
7.756971457666428
 20
-7.037128656128004
 30
0.0
 10
7.98471287061271
 20
-7.100322671886685
 30
0.0
 10
8.20943679220345
 20
-7.160717409961534
 30
0.0
 10
8.431682018110697
 20
-7.21717559044048
 30
0.0
 10
8.65808964617133
 20
-7.266961486680602
 30
0.0
 10
8.888154384369953
 20
-7.304610493816513
 30
0.0
 10
9.119623319138995
 20
-7.324722848799882
 30
0.0
 10
9.35086015449219
 20
-7.322933077224012
 30
0.0
 10
9.581411356853428
 20
-7.295311273949755
 30
0.0
 10
9.730545850450994
 20
-7.255510229057299
 30
0.0
 10
9.805833371104805
 20
-7.235417479773755
 30
0.0
  0
SPLINE
  5
81B
330
1B
100
AcDbEntity
 67
     1
  8
0
  6
Continuous
 62
     7
370
    25
100
AcDbSpline
210
0.0
220
0.0
230
1.0
 70
     8
 71
     3
 72
    15
 73
    11
 74
     0
 42
0.00000001
 43
0.00000001
 40
0.0
 40
0.0
 40
0.0
 40
0.0
 40
0.1096912003339388
 40
0.2159787297929222
 40
0.3211065803269182
 40
0.4269629195539207
 40
0.5350540442460221
 40
0.681865565936154
 40
0.8363785149918657
 40
1.0
 40
1.0
 40
1.0
 40
1.0
 10
4.118108049873958
 20
-6.548540103230784
 30
0.0
 10
4.215371273939349
 20
-6.523063702001953
 30
0.0
 10
4.406879685965615
 20
-6.472901421341824
 30
0.0
 10
4.699698237578772
 20
-6.43812057644872
 30
0.0
 10
4.990450822358985
 20
-6.431122141011805
 30
0.0
 10
5.282333704581246
 20
-6.450529881357349
 30
0.0
 10
5.609724031693809
 20
-6.496048551704745
 30
0.0
 10
5.977244582710206
 20
-6.571159647519934
 30
0.0
 10
6.390379002653848
 20
-6.674140392056599
 30
0.0
 10
6.671977965600852
 20
-6.74872006473535
 30
0.0
 10
6.816808689850251
 20
-6.787077549774736
 30
0.0
  0
SPLINE
  5
81D
330
1B
100
AcDbEntity
 67
     1
  8
0
  6
Continuous
 62
     7
370
    25
100
AcDbSpline
210
0.0
220
0.0
230
1.0
 70
     8
 71
     3
 72
    14
 73
    10
 74
     0
 42
0.00000001
 43
0.00000001
 40
0.0
 40
0.0
 40
0.0
 40
0.0
 40
0.1381638530006281
 40
0.2760590635415675
 40
0.4139312434785467
 40
0.5522659419770788
 40
0.6984979559586105
 40
0.8472420827614511
 40
1.0
 40
1.0
 40
1.0
 40
1.0
 10
3.881912742950159
 20
-5.667047217281891
 30
0.0
 10
4.000733585284634
 20
-5.635725266834157
 30
0.0
 10
4.238144237576783
 20
-5.573142267582845
 30
0.0
 10
4.600609295746248
 20
-5.507157121632932
 30
0.0
 10
4.966747766325014
 20
-5.465778631509612
 30
0.0
 10
5.342645819995561
 20
-5.453538068435896
 30
0.0
 10
5.727683939373302
 20
-5.475917938976677
 30
0.0
 10
6.122390408881041
 20
-5.535135944412471
 30
0.0
 10
6.380314322875465
 20
-5.609079365432231
 30
0.0
 10
6.510993104948311
 20
-5.646543267291949
 30
0.0
  0
SPLINE
  5
81E
330
1B
100
AcDbEntity
 67
     1
  8
0
  6
Continuous
 62
     7
370
    25
100
AcDbSpline
210
0.0
220
0.0
230
1.0
 70
     8
 71
     3
 72
    13
 73
     9
 74
     0
 42
0.00000001
 43
0.00000001
 40
0.0
 40
0.0
 40
0.0
 40
0.0
 40
0.1420580839027495
 40
0.2772256722503517
 40
0.4278307890428054
 40
0.5630539486827137
 40
0.6827024593212937
 40
0.9999999999999999
 40
0.9999999999999999
 40
0.9999999999999999
 40
0.9999999999999999
 10
7.354770282601637
 20
-5.953847119488146
 30
0.0
 10
7.314897730281275
 20
-5.939067968902211
 30
0.0
 10
7.237086634864017
 20
-5.910226527120693
 30
0.0
 10
7.117055535495837
 20
-5.865578153231546
 30
0.0
 10
6.998909026412595
 20
-5.821731266689312
 30
0.0
 10
6.88498770862723
 20
-5.779853450996417
 30
0.0
 10
6.724086355935901
 20
-5.721155700324879
 30
0.0
 10
6.600637836691622
 20
-5.677931457734176
 30
0.0
 10
6.510993104948308
 20
-5.64654326729194
 30
0.0
  0
SPLINE
  5
81F
330
1B
100
AcDbEntity
 67
     1
  8
0
  6
Continuous
 62
     7
370
    25
100
AcDbSpline
210
0.0
220
0.0
230
1.0
 70
    24
 71
     3
 72
     9
 73
     5
 74
     0
 42
0.00000001
 43
0.00000001
 40
0.0
 40
0.0
 40
0.0
 40
0.0
 40
0.559822644635053
 40
1.0
 40
1.0
 40
1.0
 40
1.0
 10
7.416901292006489
 20
-5.8462330544734
 30
0.0
 10
7.416139071621127
 20
-5.847553258907406
 30
0.0
 10
7.414777532582534
 20
-5.849911513698736
 30
0.0
 10
7.412190562680869
 20
-5.854392277006077
 30
0.0
 10
7.411051837111144
 20
-5.856364607548718
 30
0.0
  0
SPLINE
  5
821
330
1B
100
AcDbEntity
 67
     1
  8
0
  6
Continuous
 62
     7
370
    25
100
AcDbSpline
210
0.0
220
0.0
230
1.0
 70
    24
 71
     3
 72
     9
 73
     5
 74
     0
 42
0.00000001
 43
0.00000001
 40
0.0
 40
0.0
 40
0.0
 40
0.0
 40
0.5598226446348986
 40
1.0
 40
1.0
 40
1.0
 40
1.0
 10
7.59010637276338
 20
-5.946233054473399
 30
0.0
 10
7.58934415237802
 20
-5.947553258907406
 30
0.0
 10
7.587982613339426
 20
-5.949911513698741
 30
0.0
 10
7.585395643437755
 20
-5.954392277006072
 30
0.0
 10
7.584256917868029
 20
-5.956364607548708
 30
0.0
  0
SPLINE
  5
825
330
1B
100
AcDbEntity
 67
     1
  8
0
  6
Continuous
 62
     7
370
    25
100
AcDbSpline
210
0.0
220
0.0
230
1.0
 70
     8
 71
     3
 72
    21
 73
    17
 74
     0
 42
0.00000001
 43
0.00000001
 40
0.0
 40
0.0
 40
0.0
 40
0.0
 40
0.0925030500203881
 40
0.1754639410808825
 40
0.2616293982457442
 40
0.3487743242439035
 40
0.4573876059450437
 40
0.5653228206198628
 40
0.672606555082515
 40
0.7641099166105938
 40
0.8563830747420732
 40
0.884363677787592
 40
0.9129376401772178
 40
0.9267983919525654
 40
0.9541592029879338
 40
1.0
 40
1.0
 40
1.0
 40
1.0
 10
3.730586300081743
 20
-6.557455260909585
 30
0.0
 10
3.79478873933976
 20
-6.580814334407077
 30
0.0
 10
3.916570810490221
 20
-6.625122874449431
 30
0.0
 10
4.098734336092514
 20
-6.689587932719813
 30
0.0
 10
4.277959357920651
 20
-6.750464441856532
 30
0.0
 10
4.47654083192589
 20
-6.813158825530468
 30
0.0
 10
4.692996002192298
 20
-6.872319226072445
 30
0.0
 10
4.927082699146309
 20
-6.922138286607264
 30
0.0
 10
5.151946906313799
 20
-6.952223543907306
 30
0.0
 10
5.366837971715148
 20
-6.961812992645617
 30
0.0
 10
5.523465378344907
 20
-6.958738466319341
 30
0.0
 10
5.632851132117974
 20
-6.947525958031179
 30
0.0
 10
5.684298659621573
 20
-6.939849193915731
 30
0.0
 10
5.735185619495905
 20
-6.931623303425487
 30
0.0
 10
5.79866179737584
 20
-6.921352321336562
 30
0.0
 10
5.852031109503738
 20
-6.912712595195019
 30
0.0
 10
5.885452394488945
 20
-6.907302168527377
 30
0.0
  0
SPLINE
  5
829
330
1B
100
AcDbEntity
 67
     1
  8
0
  6
Continuous
 62
     7
370
    25
100
AcDbSpline
210
0.0
220
0.0
230
1.0
 70
     8
 71
     3
 72
    16
 73
    12
 74
     0
 42
0.00000001
 43
0.00000001
 40
0.0
 40
0.0
 40
0.0
 40
0.0
 40
0.0852842642467143
 40
0.1699514569083761
 40
0.2546122275255442
 40
0.3398827955054119
 40
0.4724769261438328
 40
0.6048749484241602
 40
0.7348522421074629
 40
0.8683452803154401
 40
1.0
 40
1.0
 40
1.0
 40
1.0
 10
6.101832177424995
 20
-7.714842512175436
 30
0.0
 10
6.046017126538241
 20
-7.731638439810333
 30
0.0
 10
5.934790872792554
 20
-7.765108768679216
 30
0.0
 10
5.763584957841789
 20
-7.797401898529629
 30
0.0
 10
5.590460642386414
 20
-7.81572334422106
 30
0.0
 10
5.383614558539508
 20
-7.819153964564873
 30
0.0
 10
5.144620523037695
 20
-7.801369569080144
 30
0.0
 10
4.878044140411872
 20
-7.758515896198514
 30
0.0
 10
4.613789279704121
 20
-7.700909812230367
 30
0.0
 10
4.35157837733034
 20
-7.636945362092917
 30
0.0
 10
4.176144261788171
 20
-7.591955905702265
 30
0.0
 10
4.089035362627973
 20
-7.569617137624608
 30
0.0
  0
SPLINE
  5
82A
330
1B
100
AcDbEntity
 67
     1
  8
0
  6
Continuous
 62
     7
370
    25
100
AcDbSpline
210
0.0
220
0.0
230
1.0
 70
     8
 71
     3
 72
     9
 73
     5
 74
     0
 42
0.00000001
 43
0.00000001
 40
0.0
 40
0.0
 40
0.0
 40
0.0
 40
0.5501592219350645
 40
1.0
 40
1.0
 40
1.0
 40
1.0
 10
3.284552110298609
 20
-7.3300091395239
 30
0.0
 10
3.431892028270584
 20
-7.374593241165944
 30
0.0
 10
3.699705257782101
 20
-7.45563178394494
 30
0.0
 10
3.968238265500025
 20
-7.53425100572721
 30
0.0
 10
4.089035362627973
 20
-7.569617137624608
 30
0.0
  0
SPLINE
  5
82E
330
1B
100
AcDbEntity
 67
     1
  8
0
  6
Continuous
 62
     7
370
    25
100
AcDbSpline
210
0.0
220
0.0
230
1.0
 70
     8
 71
     3
 72
    14
 73
    10
 74
     0
 42
0.00000001
 43
0.00000001
 40
0.0
 40
0.0
 40
0.0
 40
0.0
 40
0.1411027591722911
 40
0.2773141183833781
 40
0.4119502382877346
 40
0.5476740725325816
 40
0.6931737195472362
 40
0.8436070016990636
 40
1.0
 40
1.0
 40
1.0
 40
1.0
 10
0.4374552680373165
 20
-7.101158914342643
 30
0.0
 10
0.55988230704564
 20
-7.067179753259763
 30
0.0
 10
0.8004923885779626
 20
-7.000399336247504
 30
0.0
 10
1.169989335782861
 20
-6.958734870124679
 30
0.0
 10
1.536092854573119
 20
-6.956978902823245
 30
0.0
 10
1.908864100549596
 20
-6.993129243379189
 30
0.0
 10
2.291205478734744
 20
-7.061739503087364
 30
0.0
 10
2.686813252165219
 20
-7.157029233503766
 30
0.0
 10
2.952077364725475
 20
-7.232974498546096
 30
0.0
 10
3.087285632556112
 20
-7.271684701887224
 30
0.0
  0
SPLINE
  5
830
330
1B
100
AcDbEntity
 67
     1
  8
0
  6
Continuous
 62
     7
370
    25
100
AcDbSpline
210
0.0
220
0.0
230
1.0
 70
     8
 71
     3
 72
    14
 73
    10
 74
     0
 42
0.00000001
 43
0.00000001
 40
0.0
 40
0.0
 40
0.0
 40
0.0
 40
0.1332489965350616
 40
0.2700320770417503
 40
0.4089352043003055
 40
0.5496226118540357
 40
0.6985630912870578
 40
0.8487718330318375
 40
1.0
 40
1.0
 40
1.0
 40
1.0
 10
0.2487061089011064
 20
-6.396737462560459
 30
0.0
 10
0.3924536139062367
 20
-6.360314723585144
 30
0.0
 10
0.6837611535910928
 20
-6.28650322696749
 30
0.0
 10
1.135297475285822
 20
-6.225387863971768
 30
0.0
 10
1.597798173506338
 20
-6.196874739036404
 30
0.0
 10
2.074887407865113
 20
-6.206367563400055
 30
0.0
 10
2.561886032286624
 20
-6.25640024277124
 30
0.0
 10
3.055553226113908
 20
-6.34645612813378
 30
0.0
 10
3.376957428264333
 20
-6.442492382480968
 30
0.0
 10
3.538203005505044
 20
-6.490672901480531
 30
0.0
  0
SPLINE
  5
831
330
1B
100
AcDbEntity
 67
     1
  8
0
  6
Continuous
 62
     7
370
    25
100
AcDbSpline
210
0.0
220
0.0
230
1.0
 70
    24
 71
     3
 72
     9
 73
     5
 74
     0
 42
0.00000001
 43
0.00000001
 40
0.0
 40
0.0
 40
0.0
 40
0.0
 40
0.5603194205070609
 40
1.0
 40
1.0
 40
1.0
 40
1.0
 10
3.617257442604197
 20
-6.35374660002151
 30
0.0
 10
3.611445386734255
 20
-6.36381337608465
 30
0.0
 10
3.601072632092478
 20
-6.381779514138602
 30
0.0
 10
3.588992152751441
 20
-6.402703518137113
 30
0.0
 10
3.583680600594223
 20
-6.41190339634049
 30
0.0
  0
SPLINE
  5
833
330
1B
100
AcDbEntity
 67
     1
  8
0
  6
Continuous
 62
     7
370
    25
100
AcDbSpline
210
0.0
220
0.0
230
1.0
 70
    24
 71
     3
 72
     9
 73
     5
 74
     0
 42
0.00000001
 43
0.00000001
 40
0.0
 40
0.0
 40
0.0
 40
0.0
 40
0.5603194205071944
 40
1.0
 40
1.0
 40
1.0
 40
1.0
 10
3.79046252336108
 20
-6.453746600021509
 30
0.0
 10
3.784650467491145
 20
-6.463813376084662
 30
0.0
 10
3.774277712849383
 20
-6.481779514138635
 30
0.0
 10
3.762197233508333
 20
-6.502703518137118
 30
0.0
 10
3.75688568135111
 20
-6.511903396340482
 30
0.0
  0
SPLINE
  5
837
330
1B
100
AcDbEntity
 67
     1
  8
0
  6
Continuous
 62
     7
370
    25
100
AcDbSpline
210
0.0
220
0.0
230
1.0
 70
     8
 71
     3
 72
     9
 73
     5
 74
     0
 42
0.00000001
 43
0.00000001
 40
0.0
 40
0.0
 40
0.0
 40
0.0
 40
0.5543881723617036
 40
1.0
 40
1.0
 40
1.0
 40
1.0
 10
1.275590649516106
 20
-4.567888470964579
 30
0.0
 10
1.411435719388216
 20
-4.607036393971903
 30
0.0
 10
1.656471736829584
 20
-4.677651037211051
 30
0.0
 10
1.900126535167813
 20
-4.752887817569413
 30
0.0
 10
2.008701995168151
 20
-4.786414216770526
 30
0.0
  0
SPLINE
  5
838
330
1B
100
AcDbEntity
 67
     1
  8
0
  6
Continuous
 62
     7
370
    25
100
AcDbSpline
210
0.0
220
0.0
230
1.0
 70
     8
 71
     3
 72
    21
 73
    17
 74
     0
 42
0.00000001
 43
0.00000001
 40
0.0
 40
0.0
 40
0.0
 40
0.0
 40
0.0496750095808065
 40
0.0969892215073614
 40
0.2472831170454431
 40
0.3970694188264687
 40
0.5465863230628021
 40
0.6737010922055772
 40
0.8012557455632454
 40
0.8289485704062299
 40
0.8579080599778226
 40
0.8858070668554824
 40
0.9142521413872347
 40
0.9427934777723104
 40
0.9596194349395161
 40
1.0
 40
1.0
 40
1.0
 40
1.0
 10
2.008702194737632
 20
-4.786413584239333
 30
0.0
 10
2.033215836476746
 20
-4.794071349513491
 30
0.0
 10
2.081078112672577
 20
-4.809022945873396
 30
0.0
 10
2.203615625526892
 20
-4.845475780307299
 30
0.0
 10
2.377067553842892
 20
-4.892326261603831
 30
0.0
 10
2.604461374519637
 20
-4.941073172536399
 30
0.0
 10
2.822868103351899
 20
-4.972815559059443
 30
0.0
 10
3.031579905065109
 20
-4.985977767225357
 30
0.0
 10
3.17769031220723
 20
-4.985632663745738
 30
0.0
 10
3.272814631196673
 20
-4.980981965871231
 30
0.0
 10
3.316417798670475
 20
-4.977829966239322
 30
0.0
 10
3.360315745290502
 20
-4.973541297494753
 30
0.0
 10
3.403852726723738
 20
-4.967984841884812
 30
0.0
 10
3.441607370163541
 20
-4.962430004272306
 30
0.0
 10
3.485431850569497
 20
-4.955748779709933
 30
0.0
 10
3.514671406851986
 20
-4.951305118979987
 30
0.0
 10
3.535310833246503
 20
-4.948168456861321
 30
0.0
  0
SPLINE
  5
83C
330
1B
100
AcDbEntity
 67
     1
  8
0
  6
Continuous
 62
     7
370
    25
100
AcDbSpline
210
0.0
220
0.0
230
1.0
 70
     8
 71
     3
 72
    14
 73
    10
 74
     0
 42
0.00000001
 43
0.00000001
 40
0.0
 40
0.0
 40
0.0
 40
0.0
 40
0.1473924838155492
 40
0.2920754646911981
 40
0.4389163173509082
 40
0.5811009380930563
 40
0.7232439746687257
 40
0.8661673187325551
 40
1.0
 40
1.0
 40
1.0
 40
1.0
 10
3.674593398995252
 20
-5.467978068814974
 30
0.0
 10
3.602440273180099
 20
-5.486974862792999
 30
0.0
 10
3.459460406053657
 20
-5.524619234372472
 30
0.0
 10
3.238226161654745
 20
-5.550124652493303
 30
0.0
 10
3.01860843949592
 20
-5.551441555468546
 30
0.0
 10
2.801078493994652
 20
-5.533571509260896
 30
0.0
 10
2.587296126419015
 20
-5.501590134554696
 30
0.0
 10
2.379405641010162
 20
-5.460638674902925
 30
0.0
 10
2.24295957001162
 20
-5.429492266228967
 30
0.0
 10
2.176977470766321
 20
-5.414430598177848
 30
0.0
  0
SPLINE
  5
83D
330
1B
100
AcDbEntity
 67
     1
  8
0
  6
Continuous
 62
     7
370
    25
100
AcDbSpline
210
0.0
220
0.0
230
1.0
 70
     8
 71
     3
 72
     9
 73
     5
 74
     0
 42
0.00000001
 43
0.00000001
 40
0.0
 40
0.0
 40
0.0
 40
0.0
 40
0.5477402735728444
 40
1.0
 40
1.0
 40
1.0
 40
1.0
 10
0.9889411631525767
 20
-5.064379945347734
 30
0.0
 10
1.205567091384414
 20
-5.129263350879524
 30
0.0
 10
1.601057324043063
 20
-5.247719868799164
 30
0.0
 10
1.997625928903596
 20
-5.362512499870348
 30
0.0
 10
2.176977937647419
 20
-5.414428583794455
 30
0.0
  0
SPLINE
  5
841
330
1B
100
AcDbEntity
 67
     1
  8
0
  6
Continuous
 62
     7
370
    25
100
AcDbSpline
210
0.0
220
0.0
230
1.0
 70
     8
 71
     3
 72
    14
 73
    10
 74
     0
 42
0.00000001
 43
0.00000001
 40
0.0
 40
0.0
 40
0.0
 40
0.0
 40
0.1428075150243971
 40
0.2807748474649606
 40
0.4167275664026389
 40
0.5529784152145664
 40
0.697953450278173
 40
0.8466387102953442
 40
1.0
 40
1.0
 40
1.0
 40
1.0
 10
-1.892351852001469
 20
-4.876209956998036
 30
0.0
 10
-1.766978309832789
 20
-4.842214047320685
 30
0.0
 10
-1.520480517524458
 20
-4.775374453112634
 30
0.0
 10
-1.143340870971006
 20
-4.730101116440941
 30
0.0
 10
-0.7702774512651825
 20
-4.722685502392998
 30
0.0
 10
-0.3918015478738579
 20
-4.751582335959474
 30
0.0
 10
-0.0056211913620258
 20
-4.812203449053037
 30
0.0
 10
0.3913072248662931
 20
-4.899327358327111
 30
0.0
 10
0.6561646886044223
 20
-4.97129868703167
 30
0.0
 10
0.7906435703006114
 20
-5.007841451059448
 30
0.0
  0
SPLINE
  5
843
330
1B
100
AcDbEntity
 67
     1
  8
0
  6
Continuous
 62
     7
370
    25
100
AcDbSpline
210
0.0
220
0.0
230
1.0
 70
     8
 71
     3
 72
    14
 73
    10
 74
     0
 42
0.00000001
 43
0.00000001
 40
0.0
 40
0.0
 40
0.0
 40
0.0
 40
0.1402608336128764
 40
0.2774036601408709
 40
0.4136250080975407
 40
0.5507066795698911
 40
0.696707349520277
 40
0.8462356963743668
 40
1.0
 40
1.0
 40
1.0
 40
1.0
 10
-2.021761374552726
 20
-4.393247043853492
 30
0.0
 10
-1.879663892701962
 20
-4.355379604733293
 30
0.0
 10
-1.59862776489027
 20
-4.280486522027845
 30
0.0
 10
-1.167474244936643
 20
-4.22701764831806
 30
0.0
 10
-0.7373263412455712
 20
-4.213740303073687
 30
0.0
 10
-0.2983654128465248
 20
-4.239879463271606
 30
0.0
 10
0.1508738481367445
 20
-4.301461562457515
 30
0.0
 10
0.6126708509576166
 20
-4.393514529205227
 30
0.0
 10
0.9203078470957247
 20
-4.4728779573917
 30
0.0
 10
1.076274661345384
 20
-4.513113888757442
 30
0.0
  0
SPLINE
  5
845
330
1B
100
AcDbEntity
 67
     1
  8
0
  6
Continuous
 62
     7
370
    25
100
AcDbSpline
210
0.0
220
0.0
230
1.0
 70
    24
 71
     3
 72
     9
 73
     5
 74
     0
 42
0.00000001
 43
0.00000001
 40
0.0
 40
0.0
 40
0.0
 40
0.0
 40
0.5599137314596317
 40
1.0
 40
1.0
 40
1.0
 40
1.0
 10
1.40076507141894
 20
-4.351080012458808
 30
0.0
 10
1.392127901594597
 20
-4.366040029428165
 30
0.0
 10
1.376702007677283
 20
-4.392758461445105
 30
0.0
 10
1.358328202386887
 20
-4.424582825736473
 30
0.0
 10
1.35024214297775
 20
-4.438588291466131
 30
0.0
  0
SPLINE
  5
846
330
1B
100
AcDbEntity
 67
     1
  8
0
  6
Continuous
 62
     7
370
    25
100
AcDbSpline
210
0.0
220
0.0
230
1.0
 70
    24
 71
     3
 72
     9
 73
     5
 74
     0
 42
0.00000001
 43
0.00000001
 40
0.0
 40
0.0
 40
0.0
 40
0.0
 40
0.559913731459599
 40
1.0
 40
1.0
 40
1.0
 40
1.0
 10
1.227559990662061
 20
-4.251080012458826
 30
0.0
 10
1.218922820837714
 20
-4.266040029428181
 30
0.0
 10
1.203496926920393
 20
-4.29275846144512
 30
0.0
 10
1.185123121629996
 20
-4.324582825736477
 30
0.0
 10
1.177037062220858
 20
-4.338588291466132
 30
0.0
  0
SPLINE
  5
847
330
1B
100
AcDbEntity
 67
     1
  8
0
  6
Continuous
 62
     7
370
    25
100
AcDbSpline
210
0.0
220
0.0
230
1.0
 70
     8
 71
     3
 72
    14
 73
    10
 74
     0
 42
0.00000001
 43
0.00000001
 40
0.0
 40
0.0
 40
0.0
 40
0.0
 40
0.1410297955591271
 40
0.2818753607524364
 40
0.4226187214233293
 40
0.5633370663268933
 40
0.7104470631168773
 40
0.8560893655250724
 40
1.0
 40
1.0
 40
1.0
 40
1.0
 10
-9.031187817348053
 20
-0.5270639445803221
 30
0.0
 10
-9.146052473242644
 20
-0.5676388841002026
 30
0.0
 10
-9.375631734771227
 20
-0.6487357591919594
 30
0.0
 10
-9.731439359609398
 20
-0.7321014156834165
 30
0.0
 10
-10.0911908947665
 20
-0.791960624589857
 30
0.0
 10
-10.45975406921475
 20
-0.8280960574113607
 30
0.0
 10
-10.83406125324414
 20
-0.8363157395932678
 30
0.0
 10
-11.21113335536356
 20
-0.8267475903539042
 30
0.0
 10
-11.46064853273328
 20
-0.8438119228640891
 30
0.0
 10
-11.58466001012643
 20
-0.85229306259925
 30
0.0
  0
SPLINE
  5
849
330
1B
100
AcDbEntity
 67
     1
  8
0
  6
Continuous
 62
     7
370
    25
100
AcDbSpline
210
0.0
220
0.0
230
1.0
 70
     8
 71
     3
 72
    17
 73
    13
 74
     0
 42
0.00000001
 43
0.00000001
 40
0.0
 40
0.0
 40
0.0
 40
0.0
 40
0.0777504184766793
 40
0.1561923543650427
 40
0.2354546932805419
 40
0.3153159739395874
 40
0.3955146565098683
 40
0.4759056415804994
 40
0.5563746065809104
 40
0.7039743663759138
 40
0.8519118101407542
 40
1.0
 40
1.0
 40
1.0
 40
1.0
 10
-11.5167059617844
 20
-1.149738066293043
 30
0.0
 10
-11.45153201094062
 20
-1.172237091314003
 30
0.0
 10
-11.32060444778397
 20
-1.217435249186243
 30
0.0
 10
-11.1123052736314
 20
-1.240791595735686
 30
0.0
 10
-10.9020312101943
 20
-1.240103837791668
 30
0.0
 10
-10.69118334780931
 20
-1.218234820252409
 30
0.0
 10
-10.48175149287894
 20
-1.180683238345216
 30
0.0
 10
-10.27439169518703
 20
-1.130690500993858
 30
0.0
 10
-10.01304850973102
 20
-1.052007142431812
 30
0.0
 10
-9.702799340874712
 20
-0.931004925405596
 30
0.0
 10
-9.349349479067227
 20
-0.7597193575760668
 30
0.0
 10
-9.123373182991317
 20
-0.6273914480789297
 30
0.0
 10
-9.01032749763194
 20
-0.5611938004448946
 30
0.0
  0
SPLINE
  5
84A
330
1B
100
AcDbEntity
 67
     1
  8
0
  6
Continuous
 62
     7
370
    25
100
AcDbSpline
210
0.0
220
0.0
230
1.0
 70
     8
 71
     3
 72
    20
 73
    16
 74
     0
 42
0.00000001
 43
0.00000001
 40
0.0
 40
0.0
 40
0.0
 40
0.0
 40
0.1392005106672357
 40
0.2789014764855767
 40
0.4191075240222835
 40
0.5420411612668967
 40
0.5970657093603534
 40
0.6193117162847155
 40
0.6386887834812955
 40
0.65698846382843
 40
0.675494697326136
 40
0.721634416007874
 40
0.8248693514104999
 40
0.9278854279940831
 40
1.0
 40
1.0
 40
1.0
 40
1.0
 10
-11.5167059617844
 20
-1.149738066293043
 30
0.0
 10
-11.54152103278841
 20
-1.138146023134133
 30
0.0
 10
-11.59124039020267
 20
-1.114920260979903
 30
0.0
 10
-11.66240376561608
 20
-1.072964077811988
 30
0.0
 10
-11.72508400539511
 20
-1.023944610471534
 30
0.0
 10
-11.76436174747602
 20
-0.9736913317055844
 30
0.0
 10
-11.77885307630672
 20
-0.9368228339305239
 30
0.0
 10
-11.78378862084254
 20
-0.9184724037352711
 30
0.0
 10
-11.78494886795024
 20
-0.906570315121157
 30
0.0
 10
-11.78105279539377
 20
-0.8956671149204984
 30
0.0
 10
-11.7680664430337
 20
-0.8849630051570733
 30
0.0
 10
-11.73545404528122
 20
-0.8767369577850311
 30
0.0
 10
-11.68694077747413
 20
-0.8679494362664495
 30
0.0
 10
-11.63281428399878
 20
-0.8589935517902186
 30
0.0
 10
-11.59870527596493
 20
-0.8542474094176569
 30
0.0
 10
-11.58466001012643
 20
-0.85229306259925
 30
0.0
  0
SPLINE
  5
84B
330
1B
100
AcDbEntity
 67
     1
  8
0
  6
Continuous
 62
     7
370
    25
100
AcDbSpline
210
0.0
220
0.0
230
1.0
 70
     8
 71
     3
 72
     9
 73
     5
 74
     0
 42
0.00000001
 43
0.00000001
 40
0.0
 40
0.0
 40
0.0
 40
0.0
 40
0.4881028496546707
 40
1.0
 40
1.0
 40
1.0
 40
1.0
 10
-10.02854638135035
 20
-0.9789273665806669
 30
0.0
 10
-9.964819945181429
 20
-0.9555521689680702
 30
0.0
 10
-9.834260502199266
 20
-0.9076622670157779
 30
0.0
 10
-9.707470326821305
 20
-0.8505286281686328
 30
0.0
 10
-9.642566797353544
 20
-0.8212820812539202
 30
0.0
  0
SPLINE
  5
84F
330
1B
100
AcDbEntity
 67
     1
  8
0
  6
Continuous
 62
     7
370
    25
100
AcDbSpline
210
0.0
220
0.0
230
1.0
 70
     8
 71
     3
 72
    10
 73
     6
 74
     0
 42
0.00000001
 43
0.00000001
 40
0.0
 40
0.0
 40
0.0
 40
0.0
 40
0.2957661269280271
 40
0.6274282949601254
 40
1.0
 40
1.0
 40
1.0
 40
1.0
 10
-11.26615946326806
 20
-1.148823084514371
 30
0.0
 10
-11.19254668914976
 20
-1.157725251846376
 30
0.0
 10
-11.03638703073299
 20
-1.176610009639918
 30
0.0
 10
-10.78518258710081
 20
-1.16189196674058
 30
0.0
 10
-10.61158539033004
 20
-1.131169748550024
 30
0.0
 10
-10.51974458848265
 20
-1.114916299729206
 30
0.0
  0
SPLINE
  5
851
330
1B
100
AcDbEntity
 67
     1
  8
0
  6
Continuous
 62
     7
370
    25
100
AcDbSpline
210
0.0
220
0.0
230
1.0
 70
     8
 71
     3
 72
    12
 73
     8
 74
     0
 42
0.00000001
 43
0.00000001
 40
0.0
 40
0.0
 40
0.0
 40
0.0
 40
0.1795797026917865
 40
0.3895620622296167
 40
0.6054961619925245
 40
0.8038854573822588
 40
1.0
 40
1.0
 40
1.0
 40
1.0
 10
-10.54618370456891
 20
-0.8978901315854054
 30
0.0
 10
-10.58810374486795
 20
-0.899313017577491
 30
0.0
 10
-10.67904084467856
 20
-0.9023996826798706
 30
0.0
 10
-10.82046962408752
 20
-0.9034974267207532
 30
0.0
 10
-10.96628031479912
 20
-0.9031457000797662
 30
0.0
 10
-11.10885248393691
 20
-0.901668240064003
 30
0.0
 10
-11.2009905134271
 20
-0.9026212516087474
 30
0.0
 10
-11.24679388913679
 20
-0.9030950097961227
 30
0.0
  0
CIRCLE
  5
853
330
1B
100
AcDbEntity
 67
     1
  8
0
  6
Continuous
 62
     7
370
    25
100
AcDbCircle
 10
-10.2942324861
 20
-0.9710391177
 30
0.0
 40
0.0590551181102359
  0
CIRCLE
  5
854
330
1B
100
AcDbEntity
 67
     1
  8
0
  6
Continuous
 62
     7
370
    25
100
AcDbCircle
 10
-11.4937701669
 20
-1.0043460576
 30
0.0
 40
0.0590551181102525
  0
SPLINE
  5
855
330
1B
100
AcDbEntity
 67
     1
  8
0
  6
Continuous
 62
     7
370
    25
100
AcDbSpline
210
0.0
220
0.0
230
1.0
 70
     8
 71
     3
 72
    14
 73
    10
 74
     0
 42
0.00000001
 43
0.00000001
 40
0.0
 40
0.0
 40
0.0
 40
0.0
 40
0.1410297955591271
 40
0.2818753607524364
 40
0.4226187214233293
 40
0.5633370663268933
 40
0.7104470631168773
 40
0.8560893655250724
 40
1.0
 40
1.0
 40
1.0
 40
1.0
 10
-8.916307814582959
 20
1.488189968550397
 30
0.0
 10
-9.03117247047755
 20
1.447615029030517
 30
0.0
 10
-9.260751732006135
 20
1.366518153938759
 30
0.0
 10
-9.616559356844304
 20
1.283152497447303
 30
0.0
 10
-9.976310892001411
 20
1.223293288540862
 30
0.0
 10
-10.34487406644966
 20
1.187157855719358
 30
0.0
 10
-10.71918125047904
 20
1.178938173537452
 30
0.0
 10
-11.09625335259847
 20
1.188506322776815
 30
0.0
 10
-11.34576852996819
 20
1.17144199026663
 30
0.0
 10
-11.46978000736134
 20
1.162960850531469
 30
0.0
  0
SPLINE
  5
857
330
1B
100
AcDbEntity
 67
     1
  8
0
  6
Continuous
 62
     7
370
    25
100
AcDbSpline
210
0.0
220
0.0
230
1.0
 70
     8
 71
     3
 72
    17
 73
    13
 74
     0
 42
0.00000001
 43
0.00000001
 40
0.0
 40
0.0
 40
0.0
 40
0.0
 40
0.0777504184766793
 40
0.1561923543650427
 40
0.2354546932805419
 40
0.3153159739395874
 40
0.3955146565098683
 40
0.4759056415804994
 40
0.5563746065809104
 40
0.7039743663759138
 40
0.8519118101407542
 40
1.0
 40
1.0
 40
1.0
 40
1.0
 10
-11.40182595901931
 20
0.8655158468376761
 30
0.0
 10
-11.33665200817553
 20
0.8430168218167166
 30
0.0
 10
-11.20572444501888
 20
0.7978186639444755
 30
0.0
 10
-10.99742527086631
 20
0.7744623173950335
 30
0.0
 10
-10.78715120742921
 20
0.7751500753390516
 30
0.0
 10
-10.57630334504422
 20
0.79701909287831
 30
0.0
 10
-10.36687149011384
 20
0.8345706747855024
 30
0.0
 10
-10.15951169242193
 20
0.8845634121368613
 30
0.0
 10
-9.898168506965922
 20
0.9632467706989074
 30
0.0
 10
-9.58791933810962
 20
1.084248987725124
 30
0.0
 10
-9.234469476302136
 20
1.255534555554652
 30
0.0
 10
-9.008493180226223
 20
1.38786246505179
 30
0.0
 10
-8.895447494866847
 20
1.454060112685825
 30
0.0
  0
SPLINE
  5
858
330
1B
100
AcDbEntity
 67
     1
  8
0
  6
Continuous
 62
     7
370
    25
100
AcDbSpline
210
0.0
220
0.0
230
1.0
 70
     8
 71
     3
 72
    20
 73
    16
 74
     0
 42
0.00000001
 43
0.00000001
 40
0.0
 40
0.0
 40
0.0
 40
0.0
 40
0.1392005106672357
 40
0.2789014764855767
 40
0.4191075240222835
 40
0.5420411612668967
 40
0.5970657093603534
 40
0.6193117162847155
 40
0.6386887834812955
 40
0.65698846382843
 40
0.675494697326136
 40
0.721634416007874
 40
0.8248693514104999
 40
0.9278854279940831
 40
1.0
 40
1.0
 40
1.0
 40
1.0
 10
-11.40182595901931
 20
0.8655158468376761
 30
0.0
 10
-11.42664103002332
 20
0.8771078899965862
 30
0.0
 10
-11.47636038743757
 20
0.9003336521508163
 30
0.0
 10
-11.54752376285099
 20
0.9422898353187313
 30
0.0
 10
-11.61020400263001
 20
0.9913093026591853
 30
0.0
 10
-11.64948174471093
 20
1.041562581425134
 30
0.0
 10
-11.66397307354163
 20
1.078431079200196
 30
0.0
 10
-11.66890861807745
 20
1.096781509395448
 30
0.0
 10
-11.67006886518515
 20
1.108683598009563
 30
0.0
 10
-11.66617279262868
 20
1.11958679821022
 30
0.0
 10
-11.65318644026861
 20
1.130290907973647
 30
0.0
 10
-11.62057404251613
 20
1.138516955345688
 30
0.0
 10
-11.57206077470904
 20
1.14730447686427
 30
0.0
 10
-11.51793428123369
 20
1.1562603613405
 30
0.0
 10
-11.48382527319984
 20
1.161006503713062
 30
0.0
 10
-11.46978000736134
 20
1.162960850531469
 30
0.0
  0
SPLINE
  5
859
330
1B
100
AcDbEntity
 67
     1
  8
0
  6
Continuous
 62
     7
370
    25
100
AcDbSpline
210
0.0
220
0.0
230
1.0
 70
     8
 71
     3
 72
     9
 73
     5
 74
     0
 42
0.00000001
 43
0.00000001
 40
0.0
 40
0.0
 40
0.0
 40
0.0
 40
0.4881028496546707
 40
1.0
 40
1.0
 40
1.0
 40
1.0
 10
-9.913666378585255
 20
1.036326546550052
 30
0.0
 10
-9.849939942416336
 20
1.059701744162649
 30
0.0
 10
-9.719380499434171
 20
1.107591646114941
 30
0.0
 10
-9.592590324056214
 20
1.164725284962086
 30
0.0
 10
-9.52768679458845
 20
1.193971831876799
 30
0.0
  0
SPLINE
  5
85D
330
1B
100
AcDbEntity
 67
     1
  8
0
  6
Continuous
 62
     7
370
    25
100
AcDbSpline
210
0.0
220
0.0
230
1.0
 70
     8
 71
     3
 72
    10
 73
     6
 74
     0
 42
0.00000001
 43
0.00000001
 40
0.0
 40
0.0
 40
0.0
 40
0.0
 40
0.2957661269280271
 40
0.6274282949601254
 40
1.0
 40
1.0
 40
1.0
 40
1.0
 10
-11.15127946050297
 20
0.8664308286163486
 30
0.0
 10
-11.07766668638467
 20
0.8575286612843436
 30
0.0
 10
-10.92150702796789
 20
0.8386439034908014
 30
0.0
 10
-10.67030258433572
 20
0.8533619463901401
 30
0.0
 10
-10.49670538756495
 20
0.8840841645806948
 30
0.0
 10
-10.40486458571755
 20
0.9003376134015133
 30
0.0
  0
SPLINE
  5
85F
330
1B
100
AcDbEntity
 67
     1
  8
0
  6
Continuous
 62
     7
370
    25
100
AcDbSpline
210
0.0
220
0.0
230
1.0
 70
     8
 71
     3
 72
    12
 73
     8
 74
     0
 42
0.00000001
 43
0.00000001
 40
0.0
 40
0.0
 40
0.0
 40
0.0
 40
0.1795797026917865
 40
0.3895620622296167
 40
0.6054961619925245
 40
0.8038854573822588
 40
1.0
 40
1.0
 40
1.0
 40
1.0
 10
-10.43130370180381
 20
1.117363781545314
 30
0.0
 10
-10.47322374210285
 20
1.115940895553228
 30
0.0
 10
-10.56416084191346
 20
1.112854230450849
 30
0.0
 10
-10.70558962132243
 20
1.111756486409967
 30
0.0
 10
-10.85140031203403
 20
1.112108213050953
 30
0.0
 10
-10.99397248117182
 20
1.113585673066716
 30
0.0
 10
-11.08611051066201
 20
1.112632661521972
 30
0.0
 10
-11.1319138863717
 20
1.112158903334597
 30
0.0
  0
CIRCLE
  5
861
330
1B
100
AcDbEntity
 67
     1
  8
0
  6
Continuous
 62
     7
370
    25
100
AcDbCircle
 10
-10.1793524833
 20
1.0442147954
 30
0.0
 40
0.0590551181102346
  0
CIRCLE
  5
862
330
1B
100
AcDbEntity
 67
     1
  8
0
  6
Continuous
 62
     7
370
    25
100
AcDbCircle
 10
-11.3788901642
 20
1.0109078555
 30
0.0
 40
0.059055118110252
  0
SPLINE
  5
863
330
1B
100
AcDbEntity
 67
     1
  8
0
  6
Continuous
 62
     7
370
    25
100
AcDbSpline
210
0.0
220
0.0
230
1.0
 70
     8
 71
     3
 72
    14
 73
    10
 74
     0
 42
0.00000001
 43
0.00000001
 40
0.0
 40
0.0
 40
0.0
 40
0.0
 40
0.1410297955591271
 40
0.2818753607524364
 40
0.4226187214233293
 40
0.5633370663268933
 40
0.7104470631168773
 40
0.8560893655250724
 40
1.0
 40
1.0
 40
1.0
 40
1.0
 10
-5.391556900759153
 20
-3.600828144561088
 30
0.0
 10
-5.506421556653743
 20
-3.641403084080969
 30
0.0
 10
-5.736000818182329
 20
-3.722499959172725
 30
0.0
 10
-6.091808443020496
 20
-3.805865615664183
 30
0.0
 10
-6.451559978177606
 20
-3.865724824570623
 30
0.0
 10
-6.820123152625854
 20
-3.901860257392128
 30
0.0
 10
-7.194430336655237
 20
-3.910079939574033
 30
0.0
 10
-7.571502438774659
 20
-3.900511790334671
 30
0.0
 10
-7.821017616144385
 20
-3.917576122844856
 30
0.0
 10
-7.945029093537534
 20
-3.926057262580017
 30
0.0
  0
SPLINE
  5
865
330
1B
100
AcDbEntity
 67
     1
  8
0
  6
Continuous
 62
     7
370
    25
100
AcDbSpline
210
0.0
220
0.0
230
1.0
 70
     8
 71
     3
 72
    17
 73
    13
 74
     0
 42
0.00000001
 43
0.00000001
 40
0.0
 40
0.0
 40
0.0
 40
0.0
 40
0.0777504184766793
 40
0.1561923543650427
 40
0.2354546932805419
 40
0.3153159739395874
 40
0.3955146565098683
 40
0.4759056415804994
 40
0.5563746065809104
 40
0.7039743663759138
 40
0.8519118101407542
 40
1.0
 40
1.0
 40
1.0
 40
1.0
 10
-7.877075045195501
 20
-4.223502266273809
 30
0.0
 10
-7.811901094351722
 20
-4.24600129129477
 30
0.0
 10
-7.68097353119507
 20
-4.291199449167009
 30
0.0
 10
-7.472674357042502
 20
-4.314555795716453
 30
0.0
 10
-7.262400293605401
 20
-4.313868037772434
 30
0.0
 10
-7.051552431220411
 20
-4.291999020233176
 30
0.0
 10
-6.842120576290038
 20
-4.254447438325982
 30
0.0
 10
-6.634760778598124
 20
-4.204454700974624
 30
0.0
 10
-6.373417593142118
 20
-4.125771342412579
 30
0.0
 10
-6.063168424285813
 20
-4.004769125386361
 30
0.0
 10
-5.709718562478328
 20
-3.833483557556833
 30
0.0
 10
-5.483742266402417
 20
-3.701155648059695
 30
0.0
 10
-5.37069658104304
 20
-3.634958000425661
 30
0.0
  0
SPLINE
  5
866
330
1B
100
AcDbEntity
 67
     1
  8
0
  6
Continuous
 62
     7
370
    25
100
AcDbSpline
210
0.0
220
0.0
230
1.0
 70
     8
 71
     3
 72
    20
 73
    16
 74
     0
 42
0.00000001
 43
0.00000001
 40
0.0
 40
0.0
 40
0.0
 40
0.0
 40
0.1392005106672357
 40
0.2789014764855767
 40
0.4191075240222835
 40
0.5420411612668967
 40
0.5970657093603534
 40
0.6193117162847155
 40
0.6386887834812955
 40
0.65698846382843
 40
0.675494697326136
 40
0.721634416007874
 40
0.8248693514104999
 40
0.9278854279940831
 40
1.0
 40
1.0
 40
1.0
 40
1.0
 10
-7.877075045195501
 20
-4.223502266273809
 30
0.0
 10
-7.901890116199506
 20
-4.211910223114899
 30
0.0
 10
-7.951609473613765
 20
-4.188684460960669
 30
0.0
 10
-8.022772849027186
 20
-4.146728277792755
 30
0.0
 10
-8.085453088806206
 20
-4.097708810452301
 30
0.0
 10
-8.124730830887124
 20
-4.047455531686351
 30
0.0
 10
-8.139222159717818
 20
-4.010587033911289
 30
0.0
 10
-8.14415770425364
 20
-3.992236603716039
 30
0.0
 10
-8.145317951361344
 20
-3.980334515101923
 30
0.0
 10
-8.141421878804868
 20
-3.969431314901264
 30
0.0
 10
-8.128435526444802
 20
-3.95872720513784
 30
0.0
 10
-8.095823128692322
 20
-3.950501157765797
 30
0.0
 10
-8.047309860885234
 20
-3.941713636247215
 30
0.0
 10
-7.99318336740988
 20
-3.932757751770985
 30
0.0
 10
-7.95907435937603
 20
-3.928011609398424
 30
0.0
 10
-7.945029093537534
 20
-3.926057262580017
 30
0.0
  0
SPLINE
  5
867
330
1B
100
AcDbEntity
 67
     1
  8
0
  6
Continuous
 62
     7
370
    25
100
AcDbSpline
210
0.0
220
0.0
230
1.0
 70
     8
 71
     3
 72
     9
 73
     5
 74
     0
 42
0.00000001
 43
0.00000001
 40
0.0
 40
0.0
 40
0.0
 40
0.0
 40
0.4881028496546707
 40
1.0
 40
1.0
 40
1.0
 40
1.0
 10
-6.388915464761449
 20
-4.052691566561434
 30
0.0
 10
-6.325189028592528
 20
-4.029316368948836
 30
0.0
 10
-6.194629585610365
 20
-3.981426466996544
 30
0.0
 10
-6.067839410232406
 20
-3.924292828149399
 30
0.0
 10
-6.002935880764644
 20
-3.895046281234686
 30
0.0
  0
SPLINE
  5
86B
330
1B
100
AcDbEntity
 67
     1
  8
0
  6
Continuous
 62
     7
370
    25
100
AcDbSpline
210
0.0
220
0.0
230
1.0
 70
     8
 71
     3
 72
    10
 73
     6
 74
     0
 42
0.00000001
 43
0.00000001
 40
0.0
 40
0.0
 40
0.0
 40
0.0
 40
0.2957661269280271
 40
0.6274282949601254
 40
1.0
 40
1.0
 40
1.0
 40
1.0
 10
-7.626528546679162
 20
-4.222587284495137
 30
0.0
 10
-7.552915772560857
 20
-4.231489451827143
 30
0.0
 10
-7.396756114144085
 20
-4.250374209620685
 30
0.0
 10
-7.14555167051191
 20
-4.235656166721346
 30
0.0
 10
-6.971954473741142
 20
-4.204933948530791
 30
0.0
 10
-6.880113671893745
 20
-4.188680499709973
 30
0.0
  0
SPLINE
  5
86D
330
1B
100
AcDbEntity
 67
     1
  8
0
  6
Continuous
 62
     7
370
    25
100
AcDbSpline
210
0.0
220
0.0
230
1.0
 70
     8
 71
     3
 72
    12
 73
     8
 74
     0
 42
0.00000001
 43
0.00000001
 40
0.0
 40
0.0
 40
0.0
 40
0.0
 40
0.1795797026917865
 40
0.3895620622296167
 40
0.6054961619925245
 40
0.8038854573822588
 40
1.0
 40
1.0
 40
1.0
 40
1.0
 10
-6.906552787980007
 20
-3.971654331566172
 30
0.0
 10
-6.948472828279048
 20
-3.973077217558258
 30
0.0
 10
-7.039409928089659
 20
-3.976163882660638
 30
0.0
 10
-7.18083870749862
 20
-3.97726162670152
 30
0.0
 10
-7.32664939821022
 20
-3.976909900060531
 30
0.0
 10
-7.469221567348013
 20
-3.975432440044769
 30
0.0
 10
-7.561359596838207
 20
-3.976385451589514
 30
0.0
 10
-7.60716297254789
 20
-3.97685920977689
 30
0.0
  0
CIRCLE
  5
86F
330
1B
100
AcDbEntity
 67
     1
  8
0
  6
Continuous
 62
     7
370
    25
100
AcDbCircle
 10
-6.6546015695
 20
-4.0448033177
 30
0.0
 40
0.0590551181102344
  0
CIRCLE
  5
870
330
1B
100
AcDbEntity
 67
     1
  8
0
  6
Continuous
 62
     7
370
    25
100
AcDbCircle
 10
-7.8541392503
 20
-4.0781102576
 30
0.0
 40
0.0590551181102538
  0
SPLINE
  5
871
330
1B
100
AcDbEntity
 67
     1
  8
0
  6
Continuous
 62
     7
370
    25
100
AcDbSpline
210
0.0
220
0.0
230
1.0
 70
     8
 71
     3
 72
    14
 73
    10
 74
     0
 42
0.00000001
 43
0.00000001
 40
0.0
 40
0.0
 40
0.0
 40
0.0
 40
0.141029795559128
 40
0.2818753607524435
 40
0.4226187214233365
 40
0.5633370663268938
 40
0.7104470631168777
 40
0.8560893655250725
 40
1.0
 40
1.0
 40
1.0
 40
1.0
 10
-8.630599227790333
 20
-4.024327996594161
 30
0.0
 10
-8.515734571895742
 20
-3.983753057074277
 30
0.0
 10
-8.28615531036715
 20
-3.902656181982509
 30
0.0
 10
-7.930347685528977
 20
-3.819290525491063
 30
0.0
 10
-7.57059615037187
 20
-3.759431316584616
 30
0.0
 10
-7.202032975923625
 20
-3.723295883763097
 30
0.0
 10
-6.827725791894252
 20
-3.715076201581196
 30
0.0
 10
-6.450653689774823
 20
-3.724644350820557
 30
0.0
 10
-6.201138512405098
 20
-3.707580018310372
 30
0.0
 10
-6.077127035011952
 20
-3.699098878575212
 30
0.0
  0
SPLINE
  5
873
330
1B
100
AcDbEntity
 67
     1
  8
0
  6
Continuous
 62
     7
370
    25
100
AcDbSpline
210
0.0
220
0.0
230
1.0
 70
     8
 71
     3
 72
    17
 73
    13
 74
     0
 42
0.00000001
 43
0.00000001
 40
0.0
 40
0.0
 40
0.0
 40
0.0
 40
0.0777504184766788
 40
0.1561923543650358
 40
0.2354546932805481
 40
0.315315973939587
 40
0.3955146565098681
 40
0.4759056415804987
 40
0.5563746065809096
 40
0.703974366375908
 40
0.8519118101407542
 40
0.9999999999999999
 40
0.9999999999999999
 40
0.9999999999999999
 40
0.9999999999999999
 10
-6.145081083353984
 20
-3.401653874881423
 30
0.0
 10
-6.210255034197764
 20
-3.379154849860466
 30
0.0
 10
-6.341182597354408
 20
-3.333956691988232
 30
0.0
 10
-6.549481771506985
 20
-3.310600345438775
 30
0.0
 10
-6.759755834944082
 20
-3.311288103382804
 30
0.0
 10
-6.970603697329082
 20
-3.333157120922059
 30
0.0
 10
-7.180035552259446
 20
-3.370708702829261
 30
0.0
 10
-7.387395349951362
 20
-3.42070144018061
 30
0.0
 10
-7.648738535407367
 20
-3.499384798742657
 30
0.0
 10
-7.95898770426366
 20
-3.620387015768895
 30
0.0
 10
-8.312437566071152
 20
-3.791672583598405
 30
0.0
 10
-8.538413862147067
 20
-3.924000493095548
 30
0.0
 10
-8.651459547506445
 20
-3.990198140729585
 30
0.0
  0
SPLINE
  5
874
330
1B
100
AcDbEntity
 67
     1
  8
0
  6
Continuous
 62
     7
370
    25
100
AcDbSpline
210
0.0
220
0.0
230
1.0
 70
     8
 71
     3
 72
    20
 73
    16
 74
     0
 42
0.00000001
 43
0.00000001
 40
0.0
 40
0.0
 40
0.0
 40
0.0
 40
0.1392005106672044
 40
0.2789014764855948
 40
0.4191075240223001
 40
0.5420411612668885
 40
0.5970657093603625
 40
0.6193117162847172
 40
0.6386887834812895
 40
0.6569884638284308
 40
0.6754946973261415
 40
0.7216344160078766
 40
0.8248693514105027
 40
0.9278854279940837
 40
0.9999999999999999
 40
0.9999999999999999
 40
0.9999999999999999
 40
0.9999999999999999
 10
-6.145081083353984
 20
-3.401653874881423
 30
0.0
 10
-6.120266012349985
 20
-3.413245918040333
 30
0.0
 10
-6.070546654935725
 20
-3.436471680194571
 30
0.0
 10
-5.999383279522293
 20
-3.478427863362464
 30
0.0
 10
-5.936703039743254
 20
-3.52744733070292
 30
0.0
 10
-5.897425297662382
 20
-3.577700609468889
 30
0.0
 10
-5.882933968831634
 20
-3.614569107243929
 30
0.0
 10
-5.877998424295854
 20
-3.632919537439192
 30
0.0
 10
-5.876838177188142
 20
-3.644821626053303
 30
0.0
 10
-5.880734249744614
 20
-3.655724826253962
 30
0.0
 10
-5.893720602104684
 20
-3.666428936017395
 30
0.0
 10
-5.926332999857165
 20
-3.674654983389425
 30
0.0
 10
-5.974846267664253
 20
-3.683442504908023
 30
0.0
 10
-6.028972761139605
 20
-3.692398389384242
 30
0.0
 10
-6.063081769173457
 20
-3.697144531756805
 30
0.0
 10
-6.077127035011952
 20
-3.699098878575212
 30
0.0
  0
SPLINE
  5
875
330
1B
100
AcDbEntity
 67
     1
  8
0
  6
Continuous
 62
     7
370
    25
100
AcDbSpline
210
0.0
220
0.0
230
1.0
 70
     8
 71
     3
 72
     9
 73
     5
 74
     0
 42
0.00000001
 43
0.00000001
 40
0.0
 40
0.0
 40
0.0
 40
0.0
 40
0.4881028496546705
 40
1.0
 40
1.0
 40
1.0
 40
1.0
 10
-7.633240663788037
 20
-3.572464574593804
 30
0.0
 10
-7.696967099956955
 20
-3.595839772206401
 30
0.0
 10
-7.827526542939116
 20
-3.643729674158697
 30
0.0
 10
-7.954316718317079
 20
-3.700863313005845
 30
0.0
 10
-8.019220247784842
 20
-3.730109859920559
 30
0.0
  0
SPLINE
  5
879
330
1B
100
AcDbEntity
 67
     1
  8
0
  6
Continuous
 62
     7
370
    25
100
AcDbSpline
210
0.0
220
0.0
230
1.0
 70
     8
 71
     3
 72
    10
 73
     6
 74
     0
 42
0.00000001
 43
0.00000001
 40
0.0
 40
0.0
 40
0.0
 40
0.0
 40
0.2957661269279812
 40
0.6274282949601026
 40
1.0
 40
1.0
 40
1.0
 40
1.0
 10
-6.395627581870341
 20
-3.4025688566601
 30
0.0
 10
-6.469240355988632
 20
-3.393666689328092
 30
0.0
 10
-6.625400014405401
 20
-3.374781931534546
 30
0.0
 10
-6.876604458037574
 20
-3.389499974433887
 30
0.0
 10
-7.050201654808354
 20
-3.420222192624442
 30
0.0
 10
-7.142042456655759
 20
-3.43647564144526
 30
0.0
  0
SPLINE
  5
87B
330
1B
100
AcDbEntity
 67
     1
  8
0
  6
Continuous
 62
     7
370
    25
100
AcDbSpline
210
0.0
220
0.0
230
1.0
 70
     8
 71
     3
 72
    12
 73
     8
 74
     0
 42
0.00000001
 43
0.00000001
 40
0.0
 40
0.0
 40
0.0
 40
0.0
 40
0.1795797026917865
 40
0.3895620622296167
 40
0.6054961619925245
 40
0.8038854573822588
 40
1.0
 40
1.0
 40
1.0
 40
1.0
 10
-7.115603340569479
 20
-3.653501809589065
 30
0.0
 10
-7.073683300270439
 20
-3.65207892359698
 30
0.0
 10
-6.982746200459829
 20
-3.648992258494601
 30
0.0
 10
-6.84131742105087
 20
-3.647894514453718
 30
0.0
 10
-6.695506730339261
 20
-3.648246241094705
 30
0.0
 10
-6.552934561201472
 20
-3.649723701110461
 30
0.0
 10
-6.460796531711281
 20
-3.648770689565719
 30
0.0
 10
-6.414993156001597
 20
-3.648296931378344
 30
0.0
  0
CIRCLE
  5
87D
330
1B
100
AcDbEntity
 67
     1
  8
0
  6
Continuous
 62
     7
370
    25
100
AcDbCircle
 10
-7.367554559
 20
-3.5803528234
 30
0.0
 40
0.0590551181102533
  0
CIRCLE
  5
87E
330
1B
100
AcDbEntity
 67
     1
  8
0
  6
Continuous
 62
     7
370
    25
100
AcDbCircle
 10
-6.1680168782
 20
-3.5470458836
 30
0.0
 40
0.0590551181102363
  0
SPLINE
  5
87F
330
1B
100
AcDbEntity
 67
     1
  8
0
  6
Continuous
 62
     7
370
    25
100
AcDbSpline
210
0.0
220
0.0
230
1.0
 70
     8
 71
     3
 72
    14
 73
    10
 74
     0
 42
0.00000001
 43
0.00000001
 40
0.0
 40
0.0
 40
0.0
 40
0.0
 40
0.141029795559128
 40
0.2818753607524435
 40
0.4226187214233365
 40
0.5633370663268938
 40
0.7104470631168777
 40
0.8560893655250725
 40
1.0
 40
1.0
 40
1.0
 40
1.0
 10
-11.769714323486
 20
1.169563639376242
 30
0.0
 10
-11.65484966759141
 20
1.210138578896127
 30
0.0
 10
-11.42527040606282
 20
1.291235453987894
 30
0.0
 10
-11.06946278122465
 20
1.374601110479342
 30
0.0
 10
-10.70971124606754
 20
1.434460319385788
 30
0.0
 10
-10.34114807161929
 20
1.470595752207307
 30
0.0
 10
-9.966840887589925
 20
1.478815434389209
 30
0.0
 10
-9.589768785470492
 20
1.469247285149847
 30
0.0
 10
-9.340253608100769
 20
1.486311617660032
 30
0.0
 10
-9.21624213070762
 20
1.494792757395192
 30
0.0
  0
SPLINE
  5
881
330
1B
100
AcDbEntity
 67
     1
  8
0
  6
Continuous
 62
     7
370
    25
100
AcDbSpline
210
0.0
220
0.0
230
1.0
 70
     8
 71
     3
 72
    17
 73
    13
 74
     0
 42
0.00000001
 43
0.00000001
 40
0.0
 40
0.0
 40
0.0
 40
0.0
 40
0.0777504184766788
 40
0.1561923543650358
 40
0.2354546932805481
 40
0.315315973939587
 40
0.3955146565098681
 40
0.4759056415804987
 40
0.5563746065809096
 40
0.703974366375908
 40
0.8519118101407542
 40
0.9999999999999999
 40
0.9999999999999999
 40
0.9999999999999999
 40
0.9999999999999999
 10
-9.284196179049653
 20
1.792237761088981
 30
0.0
 10
-9.349370129893432
 20
1.814736786109937
 30
0.0
 10
-9.480297693050078
 20
1.859934943982172
 30
0.0
 10
-9.688596867202653
 20
1.883291290531629
 30
0.0
 10
-9.89887093063975
 20
1.8826035325876
 30
0.0
 10
-10.10971879302475
 20
1.860734515048344
 30
0.0
 10
-10.31915064795512
 20
1.823182933141143
 30
0.0
 10
-10.52651044564703
 20
1.773190195789792
 30
0.0
 10
-10.78785363110304
 20
1.694506837227748
 30
0.0
 10
-11.09810279995933
 20
1.573504620201509
 30
0.0
 10
-11.45155266176682
 20
1.402219052371997
 30
0.0
 10
-11.67752895784274
 20
1.269891142874855
 30
0.0
 10
-11.79057464320211
 20
1.203693495240819
 30
0.0
  0
SPLINE
  5
882
330
1B
100
AcDbEntity
 67
     1
  8
0
  6
Continuous
 62
     7
370
    25
100
AcDbSpline
210
0.0
220
0.0
230
1.0
 70
     8
 71
     3
 72
    20
 73
    16
 74
     0
 42
0.00000001
 43
0.00000001
 40
0.0
 40
0.0
 40
0.0
 40
0.0
 40
0.1392005106672044
 40
0.2789014764855948
 40
0.4191075240223001
 40
0.5420411612668885
 40
0.5970657093603625
 40
0.6193117162847172
 40
0.6386887834812895
 40
0.6569884638284308
 40
0.6754946973261415
 40
0.7216344160078766
 40
0.8248693514105027
 40
0.9278854279940837
 40
0.9999999999999999
 40
0.9999999999999999
 40
0.9999999999999999
 40
0.9999999999999999
 10
-9.284196179049653
 20
1.792237761088981
 30
0.0
 10
-9.259381108045654
 20
1.78064571793007
 30
0.0
 10
-9.209661750631394
 20
1.757419955775831
 30
0.0
 10
-9.138498375217962
 20
1.71546377260794
 30
0.0
 10
-9.07581813543892
 20
1.666444305267485
 30
0.0
 10
-9.036540393358047
 20
1.616191026501513
 30
0.0
 10
-9.022049064527305
 20
1.579322528726476
 30
0.0
 10
-9.017113519991522
 20
1.560972098531212
 30
0.0
 10
-9.01595327288381
 20
1.549070009917101
 30
0.0
 10
-9.019849345440281
 20
1.538166809716442
 30
0.0
 10
-9.032835697800351
 20
1.527462699953008
 30
0.0
 10
-9.065448095552833
 20
1.51923665258098
 30
0.0
 10
-9.113961363359923
 20
1.510449131062383
 30
0.0
 10
-9.168087856835275
 20
1.501493246586162
 30
0.0
 10
-9.202196864869125
 20
1.4967471042136
 30
0.0
 10
-9.216242130707622
 20
1.494792757395192
 30
0.0
  0
SPLINE
  5
883
330
1B
100
AcDbEntity
 67
     1
  8
0
  6
Continuous
 62
     7
370
    25
100
AcDbSpline
210
0.0
220
0.0
230
1.0
 70
     8
 71
     3
 72
     9
 73
     5
 74
     0
 42
0.00000001
 43
0.00000001
 40
0.0
 40
0.0
 40
0.0
 40
0.0
 40
0.4881028496546705
 40
1.0
 40
1.0
 40
1.0
 40
1.0
 10
-10.77235575948371
 20
1.6214270613766
 30
0.0
 10
-10.83608219565262
 20
1.598051863764002
 30
0.0
 10
-10.96664163863478
 20
1.550161961811707
 30
0.0
 10
-11.09343181401275
 20
1.493028322964558
 30
0.0
 10
-11.15833534348051
 20
1.463781776049845
 30
0.0
  0
SPLINE
  5
887
330
1B
100
AcDbEntity
 67
     1
  8
0
  6
Continuous
 62
     7
370
    25
100
AcDbSpline
210
0.0
220
0.0
230
1.0
 70
     8
 71
     3
 72
    10
 73
     6
 74
     0
 42
0.00000001
 43
0.00000001
 40
0.0
 40
0.0
 40
0.0
 40
0.0
 40
0.2957661269279812
 40
0.6274282949601026
 40
1.0
 40
1.0
 40
1.0
 40
1.0
 10
-9.534742677566008
 20
1.791322779310304
 30
0.0
 10
-9.608355451684304
 20
1.800224946642311
 30
0.0
 10
-9.764515110101069
 20
1.819109704435858
 30
0.0
 10
-10.01571955373324
 20
1.804391661536516
 30
0.0
 10
-10.18931675050402
 20
1.773669443345961
 30
0.0
 10
-10.28115755235143
 20
1.757415994525144
 30
0.0
  0
SPLINE
  5
889
330
1B
100
AcDbEntity
 67
     1
  8
0
  6
Continuous
 62
     7
370
    25
100
AcDbSpline
210
0.0
220
0.0
230
1.0
 70
     8
 71
     3
 72
    12
 73
     8
 74
     0
 42
0.00000001
 43
0.00000001
 40
0.0
 40
0.0
 40
0.0
 40
0.0
 40
0.1795797026917865
 40
0.3895620622296167
 40
0.6054961619925245
 40
0.8038854573822588
 40
1.0
 40
1.0
 40
1.0
 40
1.0
 10
-10.25471843626515
 20
1.540389826381338
 30
0.0
 10
-10.21279839596611
 20
1.541812712373424
 30
0.0
 10
-10.1218612961555
 20
1.544899377475804
 30
0.0
 10
-9.98043251674654
 20
1.545997121516687
 30
0.0
 10
-9.83462182603493
 20
1.545645394875697
 30
0.0
 10
-9.692049656897138
 20
1.544167934859942
 30
0.0
 10
-9.599911627406952
 20
1.545120946404686
 30
0.0
 10
-9.554108251697265
 20
1.54559470459206
 30
0.0
  0
CIRCLE
  5
88A
330
1B
100
AcDbEntity
 67
     1
  8
0
  6
Continuous
 62
     7
370
    25
100
AcDbCircle
 10
-10.5066696547
 20
1.6135388125
 30
0.0
 40
0.0590551181102517
  0
CIRCLE
  5
88B
330
1B
100
AcDbEntity
 67
     1
  8
0
  6
Continuous
 62
     7
370
    25
100
AcDbCircle
 10
-9.3071319739
 20
1.6468457524
 30
0.0
 40
0.0590551181102348
  0
SPLINE
  5
88D
330
1B
100
AcDbEntity
 67
     1
  8
0
  6
Continuous
 62
     7
370
    25
100
AcDbSpline
210
0.0
220
0.0
230
1.0
 70
     8
 71
     3
 72
    14
 73
    10
 74
     0
 42
0.00000001
 43
0.00000001
 40
0.0
 40
0.0
 40
0.0
 40
0.0
 40
0.141029795559128
 40
0.2818753607524435
 40
0.4226187214233365
 40
0.5633370663268938
 40
0.7104470631168777
 40
0.8560893655250725
 40
1.0
 40
1.0
 40
1.0
 40
1.0
 10
-11.80319557896207
 20
-0.8401489348442789
 30
0.0
 10
-11.68833092306748
 20
-0.7995739953243943
 30
0.0
 10
-11.45875166153888
 20
-0.7184771202326274
 30
0.0
 10
-11.10294403670071
 20
-0.6351114637411792
 30
0.0
 10
-10.7431925015436
 20
-0.5752522548347335
 30
0.0
 10
-10.37462932709536
 20
-0.5391168220132145
 30
0.0
 10
-10.00032214306599
 20
-0.5308971398313125
 30
0.0
 10
-9.623250040946557
 20
-0.5404652890706744
 30
0.0
 10
-9.373734863576834
 20
-0.5234009565604893
 30
0.0
 10
-9.249723386183685
 20
-0.5149198168253292
 30
0.0
  0
SPLINE
  5
88F
330
1B
100
AcDbEntity
 67
     1
  8
0
  6
Continuous
 62
     7
370
    25
100
AcDbSpline
210
0.0
220
0.0
230
1.0
 70
     8
 71
     3
 72
    17
 73
    13
 74
     0
 42
0.00000001
 43
0.00000001
 40
0.0
 40
0.0
 40
0.0
 40
0.0
 40
0.0777504184766788
 40
0.1561923543650358
 40
0.2354546932805481
 40
0.315315973939587
 40
0.3955146565098681
 40
0.4759056415804987
 40
0.5563746065809096
 40
0.703974366375908
 40
0.8519118101407542
 40
0.9999999999999999
 40
0.9999999999999999
 40
0.9999999999999999
 40
0.9999999999999999
 10
-9.317677434525718
 20
-0.2174748131315403
 30
0.0
 10
-9.382851385369497
 20
-0.1949757881105829
 30
0.0
 10
-9.513778948526143
 20
-0.1497776302383493
 30
0.0
 10
-9.722078122678719
 20
-0.1264212836888922
 30
0.0
 10
-9.932352186115816
 20
-0.1271090416329212
 30
0.0
 10
-10.14320004850082
 20
-0.1489780591721774
 30
0.0
 10
-10.35263190343118
 20
-0.1865296410793786
 30
0.0
 10
-10.55999170112309
 20
-0.2365223784307285
 30
0.0
 10
-10.8213348865791
 20
-0.3152057369927728
 30
0.0
 10
-11.1315840554354
 20
-0.4362079540190118
 30
0.0
 10
-11.48503391724288
 20
-0.6074935218485235
 30
0.0
 10
-11.7110102133188
 20
-0.7398214313456659
 30
0.0
 10
-11.82405589867818
 20
-0.8060190789797019
 30
0.0
  0
SPLINE
  5
890
330
1B
100
AcDbEntity
 67
     1
  8
0
  6
Continuous
 62
     7
370
    25
100
AcDbSpline
210
0.0
220
0.0
230
1.0
 70
     8
 71
     3
 72
    20
 73
    16
 74
     0
 42
0.00000001
 43
0.00000001
 40
0.0
 40
0.0
 40
0.0
 40
0.0
 40
0.1392005106672044
 40
0.2789014764855948
 40
0.4191075240223001
 40
0.5420411612668885
 40
0.5970657093603625
 40
0.6193117162847172
 40
0.6386887834812895
 40
0.6569884638284308
 40
0.6754946973261415
 40
0.7216344160078766
 40
0.8248693514105027
 40
0.9278854279940837
 40
0.9999999999999999
 40
0.9999999999999999
 40
0.9999999999999999
 40
0.9999999999999999
 10
-9.317677434525718
 20
-0.2174748131315403
 30
0.0
 10
-9.292862363521719
 20
-0.2290668562904512
 30
0.0
 10
-9.243143006107461
 20
-0.252292618444689
 30
0.0
 10
-9.171979630694029
 20
-0.2942488016125811
 30
0.0
 10
-9.109299390914988
 20
-0.3432682689530369
 30
0.0
 10
-9.070021648834114
 20
-0.3935215477190067
 30
0.0
 10
-9.05553032000337
 20
-0.4303900454940462
 30
0.0
 10
-9.050594775467587
 20
-0.4487404756893095
 30
0.0
 10
-9.049434528359876
 20
-0.4606425643034204
 30
0.0
 10
-9.05333060091635
 20
-0.4715457645040795
 30
0.0
 10
-9.066316953276418
 20
-0.4822498742675126
 30
0.0
 10
-9.0989293510289
 20
-0.4904759216395415
 30
0.0
 10
-9.147442618835989
 20
-0.4992634431581392
 30
0.0
 10
-9.201569112311342
 20
-0.5082193276343588
 30
0.0
 10
-9.235678120345192
 20
-0.5129654700069217
 30
0.0
 10
-9.249723386183687
 20
-0.5149198168253292
 30
0.0
  0
SPLINE
  5
891
330
1B
100
AcDbEntity
 67
     1
  8
0
  6
Continuous
 62
     7
370
    25
100
AcDbSpline
210
0.0
220
0.0
230
1.0
 70
     8
 71
     3
 72
     9
 73
     5
 74
     0
 42
0.00000001
 43
0.00000001
 40
0.0
 40
0.0
 40
0.0
 40
0.0
 40
0.4881028496546705
 40
1.0
 40
1.0
 40
1.0
 40
1.0
 10
-10.80583701495977
 20
-0.3882855128439209
 30
0.0
 10
-10.86956345112869
 20
-0.4116607104565191
 30
0.0
 10
-11.00012289411085
 20
-0.4595506124088143
 30
0.0
 10
-11.12691306948881
 20
-0.5166842512559621
 30
0.0
 10
-11.19181659895658
 20
-0.5459307981706764
 30
0.0
  0
SPLINE
  5
895
330
1B
100
AcDbEntity
 67
     1
  8
0
  6
Continuous
 62
     7
370
    25
100
AcDbSpline
210
0.0
220
0.0
230
1.0
 70
     8
 71
     3
 72
    10
 73
     6
 74
     0
 42
0.00000001
 43
0.00000001
 40
0.0
 40
0.0
 40
0.0
 40
0.0
 40
0.2957661269279812
 40
0.6274282949601026
 40
1.0
 40
1.0
 40
1.0
 40
1.0
 10
-9.568223933042075
 20
-0.2183897949102172
 30
0.0
 10
-9.641836707160369
 20
-0.2094876275782105
 30
0.0
 10
-9.797996365577136
 20
-0.190602869784663
 30
0.0
 10
-10.04920080920931
 20
-0.2053209126840048
 30
0.0
 10
-10.22279800598009
 20
-0.2360431308745594
 30
0.0
 10
-10.31463880782749
 20
-0.2522965796953775
 30
0.0
  0
SPLINE
  5
897
330
1B
100
AcDbEntity
 67
     1
  8
0
  6
Continuous
 62
     7
370
    25
100
AcDbSpline
210
0.0
220
0.0
230
1.0
 70
     8
 71
     3
 72
    12
 73
     8
 74
     0
 42
0.00000001
 43
0.00000001
 40
0.0
 40
0.0
 40
0.0
 40
0.0
 40
0.1795797026917865
 40
0.3895620622296167
 40
0.6054961619925245
 40
0.8038854573822588
 40
1.0
 40
1.0
 40
1.0
 40
1.0
 10
-10.28819969174121
 20
-0.4693227478391825
 30
0.0
 10
-10.24627965144217
 20
-0.4678998618470971
 30
0.0
 10
-10.15534255163156
 20
-0.4648131967447175
 30
0.0
 10
-10.0139137722226
 20
-0.4637154527038347
 30
0.0
 10
-9.868103081510995
 20
-0.4640671793448233
 30
0.0
 10
-9.725530912373205
 20
-0.4655446393605788
 30
0.0
 10
-9.633392882883017
 20
-0.4645916278158355
 30
0.0
 10
-9.587589507173332
 20
-0.4641178696284608
 30
0.0
  0
CIRCLE
  5
899
330
1B
100
AcDbEntity
 67
     1
  8
0
  6
Continuous
 62
     7
370
    25
100
AcDbCircle
 10
-10.5401509102
 20
-0.3961737617
 30
0.0
 40
0.0590551181102518
  0
CIRCLE
  5
89A
330
1B
100
AcDbEntity
 67
     1
  8
0
  6
Continuous
 62
     7
370
    25
100
AcDbCircle
 10
-9.3406132294
 20
-0.3628668218
 30
0.0
 40
0.0590551181102336
  0
SPLINE
  5
89B
330
1B
100
AcDbEntity
 67
     1
  8
0
  6
Continuous
 62
     7
370
    25
100
AcDbSpline
210
0.0
220
0.0
230
1.0
 70
     8
 71
     3
 72
     9
 73
     5
 74
     0
 42
0.00000001
 43
0.00000001
 40
0.0
 40
0.0
 40
0.0
 40
0.0
 40
0.5559131818896713
 40
1.0
 40
1.0
 40
1.0
 40
1.0
 10
-11.0802430961966
 20
3.470078923449593
 30
0.0
 10
-10.98883090802856
 20
3.479316578411933
 30
0.0
 10
-10.82439482134087
 20
3.495933660473089
 30
0.0
 10
-10.66299635582996
 20
3.531323059178768
 30
0.0
 10
-10.59132142483333
 20
3.54703902464481
 30
0.0
  0
SPLINE
  5
89D
330
1B
100
AcDbEntity
 67
     1
  8
0
  6
Continuous
 62
     7
370
    25
100
AcDbSpline
210
0.0
220
0.0
230
1.0
 70
     8
 71
     3
 72
     9
 73
     5
 74
     0
 42
0.00000001
 43
0.00000001
 40
0.0
 40
0.0
 40
0.0
 40
0.0
 40
0.5628454781264361
 40
1.0
 40
1.0
 40
1.0
 40
1.0
 10
-10.61966159472115
 20
3.75829973676331
 30
0.0
 10
-10.70828362010378
 20
3.755442685191821
 30
0.0
 10
-10.86573718209672
 20
3.750366600044971
 30
0.0
 10
-11.0232544778422
 20
3.748048518375565
 30
0.0
 10
-11.09211387595063
 20
3.747035158491712
 30
0.0
  0
SPLINE
  5
89F
330
1B
100
AcDbEntity
 67
     1
  8
0
  6
Continuous
 62
     7
370
    25
100
AcDbSpline
210
0.0
220
0.0
230
1.0
 70
     8
 71
     3
 72
     9
 73
     5
 74
     0
 42
0.00000001
 43
0.00000001
 40
0.0
 40
0.0
 40
0.0
 40
0.0
 40
0.5590960637893351
 40
1.0
 40
1.0
 40
1.0
 40
1.0
 10
-10.15230140053957
 20
3.665681868161843
 30
0.0
 10
-10.0817958852621
 20
3.688790826073094
 30
0.0
 10
-9.955689622235273
 20
3.730123540445339
 30
0.0
 10
-9.831582076200338
 20
3.777103176344058
 30
0.0
 10
-9.776862570640088
 20
3.797816682733547
 30
0.0
  0
SPLINE
  5
8A1
330
1B
100
AcDbEntity
 67
     1
  8
0
  6
Continuous
 62
     7
370
    25
100
AcDbSpline
210
0.0
220
0.0
230
1.0
 70
     8
 71
     3
 72
     9
 73
     5
 74
     0
 42
0.00000001
 43
0.00000001
 40
0.0
 40
0.0
 40
0.0
 40
0.0
 40
0.5602772183836191
 40
0.9999999999999999
 40
0.9999999999999999
 40
0.9999999999999999
 40
0.9999999999999999
 10
-9.78694815107981
 20
3.836275783132753
 30
0.0
 10
-9.859702389893052
 20
3.826119628900764
 30
0.0
 10
-9.989556391494494
 20
3.807992612668887
 30
0.0
 10
-10.12001276004432
 20
3.794925752528045
 30
0.0
 10
-10.17737739730261
 20
3.789179956439922
 30
0.0
  0
CIRCLE
  5
8A3
330
1B
100
AcDbEntity
 67
     1
  8
0
  6
Continuous
 62
     7
370
    25
100
AcDbCircle
 10
-10.3674834827
 20
3.6867796608
 30
0.0
 40
0.0590551181102388
  0
CIRCLE
  5
8A4
330
1B
100
AcDbEntity
 67
     1
  8
0
  6
Continuous
 62
     7
370
    25
100
AcDbCircle
 10
-11.3642118239
 20
3.6059550737
 30
0.0
 40
0.0590551181102388
  0
SPLINE
  5
8A6
330
1B
100
AcDbEntity
 67
     1
  8
0
  6
Continuous
 62
     7
370
    25
100
AcDbSpline
210
0.0
220
0.0
230
1.0
 70
     8
 71
     3
 72
    36
 73
    32
 74
     0
 42
0.00000001
 43
0.00000001
 40
0.0
 40
0.0
 40
0.0
 40
0.0
 40
0.077458226367865
 40
0.1547646431350745
 40
0.2320361202111983
 40
0.3092767603809877
 40
0.3859046630270893
 40
0.4095356506631169
 40
0.4330183322370503
 40
0.4560564853826469
 40
0.4781686466596782
 40
0.4817056496769645
 40
0.4836664080017909
 40
0.4838681216287775
 40
0.4840133880606899
 40
0.4843934591401185
 40
0.4865022992641596
 40
0.489752992666439
 40
0.4938252211284935
 40
0.4979403531218138
 40
0.5158767446310002
 40
0.5343459075792112
 40
0.5642786349993557
 40
0.5914070877437446
 40
0.6188195385811834
 40
0.6606859065485526
 40
0.7028590433155817
 40
0.7452009924439509
 40
0.8299852296688744
 40
0.914927955219094
 40
1.0
 40
1.0
 40
1.0
 40
1.0
 10
-9.166050797514398
 20
4.030816669616851
 30
0.0
 10
-9.306113203457397
 20
3.998263528744528
 30
0.0
 10
-9.585963508439349
 20
3.933221047574041
 30
0.0
 10
-10.01281886835535
 20
3.873465909366208
 30
0.0
 10
-10.44132581560161
 20
3.834300466660417
 30
0.0
 10
-10.87005995564992
 20
3.818357842200829
 30
0.0
 10
-11.19960034067039
 20
3.817784775199046
 30
0.0
 10
-11.42871006237955
 20
3.801614985250816
 30
0.0
 10
-11.55790156030488
 20
3.784107654231323
 30
0.0
 10
-11.68201292116376
 20
3.755734281175492
 30
0.0
 10
-11.76738429513115
 20
3.722415112572573
 30
0.0
 10
-11.81002495479739
 20
3.69407757782456
 30
0.0
 10
-11.81864393683184
 20
3.687858724379022
 30
0.0
 10
-11.8215220590379
 20
3.684639429834257
 30
0.0
 10
-11.82206772630346
 20
3.683387221232039
 30
0.0
 10
-11.82249352042955
 20
3.678459639022843
 30
0.0
 10
-11.82130601025353
 20
3.667867237843141
 30
0.0
 10
-11.82024011569806
 20
3.650404588299656
 30
0.0
 10
-11.8152075946462
 20
3.62949520803277
 30
0.0
 10
-11.79057257452056
 20
3.587324014393037
 30
0.0
 10
-11.73492595582648
 20
3.534568025541597
 30
0.0
 10
-11.62930842191969
 20
3.47053291147349
 30
0.0
 10
-11.49515182608818
 20
3.425400655959252
 30
0.0
 10
-11.34010966820914
 20
3.40022558302428
 30
0.0
 10
-11.1610078915907
 20
3.392855406298627
 30
0.0
 10
-10.95429542317499
 20
3.408019802589376
 30
0.0
 10
-10.72266946670466
 20
3.445748755355464
 30
0.0
 10
-10.41582849835534
 20
3.513586190217188
 30
0.0
 10
-10.03733444450216
 20
3.62301237124095
 30
0.0
 10
-9.594405858718321
 20
3.789546911116597
 30
0.0
 10
-9.306042930535295
 20
3.917590825983227
 30
0.0
 10
-9.16175179693695
 20
3.981661480775401
 30
0.0
  0
SPLINE
  5
8A9
330
1B
100
AcDbEntity
 67
     1
  8
0
  6
Continuous
 62
     7
370
    25
100
AcDbSpline
210
0.0
220
0.0
230
1.0
 70
     8
 71
     3
 72
    36
 73
    32
 74
     0
 42
0.00000001
 43
0.00000001
 40
0.0
 40
0.0
 40
0.0
 40
0.0
 40
0.0774582263678653
 40
0.1547646431350747
 40
0.2320361202111983
 40
0.3092767603809876
 40
0.3859046630270891
 40
0.4095356506631168
 40
0.4330183322370502
 40
0.4560564853826467
 40
0.4781686466596781
 40
0.4817056496769643
 40
0.4836664080017907
 40
0.4838681216287772
 40
0.4840133880606897
 40
0.4843934591401183
 40
0.4865022992641593
 40
0.4897529926664387
 40
0.4938252211284933
 40
0.4979403531218136
 40
0.515876744631
 40
0.534345907579211
 40
0.5642786349993552
 40
0.5914070877437441
 40
0.6188195385811828
 40
0.660685906548552
 40
0.702859043315581
 40
0.7452009924439503
 40
0.8299852296688739
 40
0.9149279552190935
 40
0.9999999999999999
 40
0.9999999999999999
 40
0.9999999999999999
 40
0.9999999999999999
 10
-11.85954780890432
 20
3.768356051115105
 30
0.0
 10
-11.71948540296133
 20
3.800909191987433
 30
0.0
 10
-11.43963509797938
 20
3.865951673157925
 30
0.0
 10
-11.01277973806337
 20
3.925706811365758
 30
0.0
 10
-10.58427279081711
 20
3.964872254071548
 30
0.0
 10
-10.1555386507688
 20
3.980814878531142
 30
0.0
 10
-9.825998265748337
 20
3.98138794553293
 30
0.0
 10
-9.596888544039166
 20
3.997557735481156
 30
0.0
 10
-9.467697046113845
 20
4.015065066500657
 30
0.0
 10
-9.343585685254974
 20
4.043438439556491
 30
0.0
 10
-9.25821431128755
 20
4.076757608159392
 30
0.0
 10
-9.215573651621344
 20
4.105095142907425
 30
0.0
 10
-9.206954669586862
 20
4.111313996352949
 30
0.0
 10
-9.204076547380831
 20
4.114533290897723
 30
0.0
 10
-9.203530880115265
 20
4.115785499499938
 30
0.0
 10
-9.203105085989183
 20
4.120713081709138
 30
0.0
 10
-9.204292596165178
 20
4.131305482888834
 30
0.0
 10
-9.205358490720664
 20
4.148768132432321
 30
0.0
 10
-9.210391011772526
 20
4.169677512699208
 30
0.0
 10
-9.235026031898164
 20
4.211848706338943
 30
0.0
 10
-9.290672650592247
 20
4.264604695190383
 30
0.0
 10
-9.396290184499025
 20
4.328639809258489
 30
0.0
 10
-9.530446780330546
 20
4.373772064772719
 30
0.0
 10
-9.685488938209573
 20
4.398947137707691
 30
0.0
 10
-9.864590714828037
 20
4.406317314433349
 30
0.0
 10
-10.07130318324373
 20
4.391152918142598
 30
0.0
 10
-10.30292913971406
 20
4.353423965376506
 30
0.0
 10
-10.60977010806338
 20
4.285586530514781
 30
0.0
 10
-10.98826416191656
 20
4.176160349491015
 30
0.0
 10
-11.4311927477004
 20
4.009625809615363
 30
0.0
 10
-11.71955567588343
 20
3.881581894748731
 30
0.0
 10
-11.86384680948177
 20
3.817511239956556
 30
0.0
  0
SPLINE
  5
8AB
330
1B
100
AcDbEntity
 67
     1
  8
0
  6
Continuous
 62
     7
370
    25
100
AcDbSpline
210
0.0
220
0.0
230
1.0
 70
     8
 71
     3
 72
     9
 73
     5
 74
     0
 42
0.00000001
 43
0.00000001
 40
0.0
 40
0.0
 40
0.0
 40
0.0
 40
0.5559131818896719
 40
1.0
 40
1.0
 40
1.0
 40
1.0
 10
-9.945355510222123
 20
4.329093797282381
 30
0.0
 10
-10.03676769839016
 20
4.31985614232004
 30
0.0
 10
-10.20120378507785
 20
4.303239060258879
 30
0.0
 10
-10.36260225058876
 20
4.267849661553202
 30
0.0
 10
-10.43427718158539
 20
4.252133696087159
 30
0.0
  0
SPLINE
  5
8AD
330
1B
100
AcDbEntity
 67
     1
  8
0
  6
Continuous
 62
     7
370
    25
100
AcDbSpline
210
0.0
220
0.0
230
1.0
 70
     8
 71
     3
 72
     9
 73
     5
 74
     0
 42
0.00000001
 43
0.00000001
 40
0.0
 40
0.0
 40
0.0
 40
0.0
 40
0.5628454781264363
 40
1.0
 40
1.0
 40
1.0
 40
1.0
 10
-10.40593701169757
 20
4.040872983968659
 30
0.0
 10
-10.31731498631494
 20
4.043730035540149
 30
0.0
 10
-10.159861424322
 20
4.048806120687003
 30
0.0
 10
-10.00234412857653
 20
4.05112420235641
 30
0.0
 10
-9.933484730468095
 20
4.052137562240262
 30
0.0
  0
SPLINE
  5
8AF
330
1B
100
AcDbEntity
 67
     1
  8
0
  6
Continuous
 62
     7
370
    25
100
AcDbSpline
210
0.0
220
0.0
230
1.0
 70
     8
 71
     3
 72
     9
 73
     5
 74
     0
 42
0.00000001
 43
0.00000001
 40
0.0
 40
0.0
 40
0.0
 40
0.0
 40
0.5590960637893351
 40
1.0
 40
1.0
 40
1.0
 40
1.0
 10
-10.87329720587915
 20
4.133490852570122
 30
0.0
 10
-10.94380272115663
 20
4.110381894658872
 30
0.0
 10
-11.06990898418345
 20
4.069049180286625
 30
0.0
 10
-11.19401653021838
 20
4.022069544387906
 30
0.0
 10
-11.24873603577864
 20
4.001356037998418
 30
0.0
  0
SPLINE
  5
8B1
330
1B
100
AcDbEntity
 67
     1
  8
0
  6
Continuous
 62
     7
370
    25
100
AcDbSpline
210
0.0
220
0.0
230
1.0
 70
     8
 71
     3
 72
     9
 73
     5
 74
     0
 42
0.00000001
 43
0.00000001
 40
0.0
 40
0.0
 40
0.0
 40
0.0
 40
0.5602772183836191
 40
0.9999999999999999
 40
0.9999999999999999
 40
0.9999999999999999
 40
0.9999999999999999
 10
-11.23865045533891
 20
3.962896937599211
 30
0.0
 10
-11.16589621652567
 20
3.9730530918312
 30
0.0
 10
-11.03604221492422
 20
3.991180108063074
 30
0.0
 10
-10.90558584637441
 20
4.00424696820392
 30
0.0
 10
-10.84822120911611
 20
4.009992764292045
 30
0.0
  0
CIRCLE
  5
8B3
330
1B
100
AcDbEntity
 67
     1
  8
0
  6
Continuous
 62
     7
370
    25
100
AcDbCircle
 10
-10.6581151237
 20
4.1123930599
 30
0.0
 40
0.0590551181102388
  0
CIRCLE
  5
8B4
330
1B
100
AcDbEntity
 67
     1
  8
0
  6
Continuous
 62
     7
370
    25
100
AcDbCircle
 10
-9.6613867826
 20
4.1932176471
 30
0.0
 40
0.0590551181102388
  0
CIRCLE
  5
8CE
330
1B
100
AcDbEntity
 67
     1
  8
0
  6
Continuous
 62
     7
370
    25
100
AcDbCircle
 10
-4.1859498339
 20
-2.0989057481
 30
0.0
 40
0.0590551181102363
  0
CIRCLE
  5
8CF
330
1B
100
AcDbEntity
 67
     1
  8
0
  6
Continuous
 62
     7
370
    25
100
AcDbCircle
 10
-7.1841223149
 20
-1.994207258
 30
0.0
 40
0.0590551181102365
  0
CIRCLE
  5
8D0
330
1B
100
AcDbEntity
 67
     1
  8
0
  6
Continuous
 62
     7
370
    25
100
AcDbCircle
 10
-5.6850360744
 20
-2.0465565031
 30
0.0
 40
0.4549999999999575
  0
SPLINE
  5
906
330
1B
100
AcDbEntity
 67
     1
  8
0
  6
Continuous
 62
     7
370
    25
100
AcDbSpline
210
0.0
220
0.0
230
1.0
 70
     8
 71
     3
 72
    55
 73
    51
 74
     0
 42
0.00000001
 43
0.00000001
 40
0.0
 40
0.0
 40
0.0
 40
0.0
 40
0.0190136358875781
 40
0.0394311578822571
 40
0.0602807673586437
 40
0.0807414835354873
 40
0.1008911534488376
 40
0.1209815928087887
 40
0.1411548651644127
 40
0.1966956792566838
 40
0.2521819736969202
 40
0.2900078264790378
 40
0.3278042987931132
 40
0.365604472428028
 40
0.4034169728383469
 40
0.4411608714670019
 40
0.4509984658853113
 40
0.4607219328702205
 40
0.4657594483853404
 40
0.4707176570746287
 40
0.4750932855376751
 40
0.478893332976759
 40
0.4828154126548225
 40
0.4865167811554743
 40
0.4902777200286225
 40
0.4944157852317408
 40
0.4988488473699142
 40
0.5119336339534666
 40
0.5249184137892401
 40
0.5380278774876941
 40
0.5511230862291386
 40
0.5642685982350384
 40
0.577430843175187
 40
0.599469018237928
 40
0.6215456245088868
 40
0.6436577374074697
 40
0.6657956357196217
 40
0.6879435672395605
 40
0.7100872403524923
 40
0.7361887456047104
 40
0.7622817683490661
 40
0.7883559044229496
 40
0.8144501508365027
 40
0.8493233617882917
 40
0.8840832622201068
 40
0.9187287698130348
 40
0.9396046553379619
 40
0.9607637775860939
 40
0.9812062280180759
 40
1.0
 40
1.0
 40
1.0
 40
1.0
 10
1.87005945231582
 20
-0.7746488206135519
 30
0.0
 10
1.72856725541938
 20
-0.8173053720271478
 30
0.0
 10
1.435135678843546
 20
-0.9057680534126155
 30
0.0
 10
0.9790577362570279
 20
-1.013838734372594
 30
0.0
 10
0.507271270517105
 20
-1.102031700902398
 30
0.0
 10
0.0325511625005698
 20
-1.157371582764795
 30
0.0
 10
-0.4381301690943494
 20
-1.189538095227352
 30
0.0
 10
-0.9071078574486559
 20
-1.21135927163924
 30
0.0
 10
-1.651050293419078
 20
-1.240139421882856
 30
0.0
 10
-2.670356468554803
 20
-1.266705969219262
 30
0.0
 10
-3.827217072173142
 20
-1.268053820730725
 30
0.0
 10
-4.845928294796934
 20
-1.250820071263273
 30
0.0
 10
-5.72717861120066
 20
-1.234288927115418
 30
0.0
 10
-6.608449545002384
 20
-1.224248308139196
 30
0.0
 10
-7.489181428856019
 20
-1.211394850495953
 30
0.0
 10
-8.152811286060171
 20
-1.195310025778099
 30
0.0
 10
-8.598043215038265
 20
-1.204946354694677
 30
0.0
 10
-8.788930756920719
 20
-1.219432141685168
 30
0.0
 10
-8.94010418596997
 20
-1.245631660012346
 30
0.0
 10
-9.048586328411004
 20
-1.271633039038716
 30
0.0
 10
-9.142949995035199
 20
-1.317009901025927
 30
0.0
 10
-9.202086652185631
 20
-1.393083434250119
 30
0.0
 10
-9.235201886160253
 20
-1.476601236952434
 30
0.0
 10
-9.24025694895082
 20
-1.566834710985571
 30
0.0
 10
-9.21319638104597
 20
-1.654224924701859
 30
0.0
 10
-9.165238946061555
 20
-1.737710385461462
 30
0.0
 10
-9.060886466805698
 20
-1.870046220792718
 30
0.0
 10
-8.893689153907342
 20
-2.03955466032148
 30
0.0
 10
-8.649094836627526
 20
-2.222286428040396
 30
0.0
 10
-8.38626912599565
 20
-2.377025491826327
 30
0.0
 10
-8.109881718791026
 20
-2.50863989355676
 30
0.0
 10
-7.824112947608281
 20
-2.619290000774164
 30
0.0
 10
-7.465662959925848
 20
-2.732528747217991
 30
0.0
 10
-7.031468075549974
 20
-2.833309951614447
 30
0.0
 10
-6.522179426447462
 20
-2.910100420804345
 30
0.0
 10
-6.008407596136872
 20
-2.954722732284476
 30
0.0
 10
-5.492555807441916
 20
-2.972786344763764
 30
0.0
 10
-4.976197805193354
 20
-2.96807157433184
 30
0.0
 10
-4.429722460572588
 20
-2.940521297838812
 30
0.0
 10
-3.854371258430498
 20
-2.886168278613822
 30
0.0
 10
-3.252181479952297
 20
-2.798762128567741
 30
0.0
 10
-2.655572723930934
 20
-2.679193171578524
 30
0.0
 10
-2.000066738446147
 20
-2.511235893236918
 30
0.0
 10
-1.290267228930086
 20
-2.287178299824708
 30
0.0
 10
-0.530199436979804
 20
-2.005600205587927
 30
0.0
 10
0.1179773935349253
 20
-1.736387487005741
 30
0.0
 10
0.657383011661605
 20
-1.482859850800888
 30
0.0
 10
1.089697344810428
 20
-1.26177476561841
 30
0.0
 10
1.502904827427953
 20
-1.039080285763011
 30
0.0
 10
1.766858752555092
 20
-0.8864228770647353
 30
0.0
 10
1.893290136041569
 20
-0.813301451149636
 30
0.0
  0
CIRCLE
  5
920
330
1B
100
AcDbEntity
 67
     1
  8
0
  6
Continuous
 62
     7
370
    25
100
AcDbCircle
 10
-0.4496990973
 20
-3.1247687558
 30
0.0
 40
0.0590551181102365
  0
CIRCLE
  5
921
330
1B
100
AcDbEntity
 67
     1
  8
0
  6
Continuous
 62
     7
370
    25
100
AcDbCircle
 10
2.5484733837
 20
-3.2294672459
 30
0.0
 40
0.0590551181102367
  0
CIRCLE
  5
922
330
1B
100
AcDbEntity
 67
     1
  8
0
  6
Continuous
 62
     7
370
    25
100
AcDbCircle
 10
1.0493871432
 20
-3.1771180009
 30
0.0
 40
0.4549999999999593
  0
SPLINE
  5
958
330
1B
100
AcDbEntity
 67
     1
  8
0
  6
Continuous
 62
     7
370
    25
100
AcDbSpline
210
0.0
220
0.0
230
1.0
 70
     8
 71
     3
 72
    55
 73
    51
 74
     0
 42
0.00000001
 43
0.00000001
 40
0.0
 40
0.0
 40
0.0
 40
0.0
 40
0.0190136358875781
 40
0.0394311578822571
 40
0.0602807673586437
 40
0.0807414835354873
 40
0.1008911534488376
 40
0.1209815928087887
 40
0.1411548651644127
 40
0.1966956792566838
 40
0.2521819736969202
 40
0.2900078264790378
 40
0.3278042987931131
 40
0.365604472428028
 40
0.4034169728383469
 40
0.4411608714670019
 40
0.4509984658853115
 40
0.4607219328702206
 40
0.4657594483853406
 40
0.4707176570746288
 40
0.4750932855376752
 40
0.4788933329767591
 40
0.4828154126548226
 40
0.4865167811554743
 40
0.4902777200286225
 40
0.494415785231741
 40
0.4988488473699143
 40
0.5119336339534667
 40
0.5249184137892402
 40
0.5380278774876942
 40
0.5511230862291386
 40
0.5642685982350384
 40
0.5774308431751871
 40
0.599469018237928
 40
0.6215456245088868
 40
0.6436577374074698
 40
0.6657956357196217
 40
0.6879435672395605
 40
0.7100872403524923
 40
0.7361887456047104
 40
0.7622817683490661
 40
0.7883559044229496
 40
0.8144501508365026
 40
0.8493233617882917
 40
0.8840832622201068
 40
0.9187287698130348
 40
0.9396046553379619
 40
0.9607637775860939
 40
0.9812062280180759
 40
1.0
 40
1.0
 40
1.0
 40
1.0
 10
-6.505708383525564
 20
-4.449025683332652
 30
0.0
 10
-6.364216186629124
 20
-4.406369131919055
 30
0.0
 10
-6.070784610053289
 20
-4.317906450533585
 30
0.0
 10
-5.614706667466775
 20
-4.209835769573605
 30
0.0
 10
-5.142920201726851
 20
-4.121642803043795
 30
0.0
 10
-4.668200093710317
 20
-4.066302921181395
 30
0.0
 10
-4.197518762115398
 20
-4.034136408718835
 30
0.0
 10
-3.728541073761091
 20
-4.012315232306944
 30
0.0
 10
-2.984598637790668
 20
-3.983535082063321
 30
0.0
 10
-1.965292462654945
 20
-3.956968534726912
 30
0.0
 10
-0.8084318590366065
 20
-3.955620683215439
 30
0.0
 10
0.210279363587187
 20
-3.972854432682886
 30
0.0
 10
1.091529679990915
 20
-3.989385576830732
 30
0.0
 10
1.972800613792637
 20
-3.999426195806948
 30
0.0
 10
2.853532497646269
 20
-4.012279653450188
 30
0.0
 10
3.517162354850425
 20
-4.028364478168033
 30
0.0
 10
3.962394283828516
 20
-4.018728149251456
 30
0.0
 10
4.153281825710974
 20
-4.004242362260964
 30
0.0
 10
4.304455254760219
 20
-3.978042843933782
 30
0.0
 10
4.412937397201257
 20
-3.952041464907413
 30
0.0
 10
4.507301063825452
 20
-3.906664602920199
 30
0.0
 10
4.566437720975881
 20
-3.830591069696009
 30
0.0
 10
4.599552954950502
 20
-3.747073266993693
 30
0.0
 10
4.604608017741076
 20
-3.656839792960556
 30
0.0
 10
4.577547449836215
 20
-3.569449579244266
 30
0.0
 10
4.529590014851805
 20
-3.485964118484666
 30
0.0
 10
4.425237535595944
 20
-3.353628283153408
 30
0.0
 10
4.25804022269759
 20
-3.184119843624649
 30
0.0
 10
4.013445905417775
 20
-3.001388075905733
 30
0.0
 10
3.750620194785891
 20
-2.846649012119806
 30
0.0
 10
3.474232787581272
 20
-2.715034610389374
 30
0.0
 10
3.18846401639852
 20
-2.604384503171972
 30
0.0
 10
2.830014028716094
 20
-2.491145756728147
 30
0.0
 10
2.395819144340214
 20
-2.390364552331694
 30
0.0
 10
1.886530495237704
 20
-2.313574083141799
 30
0.0
 10
1.372758664927117
 20
-2.268951771661673
 30
0.0
 10
0.8569068762321544
 20
-2.250888159182388
 30
0.0
 10
0.3405488739835944
 20
-2.255602929614316
 30
0.0
 10
-0.2059264706371711
 20
-2.283153206107348
 30
0.0
 10
-0.7812776727792622
 20
-2.337506225332343
 30
0.0
 10
-1.383467451257462
 20
-2.424912375378427
 30
0.0
 10
-1.980076207278823
 20
-2.544481332367649
 30
0.0
 10
-2.635582192763612
 20
-2.712438610709258
 30
0.0
 10
-3.345381702279666
 20
-2.936496204121473
 30
0.0
 10
-4.10544949422995
 20
-3.218074298358261
 30
0.0
 10
-4.753626324744676
 20
-3.48728701694045
 30
0.0
 10
-5.293031942871353
 20
-3.740814653145307
 30
0.0
 10
-5.725346276020174
 20
-3.961899738327788
 30
0.0
 10
-6.138553758637697
 20
-4.184594218183189
 30
0.0
 10
-6.402507683764836
 20
-4.337251626881468
 30
0.0
 10
-6.528939067251313
 20
-4.410373052796568
 30
0.0
  0
SPLINE
  5
95A
330
1B
100
AcDbEntity
 67
     1
  8
0
  6
Continuous
 62
     7
370
    25
100
AcDbSpline
210
0.0
220
0.0
230
1.0
 70
     8
 71
     3
 72
    55
 73
    51
 74
     0
 42
0.00000001
 43
0.00000001
 40
0.0
 40
0.0
 40
0.0
 40
0.0
 40
0.0190136358875781
 40
0.0394311578822572
 40
0.0602807673586438
 40
0.0807414835354874
 40
0.1008911534488377
 40
0.1209815928087887
 40
0.1411548651644127
 40
0.1966956792566838
 40
0.2521819736969202
 40
0.2900078264790378
 40
0.3278042987931132
 40
0.365604472428028
 40
0.4034169728383469
 40
0.4411608714670018
 40
0.4509984658853114
 40
0.4607219328702205
 40
0.4657594483853404
 40
0.4707176570746287
 40
0.475093285537675
 40
0.478893332976759
 40
0.4828154126548225
 40
0.4865167811554742
 40
0.4902777200286224
 40
0.4944157852317408
 40
0.4988488473699141
 40
0.5119336339534666
 40
0.52491841378924
 40
0.5380278774876941
 40
0.5511230862291384
 40
0.5642685982350383
 40
0.5774308431751869
 40
0.599469018237928
 40
0.621545624508887
 40
0.6436577374074697
 40
0.6657956357196217
 40
0.6879435672395605
 40
0.7100872403524923
 40
0.7361887456047104
 40
0.7622817683490661
 40
0.7883559044229496
 40
0.8144501508365026
 40
0.8493233617882917
 40
0.8840832622201067
 40
0.9187287698130348
 40
0.9396046553379619
 40
0.9607637775860939
 40
0.981206228018076
 40
1.0
 40
1.0
 40
1.0
 40
1.0
 10
1.730541337728828
 20
0.892919468635166
 30
0.0
 10
1.588326231306825
 20
0.8527387933489028
 30
0.0
 10
1.293395459111298
 20
0.7694106723942236
 30
0.0
 10
0.8355008859564336
 20
0.6693161087435062
 30
0.0
 10
0.3622470960836023
 20
0.5893703835813796
 30
0.0
 10
-0.113366523871577
 20
0.5423239385200921
 30
0.0
 10
-0.5845375514690646
 20
0.51837684707462
 30
0.0
 10
-1.05382464428957
 20
0.5047437833607697
 30
0.0
 10
-1.798156057103006
 20
0.4889516022319361
 30
0.0
 10
-2.817770637152889
 20
0.4801784467618666
 30
0.0
 10
-3.974478568550309
 20
0.4990208019803469
 30
0.0
 10
-4.992733866120517
 20
0.5340308889637335
 30
0.0
 10
-5.873561455586081
 20
0.5659394540331252
 30
0.0
 10
-6.7545229345928
 20
0.591358842292518
 30
0.0
 10
-7.634896354947683
 20
0.6195812330911934
 30
0.0
 10
-8.298144419211782
 20
0.6472455460041768
 30
0.0
 10
-8.743476714339371
 20
0.6453810533305492
 30
0.0
 10
-8.934587994966739
 20
0.6342289195603281
 30
0.0
 10
-9.086195644212824
 20
0.6106717316729755
 30
0.0
 10
-9.195115050932815
 20
0.5865675872236402
 30
0.0
 10
-9.290256280951777
 20
0.5428445094151348
 30
0.0
 10
-9.350711597523839
 20
0.4678146395344555
 30
0.0
 10
-9.385279374525433
 20
0.3848874975206109
 30
0.0
 10
-9.391908458668539
 20
0.2947559894930091
 30
0.0
 10
-9.366377181747657
 20
0.2069068137000568
 30
0.0
 10
-9.319884073105662
 20
0.1225970955334606
 30
0.0
 10
-9.217857066022251
 20
-0.0115397862898034
 30
0.0
 10
-9.053643548265702
 20
-0.183940404322114
 30
0.0
 10
-8.81227559296436
 20
-0.370913100545148
 30
0.0
 10
-8.55219048099415
 20
-0.5302155379462768
 30
0.0
 10
-8.278142156962355
 20
-0.6666335195305255
 30
0.0
 10
-7.994348020391104
 20
-0.7822541269424155
 30
0.0
 10
-7.637928915005369
 20
-0.9017314414491504
 30
0.0
 10
-7.205559035153823
 20
-1.010075041975149
 30
0.0
 10
-6.697688131658182
 20
-1.095742128102678
 30
0.0
 10
-6.184773318001975
 20
-1.149324198187245
 30
0.0
 10
-5.669315349539735
 20
-1.176387914568563
 30
0.0
 10
-5.152953707026116
 20
-1.180685551941398
 30
0.0
 10
-4.606080774624433
 20
-1.162676781311199
 30
0.0
 10
-4.029868610274596
 20
-1.118373303338265
 30
0.0
 10
-3.426245100560705
 20
-1.041490126438576
 30
0.0
 10
-2.827640444907969
 20
-0.9323516388747817
 30
0.0
 10
-2.169303037474064
 20
-0.7758600981209384
 30
0.0
 10
-1.45570128967571
 20
-0.5642243392945113
 30
0.0
 10
-0.6908350443871486
 20
-0.2959541427903402
 30
0.0
 10
-0.0380585245604469
 20
-0.0380946720985303
 30
0.0
 10
0.5056896068280566
 20
0.2059804245372394
 30
0.0
 10
0.9417965631738063
 20
0.4194869119396196
 30
0.0
 10
1.358827666864088
 20
0.6349360094175217
 30
0.0
 10
1.625405629672206
 20
0.7829635364710057
 30
0.0
 10
1.753093901890939
 20
0.8538672937477325
 30
0.0
  0
CIRCLE
  5
973
330
1B
100
AcDbEntity
 67
     1
  8
0
  6
Continuous
 62
     7
370
    25
100
AcDbCircle
 10
-4.347657059
 20
-0.3254438327
 30
0.0
 40
0.0590551181102363
  0
CIRCLE
  5
974
330
1B
100
AcDbEntity
 67
     1
  8
0
  6
Continuous
 62
     7
370
    25
100
AcDbCircle
 10
-7.3435456633
 20
-0.168435964
 30
0.0
 40
0.0590551181102352
  0
CIRCLE
  5
975
330
1B
100
AcDbEntity
 67
     1
  8
0
  6
Continuous
 62
     7
370
    25
100
AcDbCircle
 10
-5.8456013612
 20
-0.2469398983
 30
0.0
 40
0.4549999999999609
  0
SPLINE
  5
9AC
330
1B
100
AcDbEntity
 67
     1
  8
0
  6
Continuous
 62
     7
370
    25
100
AcDbSpline
210
0.0
220
0.0
230
1.0
 70
     8
 71
     3
 72
    55
 73
    51
 74
     0
 42
0.00000001
 43
0.00000001
 40
0.0
 40
0.0
 40
0.0
 40
0.0
 40
0.0190136358875782
 40
0.0394311578822571
 40
0.0602807673586437
 40
0.0807414835354873
 40
0.1008911534488376
 40
0.1209815928087887
 40
0.1411548651644127
 40
0.1966956792566838
 40
0.2521819736969201
 40
0.2900078264790377
 40
0.3278042987931131
 40
0.365604472428028
 40
0.4034169728383469
 40
0.4411608714670018
 40
0.4509984658853114
 40
0.4607219328702205
 40
0.4657594483853405
 40
0.4707176570746288
 40
0.4750932855376752
 40
0.4788933329767591
 40
0.4828154126548225
 40
0.4865167811554743
 40
0.4902777200286225
 40
0.4944157852317409
 40
0.4988488473699143
 40
0.5119336339534667
 40
0.5249184137892401
 40
0.5380278774876942
 40
0.5511230862291386
 40
0.5642685982350384
 40
0.577430843175187
 40
0.599469018237928
 40
0.621545624508887
 40
0.6436577374074697
 40
0.6657956357196216
 40
0.6879435672395604
 40
0.7100872403524922
 40
0.7361887456047103
 40
0.762281768349066
 40
0.7883559044229494
 40
0.8144501508365026
 40
0.8493233617882917
 40
0.8840832622201067
 40
0.9187287698130348
 40
0.9396046553379619
 40
0.9607637775860939
 40
0.9812062280180758
 40
1.0
 40
1.0
 40
1.0
 40
1.0
 10
-10.57135631186032
 20
0.3311674646970481
 30
0.0
 10
-10.42914120543832
 20
0.371348139983312
 30
0.0
 10
-10.13421043324279
 20
0.4546762609379928
 30
0.0
 10
-9.67631586008793
 20
0.5547708245887151
 30
0.0
 10
-9.203062070215095
 20
0.6347165497508438
 30
0.0
 10
-8.727448450259919
 20
0.6817629948121356
 30
0.0
 10
-8.256277422662434
 20
0.7057100862576111
 30
0.0
 10
-7.786990329841926
 20
0.7193431499714635
 30
0.0
 10
-7.04265891702849
 20
0.7351353311003043
 30
0.0
 10
-6.02304433697861
 20
0.7439084865703788
 30
0.0
 10
-4.866336405581187
 20
0.7250661313519071
 30
0.0
 10
-3.848081108010979
 20
0.6900560443685271
 30
0.0
 10
-2.967253518545418
 20
0.6581474792991414
 30
0.0
 10
-2.086292039538696
 20
0.6327280910397558
 30
0.0
 10
-1.20591861918381
 20
0.6045057002410852
 30
0.0
 10
-0.5426705549197169
 20
0.5768413873281089
 30
0.0
 10
-0.0973382597921245
 20
0.5787058800017371
 30
0.0
 10
0.0937730208352426
 20
0.5898580137719615
 30
0.0
 10
0.2453806700813256
 20
0.6134152016593146
 30
0.0
 10
0.3543000768013214
 20
0.6375193461086509
 30
0.0
 10
0.4494413068202804
 20
0.6812424239171557
 30
0.0
 10
0.5098966233923374
 20
0.7562722937978357
 30
0.0
 10
0.5444644003939387
 20
0.8391994358116824
 30
0.0
 10
0.5510934845370348
 20
0.929330943839282
 30
0.0
 10
0.5255622076161588
 20
1.017180119632234
 30
0.0
 10
0.4790690989741626
 20
1.101489837798831
 30
0.0
 10
0.3770420918907534
 20
1.235626719622093
 30
0.0
 10
0.2128285741341999
 20
1.408027337654404
 30
0.0
 10
-0.0285393811671462
 20
1.595000033877435
 30
0.0
 10
-0.2886244931373518
 20
1.754302471278564
 30
0.0
 10
-0.5626728171691471
 20
1.890720452862808
 30
0.0
 10
-0.8464669537404039
 20
2.006341060274698
 30
0.0
 10
-1.202886059126135
 20
2.12581837478143
 30
0.0
 10
-1.635255938977685
 20
2.234161975307425
 30
0.0
 10
-2.143126842473325
 20
2.319829061434951
 30
0.0
 10
-2.656041656129533
 20
2.373411131519513
 30
0.0
 10
-3.171499624591774
 20
2.400474847900828
 30
0.0
 10
-3.687861267105394
 20
2.40477248527366
 30
0.0
 10
-4.234734199507077
 20
2.386763714643457
 30
0.0
 10
-4.810946363856915
 20
2.34246023667052
 30
0.0
 10
-5.414569873570802
 20
2.265577059770827
 30
0.0
 10
-6.013174529223539
 20
2.156438572207027
 30
0.0
 10
-6.671511936657444
 20
1.99994703145318
 30
0.0
 10
-7.38511368445579
 20
1.788311272626747
 30
0.0
 10
-8.149979929744356
 20
1.520041076122571
 30
0.0
 10
-8.802756449571056
 20
1.262181605430757
 30
0.0
 10
-9.346504580959554
 20
1.018106508794983
 30
0.0
 10
-9.782611537305302
 20
0.8046000213926022
 30
0.0
 10
-10.19964264099559
 20
0.589150923914693
 30
0.0
 10
-10.4662206038037
 20
0.441123396861209
 30
0.0
 10
-10.59390887602243
 20
0.3702196395844817
 30
0.0
  0
CIRCLE
  5
9C5
330
1B
100
AcDbEntity
 67
     1
  8
0
  6
Continuous
 62
     7
370
    25
100
AcDbCircle
 10
-4.4931579151
 20
1.549530766
 30
0.0
 40
0.0590551181102355
  0
CIRCLE
  5
9C6
330
1B
100
AcDbEntity
 67
     1
  8
0
  6
Continuous
 62
     7
370
    25
100
AcDbCircle
 10
-1.4972693108
 20
1.3925228973
 30
0.0
 40
0.0590551181102361
  0
CIRCLE
  5
9C7
330
1B
100
AcDbEntity
 67
     1
  8
0
  6
Continuous
 62
     7
370
    25
100
AcDbCircle
 10
-2.995213613
 20
1.4710268317
 30
0.0
 40
0.45499999999996
  0
SPLINE
  5
A00
330
1B
100
AcDbEntity
 67
     1
  8
0
  6
Continuous
 62
     7
370
    25
100
AcDbSpline
210
0.0
220
0.0
230
1.0
 70
     8
 71
     3
 72
    10
 73
     6
 74
     0
 42
0.00000001
 43
0.00000001
 40
0.0
 40
0.0
 40
0.0
 40
0.0
 40
0.3344125491347492
 40
0.6677053124601019
 40
1.0
 40
1.0
 40
1.0
 40
1.0
 10
8.074220677937294
 20
1.353720780557925
 30
0.0
 10
8.303463177191961
 20
1.41404698888957
 30
0.0
 10
8.761180553498596
 20
1.534497402272183
 30
0.0
 10
9.436927276868818
 20
1.7495629011346
 30
0.0
 10
9.879619054438887
 20
1.912650038746391
 30
0.0
 10
10.10063302595066
 20
1.994071329613634
 30
0.0
  0
SPLINE
  5
A04
330
1B
100
AcDbEntity
 67
     1
  8
0
  6
Continuous
 62
     7
370
    25
100
AcDbSpline
210
0.0
220
0.0
230
1.0
 70
     8
 71
     3
 72
    10
 73
     6
 74
     0
 42
0.00000001
 43
0.00000001
 40
0.0
 40
0.0
 40
0.0
 40
0.0
 40
0.3340008855489727
 40
0.6665136185794904
 40
1.0
 40
1.0
 40
1.0
 40
1.0
 10
10.04980933202927
 20
2.355401403546815
 30
0.0
 10
9.821859669001011
 20
2.350163083329551
 30
0.0
 10
9.36697598056642
 20
2.339709782412255
 30
0.0
 10
8.684346775775046
 20
2.349839080454883
 30
0.0
 10
8.229861165777598
 20
2.360058206609756
 30
0.0
 10
8.002286146236205
 20
2.365175239543768
 30
0.0
  0
SPLINE
  5
A08
330
1B
100
AcDbEntity
 67
     1
  8
0
  6
Continuous
 62
     7
370
    25
100
AcDbSpline
210
0.0
220
0.0
230
1.0
 70
     8
 71
     3
 72
    19
 73
    15
 74
     0
 42
0.00000001
 43
0.00000001
 40
0.0
 40
0.0
 40
0.0
 40
0.0
 40
0.1301445324709885
 40
0.2556147447423756
 40
0.3185347350074318
 40
0.3678121316701788
 40
0.401710686579294
 40
0.4704256405087329
 40
0.5368986000605098
 40
0.580913725784534
 40
0.6374970660269746
 40
0.7058905790103677
 40
0.8548929662720164
 40
0.9999999999999999
 40
0.9999999999999999
 40
0.9999999999999999
 40
0.9999999999999999
 10
1.330113825826987
 20
2.751725199567271
 30
0.0
 10
1.281835901226233
 20
2.750445419439139
 30
0.0
 10
1.187014020205111
 20
2.747931824249481
 30
0.0
 10
1.069273946808038
 20
2.734614598680485
 30
0.0
 10
0.9828790961842184
 20
2.717287301022034
 30
0.0
 10
0.9302829942857822
 20
2.702871938006156
 30
0.0
 10
0.8811876554064436
 20
2.673577071326196
 30
0.0
 10
0.8447106614707843
 20
2.61982480113238
 30
0.0
 10
0.826618274422456
 20
2.553767915913285
 30
0.0
 10
0.8375724096727104
 20
2.491725364669651
 30
0.0
 10
0.8619100999501533
 20
2.433636680280849
 30
0.0
 10
0.9155059422721278
 20
2.346949831691124
 30
0.0
 10
0.9998343605823943
 20
2.241694119442379
 30
0.0
 10
1.075143424228876
 20
2.162705252343734
 30
0.0
 10
1.112299237877424
 20
2.123733905680811
 30
0.0
  0
CIRCLE
  5
A11
330
1B
100
AcDbEntity
 67
     1
  8
0
  6
Continuous
 62
     7
370
    25
100
AcDbCircle
 10
2.7969270425
 20
2.1167966018
 30
0.0
 40
0.0590551200000012
  0
CIRCLE
  5
A12
330
1B
100
AcDbEntity
 67
     1
  8
0
  6
Continuous
 62
     7
370
    25
100
AcDbCircle
 10
2.8124403396
 20
1.8672783908
 30
0.0
 40
0.0590551200000017
  0
CIRCLE
  5
A13
330
1B
100
AcDbEntity
 67
     1
  8
0
  6
Continuous
 62
     7
370
    25
100
AcDbCircle
 10
3.4699467709
 20
1.766730556
 30
0.0
 40
0.0590551199999835
  0
CIRCLE
  5
A14
330
1B
100
AcDbEntity
 67
     1
  8
0
  6
Continuous
 62
     7
370
    25
100
AcDbCircle
 10
3.449514471
 20
2.0953667499
 30
0.0
 40
0.0590551200000012
  0
CIRCLE
  5
A15
330
1B
100
AcDbEntity
 67
     1
  8
0
  6
Continuous
 62
     7
370
    25
100
AcDbCircle
 10
5.2408737279
 20
1.5151916889
 30
0.0
 40
0.0590551200000015
  0
CIRCLE
  5
A16
330
1B
100
AcDbEntity
 67
     1
  8
0
  6
Continuous
 62
     7
370
    25
100
AcDbCircle
 10
5.2090659716
 20
2.0267924387
 30
0.0
 40
0.0590551200000016
  0
CIRCLE
  5
A17
330
1B
100
AcDbEntity
 67
     1
  8
0
  6
Continuous
 62
     7
370
    25
100
AcDbCircle
 10
6.9122762782
 20
1.5564481368
 30
0.0
 40
0.0590551200000007
  0
CIRCLE
  5
A18
330
1B
100
AcDbEntity
 67
     1
  8
0
  6
Continuous
 62
     7
370
    25
100
AcDbCircle
 10
6.89023793
 20
1.9109162524
 30
0.0
 40
0.0590551200000003
  0
CIRCLE
  5
A19
330
1B
100
AcDbEntity
 67
     1
  8
0
  6
Continuous
 62
     7
370
    25
100
AcDbCircle
 10
7.4895133218
 20
1.6069498343
 30
0.0
 40
0.0590551200000008
  0
CIRCLE
  5
A1A
330
1B
100
AcDbEntity
 67
     1
  8
0
  6
Continuous
 62
     7
370
    25
100
AcDbCircle
 10
7.4674749737
 20
1.9614179499
 30
0.0
 40
0.0590551200000007
  0
CIRCLE
  5
A1B
330
1B
100
AcDbEntity
 67
     1
  8
0
  6
Continuous
 62
     7
370
    25
100
AcDbCircle
 10
4.2517550953
 20
1.8612196851
 30
0.0
 40
0.4549999999999489
  0
SPLINE
  5
A28
330
1B
100
AcDbEntity
 67
     1
  8
0
  6
Continuous
 62
     7
370
    25
100
AcDbSpline
210
0.0
220
0.0
230
1.0
 70
     8
 71
     3
 72
     9
 73
     5
 74
     0
 42
0.00000001
 43
0.00000001
 40
0.0
 40
0.0
 40
0.0
 40
0.0
 40
0.4979340491079562
 40
1.0
 40
1.0
 40
1.0
 40
1.0
 10
1.371935898840992
 20
1.906234282417286
 30
0.0
 10
1.480376612239732
 20
1.833667442327738
 30
0.0
 10
1.698157889886864
 20
1.687931595944968
 30
0.0
 10
1.936824942182301
 20
1.579727155936117
 30
0.0
 10
2.056651542739612
 20
1.525401390872332
 30
0.0
  0
SPLINE
  5
A29
330
1B
100
AcDbEntity
 67
     1
  8
0
  6
Continuous
 62
     7
370
    25
100
AcDbSpline
210
0.0
220
0.0
230
1.0
 70
     8
 71
     3
 72
    55
 73
    51
 74
     0
 42
0.00000001
 43
0.00000001
 40
0.0
 40
0.0
 40
0.0
 40
0.0
 40
0.0188262787386014
 40
0.0390381900319135
 40
0.0596942791746255
 40
0.0799758069448009
 40
0.0999432623244288
 40
0.1198414268171906
 40
0.1398193628827903
 40
0.1948381073448052
 40
0.2497998271880857
 40
0.2880659259170863
 40
0.3263018103589962
 40
0.364539540992894
 40
0.4027908056747327
 40
0.440974229555997
 40
0.4509267572912442
 40
0.4607630951501055
 40
0.4658590057643935
 40
0.4708661746080621
 40
0.4752754176871863
 40
0.4791359957262263
 40
0.483093436312196
 40
0.4868247803731677
 40
0.4906586769519776
 40
0.4948821301522914
 40
0.4993871671178048
 40
0.5125909306753774
 40
0.5257442188302445
 40
0.5390031131771948
 40
0.552253714123278
 40
0.5655544903250325
 40
0.5788705363531961
 40
0.6008357701119206
 40
0.6228394598930933
 40
0.6448776575308148
 40
0.6669408941158648
 40
0.6890131817023135
 40
0.7110809988095692
 40
0.7370935594378762
 40
0.763096626328767
 40
0.7890815100957466
 40
0.8150878854893263
 40
0.8498427295086489
 40
0.8844799951524679
 40
0.9190105545013078
 40
0.9398213010845899
 40
0.960907292175524
 40
0.9812735627294839
 40
1.0
 40
1.0
 40
1.0
 40
1.0
 10
11.86306313095096
 20
2.735981113368938
 30
0.0
 10
11.72095289492402
 20
2.701112530251939
 30
0.0
 10
11.42627297030754
 20
2.62880900214822
 30
0.0
 10
10.96971128382054
 20
2.545280044214604
 30
0.0
 10
10.49851480492608
 20
2.481800521554763
 30
0.0
 10
10.02592080346226
 20
2.450685815858829
 30
0.0
 10
9.558512208027208
 20
2.442505967491712
 30
0.0
 10
9.093461840426436
 20
2.444967322974549
 30
0.0
 10
8.356098342174368
 20
2.454719227279484
 30
0.0
 10
7.346441339141911
 20
2.480785980534068
 30
0.0
 10
6.195741031489982
 20
2.538452523174583
 30
0.0
 10
5.17653736330489
 20
2.608633857286504
 30
0.0
 10
4.287172508792884
 20
2.672272257778553
 30
0.0
 10
3.397436336358006
 20
2.729136588005627
 30
0.0
 10
2.508374409929489
 20
2.78857776493514
 30
0.0
 10
1.838802330032712
 20
2.840066808174912
 30
0.0
 10
1.388514122523453
 20
2.854153352411923
 30
0.0
 10
1.194878703485328
 20
2.849726998153242
 30
0.0
 10
1.040889361169468
 20
2.831037509513942
 30
0.0
 10
0.9300610575683662
 20
2.810533058356272
 30
0.0
 10
0.8329659248263594
 20
2.768076374937235
 30
0.0
 10
0.7707431905061003
 20
2.693166038655086
 30
0.0
 10
0.7343553279260544
 20
2.609872927441463
 30
0.0
 10
0.7271697367921983
 20
2.518634182174429
 30
0.0
 10
0.7523214479438189
 20
2.429200181801891
 30
0.0
 10
0.7982115803897496
 20
2.342572512125271
 30
0.0
 10
0.8982551576313708
 20
2.204325012801083
 30
0.0
 10
1.059038840753334
 20
2.024966289744182
 30
0.0
 10
1.2980520294011
 20
1.829509345014575
 30
0.0
 10
1.556514356319151
 20
1.6608020614275
 30
0.0
 10
1.829771829810117
 20
1.515022406731207
 30
0.0
 10
2.11342826647233
 20
1.389844094717895
 30
0.0
 10
2.468012250257219
 20
1.259595465502607
 30
0.0
 10
2.897049762311277
 20
1.13858818597298
 30
0.0
 10
3.400361537119338
 20
1.037706679929013
 30
0.0
 10
3.909603614339652
 20
0.9681236732687937
 30
0.0
 10
4.422171233219452
 20
0.9245128920072899
 30
0.0
 10
4.936354742922064
 20
0.9033634066804651
 30
0.0
 10
5.481652300555887
 20
0.9033070977299018
 30
0.0
 10
6.057036183136911
 20
0.9283912264717213
 30
0.0
 10
6.660799800093018
 20
0.985020430700792
 30
0.0
 10
7.260648396256397
 20
1.073861424970899
 30
0.0
 10
7.9216144206788
 20
1.207693851696821
 30
0.0
 10
8.639509740354436
 20
1.394323309239516
 30
0.0
 10
9.410504335433748
 20
1.635303920473889
 30
0.0
 10
10.0695522221671
 20
1.869749044009873
 30
0.0
 10
10.61956556573497
 20
2.094192570273898
 30
0.0
 10
11.06128926786731
 20
2.291769698203199
 30
0.0
 10
11.48403944455231
 20
2.491860213036841
 30
0.0
 10
11.75462259542136
 20
2.629995305340903
 30
0.0
 10
11.88423905545168
 20
2.696165654872674
 30
0.0
  0
SPLINE
  5
A2D
330
1B
100
AcDbEntity
 67
     1
  8
0
  6
Continuous
 62
     7
370
    25
100
AcDbSpline
210
0.0
220
0.0
230
1.0
 70
     8
 71
     3
 72
    10
 73
     6
 74
     0
 42
0.00000001
 43
0.00000001
 40
0.0
 40
0.0
 40
0.0
 40
0.0
 40
0.3344125491347488
 40
0.6677053124601036
 40
0.9999999999999999
 40
0.9999999999999999
 40
0.9999999999999999
 40
0.9999999999999999
 10
2.562828656630282
 20
3.98022557561515
 30
0.0
 10
2.333586157375616
 20
3.919899367283507
 30
0.0
 10
1.875868781068978
 20
3.799448953900898
 30
0.0
 10
1.200122057698762
 20
3.584383455038451
 30
0.0
 10
0.7574302801286912
 20
3.421296317426671
 30
0.0
 10
0.5364163086169156
 20
3.339875026559433
 30
0.0
  0
SPLINE
  5
A31
330
1B
100
AcDbEntity
 67
     1
  8
0
  6
Continuous
 62
     7
370
    25
100
AcDbSpline
210
0.0
220
0.0
230
1.0
 70
     8
 71
     3
 72
    10
 73
     6
 74
     0
 42
0.00000001
 43
0.00000001
 40
0.0
 40
0.0
 40
0.0
 40
0.0
 40
0.3340008855489813
 40
0.6665136185794903
 40
1.0
 40
1.0
 40
1.0
 40
1.0
 10
0.5872400025382926
 20
2.978544952626252
 30
0.0
 10
0.8151896655665521
 20
2.983783272843516
 30
0.0
 10
1.270073354001144
 20
2.994236573760809
 30
0.0
 10
1.952702558792522
 20
2.984107275718194
 30
0.0
 10
2.407188168789962
 20
2.973888149563324
 30
0.0
 10
2.634763188331354
 20
2.968771116629316
 30
0.0
  0
SPLINE
  5
A35
330
1B
100
AcDbEntity
 67
     1
  8
0
  6
Continuous
 62
     7
370
    25
100
AcDbSpline
210
0.0
220
0.0
230
1.0
 70
     8
 71
     3
 72
    19
 73
    15
 74
     0
 42
0.00000001
 43
0.00000001
 40
0.0
 40
0.0
 40
0.0
 40
0.0
 40
0.1301445324709875
 40
0.2556147447423825
 40
0.3185347350074384
 40
0.3678121316701874
 40
0.4017106865792849
 40
0.4704256405087264
 40
0.5368986000605107
 40
0.5809137257845358
 40
0.6374970660269733
 40
0.7058905790103739
 40
0.8548929662720121
 40
1.0
 40
1.0
 40
1.0
 40
1.0
 10
9.306935508740589
 20
2.582221156605856
 30
0.0
 10
9.355213433341342
 20
2.583500936733985
 30
0.0
 10
9.450035314362468
 20
2.586014531923633
 30
0.0
 10
9.567775387759541
 20
2.599331757492646
 30
0.0
 10
9.654170238383369
 20
2.61665905515109
 30
0.0
 10
9.7067663402818
 20
2.631074418166979
 30
0.0
 10
9.755861679161127
 20
2.660369284846938
 30
0.0
 10
9.792338673096804
 20
2.714121555040735
 30
0.0
 10
9.810431060145133
 20
2.780178440259841
 30
0.0
 10
9.799476924894865
 20
2.842220991503475
 30
0.0
 10
9.775139234617434
 20
2.900309675892284
 30
0.0
 10
9.72154339229543
 20
2.986996524481988
 30
0.0
 10
9.637214973985195
 20
3.092252236730758
 30
0.0
 10
9.561905910338703
 20
3.171241103829396
 30
0.0
 10
9.524750096690152
 20
3.210212450492317
 30
0.0
  0
CIRCLE
  5
A3E
330
1B
100
AcDbEntity
 67
     1
  8
0
  6
Continuous
 62
     7
370
    25
100
AcDbCircle
 10
7.8401222921
 20
3.2171497544
 30
0.0
 40
0.0590551199999824
  0
CIRCLE
  5
A3F
330
1B
100
AcDbEntity
 67
     1
  8
0
  6
Continuous
 62
     7
370
    25
100
AcDbCircle
 10
7.8246089949
 20
3.4666679654
 30
0.0
 40
0.0590551199999839
  0
CIRCLE
  5
A40
330
1B
100
AcDbEntity
 67
     1
  8
0
  6
Continuous
 62
     7
370
    25
100
AcDbCircle
 10
7.1671025637
 20
3.5672158001
 30
0.0
 40
0.0590551200000008
  0
CIRCLE
  5
A41
330
1B
100
AcDbEntity
 67
     1
  8
0
  6
Continuous
 62
     7
370
    25
100
AcDbCircle
 10
7.1875348636
 20
3.2385796063
 30
0.0
 40
0.0590551199999825
  0
CIRCLE
  5
A42
330
1B
100
AcDbEntity
 67
     1
  8
0
  6
Continuous
 62
     7
370
    25
100
AcDbCircle
 10
5.3961756067
 20
3.8187546673
 30
0.0
 40
0.059055119999984
  0
CIRCLE
  5
A43
330
1B
100
AcDbEntity
 67
     1
  8
0
  6
Continuous
 62
     7
370
    25
100
AcDbCircle
 10
5.427983363
 20
3.3071539175
 30
0.0
 40
0.0590551200000016
  0
CIRCLE
  5
A44
330
1B
100
AcDbEntity
 67
     1
  8
0
  6
Continuous
 62
     7
370
    25
100
AcDbCircle
 10
3.7247730564
 20
3.7774982193
 30
0.0
 40
0.0590551199999844
  0
CIRCLE
  5
A45
330
1B
100
AcDbEntity
 67
     1
  8
0
  6
Continuous
 62
     7
370
    25
100
AcDbCircle
 10
3.7468114045
 20
3.4230301037
 30
0.0
 40
0.0590551199999848
  0
CIRCLE
  5
A46
330
1B
100
AcDbEntity
 67
     1
  8
0
  6
Continuous
 62
     7
370
    25
100
AcDbCircle
 10
3.1475360127
 20
3.7269965219
 30
0.0
 40
0.059055119999983
  0
CIRCLE
  5
A47
330
1B
100
AcDbEntity
 67
     1
  8
0
  6
Continuous
 62
     7
370
    25
100
AcDbCircle
 10
3.1695743609
 20
3.3725284063
 30
0.0
 40
0.0590551199999835
  0
CIRCLE
  5
A48
330
1B
100
AcDbEntity
 67
     1
  8
0
  6
Continuous
 62
     7
370
    25
100
AcDbCircle
 10
6.3852942393
 20
3.4727266711
 30
0.0
 40
0.4549999999999695
  0
SPLINE
  5
A49
330
1B
100
AcDbEntity
 67
     1
  8
0
  6
Continuous
 62
     7
370
    25
100
AcDbSpline
210
0.0
220
0.0
230
1.0
 70
     8
 71
     3
 72
    55
 73
    51
 74
     0
 42
0.00000001
 43
0.00000001
 40
0.0
 40
0.0
 40
0.0
 40
0.0
 40
0.0188262787386022
 40
0.0390381900319143
 40
0.0596942791746264
 40
0.079975806944801
 40
0.0999432623244296
 40
0.1198414268171914
 40
0.139819362882791
 40
0.1948381073448067
 40
0.2497998271880864
 40
0.2880659259170862
 40
0.3263018103589975
 40
0.3645395409928943
 40
0.402790805674734
 40
0.4409742295559975
 40
0.450926757291245
 40
0.460763095150106
 40
0.465859005764394
 40
0.4708661746080626
 40
0.4752754176871868
 40
0.479135995726227
 40
0.4830934363121967
 40
0.4868247803731682
 40
0.4906586769519781
 40
0.4948821301522921
 40
0.4993871671178058
 40
0.5125909306753779
 40
0.5257442188302451
 40
0.539003113177196
 40
0.5522537141232788
 40
0.5655544903250337
 40
0.5788705363531971
 40
0.6008357701119219
 40
0.6228394598930937
 40
0.6448776575308159
 40
0.6669408941158659
 40
0.689013181702314
 40
0.7110809988095695
 40
0.7370935594378767
 40
0.7630966263287674
 40
0.7890815100957478
 40
0.8150878854893269
 40
0.8498427295086496
 40
0.8844799951524692
 40
0.9190105545013085
 40
0.9398213010845905
 40
0.960907292175524
 40
0.9812735627294842
 40
1.0
 40
1.0
 40
1.0
 40
1.0
 10
-1.226013796383404
 20
2.597965242804111
 30
0.0
 10
-1.083903560356457
 20
2.632833825921113
 30
0.0
 10
-0.7892236357399736
 20
2.705137354024839
 30
0.0
 10
-0.3326619492529538
 20
2.788666311958452
 30
0.0
 10
0.138534529641488
 20
2.852145834618308
 30
0.0
 10
0.611128531105308
 20
2.883260540314233
 30
0.0
 10
1.078537126540362
 20
2.891440388681371
 30
0.0
 10
1.54358749414114
 20
2.888979033198511
 30
0.0
 10
2.280950992393214
 20
2.879227128893605
 30
0.0
 10
3.290607995425669
 20
2.853160375638998
 30
0.0
 10
4.441308303077595
 20
2.79549383299851
 30
0.0
 10
5.460511971262685
 20
2.725312498886597
 30
0.0
 10
6.349876825774689
 20
2.661674098394547
 30
0.0
 10
7.239612998209577
 20
2.604809768167479
 30
0.0
 10
8.128674924638092
 20
2.545368591237989
 30
0.0
 10
8.798247004534876
 20
2.493879547998195
 30
0.0
 10
9.248535212044127
 20
2.479793003761207
 30
0.0
 10
9.442170631082249
 20
2.484219358019885
 30
0.0
 10
9.59615997339811
 20
2.502908846659187
 30
0.0
 10
9.706988276999212
 20
2.523413297816854
 30
0.0
 10
9.804083409741214
 20
2.565869981235894
 30
0.0
 10
9.866306144061486
 20
2.640780317518038
 30
0.0
 10
9.902694006641534
 20
2.724073428731662
 30
0.0
 10
9.90987959777537
 20
2.8153121739987
 30
0.0
 10
9.88472788662377
 20
2.904746174371239
 30
0.0
 10
9.838837754177824
 20
2.991373844047859
 30
0.0
 10
9.738794176936194
 20
3.129621343372033
 30
0.0
 10
9.57801049381424
 20
3.308980066428941
 30
0.0
 10
9.33899730516647
 20
3.504437011158555
 30
0.0
 10
9.080534978248425
 20
3.673144294745625
 30
0.0
 10
8.807277504757447
 20
3.818923949441915
 30
0.0
 10
8.523621068095231
 20
3.944102261455217
 30
0.0
 10
8.16903708431035
 20
4.07435089067053
 30
0.0
 10
7.73999957225629
 20
4.195358170200135
 30
0.0
 10
7.236687797448226
 20
4.296239676244085
 30
0.0
 10
6.727445720227911
 20
4.365822682904322
 30
0.0
 10
6.214878101348114
 20
4.409433464165806
 30
0.0
 10
5.700694591645511
 20
4.430582949492642
 30
0.0
 10
5.155397034011687
 20
4.430639258443185
 30
0.0
 10
4.580013151430666
 20
4.405555129701376
 30
0.0
 10
3.976249534474556
 20
4.348925925472285
 30
0.0
 10
3.376400938311172
 20
4.260084931202194
 30
0.0
 10
2.715434913888771
 20
4.126252504476247
 30
0.0
 10
1.997539594213138
 20
3.939623046933546
 30
0.0
 10
1.226544999133813
 20
3.69864243569919
 30
0.0
 10
0.567497112400486
 20
3.464197312163177
 30
0.0
 10
0.0174837688326022
 20
3.239753785899176
 30
0.0
 10
-0.4242399332997245
 20
3.042176657969854
 30
0.0
 10
-0.8469901099847102
 20
2.842086143136208
 30
0.0
 10
-1.117573260853767
 20
2.703951050832151
 30
0.0
 10
-1.247189720884081
 20
2.637780701300384
 30
0.0
  0
SPLINE
  5
A56
330
1B
100
AcDbEntity
 67
     1
  8
0
  6
Continuous
 62
     7
370
    25
100
AcDbSpline
210
0.0
220
0.0
230
1.0
 70
     8
 71
     3
 72
     9
 73
     5
 74
     0
 42
0.00000001
 43
0.00000001
 40
0.0
 40
0.0
 40
0.0
 40
0.0
 40
0.4979340491079682
 40
1.0
 40
1.0
 40
1.0
 40
1.0
 10
9.265113435726585
 20
3.427712073755842
 30
0.0
 10
9.156672722327842
 20
3.500278913845389
 30
0.0
 10
8.938891444680708
 20
3.646014760228156
 30
0.0
 10
8.700224392385273
 20
3.754219200237004
 30
0.0
 10
8.580397791827966
 20
3.808544965300788
 30
0.0
  0
SPLINE
  5
A58
330
1B
100
AcDbEntity
 67
     1
  8
0
  6
Continuous
 62
     7
370
    25
100
AcDbSpline
210
0.0
220
0.0
230
1.0
 70
     8
 71
     3
 72
    14
 73
    10
 74
     0
 42
0.00000001
 43
0.00000001
 40
0.0
 40
0.0
 40
0.0
 40
0.0
 40
0.1160781187520613
 40
0.2209888979368252
 40
0.3254921144219303
 40
0.4354121102794525
 40
0.5493991998218541
 40
0.7777945681892644
 40
1.0
 40
1.0
 40
1.0
 40
1.0
 10
-2.841710215925149
 20
4.100874943178075
 30
0.0
 10
-2.760511422944949
 20
4.101673371988516
 30
0.0
 10
-2.60592559774888
 20
4.103193416461992
 30
0.0
 10
-2.378255713025749
 20
4.106849896535137
 30
0.0
 10
-2.154902126673351
 20
4.110880137818181
 30
0.0
 10
-1.925202923149669
 20
4.11524095616619
 30
0.0
 10
-1.608877862505026
 20
4.122379378987051
 30
0.0
 10
-1.214039581021192
 20
4.133220465586992
 30
0.0
 10
-0.899237185468415
 20
4.149617543710063
 30
0.0
 10
-0.7439982196006142
 20
4.157703458833452
 30
0.0
  0
SPLINE
  5
A5C
330
1B
100
AcDbEntity
 67
     1
  8
0
  6
Continuous
 62
     7
370
    25
100
AcDbSpline
210
0.0
220
0.0
230
1.0
 70
     8
 71
     3
 72
     9
 73
     5
 74
     0
 42
0.00000001
 43
0.00000001
 40
0.0
 40
0.0
 40
0.0
 40
0.0
 40
0.4997237150160936
 40
1.0
 40
1.0
 40
1.0
 40
1.0
 10
-0.7158541097644229
 20
3.899128362955465
 30
0.0
 10
-1.064210638986018
 20
3.82894436835091
 30
0.0
 10
-1.761308892988985
 20
3.688498773123765
 30
0.0
 10
-2.464150291877713
 20
3.580401096135508
 30
0.0
 10
-2.815765175846658
 20
3.526322391876432
 30
0.0
  0
SPLINE
  5
A5F
330
1B
100
AcDbEntity
 67
     1
  8
0
  6
Continuous
 62
     7
370
    25
100
AcDbSpline
210
0.0
220
0.0
230
1.0
 70
     8
 71
     3
 72
    13
 73
     9
 74
     0
 42
0.00000001
 43
0.00000001
 40
0.0
 40
0.0
 40
0.0
 40
0.0
 40
0.1400055923962352
 40
0.2799955208871535
 40
0.4199993768585845
 40
0.5600017925973587
 40
0.7800055064700413
 40
1.0
 40
1.0
 40
1.0
 40
1.0
 10
-8.84984794507068
 20
4.288411803191368
 30
0.0
 10
-8.622163849901874
 20
4.293731241454354
 30
0.0
 10
-8.166821132990338
 20
4.304369522838546
 30
0.0
 10
-7.483511979318958
 20
4.303451204797186
 30
0.0
 10
-6.800598688619781
 20
4.282666985617155
 30
0.0
 10
-5.987689736042436
 20
4.256297745401294
 30
0.0
 10
-5.044730637925205
 20
4.225000445478543
 30
0.0
 10
-4.329201452382109
 20
4.207932153030836
 30
0.0
 10
-3.971444356714195
 20
4.199398185643514
 30
0.0
  0
SPLINE
  5
A60
330
1B
100
AcDbEntity
 67
     1
  8
0
  6
Continuous
 62
     7
370
    25
100
AcDbSpline
210
0.0
220
0.0
230
1.0
 70
     8
 71
     3
 72
    19
 73
    15
 74
     0
 42
0.00000001
 43
0.00000001
 40
0.0
 40
0.0
 40
0.0
 40
0.0
 40
0.0927392820556095
 40
0.1726417761615654
 40
0.2415899269570682
 40
0.3014662264281252
 40
0.3541531791488708
 40
0.4015332292451428
 40
0.4697927081222145
 40
0.5368780975110411
 40
0.6074088178502478
 40
0.7393772308776678
 40
0.8727123900766701
 40
1.0
 40
1.0
 40
1.0
 40
1.0
 10
-3.971444356714195
 20
4.199398185643514
 30
0.0
 10
-3.868658408100607
 20
4.199120734834751
 30
0.0
 10
-3.677313938532031
 20
4.198604237409275
 30
0.0
 10
-3.40955087398958
 20
4.19848265076629
 30
0.0
 10
-3.178211393801405
 20
4.198888496866555
 30
0.0
 10
-2.977037504918624
 20
4.199799107981509
 30
0.0
 10
-2.799771474385415
 20
4.201159801968866
 30
0.0
 10
-2.613220082059105
 20
4.203211027437812
 30
0.0
 10
-2.410721999932615
 20
4.206277650846983
 30
0.0
 10
-2.182580007829268
 20
4.210397750461273
 30
0.0
 10
-1.883841069210021
 20
4.215994889268121
 30
0.0
 10
-1.51173183171913
 20
4.224808284812262
 30
0.0
 10
-1.076798588371684
 20
4.238848211393918
 30
0.0
 10
-0.7884276874662288
 20
4.255811127705405
 30
0.0
 10
-0.6475879485926705
 20
4.264095780201002
 30
0.0
  0
SPLINE
  5
A61
330
1B
100
AcDbEntity
 67
     1
  8
0
  6
Continuous
 62
     7
370
    25
100
AcDbSpline
210
0.0
220
0.0
230
1.0
 70
     8
 71
     3
 72
    11
 73
     7
 74
     0
 42
0.00000001
 43
0.00000001
 40
0.0
 40
0.0
 40
0.0
 40
0.0
 40
0.2800127809470782
 40
0.5600037821462507
 40
0.7800057018668519
 40
1.0
 40
1.0
 40
1.0
 40
1.0
 10
-0.6475879485926707
 20
4.264095780201003
 30
0.0
 10
-0.4375755166313353
 20
4.276118068688779
 30
0.0
 10
-0.0175669877409786
 20
4.300161710555541
 30
0.0
 10
0.5666149961461394
 20
4.346044197233827
 30
0.0
 10
1.104335161623908
 20
4.40723658831989
 30
0.0
 10
1.434883425373618
 20
4.4168612163238
 30
0.0
 10
1.600154694380115
 20
4.421673446967147
 30
0.0
  0
SPLINE
  5
A63
330
1B
100
AcDbEntity
 67
     1
  8
0
  6
Continuous
 62
     7
370
    25
100
AcDbSpline
210
0.0
220
0.0
230
1.0
 70
     8
 71
     3
 72
    30
 73
    26
 74
     0
 42
0.00000001
 43
0.00000001
 40
0.0
 40
0.0
 40
0.0
 40
0.0
 40
0.0199852284469477
 40
0.0399909945833427
 40
0.0599918104368593
 40
0.0800359715673047
 40
0.1000540317088878
 40
0.1200488676976958
 40
0.1400385570815834
 40
0.1767147924726665
 40
0.2134054529626984
 40
0.2500636414427641
 40
0.3125503299101329
 40
0.3750555749010127
 40
0.4375288821493117
 40
0.5000326630591971
 40
0.5933607559114148
 40
0.6866890396101889
 40
0.7799683617885688
 40
0.8166215652424326
 40
0.8533036665723434
 40
0.8900234411976629
 40
0.9267225213551156
 40
0.9633496652920446
 40
1.0
 40
1.0
 40
1.0
 40
1.0
 10
-8.987664552555175
 20
3.955051018228641
 30
0.0
 10
-8.9382827953555
 20
3.901401451460361
 30
0.0
 10
-8.83946853411598
 20
3.794047185297009
 30
0.0
 10
-8.658118901254072
 20
3.669786091287666
 30
0.0
 10
-8.463509276915158
 20
3.569968031293483
 30
0.0
 10
-8.260114893218072
 20
3.489406248283138
 30
0.0
 10
-8.0530302940722
 20
3.419515473316383
 30
0.0
 10
-7.84273069415153
 20
3.360560450835922
 30
0.0
 10
-7.570782181343004
 20
3.298231154469359
 30
0.0
 10
-7.235619166449786
 20
3.241796441247498
 30
0.0
 10
-6.83833071409004
 20
3.192394536558457
 30
0.0
 10
-6.346075711184966
 20
3.147270017695393
 30
0.0
 10
-5.757851952988656
 20
3.127145738106362
 30
0.0
 10
-5.075635185228632
 20
3.14288698780675
 30
0.0
 10
-4.39550689592921
 20
3.200076760170022
 30
0.0
 10
-3.608428863114754
 20
3.307393592706632
 30
0.0
 10
-2.711524937300189
 20
3.438652697415034
 30
0.0
 10
-1.705599872175243
 20
3.598879598377312
 30
0.0
 10
-0.9084193223662281
 20
3.755530856940359
 30
0.0
 10
-0.3154683236949573
 20
3.881461879595806
 30
0.0
 10
0.076021460030583
 20
3.965467537273942
 30
0.0
 10
0.468272385757021
 20
4.046808810083668
 30
0.0
 10
0.8590157545337935
 20
4.133821456135509
 30
0.0
 10
1.246513033467505
 20
4.235568232228996
 30
0.0
 10
1.496240849028544
 20
4.329374461838424
 30
0.0
 10
1.621144273593052
 20
4.376292420486241
 30
0.0
  0
SPLINE
  5
A64
330
1B
100
AcDbEntity
 67
     1
  8
0
  6
Continuous
 62
     7
370
    25
100
AcDbSpline
210
0.0
220
0.0
230
1.0
 70
     8
 71
     3
 72
    15
 73
    11
 74
     0
 42
0.00000001
 43
0.00000001
 40
0.0
 40
0.0
 40
0.0
 40
0.0
 40
0.2493506067842469
 40
0.3130204017094763
 40
0.3756083666696444
 40
0.437245447861083
 40
0.5011722410327988
 40
0.6246132795293425
 40
0.750451972892899
 40
0.9999999999999999
 40
0.9999999999999999
 40
0.9999999999999999
 40
0.9999999999999999
 10
-8.84984794507068
 20
4.288411803191368
 30
0.0
 10
-8.895652948213305
 20
4.287194157666627
 30
0.0
 10
-8.953153913095315
 20
4.285665595549975
 30
0.0
 10
-9.020230965576133
 20
4.271310501849685
 30
0.0
 10
-9.05288307742629
 20
4.258115946864506
 30
0.0
 10
-9.075494706495173
 20
4.230708022121445
 30
0.0
 10
-9.09347090262299
 20
4.18875088249316
 30
0.0
 10
-9.098744817570728
 20
4.128897291375325
 30
0.0
 10
-9.058055111067947
 20
4.044831090895117
 30
0.0
 10
-9.015772807172022
 20
3.990901865207931
 30
0.0
 10
-8.987664552555175
 20
3.955051018228641
 30
0.0
  0
CIRCLE
  5
A65
330
1B
100
AcDbEntity
 67
     1
  8
0
  6
Continuous
 62
     7
370
    25
100
AcDbCircle
 10
-4.8833792077
 20
3.6978247997
 30
0.0
 40
0.454999999999986
  0
CIRCLE
  5
A66
330
1B
100
AcDbEntity
 67
     1
  8
0
  6
Continuous
 62
     7
370
    25
100
AcDbCircle
 10
-6.3862732738
 20
3.7137679892
 30
0.0
 40
0.4550000000000009
  0
CIRCLE
  5
A67
330
1B
100
AcDbEntity
 67
     1
  8
0
  6
Continuous
 62
     7
370
    25
100
AcDbCircle
 10
-3.958638906
 20
3.5632932322
 30
0.0
 40
0.0590551181102467
  0
CIRCLE
  5
A68
330
1B
100
AcDbEntity
 67
     1
  8
0
  6
Continuous
 62
     7
370
    25
100
AcDbCircle
 10
-3.9682930702
 20
3.918314542
 30
0.0
 40
0.0590551181102289
  0
CIRCLE
  5
A69
330
1B
100
AcDbEntity
 67
     1
  8
0
  6
Continuous
 62
     7
370
    25
100
AcDbCircle
 10
-8.0449784633
 20
4.0114615529
 30
0.0
 40
0.0590551181102462
  0
CIRCLE
  5
A6A
330
1B
100
AcDbEntity
 67
     1
  8
0
  6
Continuous
 62
     7
370
    25
100
AcDbCircle
 10
-8.0368209344
 20
3.711477367
 30
0.0
 40
0.0590551181102461
  0
CIRCLE
  5
A6B
330
1B
100
AcDbEntity
 67
     1
  8
0
  6
Continuous
 62
     7
370
    25
100
AcDbCircle
 10
-7.3939655611
 20
3.98304934
 30
0.0
 40
0.0590551181102279
  0
CIRCLE
  5
A6C
330
1B
100
AcDbEntity
 67
     1
  8
0
  6
Continuous
 62
     7
370
    25
100
AcDbCircle
 10
-7.383088856
 20
3.5830704256
 30
0.0
 40
0.0590551181102293
  0
CIRCLE
  5
A6D
330
1B
100
AcDbEntity
 67
     1
  8
0
  6
Continuous
 62
     7
370
    25
100
AcDbCircle
 10
-5.6402361244
 20
3.9397848354
 30
0.0
 40
0.0590551181102471
  0
CIRCLE
  5
A6E
330
1B
100
AcDbEntity
 67
     1
  8
0
  6
Continuous
 62
     7
370
    25
100
AcDbCircle
 10
-5.626640243
 20
3.4398111923
 30
0.0
 40
0.059055118110248
  0
CIRCLE
  5
A6F
330
1B
100
AcDbEntity
 67
     1
  8
0
  6
Continuous
 62
     7
370
    25
100
AcDbCircle
 10
-3.3895766563
 20
3.9461203131
 30
0.0
 40
0.0590551181102294
  0
CIRCLE
  5
A70
330
1B
100
AcDbEntity
 67
     1
  8
0
  6
Continuous
 62
     7
370
    25
100
AcDbCircle
 10
-3.3800595394
 20
3.5961387629
 30
0.0
 40
0.0590551181102294
  0
SPLINE
  5
A74
330
1B
100
AcDbEntity
 67
     1
  8
0
  6
Continuous
 62
     7
370
    25
100
AcDbSpline
210
0.0
220
0.0
230
1.0
 70
     8
 71
     3
 72
     9
 73
     5
 74
     0
 42
0.00000001
 43
0.00000001
 40
0.0
 40
0.0
 40
0.0
 40
0.0
 40
0.5606570928571577
 40
1.0
 40
1.0
 40
1.0
 40
1.0
 10
-8.848319036562957
 20
4.188421214448794
 30
0.0
 10
-8.764471032071269
 20
4.189536384640745
 30
0.0
 10
-8.614917935249839
 20
4.191525426081864
 30
0.0
 10
-8.4653931071272
 20
4.195035027255389
 30
0.0
 10
-8.39970043444977
 20
4.196576945637878
 30
0.0
  0
SPLINE
  5
A76
330
1B
100
AcDbEntity
 67
     1
  8
0
  6
Continuous
 62
     7
370
    25
100
AcDbSpline
210
0.0
220
0.0
230
1.0
 70
     8
 71
     3
 72
    18
 73
    14
 74
     0
 42
0.00000001
 43
0.00000001
 40
0.0
 40
0.0
 40
0.0
 40
0.0
 40
0.2010100264874895
 40
0.3737356905473876
 40
0.4392779816639173
 40
0.4878569142994182
 40
0.512753919982141
 40
0.5338067955283141
 40
0.5532882361937288
 40
0.5922002881618376
 40
0.6397892832843813
 40
0.7363329123870852
 40
1.0
 40
1.0
 40
1.0
 40
1.0
 10
-8.91028774840906
 20
4.018397233079346
 30
0.0
 10
-8.923981186751533
 20
4.035421250161403
 30
0.0
 10
-8.949441243268716
 20
4.067073814420175
 30
0.0
 10
-8.97693258780366
 20
4.106281036061951
 30
0.0
 10
-8.991652011958866
 20
4.133815810248634
 30
0.0
 10
-8.996558865063955
 20
4.148269477580347
 30
0.0
 10
-8.997302940887725
 20
4.158613891833216
 30
0.0
 10
-8.995811483459189
 20
4.16568803734325
 30
0.0
 10
-8.99123567981219
 20
4.173214102991646
 30
0.0
 10
-8.981116331045289
 20
4.179597188898246
 30
0.0
 10
-8.96181808525089
 20
4.184717169571811
 30
0.0
 10
-8.917446496377634
 20
4.188160596708654
 30
0.0
 10
-8.87831021671586
 20
4.188299206758668
 30
0.0
 10
-8.849663237601773
 20
4.188400666561237
 30
0.0
  0
SPLINE
  5
A78
330
1B
100
AcDbEntity
 67
     1
  8
0
  6
Continuous
 62
     7
370
    25
100
AcDbSpline
210
0.0
220
0.0
230
1.0
 70
     8
 71
     3
 72
    10
 73
     6
 74
     0
 42
0.00000001
 43
0.00000001
 40
0.0
 40
0.0
 40
0.0
 40
0.0
 40
0.3392906296950374
 40
0.6724618601023874
 40
1.0
 40
1.0
 40
1.0
 40
1.0
 10
-8.429856890999861
 20
3.668404659512801
 30
0.0
 10
-8.490612473019523
 20
3.698363014201404
 30
0.0
 10
-8.611027857709828
 20
3.757739398800095
 30
0.0
 10
-8.776093884285663
 20
3.872760038445432
 30
0.0
 10
-8.865673364911872
 20
3.969959619028512
 30
0.0
 10
-8.910081235869962
 20
4.018145056156967
 30
0.0
  0
SPLINE
  5
A7A
330
1B
100
AcDbEntity
 67
     1
  8
0
  6
Continuous
 62
     7
370
    25
100
AcDbSpline
210
0.0
220
0.0
230
1.0
 70
     8
 71
     3
 72
    14
 73
    10
 74
     0
 42
0.00000001
 43
0.00000001
 40
0.0
 40
0.0
 40
0.0
 40
0.0
 40
0.1160781187520521
 40
0.2209888979368234
 40
0.3254921144219359
 40
0.4354121102794488
 40
0.5493991998218412
 40
0.7777945681892496
 40
0.9999999999999999
 40
0.9999999999999999
 40
0.9999999999999999
 40
0.9999999999999999
 10
-5.628361344423209
 20
2.969671206860597
 30
0.0
 10
-5.547162551443014
 20
2.970469635671042
 30
0.0
 10
-5.392576726246944
 20
2.971989680144524
 30
0.0
 10
-5.16490684152381
 20
2.975646160217667
 30
0.0
 10
-4.941553255171403
 20
2.979676401500714
 30
0.0
 10
-4.711854051647729
 20
2.984037219848705
 30
0.0
 10
-4.395528991003096
 20
2.991175642669591
 30
0.0
 10
-4.000690709519259
 20
3.002016729269523
 30
0.0
 10
-3.685888313966469
 20
3.018413807392588
 30
0.0
 10
-3.530649348098657
 20
3.026499722515974
 30
0.0
  0
SPLINE
  5
A7E
330
1B
100
AcDbEntity
 67
     1
  8
0
  6
Continuous
 62
     7
370
    25
100
AcDbSpline
210
0.0
220
0.0
230
1.0
 70
     8
 71
     3
 72
     9
 73
     5
 74
     0
 42
0.00000001
 43
0.00000001
 40
0.0
 40
0.0
 40
0.0
 40
0.0
 40
0.4997237150160972
 40
1.0
 40
1.0
 40
1.0
 40
1.0
 10
-3.502505238262482
 20
2.767924626637987
 30
0.0
 10
-3.850861767484079
 20
2.697740632033435
 30
0.0
 10
-4.547960021487039
 20
2.5572950368063
 30
0.0
 10
-5.250801420375761
 20
2.449197359818039
 30
0.0
 10
-5.6024163043447
 20
2.395118655558962
 30
0.0
  0
SPLINE
  5
A81
330
1B
100
AcDbEntity
 67
     1
  8
0
  6
Continuous
 62
     7
370
    25
100
AcDbSpline
210
0.0
220
0.0
230
1.0
 70
     8
 71
     3
 72
    13
 73
     9
 74
     0
 42
0.00000001
 43
0.00000001
 40
0.0
 40
0.0
 40
0.0
 40
0.0
 40
0.1400055923962381
 40
0.279995520887152
 40
0.419999376858584
 40
0.5600017925973574
 40
0.7800055064700389
 40
1.0
 40
1.0
 40
1.0
 40
1.0
 10
-11.63649907356875
 20
3.157208066873898
 30
0.0
 10
-11.40881497839993
 20
3.162527505136881
 30
0.0
 10
-10.9534722614884
 20
3.173165786521067
 30
0.0
 10
-10.27016310781702
 20
3.172247468479705
 30
0.0
 10
-9.587249817117844
 20
3.151463249299693
 30
0.0
 10
-8.774340864540493
 20
3.125094009083805
 30
0.0
 10
-7.831381766423259
 20
3.09379670916108
 30
0.0
 10
-7.115852580880157
 20
3.076728416713363
 30
0.0
 10
-6.758095485212237
 20
3.068194449326036
 30
0.0
  0
SPLINE
  5
A82
330
1B
100
AcDbEntity
 67
     1
  8
0
  6
Continuous
 62
     7
370
    25
100
AcDbSpline
210
0.0
220
0.0
230
1.0
 70
     8
 71
     3
 72
    19
 73
    15
 74
     0
 42
0.00000001
 43
0.00000001
 40
0.0
 40
0.0
 40
0.0
 40
0.0
 40
0.0927392820555994
 40
0.1726417761615663
 40
0.2415899269570642
 40
0.3014662264281267
 40
0.3541531791488622
 40
0.4015332292451396
 40
0.4697927081222116
 40
0.5368780975110332
 40
0.6074088178502456
 40
0.7393772308776715
 40
0.8727123900766746
 40
1.0
 40
1.0
 40
1.0
 40
1.0
 10
-6.758095485212237
 20
3.068194449326036
 30
0.0
 10
-6.655309536598661
 20
3.067916998517271
 30
0.0
 10
-6.463965067030085
 20
3.067400501091792
 30
0.0
 10
-6.19620200248764
 20
3.067278914448822
 30
0.0
 10
-5.964862522299453
 20
3.067684760549084
 30
0.0
 10
-5.763688633416684
 20
3.068595371664042
 30
0.0
 10
-5.586422602883476
 20
3.069956065651388
 30
0.0
 10
-5.399871210557171
 20
3.072007291120329
 30
0.0
 10
-5.197373128430679
 20
3.075073914529519
 30
0.0
 10
-4.969231136327332
 20
3.079194014143788
 30
0.0
 10
-4.670492197708082
 20
3.084791152950647
 30
0.0
 10
-4.298382960217179
 20
3.093604548494782
 30
0.0
 10
-3.863449716869732
 20
3.107644475076438
 30
0.0
 10
-3.575078815964283
 20
3.124607391387927
 30
0.0
 10
-3.43423907709073
 20
3.132892043883523
 30
0.0
  0
SPLINE
  5
A83
330
1B
100
AcDbEntity
 67
     1
  8
0
  6
Continuous
 62
     7
370
    25
100
AcDbSpline
210
0.0
220
0.0
230
1.0
 70
     8
 71
     3
 72
    11
 73
     7
 74
     0
 42
0.00000001
 43
0.00000001
 40
0.0
 40
0.0
 40
0.0
 40
0.0
 40
0.2800127809470803
 40
0.560003782146263
 40
0.7800057018668578
 40
1.0
 40
1.0
 40
1.0
 40
1.0
 10
-3.43423907709073
 20
3.132892043883523
 30
0.0
 10
-3.224226645129395
 20
3.144914332371299
 30
0.0
 10
-2.804218116239033
 20
3.168957974238061
 30
0.0
 10
-2.220036132351915
 20
3.214840460916359
 30
0.0
 10
-1.68231596687415
 20
3.276032852002408
 30
0.0
 10
-1.351767703124453
 20
3.285657480006325
 30
0.0
 10
-1.186496434117963
 20
3.290469710649678
 30
0.0
  0
SPLINE
  5
A85
330
1B
100
AcDbEntity
 67
     1
  8
0
  6
Continuous
 62
     7
370
    25
100
AcDbSpline
210
0.0
220
0.0
230
1.0
 70
     8
 71
     3
 72
    30
 73
    26
 74
     0
 42
0.00000001
 43
0.00000001
 40
0.0
 40
0.0
 40
0.0
 40
0.0
 40
0.0199852284469466
 40
0.0399909945833403
 40
0.0599918104368572
 40
0.0800359715673039
 40
0.1000540317088869
 40
0.1200488676976952
 40
0.1400385570815834
 40
0.176714792472665
 40
0.2134054529626984
 40
0.2500636414427625
 40
0.3125503299101297
 40
0.375055574901011
 40
0.4375288821493117
 40
0.5000326630591956
 40
0.5933607559114132
 40
0.6866890396101873
 40
0.7799683617885671
 40
0.8166215652424296
 40
0.8533036665723434
 40
0.8900234411976614
 40
0.9267225213551141
 40
0.9633496652920418
 40
1.0
 40
1.0
 40
1.0
 40
1.0
 10
-11.77431568105322
 20
2.823847281911163
 30
0.0
 10
-11.72493392385354
 20
2.770197715142887
 30
0.0
 10
-11.62611966261403
 20
2.662843448979543
 30
0.0
 10
-11.44477002975214
 20
2.538582354970194
 30
0.0
 10
-11.25016040541323
 20
2.438764294975997
 30
0.0
 10
-11.04676602171613
 20
2.358202511965675
 30
0.0
 10
-10.83968142257025
 20
2.288311736998915
 30
0.0
 10
-10.62938182264958
 20
2.229356714518437
 30
0.0
 10
-10.35743330984105
 20
2.167027418151902
 30
0.0
 10
-10.02227029494784
 20
2.110592704930007
 30
0.0
 10
-9.624981842588094
 20
2.061190800240996
 30
0.0
 10
-9.132726839683025
 20
2.01606628137792
 30
0.0
 10
-8.54450308148672
 20
1.995942001788897
 30
0.0
 10
-7.862286313726689
 20
2.011683251489269
 30
0.0
 10
-7.182158024427265
 20
2.068873023852543
 30
0.0
 10
-6.395079991612805
 20
2.176189856389152
 30
0.0
 10
-5.49817606579825
 20
2.30744896109757
 30
0.0
 10
-4.492251000673303
 20
2.467675862059834
 30
0.0
 10
-3.695070450864288
 20
2.624327120622863
 30
0.0
 10
-3.102119452193021
 20
2.75025814327835
 30
0.0
 10
-2.710629668467473
 20
2.834263800956448
 30
0.0
 10
-2.318378742741035
 20
2.915605073766207
 30
0.0
 10
-1.927635373964269
 20
3.002617719818034
 30
0.0
 10
-1.540138095030561
 20
3.104364495911537
 30
0.0
 10
-1.290410279469511
 20
3.198170725520951
 30
0.0
 10
-1.165506854904991
 20
3.245088684168763
 30
0.0
  0
SPLINE
  5
A86
330
1B
100
AcDbEntity
 67
     1
  8
0
  6
Continuous
 62
     7
370
    25
100
AcDbSpline
210
0.0
220
0.0
230
1.0
 70
     8
 71
     3
 72
    15
 73
    11
 74
     0
 42
0.00000001
 43
0.00000001
 40
0.0
 40
0.0
 40
0.0
 40
0.0
 40
0.2493506067842182
 40
0.3130204017094481
 40
0.3756083666696098
 40
0.4372454478610701
 40
0.5011722410327879
 40
0.6246132795293325
 40
0.750451972892875
 40
1.0
 40
1.0
 40
1.0
 40
1.0
 10
-11.63649907356875
 20
3.157208066873898
 30
0.0
 10
-11.68230407671137
 20
3.155990421349153
 30
0.0
 10
-11.73980504159337
 20
3.154461859232495
 30
0.0
 10
-11.80688209407418
 20
3.140106765532205
 30
0.0
 10
-11.83953420592434
 20
3.126912210547031
 30
0.0
 10
-11.86214583499325
 20
3.099504285803985
 30
0.0
 10
-11.88012203112102
 20
3.057547146175673
 30
0.0
 10
-11.88539594606878
 20
2.997693555057849
 30
0.0
 10
-11.84470623956599
 20
2.913627354577641
 30
0.0
 10
-11.80242393567007
 20
2.859698128890455
 30
0.0
 10
-11.77431568105322
 20
2.823847281911164
 30
0.0
  0
CIRCLE
  5
A87
330
1B
100
AcDbEntity
 67
     1
  8
0
  6
Continuous
 62
     7
370
    25
100
AcDbCircle
 10
-7.6700303362
 20
2.5666210633
 30
0.0
 40
0.4550000000000025
  0
CIRCLE
  5
A88
330
1B
100
AcDbEntity
 67
     1
  8
0
  6
Continuous
 62
     7
370
    25
100
AcDbCircle
 10
-9.1729244023
 20
2.5825642529
 30
0.0
 40
0.4549999999999992
  0
CIRCLE
  5
A89
330
1B
100
AcDbEntity
 67
     1
  8
0
  6
Continuous
 62
     7
370
    25
100
AcDbCircle
 10
-6.7452900345
 20
2.4320894958
 30
0.0
 40
0.0590551181102471
  0
CIRCLE
  5
A8A
330
1B
100
AcDbEntity
 67
     1
  8
0
  6
Continuous
 62
     7
370
    25
100
AcDbCircle
 10
-6.7549441987
 20
2.7871108057
 30
0.0
 40
0.059055118110212
  0
CIRCLE
  5
A8B
330
1B
100
AcDbEntity
 67
     1
  8
0
  6
Continuous
 62
     7
370
    25
100
AcDbCircle
 10
-10.8316295918
 20
2.8802578165
 30
0.0
 40
0.0590551181102279
  0
CIRCLE
  5
A8C
330
1B
100
AcDbEntity
 67
     1
  8
0
  6
Continuous
 62
     7
370
    25
100
AcDbCircle
 10
-10.8234720629
 20
2.5802736307
 30
0.0
 40
0.0590551181102457
  0
CIRCLE
  5
A8D
330
1B
100
AcDbEntity
 67
     1
  8
0
  6
Continuous
 62
     7
370
    25
100
AcDbCircle
 10
-10.1806166896
 20
2.8518456037
 30
0.0
 40
0.0590551181102479
  0
CIRCLE
  5
A8E
330
1B
100
AcDbEntity
 67
     1
  8
0
  6
Continuous
 62
     7
370
    25
100
AcDbCircle
 10
-10.1697399845
 20
2.4518666893
 30
0.0
 40
0.0590551181102458
  0
CIRCLE
  5
A8F
330
1B
100
AcDbEntity
 67
     1
  8
0
  6
Continuous
 62
     7
370
    25
100
AcDbCircle
 10
-8.4268872529
 20
2.8085810991
 30
0.0
 40
0.0590551181102618
  0
CIRCLE
  5
A90
330
1B
100
AcDbEntity
 67
     1
  8
0
  6
Continuous
 62
     7
370
    25
100
AcDbCircle
 10
-8.4132913715
 20
2.308607456
 30
0.0
 40
0.0590551181102639
  0
CIRCLE
  5
A91
330
1B
100
AcDbEntity
 67
     1
  8
0
  6
Continuous
 62
     7
370
    25
100
AcDbCircle
 10
-6.1762277848
 20
2.8149165767
 30
0.0
 40
0.059055118110246
  0
CIRCLE
  5
A92
330
1B
100
AcDbEntity
 67
     1
  8
0
  6
Continuous
 62
     7
370
    25
100
AcDbCircle
 10
-6.1667106679
 20
2.4649350266
 30
0.0
 40
0.0590551181102448
  0
SPLINE
  5
A96
330
1B
100
AcDbEntity
 67
     1
  8
0
  6
Continuous
 62
     7
370
    25
100
AcDbSpline
210
0.0
220
0.0
230
1.0
 70
     8
 71
     3
 72
     9
 73
     5
 74
     0
 42
0.00000001
 43
0.00000001
 40
0.0
 40
0.0
 40
0.0
 40
0.0
 40
0.5606570928571362
 40
1.0
 40
1.0
 40
1.0
 40
1.0
 10
-11.63497016506103
 20
3.057217478131315
 30
0.0
 10
-11.55112216056934
 20
3.058332648323271
 30
0.0
 10
-11.4015690637479
 20
3.060321689764399
 30
0.0
 10
-11.25204423562526
 20
3.063831290937915
 30
0.0
 10
-11.18635156294782
 20
3.065373209320399
 30
0.0
  0
SPLINE
  5
A98
330
1B
100
AcDbEntity
 67
     1
  8
0
  6
Continuous
 62
     7
370
    25
100
AcDbSpline
210
0.0
220
0.0
230
1.0
 70
     8
 71
     3
 72
    18
 73
    14
 74
     0
 42
0.00000001
 43
0.00000001
 40
0.0
 40
0.0
 40
0.0
 40
0.0
 40
0.2010100264874503
 40
0.3737356905473613
 40
0.4392779816639441
 40
0.4878569142994331
 40
0.5127539199821577
 40
0.5338067955283206
 40
0.5532882361937415
 40
0.5922002881618532
 40
0.639789283284357
 40
0.7363329123870651
 40
1.0
 40
1.0
 40
1.0
 40
1.0
 10
-11.69693887690713
 20
2.887193496761877
 30
0.0
 10
-11.7106323152496
 20
2.90421751384393
 30
0.0
 10
-11.73609237176678
 20
2.935870078102701
 30
0.0
 10
-11.7635837163017
 20
2.975077299744487
 30
0.0
 10
-11.77830314045694
 20
3.002612073931154
 30
0.0
 10
-11.78320999356201
 20
3.017065741262882
 30
0.0
 10
-11.78395406938576
 20
3.027410155515742
 30
0.0
 10
-11.78246261195727
 20
3.034484301025787
 30
0.0
 10
-11.77788680831022
 20
3.042010366674159
 30
0.0
 10
-11.76776745954335
 20
3.048393452580765
 30
0.0
 10
-11.74846921374895
 20
3.05351343325435
 30
0.0
 10
-11.70409762487571
 20
3.056956860391161
 30
0.0
 10
-11.66496134521394
 20
3.057095470441188
 30
0.0
 10
-11.63631436609984
 20
3.057196930243768
 30
0.0
  0
SPLINE
  5
A9A
330
1B
100
AcDbEntity
 67
     1
  8
0
  6
Continuous
 62
     7
370
    25
100
AcDbSpline
210
0.0
220
0.0
230
1.0
 70
     8
 71
     3
 72
    10
 73
     6
 74
     0
 42
0.00000001
 43
0.00000001
 40
0.0
 40
0.0
 40
0.0
 40
0.0
 40
0.3392906296950199
 40
0.6724618601024103
 40
1.0
 40
1.0
 40
1.0
 40
1.0
 10
-11.21650801949793
 20
2.537200923195323
 30
0.0
 10
-11.27726360151759
 20
2.567159277883927
 30
0.0
 10
-11.39767898620789
 20
2.626535662482626
 30
0.0
 10
-11.56274501278372
 20
2.741556302127951
 30
0.0
 10
-11.65232449340993
 20
2.838755882711036
 30
0.0
 10
-11.69673236436801
 20
2.886941319839488
 30
0.0
  0
LINE
  5
A9B
330
1B
100
AcDbEntity
 67
     1
  8
0
  6
Continuous
 62
     7
370
    25
100
AcDbLine
 10
1.7713476395
 20
-0.1250838144
 30
0.0
 11
1.9866482367
 21
0.3388201674
 31
0.0
  0
LINE
  5
A9C
330
1B
100
AcDbEntity
 67
     1
  8
0
  6
Continuous
 62
     7
370
    25
100
AcDbLine
 10
5.7126946278
 20
-0.1005860336
 30
0.0
 11
5.9367091386
 21
-0.1031932733
 31
0.0
  0
LINE
  5
A9D
330
1B
100
AcDbEntity
 67
     1
  8
0
  6
Continuous
 62
     7
370
    25
100
AcDbLine
 10
5.981965041
 20
-0.0307415229
 30
0.0
 11
5.8486506969
 21
0.2344844698
 31
0.0
  0
LINE
  5
A9E
330
1B
100
AcDbEntity
 67
     1
  8
0
  6
Continuous
 62
     7
370
    25
100
AcDbLine
 10
6.1922967166
 20
-0.1061679827
 30
0.0
 11
6.5274340549
 21
-0.1100685486
 31
0.0
  0
LINE
  5
A9F
330
1B
100
AcDbEntity
 67
     1
  8
0
  6
Continuous
 62
     7
370
    25
100
AcDbLine
 10
6.6157764184
 20
0.0389134195
 30
0.0
 11
6.3264781057
 21
0.5537381208
 31
0.0
  0
LINE
  5
AA0
330
1B
100
AcDbEntity
 67
     1
  8
0
  6
Continuous
 62
     7
370
    25
100
AcDbLine
 10
6.219838557
 20
0.6283017081
 30
0.0
 11
5.9152914964
 21
0.6779360838
 31
0.0
  0
LINE
  5
AA1
330
1B
100
AcDbEntity
 67
     1
  8
0
  6
Continuous
 62
     7
370
    25
100
AcDbLine
 10
5.8098579447
 20
0.5343280123
 30
0.0
 11
6.1041124959
 21
-0.0510850279
 31
0.0
  0
LINE
  5
AA2
330
1B
100
AcDbEntity
 67
     1
  8
0
  6
Continuous
 62
     7
370
    25
100
AcDbLine
 10
4.5370537153
 20
0.7338997581
 30
0.0
 11
4.2507718846
 21
0.7301973336
 31
0.0
  0
LINE
  5
AA3
330
1B
100
AcDbEntity
 67
     1
  8
0
  6
Continuous
 62
     7
370
    25
100
AcDbLine
 10
4.2770589042
 20
-0.1690694961
 30
0.0
 11
4.54464614
 21
-0.1589379217
 31
0.0
  0
LINE
  5
AA4
330
1B
100
AcDbEntity
 67
     1
  8
0
  6
Continuous
 62
     7
370
    25
100
AcDbLine
 10
3.6813372857
 20
-1.2501064701
 30
0.0
 11
3.9208605932
 21
-0.4517157007
 31
0.0
  0
LINE
  5
AA5
330
1B
100
AcDbEntity
 67
     1
  8
0
  6
Continuous
 62
     7
370
    25
100
AcDbLine
 10
3.0165911082
 20
-1.2204818114
 30
0.0
 11
2.7862898563
 21
-0.5065872136
 31
0.0
  0
LINE
  5
AA6
330
1B
100
AcDbEntity
 67
     1
  8
0
  6
Continuous
 62
     7
370
    25
100
AcDbLine
 10
11.6632282164
 20
-0.3378776913
 30
0.0
 11
11.6425943361
 21
-0.3834215491
 31
0.0
  0
LINE
  5
AA7
330
1B
100
AcDbEntity
 67
     1
  8
0
  6
Continuous
 62
     7
370
    25
100
AcDbLine
 10
9.3237783754
 20
-0.4007077119
 30
0.0
 11
8.7327296852
 21
-1.7303736771
 31
0.0
  0
LINE
  5
AA8
330
1B
100
AcDbEntity
 67
     1
  8
0
  6
Continuous
 62
     7
370
    25
100
AcDbLine
 10
8.4844967628
 20
-1.8780425532
 30
0.0
 11
6.798221551
 21
-1.7441672928
 31
0.0
  0
LINE
  5
AA9
330
1B
100
AcDbEntity
 67
     1
  8
0
  6
Continuous
 62
     7
370
    25
100
AcDbLine
 10
6.5837994254
 20
-1.5823973133
 30
0.0
 11
6.1315491102
 21
-0.3711280073
 31
0.0
  0
LINE
  5
AAA
330
1B
100
AcDbEntity
 67
     1
  8
0
  6
Continuous
 62
     7
370
    25
100
AcDbLine
 10
2.6064148736
 20
-0.0890300888
 30
0.0
 11
2.3284771473
 21
0.454021254
 31
0.0
  0
LINE
  5
AAB
330
1B
100
AcDbEntity
 67
     1
  8
0
  6
Continuous
 62
     7
370
    25
100
AcDbLine
 10
2.148751689
 20
0.4505587225
 30
0.0
 11
1.8927927064
 21
-0.1009510861
 31
0.0
  0
LINE
  5
AAC
330
1B
100
AcDbEntity
 67
     1
  8
0
  6
Continuous
 62
     7
370
    25
100
AcDbLine
 10
2.4481841311
 20
0.4396201839
 30
0.0
 11
2.7594995578
 21
-0.168646505
 31
0.0
  0
LINE
  5
AAD
330
1B
100
AcDbEntity
 67
     1
  8
0
  6
Continuous
 62
     7
370
    25
100
AcDbLine
 10
2.8523014508
 20
-0.2230146555
 30
0.0
 11
3.0590728263
 21
-0.2151857336
 31
0.0
  0
LINE
  5
AAE
330
1B
100
AcDbEntity
 67
     1
  8
0
  6
Continuous
 62
     7
370
    25
100
AcDbLine
 10
9.2899291141
 20
0.1279454482
 30
0.0
 11
6.6855439092
 21
0.5524021266
 31
0.0
  0
LINE
  5
AAF
330
1B
100
AcDbEntity
 67
     1
  8
0
  6
Continuous
 62
     7
370
    25
100
AcDbLine
 10
6.5822797988
 20
0.4047155877
 30
0.0
 11
6.8313952629
 21
-0.038601185
 31
0.0
  0
LINE
  5
AB0
330
1B
100
AcDbEntity
 67
     1
  8
0
  6
Continuous
 62
     7
370
    25
100
AcDbLine
 10
6.9604174319
 20
-0.1151079161
 30
0.0
 11
9.277895314
 21
-0.1420803665
 31
0.0
  0
LINE
  5
AB1
330
1B
100
AcDbEntity
 67
     1
  8
0
  6
Continuous
 62
     7
370
    25
100
AcDbLine
 10
10.9977901122
 20
-2.1966722405
 30
0.0
 11
10.782489515
 21
-2.6605762223
 31
0.0
  0
LINE
  5
AB2
330
1B
100
AcDbEntity
 67
     1
  8
0
  6
Continuous
 62
     7
370
    25
100
AcDbLine
 10
7.0564431238
 20
-2.2211700213
 30
0.0
 11
6.8324286131
 21
-2.2185627816
 31
0.0
  0
LINE
  5
AB3
330
1B
100
AcDbEntity
 67
     1
  8
0
  6
Continuous
 62
     7
370
    25
100
AcDbLine
 10
6.7871727107
 20
-2.291014532
 30
0.0
 11
6.9204870547
 21
-2.5562405247
 31
0.0
  0
LINE
  5
AB4
330
1B
100
AcDbEntity
 67
     1
  8
0
  6
Continuous
 62
     7
370
    25
100
AcDbLine
 10
6.5768410351
 20
-2.2155880722
 30
0.0
 11
6.2417036968
 21
-2.2116875063
 31
0.0
  0
LINE
  5
AB5
330
1B
100
AcDbEntity
 67
     1
  8
0
  6
Continuous
 62
     7
370
    25
100
AcDbLine
 10
6.1533613333
 20
-2.3606694744
 30
0.0
 11
6.442659646
 21
-2.8754941757
 31
0.0
  0
LINE
  5
AB6
330
1B
100
AcDbEntity
 67
     1
  8
0
  6
Continuous
 62
     7
370
    25
100
AcDbLine
 10
6.5492991947
 20
-2.950057763
 30
0.0
 11
6.8538462553
 21
-2.9996921387
 31
0.0
  0
LINE
  5
AB7
330
1B
100
AcDbEntity
 67
     1
  8
0
  6
Continuous
 62
     7
370
    25
100
AcDbLine
 10
6.959279807
 20
-2.8560840672
 30
0.0
 11
6.6650252558
 21
-2.270671027
 31
0.0
  0
LINE
  5
AB8
330
1B
100
AcDbEntity
 67
     1
  8
0
  6
Continuous
 62
     7
370
    25
100
AcDbLine
 10
8.2320840363
 20
-3.0556558131
 30
0.0
 11
8.5183658671
 21
-3.0519533885
 31
0.0
  0
LINE
  5
AB9
330
1B
100
AcDbEntity
 67
     1
  8
0
  6
Continuous
 62
     7
370
    25
100
AcDbLine
 10
8.4920788475
 20
-2.1526865588
 30
0.0
 11
8.2244916117
 21
-2.1628181332
 31
0.0
  0
LINE
  5
ABA
330
1B
100
AcDbEntity
 67
     1
  8
0
  6
Continuous
 62
     7
370
    25
100
AcDbLine
 10
9.0878004659
 20
-1.0716495848
 30
0.0
 11
8.8482771585
 21
-1.8700403542
 31
0.0
  0
LINE
  5
ABB
330
1B
100
AcDbEntity
 67
     1
  8
0
  6
Continuous
 62
     7
370
    25
100
AcDbLine
 10
9.7525466435
 20
-1.1012742435
 30
0.0
 11
9.9828478953
 21
-1.8151688414
 31
0.0
  0
LINE
  5
ABC
330
1B
100
AcDbEntity
 67
     1
  8
0
  6
Continuous
 62
     7
370
    25
100
AcDbLine
 10
1.1059095353
 20
-1.9838783636
 30
0.0
 11
1.1265434156
 21
-1.9383345058
 31
0.0
  0
LINE
  5
ABD
330
1B
100
AcDbEntity
 67
     1
  8
0
  6
Continuous
 62
     7
370
    25
100
AcDbLine
 10
3.4453593763
 20
-1.921048343
 30
0.0
 11
4.0364080664
 21
-0.5913823778
 31
0.0
  0
LINE
  5
ABE
330
1B
100
AcDbEntity
 67
     1
  8
0
  6
Continuous
 62
     7
370
    25
100
AcDbLine
 10
4.2846409889
 20
-0.4437135017
 30
0.0
 11
5.9709162006
 21
-0.5775887621
 31
0.0
  0
LINE
  5
ABF
330
1B
100
AcDbEntity
 67
     1
  8
0
  6
Continuous
 62
     7
370
    25
100
AcDbLine
 10
6.1853383262
 20
-0.7393587416
 30
0.0
 11
6.6375886414
 21
-1.9506280476
 31
0.0
  0
LINE
  5
AC0
330
1B
100
AcDbEntity
 67
     1
  8
0
  6
Continuous
 62
     7
370
    25
100
AcDbLine
 10
10.162722878
 20
-2.2327259661
 30
0.0
 11
10.4406606044
 21
-2.7757773089
 31
0.0
  0
LINE
  5
AC1
330
1B
100
AcDbEntity
 67
     1
  8
0
  6
Continuous
 62
     7
370
    25
100
AcDbLine
 10
10.6203860627
 20
-2.7723147774
 30
0.0
 11
10.8763450453
 21
-2.2208049688
 31
0.0
  0
LINE
  5
AC2
330
1B
100
AcDbEntity
 67
     1
  8
0
  6
Continuous
 62
     7
370
    25
100
AcDbLine
 10
10.3209536206
 20
-2.7613762388
 30
0.0
 11
10.0096381939
 21
-2.1531095499
 31
0.0
  0
LINE
  5
AC3
330
1B
100
AcDbEntity
 67
     1
  8
0
  6
Continuous
 62
     7
370
    25
100
AcDbLine
 10
9.9168363008
 20
-2.0987413994
 30
0.0
 11
9.7100649254
 21
-2.1065703213
 31
0.0
  0
LINE
  5
AC4
330
1B
100
AcDbEntity
 67
     1
  8
0
  6
Continuous
 62
     7
370
    25
100
AcDbLine
 10
3.4792086376
 20
-2.4497015032
 30
0.0
 11
6.0835938425
 21
-2.8741581815
 31
0.0
  0
LINE
  5
AC5
330
1B
100
AcDbEntity
 67
     1
  8
0
  6
Continuous
 62
     7
370
    25
100
AcDbLine
 10
6.1868579529
 20
-2.7264716426
 30
0.0
 11
5.9377424888
 21
-2.2831548699
 31
0.0
  0
LINE
  5
AC6
330
1B
100
AcDbEntity
 67
     1
  8
0
  6
Continuous
 62
     7
370
    25
100
AcDbLine
 10
5.8087203198
 20
-2.2066481388
 30
0.0
 11
3.4912424377
 21
-2.1796756884
 31
0.0
  0
LINE
  5
AC7
330
1B
100
AcDbEntity
 67
     1
  8
0
  6
Continuous
 62
     7
370
    25
100
AcDbLine
 10
-11.9446777104
 20
-1.6108298006
 30
0.0
 11
-11.9393949674
 21
-1.6578106543
 31
0.0
  0
LINE
  5
AC8
330
1B
100
AcDbEntity
 67
     1
  8
0
  6
Continuous
 62
     7
370
    25
100
AcDbLine
 10
-11.9371966529
 20
-1.608516827
 30
0.0
 11
-11.9446777104
 21
-1.6108298006
 31
0.0
  0
LINE
  5
AC9
330
1B
100
AcDbEntity
 67
     1
  8
0
  6
Continuous
 62
     7
370
    25
100
AcDbLine
 10
-9.0290486162
 20
-4.1202936205
 30
0.0
 11
-9.0343313592
 21
-4.0733127668
 31
0.0
  0
LINE
  5
ACA
330
1B
100
AcDbEntity
 67
     1
  8
0
  6
Continuous
 62
     7
370
    25
100
AcDbLine
 10
-9.0365296737
 20
-4.1226065941
 30
0.0
 11
-9.0290486162
 21
-4.1202936205
 31
0.0
  0
LINE
  5
ACB
330
1B
100
AcDbEntity
 67
     1
  8
0
  6
Continuous
 62
     7
370
    25
100
AcDbLine
 10
-11.8175210722
 20
-8.2888578789
 30
0.0
 11
-11.6479551148
 21
-7.6560291107
 31
0.0
  0
LINE
  5
ACC
330
1B
100
AcDbEntity
 67
     1
  8
0
  6
Continuous
 62
     7
370
    25
100
AcDbLine
 10
-8.7882756317
 20
-7.2365928428
 30
0.0
 11
-8.7408151131
 21
-7.3187968725
 31
0.0
  0
LINE
  5
ACD
330
1B
100
AcDbEntity
 67
     1
  8
0
  6
Continuous
 62
     7
370
    25
100
AcDbLine
 10
-8.7882756317
 20
-7.2365928428
 30
0.0
 11
-8.615070551
 21
-7.1365928428
 31
0.0
  0
LINE
  5
ACE
330
1B
100
AcDbEntity
 67
     1
  8
0
  6
Continuous
 62
     7
370
    25
100
AcDbLine
 10
-8.615070551
 20
-7.1365928428
 30
0.0
 11
-8.5424107734
 21
-7.2624432692
 31
0.0
  0
LINE
  5
ACF
330
1B
100
AcDbEntity
 67
     1
  8
0
  6
Continuous
 62
     7
370
    25
100
AcDbLine
 10
-5.7791066291
 20
-6.8781891374
 30
0.0
 11
-5.9283342932
 21
-6.8340693347
 31
0.0
  0
LINE
  5
AD0
330
1B
100
AcDbEntity
 67
     1
  8
0
  6
Continuous
 62
     7
370
    25
100
AcDbLine
 10
-5.7791066291
 20
-6.8781891374
 30
0.0
 11
-5.9486725863
 21
-7.511017905
 31
0.0
  0
LINE
  5
AD1
330
1B
100
AcDbEntity
 67
     1
  8
0
  6
Continuous
 62
     7
370
    25
100
AcDbLine
 10
-5.9486725863
 20
-7.511017905
 30
0.0
 11
-6.0992515702
 21
-7.4719412961
 31
0.0
  0
LINE
  5
AD2
330
1B
100
AcDbEntity
 67
     1
  8
0
  6
Continuous
 62
     7
370
    25
100
AcDbLine
 10
-8.2032846724
 20
-7.8498269063
 30
0.0
 11
-8.1496913783
 21
-7.9426532147
 31
0.0
  0
LINE
  5
AD3
330
1B
100
AcDbEntity
 67
     1
  8
0
  6
Continuous
 62
     7
370
    25
100
AcDbLine
 10
-8.322896459
 20
-8.0426532147
 30
0.0
 11
-8.1496913783
 21
-7.9426532147
 31
0.0
  0
LINE
  5
AD4
330
1B
100
AcDbEntity
 67
     1
  8
0
  6
Continuous
 62
     7
370
    25
100
AcDbLine
 10
-8.3929192778
 20
-7.921370135
 30
0.0
 11
-8.322896459
 21
-8.0426532147
 31
0.0
  0
LINE
  5
AD5
330
1B
100
AcDbEntity
 67
     1
  8
0
  6
Continuous
 62
     7
370
    25
100
AcDbLine
 10
-5.6530200949
 20
-6.4759573026
 30
0.0
 11
-5.4834541375
 21
-5.8431285344
 31
0.0
  0
LINE
  5
AD6
330
1B
100
AcDbEntity
 67
     1
  8
0
  6
Continuous
 62
     7
370
    25
100
AcDbLine
 10
-2.6395289484
 20
-5.3757787612
 30
0.0
 11
-2.566047966
 21
-5.5030515562
 31
0.0
  0
LINE
  5
AD7
330
1B
100
AcDbEntity
 67
     1
  8
0
  6
Continuous
 62
     7
370
    25
100
AcDbLine
 10
-2.6395289484
 20
-5.3757787612
 30
0.0
 11
-2.4663238676
 21
-5.2757787612
 31
0.0
  0
LINE
  5
AD8
330
1B
100
AcDbEntity
 67
     1
  8
0
  6
Continuous
 62
     7
370
    25
100
AcDbLine
 10
-2.4663238676
 20
-5.2757787612
 30
0.0
 11
-2.367713227
 21
-5.446577401
 31
0.0
  0
LINE
  5
AD9
330
1B
100
AcDbEntity
 67
     1
  8
0
  6
Continuous
 62
     7
370
    25
100
AcDbLine
 10
0.3853943483
 20
-5.0652885611
 30
0.0
 11
0.2361666841
 21
-5.0211687584
 31
0.0
  0
LINE
  5
ADA
330
1B
100
AcDbEntity
 67
     1
  8
0
  6
Continuous
 62
     7
370
    25
100
AcDbLine
 10
0.3853943483
 20
-5.0652885611
 30
0.0
 11
0.215828391
 21
-5.6981173287
 31
0.0
  0
LINE
  5
ADB
330
1B
100
AcDbEntity
 67
     1
  8
0
  6
Continuous
 62
     7
370
    25
100
AcDbLine
 10
0.215828391
 20
-5.6981173287
 30
0.0
 11
0.0652494071
 21
-5.6590407198
 31
0.0
  0
LINE
  5
ADC
330
1B
100
AcDbEntity
 67
     1
  8
0
  6
Continuous
 62
     7
370
    25
100
AcDbLine
 10
-2.0289949763
 20
-6.0332546207
 30
0.0
 11
-1.958975884
 21
-6.154531246
 31
0.0
  0
LINE
  5
ADD
330
1B
100
AcDbEntity
 67
     1
  8
0
  6
Continuous
 62
     7
370
    25
100
AcDbLine
 10
-2.1321809647
 20
-6.254531246
 30
0.0
 11
-1.958975884
 21
-6.154531246
 31
0.0
  0
LINE
  5
ADE
330
1B
100
AcDbEntity
 67
     1
  8
0
  6
Continuous
 62
     7
370
    25
100
AcDbLine
 10
-2.2186486071
 20
-6.1047648962
 30
0.0
 11
-2.1321809647
 21
-6.254531246
 31
0.0
  0
LINE
  5
ADF
330
1B
100
AcDbEntity
 67
     1
  8
0
  6
Continuous
 62
     7
370
    25
100
AcDbLine
 10
-5.5654672838
 20
-6.8419855115
 30
0.0
 11
-5.8016625908
 21
-7.7234783975
 31
0.0
  0
LINE
  5
AE0
330
1B
100
AcDbEntity
 67
     1
  8
0
  6
Continuous
 62
     7
370
    25
100
AcDbLine
 10
-2.8667676388
 20
-6.6034438423
 30
0.0
 11
-2.8167482714
 21
-6.5915360465
 31
0.0
  0
LINE
  5
AE1
330
1B
100
AcDbEntity
 67
     1
  8
0
  6
Continuous
 62
     7
370
    25
100
AcDbLine
 10
-2.8637933589
 20
-6.5100515648
 30
0.0
 11
-2.8167482714
 21
-6.5915360465
 31
0.0
  0
LINE
  5
AE2
330
1B
100
AcDbEntity
 67
     1
  8
0
  6
Continuous
 62
     7
370
    25
100
AcDbLine
 10
-2.8637933589
 20
-6.5100515648
 30
0.0
 11
-2.6905882781
 21
-6.4100515648
 31
0.0
  0
LINE
  5
AE3
330
1B
100
AcDbEntity
 67
     1
  8
0
  6
Continuous
 62
     7
370
    25
100
AcDbLine
 10
-2.6905882781
 20
-6.4100515648
 30
0.0
 11
-2.6148534906
 21
-6.5412280646
 31
0.0
  0
LINE
  5
AE4
330
1B
100
AcDbEntity
 67
     1
  8
0
  6
Continuous
 62
     7
370
    25
100
AcDbLine
 10
0.1222580374
 20
-6.155108135
 30
0.0
 11
0.265336503
 21
-6.2061302876
 31
0.0
  0
LINE
  5
AE5
330
1B
100
AcDbEntity
 67
     1
  8
0
  6
Continuous
 62
     7
370
    25
100
AcDbLine
 10
0.265336503
 20
-6.2061302876
 30
0.0
 11
0.0292160303
 21
-7.0873438885
 31
0.0
  0
LINE
  5
AE6
330
1B
100
AcDbEntity
 67
     1
  8
0
  6
Continuous
 62
     7
370
    25
100
AcDbLine
 10
0.0292160303
 20
-7.0873438885
 30
0.0
 11
-0.1153162792
 21
-7.0417475548
 31
0.0
  0
LINE
  5
AE7
330
1B
100
AcDbEntity
 67
     1
  8
0
  6
Continuous
 62
     7
370
    25
100
AcDbLine
 10
-2.13830776
 20
-7.3666294822
 30
0.0
 11
-2.0993184158
 21
-7.4341610072
 31
0.0
  0
LINE
  5
AE8
330
1B
100
AcDbEntity
 67
     1
  8
0
  6
Continuous
 62
     7
370
    25
100
AcDbLine
 10
-2.2725234966
 20
-7.5341610072
 30
0.0
 11
-2.0993184158
 21
-7.4341610072
 31
0.0
  0
LINE
  5
AE9
330
1B
100
AcDbEntity
 67
     1
  8
0
  6
Continuous
 62
     7
370
    25
100
AcDbLine
 10
-2.3288050511
 20
-7.4366784953
 30
0.0
 11
-2.2725234966
 21
-7.5341610072
 31
0.0
  0
LINE
  5
AEA
330
1B
100
AcDbEntity
 67
     1
  8
0
  6
Continuous
 62
     7
370
    25
100
AcDbLine
 10
-2.2666740417
 20
-7.5442925603
 30
0.0
 11
-2.0934689609
 21
-7.4442925603
 31
0.0
  0
LINE
  5
AEB
330
1B
100
AcDbEntity
 67
     1
  8
0
  6
Continuous
 62
     7
370
    25
100
AcDbLine
 10
-5.9103439208
 20
-6.5980685419
 30
0.0
 11
-5.7215947616
 21
-5.8936470901
 31
0.0
  0
LINE
  5
AEC
330
1B
100
AcDbEntity
 67
     1
  8
0
  6
Continuous
 62
     7
370
    25
100
AcDbLine
 10
-8.4843040348
 20
-6.9000054577
 30
0.0
 11
-8.5601742852
 21
-6.7685943293
 31
0.0
  0
LINE
  5
AED
330
1B
100
AcDbEntity
 67
     1
  8
0
  6
Continuous
 62
     7
370
    25
100
AcDbLine
 10
-8.4843040348
 20
-6.9000054577
 30
0.0
 11
-8.6575091156
 21
-7.0000054577
 31
0.0
  0
LINE
  5
AEE
330
1B
100
AcDbEntity
 67
     1
  8
0
  6
Continuous
 62
     7
370
    25
100
AcDbLine
 10
-8.6575091156
 20
-7.0000054577
 30
0.0
 11
-8.757440763
 21
-6.826918767
 31
0.0
  0
LINE
  5
AEF
330
1B
100
AcDbEntity
 67
     1
  8
0
  6
Continuous
 62
     7
370
    25
100
AcDbLine
 10
-11.5747208302
 20
-7.2117521397
 30
0.0
 11
-11.7210981361
 21
-7.1590977462
 31
0.0
  0
LINE
  5
AF0
330
1B
100
AcDbEntity
 67
     1
  8
0
  6
Continuous
 62
     7
370
    25
100
AcDbLine
 10
-11.7210981361
 20
-7.1590977462
 30
0.0
 11
-11.5061166018
 21
-6.3567757378
 31
0.0
  0
LINE
  5
AF1
330
1B
100
AcDbEntity
 67
     1
  8
0
  6
Continuous
 62
     7
370
    25
100
AcDbLine
 10
-11.3583410472
 20
-6.404211796
 30
0.0
 11
-11.5061166018
 21
-6.3567757378
 31
0.0
  0
LINE
  5
AF2
330
1B
100
AcDbEntity
 67
     1
  8
0
  6
Continuous
 62
     7
370
    25
100
AcDbLine
 10
-9.2034749528
 20
-6.0543648884
 30
0.0
 11
-9.2297743341
 21
-6.0088130238
 31
0.0
  0
LINE
  5
AF3
330
1B
100
AcDbEntity
 67
     1
  8
0
  6
Continuous
 62
     7
370
    25
100
AcDbLine
 10
-9.0565692533
 20
-5.9088130238
 30
0.0
 11
-9.2297743341
 21
-6.0088130238
 31
0.0
  0
LINE
  5
AF4
330
1B
100
AcDbEntity
 67
     1
  8
0
  6
Continuous
 62
     7
370
    25
100
AcDbLine
 10
-9.0110916583
 20
-5.987582529
 30
0.0
 11
-9.0565692533
 21
-5.9088130238
 31
0.0
  0
LINE
  5
AF5
330
1B
100
AcDbEntity
 67
     1
  8
0
  6
Continuous
 62
     7
370
    25
100
AcDbLine
 10
-9.0901460953
 20
-5.8506562275
 30
0.0
 11
-9.2633511761
 21
-5.9506562275
 31
0.0
  0
LINE
  5
AF6
330
1B
100
AcDbEntity
 67
     1
  8
0
  6
Continuous
 62
     7
370
    25
100
AcDbLine
 10
-11.8032248709
 20
-5.2274409761
 30
0.0
 11
-11.9326343935
 21
-5.7104038892
 31
0.0
  0
LINE
  5
AF7
330
1B
100
AcDbEntity
 67
     1
  8
0
  6
Continuous
 62
     7
370
    25
100
AcDbLine
 10
-9.1202294486
 20
-5.095809482
 30
0.0
 11
-9.2558041079
 21
-4.8609872839
 31
0.0
  0
LINE
  5
AF8
330
1B
100
AcDbEntity
 67
     1
  8
0
  6
Continuous
 62
     7
370
    25
100
AcDbLine
 10
-9.2558041079
 20
-4.8609872839
 30
0.0
 11
-9.0825990271
 21
-4.7609872839
 31
0.0
  0
LINE
  5
AF9
330
1B
100
AcDbEntity
 67
     1
  8
0
  6
Continuous
 62
     7
370
    25
100
AcDbLine
 10
-8.9219318558
 20
-5.0392709878
 30
0.0
 11
-9.0825990271
 21
-4.7609872839
 31
0.0
  0
LINE
  5
AFA
330
1B
100
AcDbEntity
 67
     1
  8
0
  6
Continuous
 62
     7
370
    25
100
AcDbLine
 10
-6.2362796199
 20
-4.6356728643
 30
0.0
 11
-6.0069816377
 21
-4.7205674941
 31
0.0
  0
LINE
  5
AFB
330
1B
100
AcDbEntity
 67
     1
  8
0
  6
Continuous
 62
     7
370
    25
100
AcDbLine
 10
-6.1364321744
 20
-5.2036834742
 30
0.0
 11
-6.0069816377
 21
-4.7205674941
 31
0.0
  0
LINE
  5
AFC
330
1B
100
AcDbEntity
 67
     1
  8
0
  6
Continuous
 62
     7
370
    25
100
AcDbLine
 10
-6.3755621857
 20
-5.1554824762
 30
0.0
 11
-6.1364321744
 21
-5.2036834742
 31
0.0
  0
LINE
  5
AFD
330
1B
100
AcDbEntity
 67
     1
  8
0
  6
Continuous
 62
     7
370
    25
100
AcDbLine
 10
-8.560630876
 20
-5.6650626416
 30
0.0
 11
-8.6352823694
 21
-5.5357624621
 31
0.0
  0
LINE
  5
AFE
330
1B
100
AcDbEntity
 67
     1
  8
0
  6
Continuous
 62
     7
370
    25
100
AcDbLine
 10
-8.7338359567
 20
-5.7650626416
 30
0.0
 11
-8.560630876
 21
-5.6650626416
 31
0.0
  0
LINE
  5
AFF
330
1B
100
AcDbEntity
 67
     1
  8
0
  6
Continuous
 62
     7
370
    25
100
AcDbLine
 10
-8.7338359567
 20
-5.7650626416
 30
0.0
 11
-8.8345983574
 21
-5.5905370442
 31
0.0
  0
LINE
  5
B00
330
1B
100
AcDbEntity
 67
     1
  8
0
  6
Continuous
 62
     7
370
    25
100
AcDbLine
 10
-8.6833130283
 20
-5.8525709206
 30
0.0
 11
-8.5101079475
 21
-5.7525709206
 31
0.0
  0
LINE
  5
B01
330
1B
100
AcDbEntity
 67
     1
  8
0
  6
Continuous
 62
     7
370
    25
100
AcDbLine
 10
8.9810332664
 20
-3.9942298561
 30
0.0
 11
9.0510560851
 21
-3.8729467764
 31
0.0
  0
LINE
  5
B02
330
1B
100
AcDbEntity
 67
     1
  8
0
  6
Continuous
 62
     7
370
    25
100
AcDbLine
 10
9.0510560851
 20
-3.8729467764
 30
0.0
 11
9.2242611658
 21
-3.9729467764
 31
0.0
  0
LINE
  5
B03
330
1B
100
AcDbEntity
 67
     1
  8
0
  6
Continuous
 62
     7
370
    25
100
AcDbLine
 10
9.1706678717
 20
-4.0657730848
 30
0.0
 11
9.2242611658
 21
-3.9729467764
 31
0.0
  0
LINE
  5
B04
330
1B
100
AcDbEntity
 67
     1
  8
0
  6
Continuous
 62
     7
370
    25
100
AcDbLine
 10
11.4252799578
 20
-4.4045820861
 30
0.0
 11
11.2747009739
 21
-4.443658695
 31
0.0
  0
LINE
  5
B05
330
1B
100
AcDbEntity
 67
     1
  8
0
  6
Continuous
 62
     7
370
    25
100
AcDbLine
 10
11.5948459151
 20
-5.0374108537
 30
0.0
 11
11.4252799578
 21
-4.4045820861
 31
0.0
  0
LINE
  5
B06
330
1B
100
AcDbEntity
 67
     1
  8
0
  6
Continuous
 62
     7
370
    25
100
AcDbLine
 10
11.5948459151
 20
-5.0374108537
 30
0.0
 11
11.4456182509
 21
-5.0815306564
 31
0.0
  0
LINE
  5
B07
330
1B
100
AcDbEntity
 67
     1
  8
0
  6
Continuous
 62
     7
370
    25
100
AcDbLine
 10
8.7588819931
 20
-4.7790071483
 30
0.0
 11
8.8315417707
 21
-4.6531567219
 31
0.0
  0
LINE
  5
B08
330
1B
100
AcDbEntity
 67
     1
  8
0
  6
Continuous
 62
     7
370
    25
100
AcDbLine
 10
8.5856769124
 20
-4.6790071483
 30
0.0
 11
8.7588819931
 21
-4.7790071483
 31
0.0
  0
LINE
  5
B09
330
1B
100
AcDbEntity
 67
     1
  8
0
  6
Continuous
 62
     7
370
    25
100
AcDbLine
 10
8.5856769124
 20
-4.6790071483
 30
0.0
 11
8.633137431
 21
-4.5968031186
 31
0.0
  0
LINE
  5
B0A
330
1B
100
AcDbEntity
 67
     1
  8
0
  6
Continuous
 62
     7
370
    25
100
AcDbLine
 10
5.5564314719
 20
-3.6267421122
 30
0.0
 11
5.7259974293
 21
-4.2595708804
 31
0.0
  0
LINE
  5
B0B
330
1B
100
AcDbEntity
 67
     1
  8
0
  6
Continuous
 62
     7
370
    25
100
AcDbLine
 10
6.3900533766
 20
-4.6681667331
 30
0.0
 11
6.476521019
 21
-4.5184003833
 31
0.0
  0
LINE
  5
B0C
330
1B
100
AcDbEntity
 67
     1
  8
0
  6
Continuous
 62
     7
370
    25
100
AcDbLine
 10
6.476521019
 20
-4.5184003833
 30
0.0
 11
6.6497260998
 21
-4.6184003833
 31
0.0
  0
LINE
  5
B0D
330
1B
100
AcDbEntity
 67
     1
  8
0
  6
Continuous
 62
     7
370
    25
100
AcDbLine
 10
6.5797070075
 20
-4.7396770086
 30
0.0
 11
6.6497260998
 21
-4.6184003833
 31
0.0
  0
LINE
  5
B0E
330
1B
100
AcDbEntity
 67
     1
  8
0
  6
Continuous
 62
     7
370
    25
100
AcDbLine
 10
8.8245303748
 20
-5.0748143006
 30
0.0
 11
8.6739513909
 21
-5.1138909095
 31
0.0
  0
LINE
  5
B0F
330
1B
100
AcDbEntity
 67
     1
  8
0
  6
Continuous
 62
     7
370
    25
100
AcDbLine
 10
8.994096332
 20
-5.7076430682
 30
0.0
 11
8.8245303748
 21
-5.0748143006
 31
0.0
  0
LINE
  5
B10
330
1B
100
AcDbEntity
 67
     1
  8
0
  6
Continuous
 62
     7
370
    25
100
AcDbLine
 10
8.994096332
 20
-5.7076430682
 30
0.0
 11
8.8448686679
 21
-5.7517628709
 31
0.0
  0
LINE
  5
B11
330
1B
100
AcDbEntity
 67
     1
  8
0
  6
Continuous
 62
     7
370
    25
100
AcDbLine
 10
6.1423781161
 20
-5.4971528681
 30
0.0
 11
6.2409887568
 21
-5.3263542283
 31
0.0
  0
LINE
  5
B12
330
1B
100
AcDbEntity
 67
     1
  8
0
  6
Continuous
 62
     7
370
    25
100
AcDbLine
 10
5.9691730354
 20
-5.3971528681
 30
0.0
 11
6.1423781161
 21
-5.4971528681
 31
0.0
  0
LINE
  5
B13
330
1B
100
AcDbEntity
 67
     1
  8
0
  6
Continuous
 62
     7
370
    25
100
AcDbLine
 10
5.9691730354
 20
-5.3971528681
 30
0.0
 11
6.0426540178
 21
-5.2698800731
 31
0.0
  0
LINE
  5
B14
330
1B
100
AcDbEntity
 67
     1
  8
0
  6
Continuous
 62
     7
370
    25
100
AcDbLine
 10
2.9556818889
 20
-4.2969743267
 30
0.0
 11
3.1252478463
 21
-4.9298030949
 31
0.0
  0
LINE
  5
B15
330
1B
100
AcDbEntity
 67
     1
  8
0
  6
Continuous
 62
     7
370
    25
100
AcDbLine
 10
7.3547702826
 20
-5.9538471195
 30
0.0
 11
7.4110518371
 21
-5.8563646075
 31
0.0
  0
LINE
  5
B16
330
1B
100
AcDbEntity
 67
     1
  8
0
  6
Continuous
 62
     7
370
    25
100
AcDbLine
 10
7.4110518371
 20
-5.8563646075
 30
0.0
 11
7.5842569179
 21
-5.9563646075
 31
0.0
  0
LINE
  5
B17
330
1B
100
AcDbEntity
 67
     1
  8
0
  6
Continuous
 62
     7
370
    25
100
AcDbLine
 10
7.5452675737
 20
-6.0238961325
 30
0.0
 11
7.5842569179
 21
-5.9563646075
 31
0.0
  0
LINE
  5
B18
330
1B
100
AcDbEntity
 67
     1
  8
0
  6
Continuous
 62
     7
370
    25
100
AcDbLine
 10
9.712791364
 20
-6.3031817263
 30
0.0
 11
9.5682590545
 21
-6.3487780599
 31
0.0
  0
LINE
  5
B19
330
1B
100
AcDbEntity
 67
     1
  8
0
  6
Continuous
 62
     7
370
    25
100
AcDbLine
 10
9.9489118367
 20
-7.1843953272
 30
0.0
 11
9.712791364
 21
-6.3031817263
 31
0.0
  0
LINE
  5
B1A
330
1B
100
AcDbEntity
 67
     1
  8
0
  6
Continuous
 62
     7
370
    25
100
AcDbLine
 10
9.8058333711
 20
-7.2354174798
 30
0.0
 11
9.9489118367
 21
-7.1843953272
 31
0.0
  0
LINE
  5
B1B
330
1B
100
AcDbEntity
 67
     1
  8
0
  6
Continuous
 62
     7
370
    25
100
AcDbLine
 10
6.9929870556
 20
-6.98047405
 30
0.0
 11
7.0687218431
 21
-6.8492975502
 31
0.0
  0
LINE
  5
B1C
330
1B
100
AcDbEntity
 67
     1
  8
0
  6
Continuous
 62
     7
370
    25
100
AcDbLine
 10
6.8197819748
 20
-6.88047405
 30
0.0
 11
6.9929870556
 21
-6.98047405
 31
0.0
  0
LINE
  5
B1D
330
1B
100
AcDbEntity
 67
     1
  8
0
  6
Continuous
 62
     7
370
    25
100
AcDbLine
 10
6.8197819748
 20
-6.88047405
 30
0.0
 11
6.8668270623
 21
-6.7989895683
 31
0.0
  0
LINE
  5
B1E
330
1B
100
AcDbEntity
 67
     1
  8
0
  6
Continuous
 62
     7
370
    25
100
AcDbLine
 10
6.8168076949
 20
-6.7870817725
 30
0.0
 11
6.8668270623
 21
-6.7989895683
 31
0.0
  0
LINE
  5
B1F
330
1B
100
AcDbEntity
 67
     1
  8
0
  6
Continuous
 62
     7
370
    25
100
AcDbLine
 10
4.1181080499
 20
-6.5485401032
 30
0.0
 11
3.881912743
 21
-5.6670472173
 31
0.0
  0
LINE
  5
B20
330
1B
100
AcDbEntity
 67
     1
  8
0
  6
Continuous
 62
     7
370
    25
100
AcDbLine
 10
7.416901292
 20
-5.8462330545
 30
0.0
 11
7.5901063728
 21
-5.9462330545
 31
0.0
  0
LINE
  5
B21
330
1B
100
AcDbEntity
 67
     1
  8
0
  6
Continuous
 62
     7
370
    25
100
AcDbLine
 10
3.5382030056
 20
-6.4906729015
 30
0.0
 11
3.5836806006
 21
-6.4119033963
 31
0.0
  0
LINE
  5
B22
330
1B
100
AcDbEntity
 67
     1
  8
0
  6
Continuous
 62
     7
370
    25
100
AcDbLine
 10
3.5836806006
 20
-6.4119033963
 30
0.0
 11
3.7568856814
 21
-6.5119033963
 31
0.0
  0
LINE
  5
B23
330
1B
100
AcDbEntity
 67
     1
  8
0
  6
Continuous
 62
     7
370
    25
100
AcDbLine
 10
3.7305863001
 20
-6.5574552609
 30
0.0
 11
3.7568856814
 21
-6.5119033963
 31
0.0
  0
LINE
  5
B24
330
1B
100
AcDbEntity
 67
     1
  8
0
  6
Continuous
 62
     7
370
    25
100
AcDbLine
 10
5.8854523945
 20
-6.9073021685
 30
0.0
 11
6.0332279491
 21
-6.8598661103
 31
0.0
  0
LINE
  5
B25
330
1B
100
AcDbEntity
 67
     1
  8
0
  6
Continuous
 62
     7
370
    25
100
AcDbLine
 10
6.2482094833
 20
-7.6621881187
 30
0.0
 11
6.0332279491
 21
-6.8598661103
 31
0.0
  0
LINE
  5
B26
330
1B
100
AcDbEntity
 67
     1
  8
0
  6
Continuous
 62
     7
370
    25
100
AcDbLine
 10
6.1018321774
 20
-7.7148425122
 30
0.0
 11
6.2482094833
 21
-7.6621881187
 31
0.0
  0
LINE
  5
B27
330
1B
100
AcDbEntity
 67
     1
  8
0
  6
Continuous
 62
     7
370
    25
100
AcDbLine
 10
3.1846204628
 20
-7.5030958302
 30
0.0
 11
3.2845521103
 21
-7.3300091395
 31
0.0
  0
LINE
  5
B28
330
1B
100
AcDbEntity
 67
     1
  8
0
  6
Continuous
 62
     7
370
    25
100
AcDbLine
 10
3.0114153821
 20
-7.4030958302
 30
0.0
 11
3.1846204628
 21
-7.5030958302
 31
0.0
  0
LINE
  5
B29
330
1B
100
AcDbEntity
 67
     1
  8
0
  6
Continuous
 62
     7
370
    25
100
AcDbLine
 10
3.0114153821
 20
-7.4030958302
 30
0.0
 11
3.0872856324
 21
-7.2716847018
 31
0.0
  0
LINE
  5
B2A
330
1B
100
AcDbEntity
 67
     1
  8
0
  6
Continuous
 62
     7
370
    25
100
AcDbLine
 10
0.437455268
 20
-7.1011589143
 30
0.0
 11
0.2487061089
 21
-6.3967374626
 31
0.0
  0
LINE
  5
B2B
330
1B
100
AcDbEntity
 67
     1
  8
0
  6
Continuous
 62
     7
370
    25
100
AcDbLine
 10
3.6172574426
 20
-6.3537466
 30
0.0
 11
3.7904625234
 21
-6.4537466
 31
0.0
  0
LINE
  5
B2C
330
1B
100
AcDbEntity
 67
     1
  8
0
  6
Continuous
 62
     7
370
    25
100
AcDbLine
 10
1.1770370622
 20
-4.3385882915
 30
0.0
 11
1.0762746616
 21
-4.5131138889
 31
0.0
  0
LINE
  5
B2D
330
1B
100
AcDbEntity
 67
     1
  8
0
  6
Continuous
 62
     7
370
    25
100
AcDbLine
 10
1.1770370622
 20
-4.3385882915
 30
0.0
 11
1.350242143
 21
-4.4385882915
 31
0.0
  0
LINE
  5
B2E
330
1B
100
AcDbEntity
 67
     1
  8
0
  6
Continuous
 62
     7
370
    25
100
AcDbLine
 10
1.350242143
 20
-4.4385882915
 30
0.0
 11
1.2755906495
 21
-4.567888471
 31
0.0
  0
LINE
  5
B2F
330
1B
100
AcDbEntity
 67
     1
  8
0
  6
Continuous
 62
     7
370
    25
100
AcDbLine
 10
3.5353108332
 20
-4.9481684569
 30
0.0
 11
3.7744408445
 21
-4.8999674589
 31
0.0
  0
LINE
  5
B30
330
1B
100
AcDbEntity
 67
     1
  8
0
  6
Continuous
 62
     7
370
    25
100
AcDbLine
 10
3.7744408445
 20
-4.8999674589
 30
0.0
 11
3.9038913812
 21
-5.383083439
 31
0.0
  0
LINE
  5
B31
330
1B
100
AcDbEntity
 67
     1
  8
0
  6
Continuous
 62
     7
370
    25
100
AcDbLine
 10
3.674593399
 20
-5.4679780688
 30
0.0
 11
3.9038913812
 21
-5.383083439
 31
0.0
  0
LINE
  5
B32
330
1B
100
AcDbEntity
 67
     1
  8
0
  6
Continuous
 62
     7
370
    25
100
AcDbLine
 10
0.9889411632
 20
-5.0643799453
 30
0.0
 11
0.8282739918
 21
-5.3426636492
 31
0.0
  0
LINE
  5
B33
330
1B
100
AcDbEntity
 67
     1
  8
0
  6
Continuous
 62
     7
370
    25
100
AcDbLine
 10
0.6550689111
 20
-5.2426636492
 30
0.0
 11
0.8282739918
 21
-5.3426636492
 31
0.0
  0
LINE
  5
B34
330
1B
100
AcDbEntity
 67
     1
  8
0
  6
Continuous
 62
     7
370
    25
100
AcDbLine
 10
0.7906435704
 20
-5.0078414511
 30
0.0
 11
0.6550689111
 21
-5.2426636492
 31
0.0
  0
LINE
  5
B35
330
1B
100
AcDbEntity
 67
     1
  8
0
  6
Continuous
 62
     7
370
    25
100
AcDbLine
 10
-1.892351852
 20
-4.876209957
 30
0.0
 11
-2.0217613746
 21
-4.3932470439
 31
0.0
  0
LINE
  5
B36
330
1B
100
AcDbEntity
 67
     1
  8
0
  6
Continuous
 62
     7
370
    25
100
AcDbLine
 10
1.2275599907
 20
-4.2510800125
 30
0.0
 11
1.4007650714
 21
-4.3510800125
 31
0.0
  0
LINE
  5
B37
330
1B
100
AcDbEntity
 67
     1
  8
0
  6
Continuous
 62
     7
370
    25
100
AcDbLine
 10
-9.0311878173
 20
-0.5270639446
 30
0.0
 11
-9.0103274976
 21
-0.5611938004
 31
0.0
  0
LINE
  5
B38
330
1B
100
AcDbEntity
 67
     1
  8
0
  6
Continuous
 62
     7
370
    25
100
AcDbLine
 10
-9.6551628593
 20
-0.7836397869
 30
0.0
 11
-10.0586001883
 21
-0.8541197513
 31
0.0
  0
LINE
  5
B39
330
1B
100
AcDbEntity
 67
     1
  8
0
  6
Continuous
 62
     7
370
    25
100
AcDbLine
 10
-8.9163078146
 20
1.4881899686
 30
0.0
 11
-8.8954474949
 21
1.4540601127
 31
0.0
  0
LINE
  5
B3A
330
1B
100
AcDbEntity
 67
     1
  8
0
  6
Continuous
 62
     7
370
    25
100
AcDbLine
 10
-9.5402828565
 20
1.2316141263
 30
0.0
 11
-9.9437201855
 21
1.1611341619
 31
0.0
  0
LINE
  5
B3B
330
1B
100
AcDbEntity
 67
     1
  8
0
  6
Continuous
 62
     7
370
    25
100
AcDbLine
 10
-5.3915569008
 20
-3.6008281446
 30
0.0
 11
-5.370696581
 21
-3.6349580004
 31
0.0
  0
LINE
  5
B3C
330
1B
100
AcDbEntity
 67
     1
  8
0
  6
Continuous
 62
     7
370
    25
100
AcDbLine
 10
-6.0155319427
 20
-3.8574039868
 30
0.0
 11
-6.4189692717
 21
-3.9278839513
 31
0.0
  0
LINE
  5
B3D
330
1B
100
AcDbEntity
 67
     1
  8
0
  6
Continuous
 62
     7
370
    25
100
AcDbLine
 10
-8.6305992278
 20
-4.0243279966
 30
0.0
 11
-8.6514595475
 21
-3.9901981407
 31
0.0
  0
LINE
  5
B3E
330
1B
100
AcDbEntity
 67
     1
  8
0
  6
Continuous
 62
     7
370
    25
100
AcDbLine
 10
-8.0066241859
 20
-3.7677521543
 30
0.0
 11
-7.6031868568
 21
-3.6972721899
 31
0.0
  0
LINE
  5
B3F
330
1B
100
AcDbEntity
 67
     1
  8
0
  6
Continuous
 62
     7
370
    25
100
AcDbLine
 10
-11.7697143235
 20
1.1695636394
 30
0.0
 11
-11.7905746432
 21
1.2036934952
 31
0.0
  0
LINE
  5
B40
330
1B
100
AcDbEntity
 67
     1
  8
0
  6
Continuous
 62
     7
370
    25
100
AcDbLine
 10
-11.1457392816
 20
1.4261394817
 30
0.0
 11
-10.7423019525
 21
1.4966194461
 31
0.0
  0
LINE
  5
B41
330
1B
100
AcDbEntity
 67
     1
  8
0
  6
Continuous
 62
     7
370
    25
100
AcDbLine
 10
-11.803195579
 20
-0.8401489348
 30
0.0
 11
-11.8240558987
 21
-0.806019079
 31
0.0
  0
LINE
  5
B42
330
1B
100
AcDbEntity
 67
     1
  8
0
  6
Continuous
 62
     7
370
    25
100
AcDbLine
 10
-11.179220537
 20
-0.5835730926
 30
0.0
 11
-10.775783208
 21
-0.5130931281
 31
0.0
  0
LINE
  5
B43
330
1B
100
AcDbEntity
 67
     1
  8
0
  6
Continuous
 62
     7
370
    25
100
AcDbLine
 10
-9.1546395989
 20
3.9849375618
 30
0.0
 11
-9.1660507975
 21
4.0308166696
 31
0.0
  0
LINE
  5
B44
330
1B
100
AcDbEntity
 67
     1
  8
0
  6
Continuous
 62
     7
370
    25
100
AcDbLine
 10
-9.1617517969
 20
3.9816614808
 30
0.0
 11
-9.1546395989
 21
3.9849375618
 31
0.0
  0
LINE
  5
B45
330
1B
100
AcDbEntity
 67
     1
  8
0
  6
Continuous
 62
     7
370
    25
100
AcDbLine
 10
-11.8638468095
 20
3.81751124
 30
0.0
 11
-11.8709590076
 21
3.8142351589
 31
0.0
  0
LINE
  5
B46
330
1B
100
AcDbEntity
 67
     1
  8
0
  6
Continuous
 62
     7
370
    25
100
AcDbLine
 10
-11.8709590076
 20
3.8142351589
 30
0.0
 11
-11.8595478089
 21
3.7683560511
 31
0.0
  0
LINE
  5
B47
330
1B
100
AcDbEntity
 67
     1
  8
0
  6
Continuous
 62
     7
370
    25
100
AcDbLine
 10
1.893290136
 20
-0.8133014511
 30
0.0
 11
1.8700594523
 21
-0.7746488206
 31
0.0
  0
LINE
  5
B48
330
1B
100
AcDbEntity
 67
     1
  8
0
  6
Continuous
 62
     7
370
    25
100
AcDbLine
 10
-0.6930644381
 20
-1.4241197146
 30
0.0
 11
-0.8167468588
 21
-1.9190561715
 31
0.0
  0
LINE
  5
B49
330
1B
100
AcDbEntity
 67
     1
  8
0
  6
Continuous
 62
     7
370
    25
100
AcDbLine
 10
-0.8133779501
 20
-1.3899839614
 30
0.0
 11
-0.9607760706
 21
-1.9798228662
 31
0.0
  0
LINE
  5
B4A
330
1B
100
AcDbEntity
 67
     1
  8
0
  6
Continuous
 62
     7
370
    25
100
AcDbLine
 10
-1.8083376921
 20
-1.4562103806
 30
0.0
 11
-1.0384225385
 21
-2.0083329609
 31
0.0
  0
LINE
  5
B4B
330
1B
100
AcDbEntity
 67
     1
  8
0
  6
Continuous
 62
     7
370
    25
100
AcDbLine
 10
-2.1555930889
 20
-1.4566223171
 30
0.0
 11
-2.1872881235
 21
-2.3642493549
 31
0.0
  0
LINE
  5
B4C
330
1B
100
AcDbEntity
 67
     1
  8
0
  6
Continuous
 62
     7
370
    25
100
AcDbLine
 10
-2.0764853966
 20
-1.4177351845
 30
0.0
 11
-1.1900450225
 21
-2.053420486
 31
0.0
  0
LINE
  5
B4D
330
1B
100
AcDbEntity
 67
     1
  8
0
  6
Continuous
 62
     7
370
    25
100
AcDbLine
 10
-4.9934527831
 20
-2.067076933
 30
0.0
 11
-4.4412311256
 21
-2.7407231893
 31
0.0
  0
LINE
  5
B4E
330
1B
100
AcDbEntity
 67
     1
  8
0
  6
Continuous
 62
     7
370
    25
100
AcDbLine
 10
-5.9270683442
 20
-2.7557333655
 30
0.0
 11
-7.0049214684
 21
-1.4986837391
 31
0.0
  0
LINE
  5
B4F
330
1B
100
AcDbEntity
 67
     1
  8
0
  6
Continuous
 62
     7
370
    25
100
AcDbLine
 10
-7.0928481396
 20
-1.5294849821
 30
0.0
 11
-7.104272917
 21
-1.8566478009
 31
0.0
  0
LINE
  5
B50
330
1B
100
AcDbEntity
 67
     1
  8
0
  6
Continuous
 62
     7
370
    25
100
AcDbLine
 10
-7.1327326439
 20
-2.6716277482
 30
0.0
 11
-7.1140630888
 21
-2.1370016397
 31
0.0
  0
LINE
  5
B51
330
1B
100
AcDbEntity
 67
     1
  8
0
  6
Continuous
 62
     7
370
    25
100
AcDbLine
 10
-4.0876194366
 20
-1.4321197138
 30
0.0
 11
-4.1061004359
 21
-1.961346291
 31
0.0
  0
LINE
  5
B52
330
1B
100
AcDbEntity
 67
     1
  8
0
  6
Continuous
 62
     7
370
    25
100
AcDbLine
 10
-4.1296617052
 20
-2.6360527657
 30
0.0
 11
-4.1158906077
 21
-2.2417001298
 31
0.0
  0
LINE
  5
B53
330
1B
100
AcDbEntity
 67
     1
  8
0
  6
Continuous
 62
     7
370
    25
100
AcDbLine
 10
-2.565495459
 20
-1.4711435346
 30
0.0
 11
-4.048150037
 21
-2.6765932845
 31
0.0
  0
LINE
  5
B54
330
1B
100
AcDbEntity
 67
     1
  8
0
  6
Continuous
 62
     7
370
    25
100
AcDbLine
 10
-2.2824972855
 20
-1.5089694914
 30
0.0
 11
-2.3118186346
 21
-2.3486230696
 31
0.0
  0
LINE
  5
B55
330
1B
100
AcDbEntity
 67
     1
  8
0
  6
Continuous
 62
     7
370
    25
100
AcDbLine
 10
-3.8235231485
 20
-2.6550647858
 30
0.0
 11
-2.3640089538
 21
-1.4684289726
 31
0.0
  0
LINE
  5
B56
330
1B
100
AcDbEntity
 67
     1
  8
0
  6
Continuous
 62
     7
370
    25
100
AcDbLine
 10
-8.3312834691
 20
-2.1569891888
 30
0.0
 11
-7.4528735597
 21
-1.4037994617
 31
0.0
  0
LINE
  5
B57
330
1B
100
AcDbEntity
 67
     1
  8
0
  6
Continuous
 62
     7
370
    25
100
AcDbLine
 10
-5.2995349875
 20
-1.3668022412
 30
0.0
 11
-4.286660002
 21
-1.3809850423
 31
0.0
  0
LINE
  5
B58
330
1B
100
AcDbEntity
 67
     1
  8
0
  6
Continuous
 62
     7
370
    25
100
AcDbLine
 10
-5.3389031699
 20
-1.4484955436
 30
0.0
 11
-4.3501440753
 21
-2.6546667492
 31
0.0
  0
LINE
  5
B59
330
1B
100
AcDbEntity
 67
     1
  8
0
  6
Continuous
 62
     7
370
    25
100
AcDbLine
 10
-4.2657992318
 20
-2.2364652053
 30
0.0
 11
-4.2795703293
 21
-2.6308178412
 31
0.0
  0
LINE
  5
B5A
330
1B
100
AcDbEntity
 67
     1
  8
0
  6
Continuous
 62
     7
370
    25
100
AcDbLine
 10
-4.2375280607
 20
-1.4268847893
 30
0.0
 11
-4.25600906
 21
-1.9561113665
 31
0.0
  0
LINE
  5
B5B
330
1B
100
AcDbEntity
 67
     1
  8
0
  6
Continuous
 62
     7
370
    25
100
AcDbLine
 10
-8.131832454
 20
-2.1506300098
 30
0.0
 11
-7.3243545518
 21
-1.4582607021
 31
0.0
  0
LINE
  5
B5C
330
1B
100
AcDbEntity
 67
     1
  8
0
  6
Continuous
 62
     7
370
    25
100
AcDbLine
 10
-7.2744449732
 20
-2.4901763768
 30
0.0
 11
-7.261968954
 21
-2.1329099306
 31
0.0
  0
LINE
  5
B5D
330
1B
100
AcDbEntity
 67
     1
  8
0
  6
Continuous
 62
     7
370
    25
100
AcDbLine
 10
-7.2418387927
 20
-1.4979628067
 30
0.0
 11
-7.2541815411
 21
-1.8514128764
 31
0.0
  0
LINE
  5
B5E
330
1B
100
AcDbEntity
 67
     1
  8
0
  6
Continuous
 62
     7
370
    25
100
AcDbLine
 10
-6.8626791696
 20
-1.3449142852
 30
0.0
 11
-6.2080352463
 21
-1.3540809491
 31
0.0
  0
LINE
  5
B5F
330
1B
100
AcDbEntity
 67
     1
  8
0
  6
Continuous
 62
     7
370
    25
100
AcDbLine
 10
-6.3767780604
 20
-2.0392233796
 30
0.0
 11
-6.9013363567
 21
-1.427455602
 31
0.0
  0
LINE
  5
B60
330
1B
100
AcDbEntity
 67
     1
  8
0
  6
Continuous
 62
     7
370
    25
100
AcDbLine
 10
-6.5289390673
 20
-4.4103730528
 30
0.0
 11
-6.5057083835
 21
-4.4490256833
 31
0.0
  0
LINE
  5
B61
330
1B
100
AcDbEntity
 67
     1
  8
0
  6
Continuous
 62
     7
370
    25
100
AcDbLine
 10
-3.9425844931
 20
-3.7995547893
 30
0.0
 11
-3.8189020724
 21
-3.3046183324
 31
0.0
  0
LINE
  5
B62
330
1B
100
AcDbEntity
 67
     1
  8
0
  6
Continuous
 62
     7
370
    25
100
AcDbLine
 10
-3.8222709812
 20
-3.8336905426
 30
0.0
 11
-3.6748728606
 21
-3.2438516378
 31
0.0
  0
LINE
  5
B63
330
1B
100
AcDbEntity
 67
     1
  8
0
  6
Continuous
 62
     7
370
    25
100
AcDbLine
 10
-2.8273112391
 20
-3.7674641233
 30
0.0
 11
-3.5972263927
 21
-3.2153415431
 31
0.0
  0
LINE
  5
B64
330
1B
100
AcDbEntity
 67
     1
  8
0
  6
Continuous
 62
     7
370
    25
100
AcDbLine
 10
-2.4800558423
 20
-3.7670521869
 30
0.0
 11
-2.4483608077
 21
-2.8594251491
 31
0.0
  0
LINE
  5
B65
330
1B
100
AcDbEntity
 67
     1
  8
0
  6
Continuous
 62
     7
370
    25
100
AcDbLine
 10
-2.5591635346
 20
-3.8059393195
 30
0.0
 11
-3.4456039087
 21
-3.170254018
 31
0.0
  0
LINE
  5
B66
330
1B
100
AcDbEntity
 67
     1
  8
0
  6
Continuous
 62
     7
370
    25
100
AcDbLine
 10
0.3578038519
 20
-3.1565975709
 30
0.0
 11
-0.1944178056
 21
-2.4829513147
 31
0.0
  0
LINE
  5
B67
330
1B
100
AcDbEntity
 67
     1
  8
0
  6
Continuous
 62
     7
370
    25
100
AcDbLine
 10
1.291419413
 20
-2.4679411384
 30
0.0
 11
2.3692725372
 21
-3.7249907649
 31
0.0
  0
LINE
  5
B68
330
1B
100
AcDbEntity
 67
     1
  8
0
  6
Continuous
 62
     7
370
    25
100
AcDbLine
 10
2.4571992084
 20
-3.6941895219
 30
0.0
 11
2.4686239858
 21
-3.3670267031
 31
0.0
  0
LINE
  5
B69
330
1B
100
AcDbEntity
 67
     1
  8
0
  6
Continuous
 62
     7
370
    25
100
AcDbLine
 10
2.4970837127
 20
-2.5520467557
 30
0.0
 11
2.4784141576
 21
-3.0866728643
 31
0.0
  0
LINE
  5
B6A
330
1B
100
AcDbEntity
 67
     1
  8
0
  6
Continuous
 62
     7
370
    25
100
AcDbLine
 10
-0.5480294946
 20
-3.7915547901
 30
0.0
 11
-0.5295484953
 21
-3.2623282129
 31
0.0
  0
LINE
  5
B6B
330
1B
100
AcDbEntity
 67
     1
  8
0
  6
Continuous
 62
     7
370
    25
100
AcDbLine
 10
-0.505987226
 20
-2.5876217383
 30
0.0
 11
-0.5197583235
 21
-2.9819743742
 31
0.0
  0
LINE
  5
B6C
330
1B
100
AcDbEntity
 67
     1
  8
0
  6
Continuous
 62
     7
370
    25
100
AcDbLine
 10
-2.0701534722
 20
-3.7525309694
 30
0.0
 11
-0.5874988942
 21
-2.5470812195
 31
0.0
  0
LINE
  5
B6D
330
1B
100
AcDbEntity
 67
     1
  8
0
  6
Continuous
 62
     7
370
    25
100
AcDbLine
 10
-2.3531516457
 20
-3.7147050125
 30
0.0
 11
-2.3238302966
 21
-2.8750514343
 31
0.0
  0
LINE
  5
B6E
330
1B
100
AcDbEntity
 67
     1
  8
0
  6
Continuous
 62
     7
370
    25
100
AcDbLine
 10
-0.8121257828
 20
-2.5686097181
 30
0.0
 11
-2.2716399775
 21
-3.7552455314
 31
0.0
  0
LINE
  5
B6F
330
1B
100
AcDbEntity
 67
     1
  8
0
  6
Continuous
 62
     7
370
    25
100
AcDbLine
 10
3.6956345378
 20
-3.0666853152
 30
0.0
 11
2.8172246285
 21
-3.8198750423
 31
0.0
  0
LINE
  5
B70
330
1B
100
AcDbEntity
 67
     1
  8
0
  6
Continuous
 62
     7
370
    25
100
AcDbLine
 10
0.6638860563
 20
-3.8568722628
 30
0.0
 11
-0.3489889292
 21
-3.8426894616
 31
0.0
  0
LINE
  5
B71
330
1B
100
AcDbEntity
 67
     1
  8
0
  6
Continuous
 62
     7
370
    25
100
AcDbLine
 10
0.7032542387
 20
-3.7751789603
 30
0.0
 11
-0.2855048559
 21
-2.5690077548
 31
0.0
  0
LINE
  5
B72
330
1B
100
AcDbEntity
 67
     1
  8
0
  6
Continuous
 62
     7
370
    25
100
AcDbLine
 10
-0.3698496994
 20
-2.9872092987
 30
0.0
 11
-0.3560786019
 21
-2.5928566628
 31
0.0
  0
LINE
  5
B73
330
1B
100
AcDbEntity
 67
     1
  8
0
  6
Continuous
 62
     7
370
    25
100
AcDbLine
 10
-0.3981208705
 20
-3.7967897146
 30
0.0
 11
-0.3796398712
 21
-3.2675631375
 31
0.0
  0
LINE
  5
B74
330
1B
100
AcDbEntity
 67
     1
  8
0
  6
Continuous
 62
     7
370
    25
100
AcDbLine
 10
3.4961835228
 20
-3.0730444941
 30
0.0
 11
2.6887056206
 21
-3.7654138019
 31
0.0
  0
LINE
  5
B75
330
1B
100
AcDbEntity
 67
     1
  8
0
  6
Continuous
 62
     7
370
    25
100
AcDbLine
 10
2.638796042
 20
-2.7334981272
 30
0.0
 11
2.6263200227
 21
-3.0907645733
 31
0.0
  0
LINE
  5
B76
330
1B
100
AcDbEntity
 67
     1
  8
0
  6
Continuous
 62
     7
370
    25
100
AcDbLine
 10
2.6061898614
 20
-3.7257116972
 30
0.0
 11
2.6185326098
 21
-3.3722616276
 31
0.0
  0
LINE
  5
B77
330
1B
100
AcDbEntity
 67
     1
  8
0
  6
Continuous
 62
     7
370
    25
100
AcDbLine
 10
2.2270302384
 20
-3.8787602188
 30
0.0
 11
1.5723863151
 21
-3.8695935548
 31
0.0
  0
LINE
  5
B78
330
1B
100
AcDbEntity
 67
     1
  8
0
  6
Continuous
 62
     7
370
    25
100
AcDbLine
 10
1.7411291292
 20
-3.1844511243
 30
0.0
 11
2.2656874255
 21
-3.796218902
 31
0.0
  0
LINE
  5
B79
330
1B
100
AcDbEntity
 67
     1
  8
0
  6
Continuous
 62
     7
370
    25
100
AcDbLine
 10
1.7530939019
 20
0.8538672937
 30
0.0
 11
1.7305413377
 21
0.8929194686
 31
0.0
  0
LINE
  5
B7A
330
1B
100
AcDbEntity
 67
     1
  8
0
  6
Continuous
 62
     7
370
    25
100
AcDbLine
 10
-0.8435270065
 20
0.2882801721
 30
0.0
 11
-0.975828422
 21
-0.2044223477
 31
0.0
  0
LINE
  5
B7B
330
1B
100
AcDbEntity
 67
     1
  8
0
  6
Continuous
 62
     7
370
    25
100
AcDbLine
 10
-0.9632264431
 20
0.3245104866
 30
0.0
 11
-1.1208962225
 21
-0.262666131
 31
0.0
  0
LINE
  5
B7C
330
1B
100
AcDbEntity
 67
     1
  8
0
  6
Continuous
 62
     7
370
    25
100
AcDbLine
 10
-1.9591904584
 20
0.2756585958
 30
0.0
 11
-1.1990284342
 21
-0.2898167657
 31
0.0
  0
LINE
  5
B7D
330
1B
100
AcDbEntity
 67
     1
  8
0
  6
Continuous
 62
     7
370
    25
100
AcDbLine
 10
-2.3064001558
 20
0.2813071644
 30
0.0
 11
-2.353930639
 21
-0.6256284828
 31
0.0
  0
LINE
  5
B7E
330
1B
100
AcDbEntity
 67
     1
  8
0
  6
Continuous
 62
     7
370
    25
100
AcDbLine
 10
-2.2266258379
 20
0.3188077547
 30
0.0
 11
-1.3514147112
 21
-0.3322512466
 31
0.0
  0
LINE
  5
B7F
330
1B
100
AcDbEntity
 67
     1
  8
0
  6
Continuous
 62
     7
370
    25
100
AcDbLine
 10
-5.1544815322
 20
-0.2795269956
 30
0.0
 11
-4.614100729
 21
-0.9627082491
 31
0.0
  0
LINE
  5
B80
330
1B
100
AcDbEntity
 67
     1
  8
0
  6
Continuous
 62
     7
370
    25
100
AcDbLine
 10
-6.0999736111
 20
-0.9517847042
 30
0.0
 11
-7.1557240321
 21
0.3238845983
 31
0.0
  0
LINE
  5
B81
330
1B
100
AcDbEntity
 67
     1
  8
0
  6
Continuous
 62
     7
370
    25
100
AcDbLine
 10
-7.2441748675
 20
0.2946225785
 30
0.0
 11
-7.2613076833
 21
-0.0322910219
 31
0.0
  0
LINE
  5
B82
330
1B
100
AcDbEntity
 67
     1
  8
0
  6
Continuous
 62
     7
370
    25
100
AcDbLine
 10
-7.3039864369
 20
-0.8466501532
 30
0.0
 11
-7.2759892131
 21
-0.3124312994
 31
0.0
  0
LINE
  5
B83
330
1B
100
AcDbEntity
 67
     1
  8
0
  6
Continuous
 62
     7
370
    25
100
AcDbLine
 10
-4.2377046171
 20
0.3395245448
 30
0.0
 11
-4.265419079
 21
-0.1892988907
 31
0.0
  0
LINE
  5
B84
330
1B
100
AcDbEntity
 67
     1
  8
0
  6
Continuous
 62
     7
370
    25
100
AcDbLine
 10
-4.3007520114
 20
-0.8634914034
 30
0.0
 11
-4.2801006088
 21
-0.4694391682
 31
0.0
  0
LINE
  5
B85
330
1B
100
AcDbEntity
 67
     1
  8
0
  6
Continuous
 62
     7
370
    25
100
AcDbLine
 10
-2.7164935259
 20
0.2739419413
 30
0.0
 11
-4.2199602874
 21
-0.9054483225
 31
0.0
  0
LINE
  5
B86
330
1B
100
AcDbEntity
 67
     1
  8
0
  6
Continuous
 62
     7
370
    25
100
AcDbLine
 10
-2.4341986084
 20
0.2311827464
 30
0.0
 11
-2.4781694672
 21
-0.6078312204
 31
0.0
  0
LINE
  5
B87
330
1B
100
AcDbEntity
 67
     1
  8
0
  6
Continuous
 62
     7
370
    25
100
AcDbLine
 10
-3.9949918865
 20
-0.8878433825
 30
0.0
 11
-2.5149903324
 21
0.2731396655
 31
0.0
  0
LINE
  5
B88
330
1B
100
AcDbEntity
 67
     1
  8
0
  6
Continuous
 62
     7
370
    25
100
AcDbLine
 10
-8.4933730356
 20
-0.3111723795
 30
0.0
 11
-7.6019519392
 21
0.4265722664
 31
0.0
  0
LINE
  5
B89
330
1B
100
AcDbEntity
 67
     1
  8
0
  6
Continuous
 62
     7
370
    25
100
AcDbLine
 10
-5.4482956403
 20
0.4259829121
 30
0.0
 11
-4.4358224446
 21
0.3941251651
 31
0.0
  0
LINE
  5
B8A
330
1B
100
AcDbEntity
 67
     1
  8
0
  6
Continuous
 62
     7
370
    25
100
AcDbLine
 10
-5.4890835714
 20
0.3449891214
 30
0.0
 11
-4.5215256598
 21
-0.878254604
 31
0.0
  0
LINE
  5
B8B
330
1B
100
AcDbEntity
 67
     1
  8
0
  6
Continuous
 62
     7
370
    25
100
AcDbLine
 10
-4.4298950391
 20
-0.4615887747
 30
0.0
 11
-4.4505464416
 21
-0.85564101
 31
0.0
  0
LINE
  5
B8C
330
1B
100
AcDbEntity
 67
     1
  8
0
  6
Continuous
 62
     7
370
    25
100
AcDbLine
 10
-4.3874990473
 20
0.3473749383
 30
0.0
 11
-4.4152135092
 21
-0.1814484972
 31
0.0
  0
LINE
  5
B8D
330
1B
100
AcDbEntity
 67
     1
  8
0
  6
Continuous
 62
     7
370
    25
100
AcDbLine
 10
-8.293841415
 20
-0.3082950693
 30
0.0
 11
-7.474402985
 21
0.3698763547
 31
0.0
  0
LINE
  5
B8E
330
1B
100
AcDbEntity
 67
     1
  8
0
  6
Continuous
 62
     7
370
    25
100
AcDbLine
 10
-7.4425104196
 20
-0.6627531965
 30
0.0
 11
-7.4238011413
 21
-0.3057589003
 31
0.0
  0
LINE
  5
B8F
330
1B
100
AcDbEntity
 67
     1
  8
0
  6
Continuous
 62
     7
370
    25
100
AcDbLine
 10
-7.3925926907
 20
0.3287401983
 30
0.0
 11
-7.4111021135
 21
-0.0244406285
 31
0.0
  0
LINE
  5
B90
330
1B
100
AcDbEntity
 67
     1
  8
0
  6
Continuous
 62
     7
370
    25
100
AcDbLine
 10
-7.0108197504
 20
0.475148162
 30
0.0
 11
-6.356435513
 21
0.4545577824
 31
0.0
  0
LINE
  5
B91
330
1B
100
AcDbEntity
 67
     1
  8
0
  6
Continuous
 62
     7
370
    25
100
AcDbLine
 10
-6.5371100108
 20
-0.2275353295
 30
0.0
 11
-7.0509115945
 21
0.3932940776
 31
0.0
  0
LINE
  5
B92
330
1B
100
AcDbEntity
 67
     1
  8
0
  6
Continuous
 62
     7
370
    25
100
AcDbLine
 10
-10.593908876
 20
0.3702196396
 30
0.0
 11
-10.5713563119
 21
0.3311674647
 31
0.0
  0
LINE
  5
B93
330
1B
100
AcDbEntity
 67
     1
  8
0
  6
Continuous
 62
     7
370
    25
100
AcDbLine
 10
-7.9972879676
 20
0.9358067612
 30
0.0
 11
-7.8649865522
 21
1.4285092811
 31
0.0
  0
LINE
  5
B94
330
1B
100
AcDbEntity
 67
     1
  8
0
  6
Continuous
 62
     7
370
    25
100
AcDbLine
 10
-7.877588531
 20
0.8995764467
 30
0.0
 11
-7.7199187516
 21
1.4867530643
 31
0.0
  0
LINE
  5
B95
330
1B
100
AcDbEntity
 67
     1
  8
0
  6
Continuous
 62
     7
370
    25
100
AcDbLine
 10
-6.8816245158
 20
0.9484283376
 30
0.0
 11
-7.6417865399
 21
1.513903699
 31
0.0
  0
LINE
  5
B96
330
1B
100
AcDbEntity
 67
     1
  8
0
  6
Continuous
 62
     7
370
    25
100
AcDbLine
 10
-6.5344148184
 20
0.942779769
 30
0.0
 11
-6.4868843351
 21
1.8497154161
 31
0.0
  0
LINE
  5
B97
330
1B
100
AcDbEntity
 67
     1
  8
0
  6
Continuous
 62
     7
370
    25
100
AcDbLine
 10
-6.6141891363
 20
0.9052791787
 30
0.0
 11
-7.4894002629
 21
1.5563381799
 31
0.0
  0
LINE
  5
B98
330
1B
100
AcDbEntity
 67
     1
  8
0
  6
Continuous
 62
     7
370
    25
100
AcDbLine
 10
-3.6863334419
 20
1.503613929
 30
0.0
 11
-4.2267142451
 21
2.1867951824
 31
0.0
  0
LINE
  5
B99
330
1B
100
AcDbEntity
 67
     1
  8
0
  6
Continuous
 62
     7
370
    25
100
AcDbLine
 10
-2.740841363
 20
2.1758716375
 30
0.0
 11
-1.685090942
 21
0.900202335
 31
0.0
  0
LINE
  5
B9A
330
1B
100
AcDbEntity
 67
     1
  8
0
  6
Continuous
 62
     7
370
    25
100
AcDbLine
 10
-1.5966401067
 20
0.9294643548
 30
0.0
 11
-1.5795072909
 21
1.2563779553
 31
0.0
  0
LINE
  5
B9B
330
1B
100
AcDbEntity
 67
     1
  8
0
  6
Continuous
 62
     7
370
    25
100
AcDbLine
 10
-1.5368285373
 20
2.0707370865
 30
0.0
 11
-1.564825761
 21
1.5365182328
 31
0.0
  0
LINE
  5
B9C
330
1B
100
AcDbEntity
 67
     1
  8
0
  6
Continuous
 62
     7
370
    25
100
AcDbLine
 10
-4.603110357
 20
0.8845623885
 30
0.0
 11
-4.5753958951
 21
1.413385824
 31
0.0
  0
LINE
  5
B9D
330
1B
100
AcDbEntity
 67
     1
  8
0
  6
Continuous
 62
     7
370
    25
100
AcDbLine
 10
-4.5400629627
 20
2.0875783368
 30
0.0
 11
-4.5607143653
 21
1.6935261015
 31
0.0
  0
LINE
  5
B9E
330
1B
100
AcDbEntity
 67
     1
  8
0
  6
Continuous
 62
     7
370
    25
100
AcDbLine
 10
-6.1243214482
 20
0.950144992
 30
0.0
 11
-4.6208546867
 21
2.1295352558
 31
0.0
  0
LINE
  5
B9F
330
1B
100
AcDbEntity
 67
     1
  8
0
  6
Continuous
 62
     7
370
    25
100
AcDbLine
 10
-6.4066163657
 20
0.9929041869
 30
0.0
 11
-6.3626455069
 21
1.8319181538
 31
0.0
  0
LINE
  5
BA0
330
1B
100
AcDbEntity
 67
     1
  8
0
  6
Continuous
 62
     7
370
    25
100
AcDbLine
 10
-4.8458230876
 20
2.1119303158
 30
0.0
 11
-6.3258246417
 21
0.9509472679
 31
0.0
  0
LINE
  5
BA1
330
1B
100
AcDbEntity
 67
     1
  8
0
  6
Continuous
 62
     7
370
    25
100
AcDbLine
 10
-0.3474419385
 20
1.5352593129
 30
0.0
 11
-1.238863035
 21
0.7975146669
 31
0.0
  0
LINE
  5
BA2
330
1B
100
AcDbEntity
 67
     1
  8
0
  6
Continuous
 62
     7
370
    25
100
AcDbLine
 10
-3.3925193338
 20
0.7981040213
 30
0.0
 11
-4.4049925295
 21
0.8299617682
 31
0.0
  0
LINE
  5
BA3
330
1B
100
AcDbEntity
 67
     1
  8
0
  6
Continuous
 62
     7
370
    25
100
AcDbLine
 10
-3.3517314027
 20
0.8790978119
 30
0.0
 11
-4.3192893143
 21
2.1023415373
 31
0.0
  0
LINE
  5
BA4
330
1B
100
AcDbEntity
 67
     1
  8
0
  6
Continuous
 62
     7
370
    25
100
AcDbLine
 10
-4.4109199351
 20
1.6856757081
 30
0.0
 11
-4.3902685325
 21
2.0797279433
 31
0.0
  0
LINE
  5
BA5
330
1B
100
AcDbEntity
 67
     1
  8
0
  6
Continuous
 62
     7
370
    25
100
AcDbLine
 10
-4.4533159268
 20
0.8767119951
 30
0.0
 11
-4.4256014649
 21
1.4055354306
 31
0.0
  0
LINE
  5
BA6
330
1B
100
AcDbEntity
 67
     1
  8
0
  6
Continuous
 62
     7
370
    25
100
AcDbLine
 10
-0.5469735591
 20
1.5323820026
 30
0.0
 11
-1.3664119891
 21
0.8542105786
 31
0.0
  0
LINE
  5
BA7
330
1B
100
AcDbEntity
 67
     1
  8
0
  6
Continuous
 62
     7
370
    25
100
AcDbLine
 10
-1.3983045545
 20
1.8868401298
 30
0.0
 11
-1.4170138328
 21
1.5298458336
 31
0.0
  0
LINE
  5
BA8
330
1B
100
AcDbEntity
 67
     1
  8
0
  6
Continuous
 62
     7
370
    25
100
AcDbLine
 10
-1.4482222835
 20
0.895346735
 30
0.0
 11
-1.4297128606
 21
1.2485275618
 31
0.0
  0
LINE
  5
BA9
330
1B
100
AcDbEntity
 67
     1
  8
0
  6
Continuous
 62
     7
370
    25
100
AcDbLine
 10
-1.8299952237
 20
0.7489387713
 30
0.0
 11
-2.4843794612
 21
0.7695291509
 31
0.0
  0
LINE
  5
BAA
330
1B
100
AcDbEntity
 67
     1
  8
0
  6
Continuous
 62
     7
370
    25
100
AcDbLine
 10
-2.3037049633
 20
1.4516222628
 30
0.0
 11
-1.7899033796
 21
0.8307928557
 31
0.0
  0
LINE
  5
BAB
330
1B
100
AcDbEntity
 67
     1
  8
0
  6
Continuous
 62
     7
370
    25
100
AcDbLine
 10
7.9504754913
 20
1.4446080816
 30
0.0
 11
7.8998420062
 21
2.2590046918
 31
0.0
  0
LINE
  5
BAC
330
1B
100
AcDbEntity
 67
     1
  8
0
  6
Continuous
 62
     7
370
    25
100
AcDbLine
 10
10.1644711945
 20
2.0935837902
 30
0.0
 11
10.1540186769
 21
2.2617036601
 31
0.0
  0
LINE
  5
BAD
330
1B
100
AcDbEntity
 67
     1
  8
0
  6
Continuous
 62
     7
370
    25
100
AcDbLine
 10
1.4266186903
 20
2.6207557742
 30
0.0
 11
1.2777364749
 21
2.1638170052
 31
0.0
  0
LINE
  5
BAE
330
1B
100
AcDbEntity
 67
     1
  8
0
  6
Continuous
 62
     7
370
    25
100
AcDbLine
 10
5.6389763638
 20
2.3638921545
 30
0.0
 11
5.716725172
 21
1.1133685969
 31
0.0
  0
LINE
  5
BAF
330
1B
100
AcDbEntity
 67
     1
  8
0
  6
Continuous
 62
     7
370
    25
100
AcDbLine
 10
5.8214944463
 20
1.0196970983
 30
0.0
 11
6.3955572263
 21
1.0619914205
 31
0.0
  0
LINE
  5
BB0
330
1B
100
AcDbEntity
 67
     1
  8
0
  6
Continuous
 62
     7
370
    25
100
AcDbLine
 10
6.4126403196
 20
2.3408249467
 30
0.0
 11
6.485575997
 21
1.1677165112
 31
0.0
  0
LINE
  5
BB1
330
1B
100
AcDbEntity
 67
     1
  8
0
  6
Continuous
 62
     7
370
    25
100
AcDbLine
 10
6.3185641312
 20
2.4344552654
 30
0.0
 11
5.7453346845
 21
2.4698826623
 31
0.0
  0
LINE
  5
BB2
330
1B
100
AcDbEntity
 67
     1
  8
0
  6
Continuous
 62
     7
370
    25
100
AcDbLine
 10
11.8842390555
 20
2.6961656549
 30
0.0
 11
11.863063131
 21
2.7359811134
 31
0.0
  0
LINE
  5
BB3
330
1B
100
AcDbEntity
 67
     1
  8
0
  6
Continuous
 62
     7
370
    25
100
AcDbLine
 10
1.7809885917
 20
2.5832790755
 30
0.0
 11
2.2503723062
 21
1.7509637033
 31
0.0
  0
LINE
  5
BB4
330
1B
100
AcDbEntity
 67
     1
  8
0
  6
Continuous
 62
     7
370
    25
100
AcDbLine
 10
2.4372831479
 20
1.8062910127
 30
0.0
 11
2.3872501401
 21
2.611029982
 31
0.0
  0
LINE
  5
BB5
330
1B
100
AcDbEntity
 67
     1
  8
0
  6
Continuous
 62
     7
370
    25
100
AcDbLine
 10
2.2942612472
 20
2.7045919441
 30
0.0
 11
1.8742218893
 21
2.7322130247
 31
0.0
  0
LINE
  5
BB6
330
1B
100
AcDbEntity
 67
     1
  8
0
  6
Continuous
 62
     7
370
    25
100
AcDbLine
 10
1.6849891509
 20
2.5499313412
 30
0.0
 11
2.1832627211
 21
1.6663882201
 31
0.0
  0
LINE
  5
BB7
330
1B
100
AcDbEntity
 67
     1
  8
0
  6
Continuous
 62
     7
370
    25
100
AcDbLine
 10
1.5028052799
 20
2.5317889192
 30
0.0
 11
1.3354750689
 21
2.0182308662
 31
0.0
  0
LINE
  5
BB8
330
1B
100
AcDbEntity
 67
     1
  8
0
  6
Continuous
 62
     7
370
    25
100
AcDbLine
 10
2.6865738433
 20
3.8893382746
 30
0.0
 11
2.7372073284
 21
3.0749416644
 31
0.0
  0
LINE
  5
BB9
330
1B
100
AcDbEntity
 67
     1
  8
0
  6
Continuous
 62
     7
370
    25
100
AcDbLine
 10
0.4725781401
 20
3.2403625659
 30
0.0
 11
0.4830306577
 21
3.0722426961
 31
0.0
  0
LINE
  5
BBA
330
1B
100
AcDbEntity
 67
     1
  8
0
  6
Continuous
 62
     7
370
    25
100
AcDbLine
 10
9.2104306443
 20
2.713190582
 30
0.0
 11
9.3593128597
 21
3.170129351
 31
0.0
  0
LINE
  5
BBB
330
1B
100
AcDbEntity
 67
     1
  8
0
  6
Continuous
 62
     7
370
    25
100
AcDbLine
 10
4.9980729708
 20
2.9700542017
 30
0.0
 11
4.9203241626
 21
4.2205777593
 31
0.0
  0
LINE
  5
BBC
330
1B
100
AcDbEntity
 67
     1
  8
0
  6
Continuous
 62
     7
370
    25
100
AcDbLine
 10
4.8155548883
 20
4.3142492578
 30
0.0
 11
4.2414921083
 21
4.2719549357
 31
0.0
  0
LINE
  5
BBD
330
1B
100
AcDbEntity
 67
     1
  8
0
  6
Continuous
 62
     7
370
    25
100
AcDbLine
 10
4.224409015
 20
2.9931214095
 30
0.0
 11
4.1514733376
 21
4.166229845
 31
0.0
  0
LINE
  5
BBE
330
1B
100
AcDbEntity
 67
     1
  8
0
  6
Continuous
 62
     7
370
    25
100
AcDbLine
 10
4.3184852034
 20
2.8994910908
 30
0.0
 11
4.8917146501
 21
2.8640636939
 31
0.0
  0
LINE
  5
BBF
330
1B
100
AcDbEntity
 67
     1
  8
0
  6
Continuous
 62
     7
370
    25
100
AcDbLine
 10
-1.2471897209
 20
2.6377807013
 30
0.0
 11
-1.2260137964
 21
2.5979652428
 31
0.0
  0
LINE
  5
BC0
330
1B
100
AcDbEntity
 67
     1
  8
0
  6
Continuous
 62
     7
370
    25
100
AcDbLine
 10
8.8560607428
 20
2.7506672806
 30
0.0
 11
8.3866770284
 21
3.5829826528
 31
0.0
  0
LINE
  5
BC1
330
1B
100
AcDbEntity
 67
     1
  8
0
  6
Continuous
 62
     7
370
    25
100
AcDbLine
 10
8.1997661867
 20
3.5276553435
 30
0.0
 11
8.2497991944
 21
2.7229163741
 31
0.0
  0
LINE
  5
BC2
330
1B
100
AcDbEntity
 67
     1
  8
0
  6
Continuous
 62
     7
370
    25
100
AcDbLine
 10
8.3427880874
 20
2.6293544121
 30
0.0
 11
8.7628274452
 21
2.6017333315
 31
0.0
  0
LINE
  5
BC3
330
1B
100
AcDbEntity
 67
     1
  8
0
  6
Continuous
 62
     7
370
    25
100
AcDbLine
 10
8.9520601837
 20
2.784015015
 30
0.0
 11
8.4537866135
 21
3.667558136
 31
0.0
  0
LINE
  5
BC4
330
1B
100
AcDbEntity
 67
     1
  8
0
  6
Continuous
 62
     7
370
    25
100
AcDbLine
 10
9.1342440546
 20
2.8021574369
 30
0.0
 11
9.3015742657
 21
3.3157154899
 31
0.0
  0
LINE
  5
BC5
330
1B
100
AcDbEntity
 67
     1
  8
0
  6
Continuous
 62
     7
370
    25
100
AcDbLine
 10
-2.9408254378
 20
3.9981602225
 30
0.0
 11
-2.9306097794
 21
3.6224905741
 31
0.0
  0
LINE
  5
BC6
330
1B
100
AcDbEntity
 67
     1
  8
0
  6
Continuous
 62
     7
370
    25
100
AcDbLine
 10
-0.6379878087
 20
4.0606047941
 30
0.0
 11
-0.6363325674
 21
3.9997351085
 31
0.0
  0
LINE
  5
BC7
330
1B
100
AcDbEntity
 67
     1
  8
0
  6
Continuous
 62
     7
370
    25
100
AcDbLine
 10
1.6211442736
 20
4.3762924205
 30
0.0
 11
1.6001546944
 21
4.421673447
 31
0.0
  0
LINE
  5
BC8
330
1B
100
AcDbEntity
 67
     1
  8
0
  6
Continuous
 62
     7
370
    25
100
AcDbLine
 10
-8.2974600644
 20
4.0993211948
 30
0.0
 11
-8.2882887762
 21
3.7620571171
 31
0.0
  0
LINE
  5
BC9
330
1B
100
AcDbEntity
 67
     1
  8
0
  6
Continuous
 62
     7
370
    25
100
AcDbLine
 10
-8.9100812359
 20
4.0181450562
 30
0.0
 11
-8.9102877484
 21
4.0183972331
 31
0.0
  0
LINE
  5
BCA
330
1B
100
AcDbEntity
 67
     1
  8
0
  6
Continuous
 62
     7
370
    25
100
AcDbLine
 10
-5.7274765663
 20
2.8669564862
 30
0.0
 11
-5.7172609079
 21
2.4912868377
 31
0.0
  0
LINE
  5
BCB
330
1B
100
AcDbEntity
 67
     1
  8
0
  6
Continuous
 62
     7
370
    25
100
AcDbLine
 10
-3.4246389372
 20
2.9294010578
 30
0.0
 11
-3.4229836959
 21
2.8685313722
 31
0.0
  0
LINE
  5
BCC
330
1B
100
AcDbEntity
 67
     1
  8
0
  6
Continuous
 62
     7
370
    25
100
AcDbLine
 10
-1.1655068549
 20
3.2450886842
 30
0.0
 11
-1.1864964341
 21
3.2904697106
 31
0.0
  0
LINE
  5
BCD
330
1B
100
AcDbEntity
 67
     1
  8
0
  6
Continuous
 62
     7
370
    25
100
AcDbLine
 10
-11.0841111929
 20
2.9681174584
 30
0.0
 11
-11.0749399047
 21
2.6308533808
 31
0.0
  0
LINE
  5
BCE
330
1B
100
AcDbEntity
 67
     1
  8
0
  6
Continuous
 62
     7
370
    25
100
AcDbLine
 10
-11.6967323644
 20
2.8869413198
 30
0.0
 11
-11.6969388769
 21
2.8871934968
 31
0.0
  0
ARC
  5
BCF
330
1B
100
AcDbEntity
 67
     1
  8
0
  6
Continuous
 62
     7
370
    25
100
AcDbCircle
 10
1.9412946748
 20
0.3598690252
 30
0.0
 40
0.0500000000000359
100
AcDbArc
 50
335.1037050992
 51
110.8992058592
  0
ARC
  5
BD0
330
1B
100
AcDbEntity
 67
     1
  8
0
  6
Continuous
 62
     7
370
    25
100
AcDbCircle
 10
3.3848282776
 20
-3.4205290288
 30
0.0
 40
4.096628066613501
100
AcDbArc
 50
110.8992058591
 51
113.170137534
  0
ARC
  5
BD1
330
1B
100
AcDbEntity
 67
     1
  8
0
  6
Continuous
 62
     7
370
    25
100
AcDbCircle
 10
2.7222527731
 20
-1.8723966182
 30
0.0
 40
2.412668370019201
100
AcDbArc
 50
113.1701375339
 51
131.1783714245
  0
ARC
  5
BD2
330
1B
100
AcDbEntity
 67
     1
  8
0
  6
Continuous
 62
     7
370
    25
100
AcDbCircle
 10
1.1995794664
 20
-0.1317355396
 30
0.0
 40
0.1000000000001094
100
AcDbArc
 50
131.1783714245
 51
268.141410177
  0
ARC
  5
BD3
330
1B
100
AcDbEntity
 67
     1
  8
0
  6
Continuous
 62
     7
370
    25
100
AcDbCircle
 10
1.9056257013
 20
21.6263085183
 30
0.0
 40
21.86949660671507
100
AcDbArc
 50
268.1414101769
 51
269.1652562498
  0
ARC
  5
BD4
330
1B
100
AcDbEntity
 67
     1
  8
0
  6
Continuous
 62
     7
370
    25
100
AcDbCircle
 10
1.5899333916
 20
-0.0408883829
 30
0.0
 40
0.2000000000003917
100
AcDbArc
 50
269.1652562498
 51
335.1037050993
  0
ARC
  5
BD5
330
1B
100
AcDbEntity
 67
     1
  8
0
  6
Continuous
 62
     7
370
    25
100
AcDbCircle
 10
5.9372910346
 20
-0.0531966594
 30
0.0
 40
0.0499999999999418
100
AcDbArc
 50
269.3331812099
 51
26.6861305449
  0
ARC
  5
BD6
330
1B
100
AcDbEntity
 67
     1
  8
0
  6
Continuous
 62
     7
370
    25
100
AcDbCircle
 10
5.8039766905
 20
0.2120293334
 30
0.0
 40
0.0500000000000424
100
AcDbArc
 50
26.6861305449
 51
173.191674178
  0
ARC
  5
BD7
330
1B
100
AcDbEntity
 67
     1
  8
0
  6
Continuous
 62
     7
370
    25
100
AcDbCircle
 10
5.1535955593
 20
0.2896784423
 30
0.0
 40
0.6049999999997888
100
AcDbArc
 50
328.7017563449
 51
353.1916741781
  0
ARC
  5
BD8
330
1B
100
AcDbEntity
 67
     1
  8
0
  6
Continuous
 62
     7
370
    25
100
AcDbCircle
 10
5.7132765239
 20
-0.0505894197
 30
0.0
 40
0.0500000000000321
100
AcDbArc
 50
148.7017563449
 51
269.3331812101
  0
ARC
  5
BD9
330
1B
100
AcDbEntity
 67
     1
  8
0
  6
Continuous
 62
     7
370
    25
100
AcDbCircle
 10
6.528597847
 20
-0.0100753209
 30
0.0
 40
0.1000000000001499
100
AcDbArc
 50
269.3331812102
 51
29.33318121
  0
ARC
  5
BDA
330
1B
100
AcDbEntity
 67
     1
  8
0
  6
Continuous
 62
     7
370
    25
100
AcDbCircle
 10
6.1957102485
 20
0.4802550103
 30
0.0
 40
0.1499999999998542
100
AcDbArc
 50
29.33318121
 51
80.7434504215
  0
ARC
  5
BDB
330
1B
100
AcDbEntity
 67
     1
  8
0
  6
Continuous
 62
     7
370
    25
100
AcDbCircle
 10
5.8992059574
 20
0.5792382852
 30
0.0
 40
0.1000000000000224
100
AcDbArc
 50
80.7434504214
 51
206.6861305448
  0
ARC
  5
BDC
330
1B
100
AcDbEntity
 67
     1
  8
0
  6
Continuous
 62
     7
370
    25
100
AcDbCircle
 10
6.1934605087
 20
-0.006174755
 30
0.0
 40
0.0999999999998698
100
AcDbArc
 50
206.6861305448
 51
269.3331812101
  0
ARC
  5
BDD
330
1B
100
AcDbEntity
 67
     1
  8
0
  6
Continuous
 62
     7
370
    25
100
AcDbCircle
 10
5.1535955593
 20
0.2896784423
 30
0.0
 40
0.6050000000000049
100
AcDbArc
 50
150.7731256224
 51
209.6429066353
  0
ARC
  5
BDE
330
1B
100
AcDbEntity
 67
     1
  8
0
  6
Continuous
 62
     7
370
    25
100
AcDbCircle
 10
4.5383468868
 20
0.63390812
 30
0.0
 40
0.0999999999999879
100
AcDbArc
 50
330.7731256224
 51
90.740953327
  0
ARC
  5
BDF
330
1B
100
AcDbEntity
 67
     1
  8
0
  6
Continuous
 62
     7
370
    25
100
AcDbCircle
 10
4.2520650561
 20
0.6302056954
 30
0.0
 40
0.099999999999998
100
AcDbArc
 50
90.7409533269
 51
211.4873194762
  0
ARC
  5
BE0
330
1B
100
AcDbEntity
 67
     1
  8
0
  6
Continuous
 62
     7
370
    25
100
AcDbCircle
 10
3.6508722303
 20
0.2619772524
 30
0.0
 40
0.6050000000000828
100
AcDbArc
 50
331.9870302282
 51
31.4873194762
  0
ARC
  5
BE1
330
1B
100
AcDbEntity
 67
     1
  8
0
  6
Continuous
 62
     7
370
    25
100
AcDbCircle
 10
4.2732753455
 20
-0.0691410983
 30
0.0
 40
0.0999999999999797
100
AcDbArc
 50
151.9870302282
 51
272.1683369593
  0
ARC
  5
BE2
330
1B
100
AcDbEntity
 67
     1
  8
0
  6
Continuous
 62
     7
370
    25
100
AcDbCircle
 10
4.5408625813
 20
-0.0590095239
 30
0.0
 40
0.1000000000000638
100
AcDbArc
 50
272.1683369593
 51
29.6429066353
  0
ARC
  5
BE3
330
1B
100
AcDbEntity
 67
     1
  8
0
  6
Continuous
 62
     7
370
    25
100
AcDbCircle
 10
5.8973414628
 20
-0.4585738642
 30
0.0
 40
0.2499999999999679
100
AcDbArc
 50
20.4740691506
 51
91.4422620687
  0
ARC
  5
BE4
330
1B
100
AcDbEntity
 67
     1
  8
0
  6
Continuous
 62
     7
370
    25
100
AcDbCircle
 10
4.1603166629
 20
-0.5235543441
 30
0.0
 40
0.2500000000002902
100
AcDbArc
 50
92.2181439413
 51
163.3003556913
  0
ARC
  5
BE5
330
1B
100
AcDbEntity
 67
     1
  8
0
  6
Continuous
 62
     7
370
    25
100
AcDbCircle
 10
3.3526979712
 20
-1.1515121745
 30
0.0
 40
0.343110236220512
100
AcDbArc
 50
191.5962060023
 51
343.3003556914
  0
ARC
  5
BE6
330
1B
100
AcDbEntity
 67
     1
  8
0
  6
Continuous
 62
     7
370
    25
100
AcDbCircle
 10
2.5483639359
 20
-0.5833417337
 30
0.0
 40
0.2500000000003326
100
AcDbArc
 50
17.8796177566
 51
91.6110313402
  0
ARC
  5
BE7
330
1B
100
AcDbEntity
 67
     1
  8
0
  6
Continuous
 62
     7
370
    25
100
AcDbCircle
 10
9.5522257761
 20
-0.5022546722
 30
0.0
 40
0.2499999999999813
100
AcDbArc
 50
87.0327080206
 51
156.0344151879
  0
ARC
  5
BE8
330
1B
100
AcDbEntity
 67
     1
  8
0
  6
Continuous
 62
     7
370
    25
100
AcDbCircle
 10
8.5042822846
 20
-1.6288267168
 30
0.0
 40
0.2499999999998917
100
AcDbArc
 50
265.4607453991
 51
336.034415188
  0
ARC
  5
BE9
330
1B
100
AcDbEntity
 67
     1
  8
0
  6
Continuous
 62
     7
370
    25
100
AcDbCircle
 10
6.8180070729
 20
-1.4949514564
 30
0.0
 40
0.2499999999997937
100
AcDbArc
 50
200.4740691506
 51
265.4607453992
  0
ARC
  5
BEA
330
1B
100
AcDbEntity
 67
     1
  8
0
  6
Continuous
 62
     7
370
    25
100
AcDbCircle
 10
2.5173965392
 20
-0.1345903361
 30
0.0
 40
0.0999999999999146
100
AcDbArc
 50
271.610349698
 51
27.1037050994
  0
ARC
  5
BEB
330
1B
100
AcDbEntity
 67
     1
  8
0
  6
Continuous
 62
     7
370
    25
100
AcDbCircle
 10
2.2394588129
 20
0.4084610067
 30
0.0
 40
0.0999999999998868
100
AcDbArc
 50
27.1037050992
 51
155.1037050994
  0
ARC
  5
BEC
330
1B
100
AcDbEntity
 67
     1
  8
0
  6
Continuous
 62
     7
370
    25
100
AcDbCircle
 10
1.9834998303
 20
-0.1430488018
 30
0.0
 40
0.0999999999999623
100
AcDbArc
 50
155.1037050994
 51
270.2049596515
  0
ARC
  5
BED
330
1B
100
AcDbEntity
 67
     1
  8
0
  6
Continuous
 62
     7
370
    25
100
AcDbCircle
 10
1.9056257015
 20
21.6263085076
 30
0.0
 40
21.86949659600546
100
AcDbArc
 50
270.2049596512
 51
271.6103496984
  0
ARC
  5
BEE
330
1B
100
AcDbEntity
 67
     1
  8
0
  6
Continuous
 62
     7
370
    25
100
AcDbCircle
 10
3.6508722303
 20
0.2619772524
 30
0.0
 40
0.6049999999998625
100
AcDbArc
 50
155.1179772067
 51
212.3496436903
  0
ARC
  5
BEF
330
1B
100
AcDbEntity
 67
     1
  8
0
  6
Continuous
 62
     7
370
    25
100
AcDbCircle
 10
3.0113130978
 20
0.5586068464
 30
0.0
 40
0.1
100
AcDbArc
 50
335.1179772067
 51
95.3625505682
  0
ARC
  5
BF0
330
1B
100
AcDbEntity
 67
     1
  8
0
  6
Continuous
 62
     7
370
    25
100
AcDbCircle
 10
3.3848282777
 20
-3.4205290289
 30
0.0
 40
4.096628066742291
100
AcDbArc
 50
95.3625505682
 51
102.244580535
  0
ARC
  5
BF1
330
1B
100
AcDbEntity
 67
     1
  8
0
  6
Continuous
 62
     7
370
    25
100
AcDbCircle
 10
2.5372024655
 20
0.4851804312
 30
0.0
 40
0.1000000000001071
100
AcDbArc
 50
102.2445805349
 51
207.1037050992
  0
ARC
  5
BF2
330
1B
100
AcDbEntity
 67
     1
  8
0
  6
Continuous
 62
     7
370
    25
100
AcDbCircle
 10
2.8485178922
 20
-0.1230862577
 30
0.0
 40
0.1000000000002892
100
AcDbArc
 50
207.1037050994
 51
272.168336959
  0
ARC
  5
BF3
330
1B
100
AcDbEntity
 67
     1
  8
0
  6
Continuous
 62
     7
370
    25
100
AcDbCircle
 10
3.0552892676
 20
-0.1152573358
 30
0.0
 40
0.1000000000000681
100
AcDbArc
 50
272.1683369592
 51
32.3496436902
  0
ARC
  5
BF4
330
1B
100
AcDbEntity
 67
     1
  8
0
  6
Continuous
 62
     7
370
    25
100
AcDbCircle
 10
6.6694583702
 20
0.4537043281
 30
0.0
 40
0.1000000000000522
100
AcDbArc
 50
80.7434504215
 51
209.33318121
  0
ARC
  5
BF5
330
1B
100
AcDbEntity
 67
     1
  8
0
  6
Continuous
 62
     7
370
    25
100
AcDbCircle
 10
6.96216312
 20
0.0348819255
 30
0.0
 40
0.150000000000008
100
AcDbArc
 50
209.3331812101
 51
269.3331812101
  0
ARC
  5
BF6
330
1B
100
AcDbEntity
 67
     1
  8
0
  6
Continuous
 62
     7
370
    25
100
AcDbCircle
 10
9.2680403029
 20
-0.0063601215
 30
0.0
 40
0.1360775739413678
100
AcDbArc
 50
274.1531112722
 51
80.7434504214
  0
ARC
  5
BF7
330
1B
100
AcDbEntity
 67
     1
  8
0
  6
Continuous
 62
     7
370
    25
100
AcDbCircle
 10
10.8278430769
 20
-2.6816250801
 30
0.0
 40
0.0500000000000438
100
AcDbArc
 50
155.1037050992
 51
290.8992058592
  0
ARC
  5
BF8
330
1B
100
AcDbEntity
 67
     1
  8
0
  6
Continuous
 62
     7
370
    25
100
AcDbCircle
 10
9.384309474
 20
1.0987729738
 30
0.0
 40
4.096628066582894
100
AcDbArc
 50
290.8992058591
 51
293.170137534
  0
ARC
  5
BF9
330
1B
100
AcDbEntity
 67
     1
  8
0
  6
Continuous
 62
     7
370
    25
100
AcDbCircle
 10
10.0468849785
 20
-0.4493594367
 30
0.0
 40
2.412668370019503
100
AcDbArc
 50
293.1701375339
 51
311.1783714245
  0
ARC
  5
BFA
330
1B
100
AcDbEntity
 67
     1
  8
0
  6
Continuous
 62
     7
370
    25
100
AcDbCircle
 10
11.5695582852
 20
-2.1900205153
 30
0.0
 40
0.1000000000001171
100
AcDbArc
 50
311.1783714245
 51
88.141410177
  0
ARC
  5
BFB
330
1B
100
AcDbEntity
 67
     1
  8
0
  6
Continuous
 62
     7
370
    25
100
AcDbCircle
 10
10.8635120503
 20
-23.948064573
 30
0.0
 40
21.86949660653291
100
AcDbArc
 50
88.1414101769
 51
89.1652562498
  0
ARC
  5
BFC
330
1B
100
AcDbEntity
 67
     1
  8
0
  6
Continuous
 62
     7
370
    25
100
AcDbCircle
 10
11.17920436
 20
-2.280867672
 30
0.0
 40
0.2000000000004142
100
AcDbArc
 50
89.1652562498
 51
155.1037050992
  0
ARC
  5
BFD
330
1B
100
AcDbEntity
 67
     1
  8
0
  6
Continuous
 62
     7
370
    25
100
AcDbCircle
 10
6.831846717
 20
-2.2685593955
 30
0.0
 40
0.0499999999999469
100
AcDbArc
 50
89.3331812099
 51
206.6861305449
  0
ARC
  5
BFE
330
1B
100
AcDbEntity
 67
     1
  8
0
  6
Continuous
 62
     7
370
    25
100
AcDbCircle
 10
6.9651610611
 20
-2.5337853883
 30
0.0
 40
0.0500000000000408
100
AcDbArc
 50
206.6861305449
 51
353.1916741781
  0
ARC
  5
BFF
330
1B
100
AcDbEntity
 67
     1
  8
0
  6
Continuous
 62
     7
370
    25
100
AcDbCircle
 10
7.6155421924
 20
-2.6114344972
 30
0.0
 40
0.6049999999997128
100
AcDbArc
 50
148.7017563449
 51
173.1916741781
  0
ARC
  5
C00
330
1B
100
AcDbEntity
 67
     1
  8
0
  6
Continuous
 62
     7
370
    25
100
AcDbCircle
 10
7.0558612278
 20
-2.2711666352
 30
0.0
 40
0.0500000000000223
100
AcDbArc
 50
328.7017563449
 51
89.3331812101
  0
ARC
  5
C01
330
1B
100
AcDbEntity
 67
     1
  8
0
  6
Continuous
 62
     7
370
    25
100
AcDbCircle
 10
6.2405399047
 20
-2.311680734
 30
0.0
 40
0.1000000000001507
100
AcDbArc
 50
89.3331812102
 51
209.33318121
  0
ARC
  5
C02
330
1B
100
AcDbEntity
 67
     1
  8
0
  6
Continuous
 62
     7
370
    25
100
AcDbCircle
 10
6.5734275032
 20
-2.8020110652
 30
0.0
 40
0.1499999999997579
100
AcDbArc
 50
209.33318121
 51
260.7434504215
  0
ARC
  5
C03
330
1B
100
AcDbEntity
 67
     1
  8
0
  6
Continuous
 62
     7
370
    25
100
AcDbCircle
 10
6.8699317942
 20
-2.9009943401
 30
0.0
 40
0.1000000000000073
100
AcDbArc
 50
260.7434504214
 51
26.6861305449
  0
ARC
  5
C04
330
1B
100
AcDbEntity
 67
     1
  8
0
  6
Continuous
 62
     7
370
    25
100
AcDbCircle
 10
6.575677243
 20
-2.3155812999
 30
0.0
 40
0.0999999999998959
100
AcDbArc
 50
26.6861305448
 51
89.3331812101
  0
ARC
  5
C05
330
1B
100
AcDbEntity
 67
     1
  8
0
  6
Continuous
 62
     7
370
    25
100
AcDbCircle
 10
7.6155421924
 20
-2.6114344972
 30
0.0
 40
0.6049999999999591
100
AcDbArc
 50
330.7731256224
 51
29.6429066353
  0
ARC
  5
C06
330
1B
100
AcDbEntity
 67
     1
  8
0
  6
Continuous
 62
     7
370
    25
100
AcDbCircle
 10
8.2307908649
 20
-2.9556641749
 30
0.0
 40
0.1000000000000038
100
AcDbArc
 50
150.7731256224
 51
270.740953327
  0
ARC
  5
C07
330
1B
100
AcDbEntity
 67
     1
  8
0
  6
Continuous
 62
     7
370
    25
100
AcDbCircle
 10
8.5170726956
 20
-2.9519617503
 30
0.0
 40
0.0999999999999981
100
AcDbArc
 50
270.7409533269
 51
31.4873194762
  0
ARC
  5
C08
330
1B
100
AcDbEntity
 67
     1
  8
0
  6
Continuous
 62
     7
370
    25
100
AcDbCircle
 10
9.1182655214
 20
-2.5837333073
 30
0.0
 40
0.6050000000001324
100
AcDbArc
 50
151.9870302282
 51
211.4873194762
  0
ARC
  5
C09
330
1B
100
AcDbEntity
 67
     1
  8
0
  6
Continuous
 62
     7
370
    25
100
AcDbCircle
 10
8.4958624061
 20
-2.2526149566
 30
0.0
 40
0.0999999999999794
100
AcDbArc
 50
331.9870302282
 51
92.1683369593
  0
ARC
  5
C0A
330
1B
100
AcDbEntity
 67
     1
  8
0
  6
Continuous
 62
     7
370
    25
100
AcDbCircle
 10
8.2282751703
 20
-2.262746531
 30
0.0
 40
0.1000000000000743
100
AcDbArc
 50
92.1683369593
 51
209.6429066353
  0
ARC
  5
C0B
330
1B
100
AcDbEntity
 67
     1
  8
0
  6
Continuous
 62
     7
370
    25
100
AcDbCircle
 10
6.8717962889
 20
-1.8631821907
 30
0.0
 40
0.2499999999999248
100
AcDbArc
 50
200.4740691506
 51
271.4422620687
  0
ARC
  5
C0C
330
1B
100
AcDbEntity
 67
     1
  8
0
  6
Continuous
 62
     7
370
    25
100
AcDbCircle
 10
8.6088210888
 20
-1.7982017108
 30
0.0
 40
0.2500000000002806
100
AcDbArc
 50
272.2181439413
 51
343.3003556913
  0
ARC
  5
C0D
330
1B
100
AcDbEntity
 67
     1
  8
0
  6
Continuous
 62
     7
370
    25
100
AcDbCircle
 10
9.4164397805
 20
-1.1702438804
 30
0.0
 40
0.3431102362205106
100
AcDbArc
 50
11.5962060023
 51
163.3003556914
  0
ARC
  5
C0E
330
1B
100
AcDbEntity
 67
     1
  8
0
  6
Continuous
 62
     7
370
    25
100
AcDbCircle
 10
10.2207738158
 20
-1.7384143212
 30
0.0
 40
0.2500000000003715
100
AcDbArc
 50
197.8796177567
 51
271.6110313402
  0
ARC
  5
C0F
330
1B
100
AcDbEntity
 67
     1
  8
0
  6
Continuous
 62
     7
370
    25
100
AcDbCircle
 10
3.2169119756
 20
-1.8195013827
 30
0.0
 40
0.249999999999943
100
AcDbArc
 50
267.0327080206
 51
336.034415188
  0
ARC
  5
C10
330
1B
100
AcDbEntity
 67
     1
  8
0
  6
Continuous
 62
     7
370
    25
100
AcDbCircle
 10
4.2648554671
 20
-0.6929293381
 30
0.0
 40
0.2499999999998457
100
AcDbArc
 50
85.4607453991
 51
156.034415188
  0
ARC
  5
C11
330
1B
100
AcDbEntity
 67
     1
  8
0
  6
Continuous
 62
     7
370
    25
100
AcDbCircle
 10
5.9511306788
 20
-0.8268045985
 30
0.0
 40
0.2499999999997664
100
AcDbArc
 50
20.4740691505
 51
85.4607453992
  0
ARC
  5
C12
330
1B
100
AcDbEntity
 67
     1
  8
0
  6
Continuous
 62
     7
370
    25
100
AcDbCircle
 10
10.2517412125
 20
-2.1871657188
 30
0.0
 40
0.0999999999998913
100
AcDbArc
 50
91.6103496979
 51
207.1037050994
  0
ARC
  5
C13
330
1B
100
AcDbEntity
 67
     1
  8
0
  6
Continuous
 62
     7
370
    25
100
AcDbCircle
 10
10.5296789388
 20
-2.7302170616
 30
0.0
 40
0.0999999999998831
100
AcDbArc
 50
207.1037050992
 51
335.1037050994
  0
ARC
  5
C14
330
1B
100
AcDbEntity
 67
     1
  8
0
  6
Continuous
 62
     7
370
    25
100
AcDbCircle
 10
10.7856379213
 20
-2.1787072531
 30
0.0
 40
0.0999999999999516
100
AcDbArc
 50
335.1037050993
 51
90.2049596515
  0
ARC
  5
C15
330
1B
100
AcDbEntity
 67
     1
  8
0
  6
Continuous
 62
     7
370
    25
100
AcDbCircle
 10
10.8635120501
 20
-23.9480645625
 30
0.0
 40
21.86949659604637
100
AcDbArc
 50
90.2049596512
 51
91.6103496984
  0
ARC
  5
C16
330
1B
100
AcDbEntity
 67
     1
  8
0
  6
Continuous
 62
     7
370
    25
100
AcDbCircle
 10
9.1182655214
 20
-2.5837333073
 30
0.0
 40
0.6049999999998853
100
AcDbArc
 50
335.1179772067
 51
32.3496436903
  0
ARC
  5
C17
330
1B
100
AcDbEntity
 67
     1
  8
0
  6
Continuous
 62
     7
370
    25
100
AcDbCircle
 10
9.7578246538
 20
-2.8803629013
 30
0.0
 40
0.1000000000000032
100
AcDbArc
 50
155.1179772067
 51
275.3625505682
  0
ARC
  5
C18
330
1B
100
AcDbEntity
 67
     1
  8
0
  6
Continuous
 62
     7
370
    25
100
AcDbCircle
 10
9.384309474
 20
1.098772974
 30
0.0
 40
4.096628066743289
100
AcDbArc
 50
275.3625505682
 51
282.244580535
  0
ARC
  5
C19
330
1B
100
AcDbEntity
 67
     1
  8
0
  6
Continuous
 62
     7
370
    25
100
AcDbCircle
 10
10.2319352861
 20
-2.8069364861
 30
0.0
 40
0.1000000000000772
100
AcDbArc
 50
282.2445805349
 51
27.1037050993
  0
ARC
  5
C1A
330
1B
100
AcDbEntity
 67
     1
  8
0
  6
Continuous
 62
     7
370
    25
100
AcDbCircle
 10
9.9206198595
 20
-2.1986697972
 30
0.0
 40
0.1000000000003351
100
AcDbArc
 50
27.1037050994
 51
92.168336959
  0
ARC
  5
C1B
330
1B
100
AcDbEntity
 67
     1
  8
0
  6
Continuous
 62
     7
370
    25
100
AcDbCircle
 10
9.713848484
 20
-2.2064987191
 30
0.0
 40
0.1000000000000584
100
AcDbArc
 50
92.1683369592
 51
212.3496436902
  0
ARC
  5
C1C
330
1B
100
AcDbEntity
 67
     1
  8
0
  6
Continuous
 62
     7
370
    25
100
AcDbCircle
 10
6.0996793814
 20
-2.775460383
 30
0.0
 40
0.1000000000000639
100
AcDbArc
 50
260.7434504215
 51
29.33318121
  0
ARC
  5
C1D
330
1B
100
AcDbEntity
 67
     1
  8
0
  6
Continuous
 62
     7
370
    25
100
AcDbCircle
 10
5.8069746317
 20
-2.3566379804
 30
0.0
 40
0.1499999999999279
100
AcDbArc
 50
29.3331812101
 51
89.3331812101
  0
ARC
  5
C1E
330
1B
100
AcDbEntity
 67
     1
  8
0
  6
Continuous
 62
     7
370
    25
100
AcDbCircle
 10
3.5010974488
 20
-2.3153959334
 30
0.0
 40
0.1360775739413622
100
AcDbArc
 50
94.1531112722
 51
260.7434504214
  0
ARC
  5
C1F
330
1B
100
AcDbEntity
 67
     1
  8
0
  6
Continuous
 62
     7
370
    25
100
AcDbCircle
 10
-9.9770116476
 20
-1.488963655
 30
0.0
 40
0.1386514630836485
100
AcDbArc
 50
263.7140082344
 51
86.2252401168
  0
ARC
  5
C20
330
1B
100
AcDbEntity
 67
     1
  8
0
  6
Continuous
 62
     7
370
    25
100
AcDbCircle
 10
-10.452811909
 20
-1.4696947052
 30
0.0
 40
0.1072565709543728
100
AcDbArc
 50
95.252146586
 51
265.0446436415
  0
ARC
  5
C21
330
1B
100
AcDbEntity
 67
     1
  8
0
  6
Continuous
 62
     7
370
    25
100
AcDbCircle
 10
-11.5766233034
 20
-3.7182683509
 30
0.0
 40
0.2620107678400579
100
AcDbArc
 50
184.0091535679
 51
4.0091535679
  0
ARC
  5
C22
330
1B
100
AcDbEntity
 67
     1
  8
0
  6
Continuous
 62
     7
370
    25
100
AcDbCircle
 10
-1.2429948145
 20
-2.9940116644
 30
0.0
 40
10.6209887818849
100
AcDbArc
 50
173.9174457175
 51
184.0091535679
  0
ARC
  5
C23
330
1B
100
AcDbEntity
 67
     1
  8
0
  6
Continuous
 62
     7
370
    25
100
AcDbCircle
 10
-12.0030641767
 20
-1.8474055693
 30
0.0
 40
0.2000000000001095
100
AcDbArc
 50
353.9174457175
 51
71.43706975
  0
ARC
  5
C24
330
1B
100
AcDbEntity
 67
     1
  8
0
  6
Continuous
 62
     7
370
    25
100
AcDbCircle
 10
-10.936056934
 20
-1.970333372
 30
0.0
 40
0.3499999999999373
100
AcDbArc
 50
87.9796423046
 51
173.9713750098
  0
ARC
  5
C25
330
1B
100
AcDbEntity
 67
     1
  8
0
  6
Continuous
 62
     7
370
    25
100
AcDbCircle
 10
-1.2429948145
 20
-2.9940116644
 30
0.0
 40
10.09696724620835
100
AcDbArc
 50
173.9713750098
 51
184.0091535679
  0
ARC
  5
C26
330
1B
100
AcDbEntity
 67
     1
  8
0
  6
Continuous
 62
     7
370
    25
100
AcDbCircle
 10
-1.2429948145
 20
-2.9940116644
 30
0.0
 40
10.24086777781341
100
AcDbArc
 50
176.0091535679
 51
184.0091535679
  0
ARC
  5
C27
330
1B
100
AcDbEntity
 67
     1
  8
0
  6
Continuous
 62
     7
370
    25
100
AcDbCircle
 10
-11.5768541902
 20
-2.2730568136
 30
0.0
 40
0.1181102362204587
100
AcDbArc
 50
356.0091535679
 51
176.0091535679
  0
ARC
  5
C28
330
1B
100
AcDbEntity
 67
     1
  8
0
  6
Continuous
 62
     7
370
    25
100
AcDbCircle
 10
-1.2429948145
 20
-2.9940116644
 30
0.0
 40
10.47708825025774
100
AcDbArc
 50
176.0091535679
 51
184.0091535679
  0
ARC
  5
C29
330
1B
100
AcDbEntity
 67
     1
  8
0
  6
Continuous
 62
     7
370
    25
100
AcDbCircle
 10
-11.5766233034
 20
-3.7182683509
 30
0.0
 40
0.1181102362204535
100
AcDbArc
 50
184.0091535679
 51
4.0091535679
  0
ARC
  5
C2A
330
1B
100
AcDbEntity
 67
     1
  8
0
  6
Continuous
 62
     7
370
    25
100
AcDbCircle
 10
-10.9967146789
 20
-4.2421597661
 30
0.0
 40
0.1386514630836495
100
AcDbArc
 50
83.7140082344
 51
266.2252401168
  0
ARC
  5
C2B
330
1B
100
AcDbEntity
 67
     1
  8
0
  6
Continuous
 62
     7
370
    25
100
AcDbCircle
 10
-10.5209144176
 20
-4.2614287159
 30
0.0
 40
0.1072565709543744
100
AcDbArc
 50
275.252146586
 51
85.0446436415
  0
ARC
  5
C2C
330
1B
100
AcDbEntity
 67
     1
  8
0
  6
Continuous
 62
     7
370
    25
100
AcDbCircle
 10
-9.3971030231
 20
-2.0128550702
 30
0.0
 40
0.2620107678400577
100
AcDbArc
 50
4.0091535679
 51
184.0091535679
  0
ARC
  5
C2D
330
1B
100
AcDbEntity
 67
     1
  8
0
  6
Continuous
 62
     7
370
    25
100
AcDbCircle
 10
-19.7307315121
 20
-2.7371117567
 30
0.0
 40
10.62098878188475
100
AcDbArc
 50
353.9174457175
 51
4.0091535679
  0
ARC
  5
C2E
330
1B
100
AcDbEntity
 67
     1
  8
0
  6
Continuous
 62
     7
370
    25
100
AcDbCircle
 10
-8.9706621498
 20
-3.8837178518
 30
0.0
 40
0.2000000000001526
100
AcDbArc
 50
173.9174457175
 51
251.43706975
  0
ARC
  5
C2F
330
1B
100
AcDbEntity
 67
     1
  8
0
  6
Continuous
 62
     7
370
    25
100
AcDbCircle
 10
-10.0376693926
 20
-3.760790049
 30
0.0
 40
0.3499999999999481
100
AcDbArc
 50
267.9796423046
 51
353.9713750098
  0
ARC
  5
C30
330
1B
100
AcDbEntity
 67
     1
  8
0
  6
Continuous
 62
     7
370
    25
100
AcDbCircle
 10
-19.7307315121
 20
-2.7371117567
 30
0.0
 40
10.09696724620776
100
AcDbArc
 50
353.9713750098
 51
4.0091535679
  0
ARC
  5
C31
330
1B
100
AcDbEntity
 67
     1
  8
0
  6
Continuous
 62
     7
370
    25
100
AcDbCircle
 10
-19.7307315121
 20
-2.7371117567
 30
0.0
 40
10.24086777781614
100
AcDbArc
 50
356.0091535679
 51
4.0091535679
  0
ARC
  5
C32
330
1B
100
AcDbEntity
 67
     1
  8
0
  6
Continuous
 62
     7
370
    25
100
AcDbCircle
 10
-9.3968721363
 20
-3.4580666075
 30
0.0
 40
0.1181102362204586
100
AcDbArc
 50
176.0091535679
 51
356.0091535679
  0
ARC
  5
C33
330
1B
100
AcDbEntity
 67
     1
  8
0
  6
Continuous
 62
     7
370
    25
100
AcDbCircle
 10
-19.7307315121
 20
-2.7371117567
 30
0.0
 40
10.47708825025557
100
AcDbArc
 50
356.0091535679
 51
4.0091535679
  0
ARC
  5
C34
330
1B
100
AcDbEntity
 67
     1
  8
0
  6
Continuous
 62
     7
370
    25
100
AcDbCircle
 10
-9.3971030231
 20
-2.0128550702
 30
0.0
 40
0.1181102362204614
100
AcDbArc
 50
4.0091535679
 51
184.0091535679
  0
ARC
  5
C35
330
1B
100
AcDbEntity
 67
     1
  8
0
  6
Continuous
 62
     7
370
    25
100
AcDbCircle
 10
-9.6509518307
 20
-0.8031894166
 30
0.0
 40
0.0200000000000045
100
AcDbArc
 50
294.8651873784
 51
102.1558916162
  0
ARC
  5
C36
330
1B
100
AcDbEntity
 67
     1
  8
0
  6
Continuous
 62
     7
370
    25
100
AcDbCircle
 10
-10.0499126887
 20
-0.9180500942
 30
0.0
 40
0.0645179152575596
100
AcDbArc
 50
97.7385270169
 51
289.3397198357
  0
ARC
  5
C37
330
1B
100
AcDbEntity
 67
     1
  8
0
  6
Continuous
 62
     7
370
    25
100
AcDbCircle
 10
-10.541566592
 20
-1.0074512047
 30
0.0
 40
0.1096583169580137
100
AcDbArc
 50
281.4784869968
 51
92.4131255974
  0
ARC
  5
C38
330
1B
100
AcDbEntity
 67
     1
  8
0
  6
Continuous
 62
     7
370
    25
100
AcDbCircle
 10
-11.2447878164
 20
-1.026880234
 30
0.0
 40
0.1238014784685688
100
AcDbArc
 50
90.9284584871
 51
260.0593269082
  0
ARC
  5
C39
330
1B
100
AcDbEntity
 67
     1
  8
0
  6
Continuous
 62
     7
370
    25
100
AcDbCircle
 10
-9.5360718279
 20
1.2120644965
 30
0.0
 40
0.0200000000000045
100
AcDbArc
 50
294.8651873784
 51
102.1558916162
  0
ARC
  5
C3A
330
1B
100
AcDbEntity
 67
     1
  8
0
  6
Continuous
 62
     7
370
    25
100
AcDbCircle
 10
-9.935032686
 20
1.097203819
 30
0.0
 40
0.0645179152575596
100
AcDbArc
 50
97.7385270169
 51
289.3397198357
  0
ARC
  5
C3B
330
1B
100
AcDbEntity
 67
     1
  8
0
  6
Continuous
 62
     7
370
    25
100
AcDbCircle
 10
-10.4266865892
 20
1.0078027084
 30
0.0
 40
0.1096583169580133
100
AcDbArc
 50
281.4784869968
 51
92.4131255974
  0
ARC
  5
C3C
330
1B
100
AcDbEntity
 67
     1
  8
0
  6
Continuous
 62
     7
370
    25
100
AcDbCircle
 10
-11.1299078136
 20
0.9883736791
 30
0.0
 40
0.1238014784685688
100
AcDbArc
 50
90.9284584871
 51
260.0593269082
  0
ARC
  5
C3D
330
1B
100
AcDbEntity
 67
     1
  8
0
  6
Continuous
 62
     7
370
    25
100
AcDbCircle
 10
-6.0113209141
 20
-3.8769536166
 30
0.0
 40
0.0200000000000048
100
AcDbArc
 50
294.8651873784
 51
102.1558916162
  0
ARC
  5
C3E
330
1B
100
AcDbEntity
 67
     1
  8
0
  6
Continuous
 62
     7
370
    25
100
AcDbCircle
 10
-6.4102817721
 20
-3.9918142941
 30
0.0
 40
0.06451791525756
100
AcDbArc
 50
97.7385270169
 51
289.3397198357
  0
ARC
  5
C3F
330
1B
100
AcDbEntity
 67
     1
  8
0
  6
Continuous
 62
     7
370
    25
100
AcDbCircle
 10
-6.9019356754
 20
-4.0812154047
 30
0.0
 40
0.1096583169580138
100
AcDbArc
 50
281.4784869968
 51
92.4131255974
  0
ARC
  5
C40
330
1B
100
AcDbEntity
 67
     1
  8
0
  6
Continuous
 62
     7
370
    25
100
AcDbCircle
 10
-7.6051568998
 20
-4.100644434
 30
0.0
 40
0.1238014784685699
100
AcDbArc
 50
90.9284584871
 51
260.0593269082
  0
ARC
  5
C41
330
1B
100
AcDbEntity
 67
     1
  8
0
  6
Continuous
 62
     7
370
    25
100
AcDbCircle
 10
-8.0108352144
 20
-3.7482025246
 30
0.0
 40
0.020000000000003
100
AcDbArc
 50
114.8651873783
 51
282.1558916163
  0
ARC
  5
C42
330
1B
100
AcDbEntity
 67
     1
  8
0
  6
Continuous
 62
     7
370
    25
100
AcDbCircle
 10
-7.6118743564
 20
-3.633341847
 30
0.0
 40
0.0645179152575589
100
AcDbArc
 50
277.7385270169
 51
109.3397198357
  0
ARC
  5
C43
330
1B
100
AcDbEntity
 67
     1
  8
0
  6
Continuous
 62
     7
370
    25
100
AcDbCircle
 10
-7.1202204532
 20
-3.5439407364
 30
0.0
 40
0.109658316958018
100
AcDbArc
 50
101.4784869968
 51
272.4131255974
  0
ARC
  5
C44
330
1B
100
AcDbEntity
 67
     1
  8
0
  6
Continuous
 62
     7
370
    25
100
AcDbCircle
 10
-6.4169992288
 20
-3.5245117071
 30
0.0
 40
0.1238014784685646
100
AcDbArc
 50
270.9284584871
 51
80.0593269082
  0
ARC
  5
C45
330
1B
100
AcDbEntity
 67
     1
  8
0
  6
Continuous
 62
     7
370
    25
100
AcDbCircle
 10
-11.1499503101
 20
1.4456891114
 30
0.0
 40
0.0200000000000022
100
AcDbArc
 50
114.8651873783
 51
282.1558916163
  0
ARC
  5
C46
330
1B
100
AcDbEntity
 67
     1
  8
0
  6
Continuous
 62
     7
370
    25
100
AcDbCircle
 10
-10.7509894521
 20
1.560549789
 30
0.0
 40
0.0645179152575597
100
AcDbArc
 50
277.7385270169
 51
109.3397198357
  0
ARC
  5
C47
330
1B
100
AcDbEntity
 67
     1
  8
0
  6
Continuous
 62
     7
370
    25
100
AcDbCircle
 10
-10.2593355489
 20
1.6499508995
 30
0.0
 40
0.1096583169580179
100
AcDbArc
 50
101.4784869968
 51
272.4131255974
  0
ARC
  5
C48
330
1B
100
AcDbEntity
 67
     1
  8
0
  6
Continuous
 62
     7
370
    25
100
AcDbCircle
 10
-9.5561143245
 20
1.6693799288
 30
0.0
 40
0.1238014784685645
100
AcDbArc
 50
270.9284584871
 51
80.0593269082
  0
ARC
  5
C49
330
1B
100
AcDbEntity
 67
     1
  8
0
  6
Continuous
 62
     7
370
    25
100
AcDbCircle
 10
-11.1834315656
 20
-0.5640234628
 30
0.0
 40
0.0200000000000028
100
AcDbArc
 50
114.8651873783
 51
282.1558916163
  0
ARC
  5
C4A
330
1B
100
AcDbEntity
 67
     1
  8
0
  6
Continuous
 62
     7
370
    25
100
AcDbCircle
 10
-10.7844707076
 20
-0.4491627853
 30
0.0
 40
0.0645179152575591
100
AcDbArc
 50
277.7385270169
 51
109.3397198357
  0
ARC
  5
C4B
330
1B
100
AcDbEntity
 67
     1
  8
0
  6
Continuous
 62
     7
370
    25
100
AcDbCircle
 10
-10.2928168044
 20
-0.3597616747
 30
0.0
 40
0.1096583169580179
100
AcDbArc
 50
101.4784869968
 51
272.4131255974
  0
ARC
  5
C4C
330
1B
100
AcDbEntity
 67
     1
  8
0
  6
Continuous
 62
     7
370
    25
100
AcDbCircle
 10
-9.5895955799
 20
-0.3403326454
 30
0.0
 40
0.1238014784685644
100
AcDbArc
 50
270.9284584871
 51
80.0593269082
  0
ARC
  5
C4D
330
1B
100
AcDbEntity
 67
     1
  8
0
  6
Continuous
 62
     7
370
    25
100
AcDbCircle
 10
-10.6149671297
 20
3.6513982467
 30
0.0
 40
0.1070045166464828
100
AcDbArc
 50
282.7665154859
 51
92.5144676155
  0
ARC
  5
C4E
330
1B
100
AcDbEntity
 67
     1
  8
0
  6
Continuous
 62
     7
370
    25
100
AcDbCircle
 10
-11.0892118239
 20
3.6084270273
 30
0.0
 40
0.1386385080950693
100
AcDbArc
 50
91.199432137
 51
273.7091378837
  0
ARC
  5
C4F
330
1B
100
AcDbEntity
 67
     1
  8
0
  6
Continuous
 62
     7
370
    25
100
AcDbCircle
 10
-9.7840234142
 20
3.816490791
 30
0.0
 40
0.0200000000000034
100
AcDbArc
 50
290.9800082072
 51
98.4089085046
  0
ARC
  5
C50
330
1B
100
AcDbEntity
 67
     1
  8
0
  6
Continuous
 62
     7
370
    25
100
AcDbCircle
 10
-10.1713870799
 20
3.7261014211
 30
0.0
 40
0.063362335255252
100
AcDbArc
 50
95.4248829282
 51
287.5305873583
  0
ARC
  5
C51
330
1B
100
AcDbEntity
 67
     1
  8
0
  6
Continuous
 62
     7
370
    25
100
AcDbCircle
 10
-10.4106314767
 20
4.147774474
 30
0.0
 40
0.107004516646483
100
AcDbArc
 50
102.7665154859
 51
272.5144676155
  0
ARC
  5
C52
330
1B
100
AcDbEntity
 67
     1
  8
0
  6
Continuous
 62
     7
370
    25
100
AcDbCircle
 10
-9.9363867826
 20
4.1907456934
 30
0.0
 40
0.1386385080950697
100
AcDbArc
 50
271.199432137
 51
93.7091378837
  0
ARC
  5
C53
330
1B
100
AcDbEntity
 67
     1
  8
0
  6
Continuous
 62
     7
370
    25
100
AcDbCircle
 10
-11.2415751922
 20
3.9826819298
 30
0.0
 40
0.0200000000000044
100
AcDbArc
 50
110.9800082072
 51
278.4089085046
  0
ARC
  5
C54
330
1B
100
AcDbEntity
 67
     1
  8
0
  6
Continuous
 62
     7
370
    25
100
AcDbCircle
 10
-10.8542115265
 20
4.0730712997
 30
0.0
 40
0.0633623352552522
100
AcDbArc
 50
275.4248829282
 51
107.5305873583
  0
ARC
  5
C55
330
1B
100
AcDbEntity
 67
     1
  8
0
  6
Continuous
 62
     7
370
    25
100
AcDbCircle
 10
-0.7682385419
 20
-1.9311781843
 30
0.0
 40
0.0499999999999973
100
AcDbArc
 50
165.9693889014
 51
291.4077181179
  0
ARC
  5
C56
330
1B
100
AcDbEntity
 67
     1
  8
0
  6
Continuous
 62
     7
370
    25
100
AcDbCircle
 10
-5.0536517899
 20
8.9995730663
 30
0.0
 40
11.79078743559516
100
AcDbArc
 50
291.4077181179
 51
297.2970623953
  0
ARC
  5
C57
330
1B
100
AcDbEntity
 67
     1
  8
0
  6
Continuous
 62
     7
370
    25
100
AcDbCircle
 10
0.3032065923
 20
-1.3702743758
 30
0.0
 40
0.1191333468268524
100
AcDbArc
 50
295.0508987849
 51
94.5678176843
  0
ARC
  5
C58
330
1B
100
AcDbEntity
 67
     1
  8
0
  6
Continuous
 62
     7
370
    25
100
AcDbCircle
 10
-3.0444920807
 20
40.5321126065
 30
0.0
 40
41.91676941754338
100
AcDbArc
 50
273.4028994699
 51
274.5678176847
  0
ARC
  5
C59
330
1B
100
AcDbEntity
 67
     1
  8
0
  6
Continuous
 62
     7
370
    25
100
AcDbCircle
 10
-0.5475394875
 20
-1.4604857529
 30
0.0
 40
0.1500000000000012
100
AcDbArc
 50
93.4028994699
 51
165.9693889014
  0
ARC
  5
C5A
330
1B
100
AcDbEntity
 67
     1
  8
0
  6
Continuous
 62
     7
370
    25
100
AcDbCircle
 10
-0.8618862669
 20
-1.3778619486
 30
0.0
 40
0.0499999999999945
100
AcDbArc
 50
345.9693889053
 51
92.9811812273
  0
ARC
  5
C5B
330
1B
100
AcDbEntity
 67
     1
  8
0
  6
Continuous
 62
     7
370
    25
100
AcDbCircle
 10
-3.0444920807
 20
40.5321126059
 30
0.0
 40
41.91676941691774
100
AcDbArc
 50
271.7277219852
 51
272.9811812273
  0
ARC
  5
C5C
330
1B
100
AcDbEntity
 67
     1
  8
0
  6
Continuous
 62
     7
370
    25
100
AcDbCircle
 10
-1.7791995411
 20
-1.4155782732
 30
0.0
 40
0.0500000000000021
100
AcDbArc
 50
91.7277219852
 51
234.3548856608
  0
ARC
  5
C5D
330
1B
100
AcDbEntity
 67
     1
  8
0
  6
Continuous
 62
     7
370
    25
100
AcDbCircle
 10
-1.0092843875
 20
-1.9677008534
 30
0.0
 40
0.0500000000000019
100
AcDbArc
 50
234.3548856608
 51
345.9693889053
  0
ARC
  5
C5E
330
1B
100
AcDbEntity
 67
     1
  8
0
  6
Continuous
 62
     7
370
    25
100
AcDbCircle
 10
-2.1373185822
 20
-2.3659943297
 30
0.0
 40
0.0499999999999988
100
AcDbArc
 50
178.0
 51
284.5185828479
  0
ARC
  5
C5F
330
1B
100
AcDbEntity
 67
     1
  8
0
  6
Continuous
 62
     7
370
    25
100
AcDbCircle
 10
-5.6110423539
 20
11.0479498216
 30
0.0
 40
13.906430079077
100
AcDbArc
 50
284.5185828479
 51
288.4788512947
  0
ARC
  5
C60
330
1B
100
AcDbEntity
 67
     1
  8
0
  6
Continuous
 62
     7
370
    25
100
AcDbCircle
 10
-1.2191831735
 20
-2.0940525934
 30
0.0
 40
0.0500000000000001
100
AcDbArc
 50
288.4788512947
 51
54.3548856608
  0
ARC
  5
C61
330
1B
100
AcDbEntity
 67
     1
  8
0
  6
Continuous
 62
     7
370
    25
100
AcDbCircle
 10
-2.1056235476
 20
-1.4583672919
 30
0.0
 40
0.0499999999999979
100
AcDbArc
 50
54.3548856608
 51
178.0
  0
ARC
  5
C62
330
1B
100
AcDbEntity
 67
     1
  8
0
  6
Continuous
 62
     7
370
    25
100
AcDbCircle
 10
-5.6850360744
 20
-2.0465565031
 30
0.0
 40
0.6049999999999446
100
AcDbArc
 50
298.3434231609
 51
355.427350043
  0
ARC
  5
C63
330
1B
100
AcDbEntity
 67
     1
  8
0
  6
Continuous
 62
     7
370
    25
100
AcDbCircle
 10
-5.3265957727
 20
-2.7110454421
 30
0.0
 40
0.1500000000000016
100
AcDbArc
 50
118.3434231609
 51
269.9534332213
  0
ARC
  5
C64
330
1B
100
AcDbEntity
 67
     1
  8
0
  6
Continuous
 62
     7
370
    25
100
AcDbCircle
 10
-5.3192496347
 20
6.3276431843
 30
0.0
 40
9.18869161166791
100
AcDbArc
 50
269.9534332213
 51
275.2698031635
  0
ARC
  5
C65
330
1B
100
AcDbEntity
 67
     1
  8
0
  6
Continuous
 62
     7
370
    25
100
AcDbCircle
 10
-4.4798992507
 20
-2.7724213928
 30
0.0
 40
0.0500000000000007
100
AcDbArc
 50
275.2698031635
 51
39.3431937413
  0
ARC
  5
C66
330
1B
100
AcDbEntity
 67
     1
  8
0
  6
Continuous
 62
     7
370
    25
100
AcDbCircle
 10
-5.0321209081
 20
-2.0987751365
 30
0.0
 40
0.050000000000002
100
AcDbArc
 50
39.3431937413
 51
175.427350043
  0
ARC
  5
C67
330
1B
100
AcDbEntity
 67
     1
  8
0
  6
Continuous
 62
     7
370
    25
100
AcDbCircle
 10
-5.965025474
 20
-2.7882795834
 30
0.0
 40
0.0499999999999978
100
AcDbArc
 50
265.7773432858
 51
40.6113307116
  0
ARC
  5
C68
330
1B
100
AcDbEntity
 67
     1
  8
0
  6
Continuous
 62
     7
370
    25
100
AcDbCircle
 10
-7.0428785983
 20
-1.5312299569
 30
0.0
 40
0.0500000000000012
100
AcDbArc
 50
40.6113307116
 51
178.0
  0
ARC
  5
C69
330
1B
100
AcDbEntity
 67
     1
  8
0
  6
Continuous
 62
     7
370
    25
100
AcDbCircle
 10
-7.1841223149
 20
-1.994207258
 30
0.0
 40
0.1590551181102339
100
AcDbArc
 50
296.133960405
 51
59.866039595
  0
ARC
  5
C6A
330
1B
100
AcDbEntity
 67
     1
  8
0
  6
Continuous
 62
     7
370
    25
100
AcDbCircle
 10
-7.0827631025
 20
-2.6733727231
 30
0.0
 40
0.0500000000000029
100
AcDbArc
 50
178.0
 51
262.4835315449
  0
ARC
  5
C6B
330
1B
100
AcDbEntity
 67
     1
  8
0
  6
Continuous
 62
     7
370
    25
100
AcDbCircle
 10
-4.5256426041
 20
16.7068392092
 30
0.0
 40
19.59818354182148
100
AcDbArc
 50
262.4835315449
 51
265.7773432858
  0
ARC
  5
C6C
330
1B
100
AcDbEntity
 67
     1
  8
0
  6
Continuous
 62
     7
370
    25
100
AcDbCircle
 10
-2.5970375858
 20
-1.4323479906
 30
0.0
 40
0.0500000000000067
100
AcDbArc
 50
309.1123107958
 51
90.6777124647
  0
ARC
  5
C6D
330
1B
100
AcDbEntity
 67
     1
  8
0
  6
Continuous
 62
     7
370
    25
100
AcDbCircle
 10
-3.3877181764
 20
65.4109673967
 30
0.0
 40
66.79799165093893
100
AcDbArc
 50
269.44293119
 51
270.6777124646
  0
ARC
  5
C6E
330
1B
100
AcDbEntity
 67
     1
  8
0
  6
Continuous
 62
     7
370
    25
100
AcDbCircle
 10
-4.0376498953
 20
-1.4338646887
 30
0.0
 40
0.0499999999999822
100
AcDbArc
 50
89.44293119
 51
178.0
  0
ARC
  5
C6F
330
1B
100
AcDbEntity
 67
     1
  8
0
  6
Continuous
 62
     7
370
    25
100
AcDbCircle
 10
-4.1859498339
 20
-2.0989057481
 30
0.0
 40
0.1590551181102345
100
AcDbArc
 50
296.133960405
 51
59.866039595
  0
ARC
  5
C70
330
1B
100
AcDbEntity
 67
     1
  8
0
  6
Continuous
 62
     7
370
    25
100
AcDbCircle
 10
-4.0796921639
 20
-2.6377977405
 30
0.0
 40
0.0500000000000029
100
AcDbArc
 50
178.0
 51
309.1123107958
  0
ARC
  5
C71
330
1B
100
AcDbEntity
 67
     1
  8
0
  6
Continuous
 62
     7
370
    25
100
AcDbCircle
 10
-2.4617272587
 20
-2.3433881451
 30
0.0
 40
0.1499999999999922
100
AcDbArc
 50
283.308733403
 51
358.0
  0
ARC
  5
C72
330
1B
100
AcDbEntity
 67
     1
  8
0
  6
Continuous
 62
     7
370
    25
100
AcDbCircle
 10
-2.3324668269
 20
-1.5072245166
 30
0.0
 40
0.0500000000000036
100
AcDbArc
 50
358.0
 51
129.1123107958
  0
ARC
  5
C73
330
1B
100
AcDbEntity
 67
     1
  8
0
  6
Continuous
 62
     7
370
    25
100
AcDbCircle
 10
-3.7919810216
 20
-2.6938603298
 30
0.0
 40
0.0500000000000009
100
AcDbArc
 50
129.1123107958
 51
277.8830476768
  0
ARC
  5
C74
330
1B
100
AcDbEntity
 67
     1
  8
0
  6
Continuous
 62
     7
370
    25
100
AcDbCircle
 10
-5.7867177197
 20
11.7127409848
 30
0.0
 40
14.5940412517333
100
AcDbArc
 50
277.8830476768
 51
283.308733403
  0
ARC
  5
C75
330
1B
100
AcDbEntity
 67
     1
  8
0
  6
Continuous
 62
     7
370
    25
100
AcDbCircle
 10
-8.1655901993
 20
-8.8096805097
 30
0.0
 40
7.510792424178412
100
AcDbArc
 50
89.9792104201
 51
92.3157190707
  0
ARC
  5
C76
330
1B
100
AcDbEntity
 67
     1
  8
0
  6
Continuous
 62
     7
370
    25
100
AcDbCircle
 10
-8.2964285693
 20
-5.5742258537
 30
0.0
 40
4.27269336607865
100
AcDbArc
 50
92.3157190707
 51
98.7901836446
  0
ARC
  5
C77
330
1B
100
AcDbEntity
 67
     1
  8
0
  6
Continuous
 62
     7
370
    25
100
AcDbCircle
 10
-8.9183396068
 20
-1.5523673721
 30
0.0
 40
0.2030350285402562
100
AcDbArc
 50
98.7901836446
 51
214.2797179312
  0
ARC
  5
C78
330
1B
100
AcDbEntity
 67
     1
  8
0
  6
Continuous
 62
     7
370
    25
100
AcDbCircle
 10
-7.9494761161
 20
-0.891955949
 30
0.0
 40
1.375570619237178
100
AcDbArc
 50
214.2797179312
 51
234.8465907868
  0
ARC
  5
C79
330
1B
100
AcDbEntity
 67
     1
  8
0
  6
Continuous
 62
     7
370
    25
100
AcDbCircle
 10
-6.1140274744
 20
1.7144553754
 30
0.0
 40
4.563399301569287
100
AcDbArc
 50
234.8465907868
 51
238.3643931411
  0
ARC
  5
C7A
330
1B
100
AcDbEntity
 67
     1
  8
0
  6
Continuous
 62
     7
370
    25
100
AcDbCircle
 10
-8.4289221226
 20
-2.0431177993
 30
0.0
 40
0.1500000000000034
100
AcDbArc
 50
238.3643931411
 51
310.6113307116
  0
ARC
  5
C7B
330
1B
100
AcDbEntity
 67
     1
  8
0
  6
Continuous
 62
     7
370
    25
100
AcDbCircle
 10
-7.4854197776
 20
-1.3658423318
 30
0.0
 40
0.0499999999999993
100
AcDbArc
 50
310.6113307116
 51
87.1536942953
  0
ARC
  5
C7C
330
1B
100
AcDbEntity
 67
     1
  8
0
  6
Continuous
 62
     7
370
    25
100
AcDbCircle
 10
-8.1678697807
 20
-15.0921732984
 30
0.0
 40
13.79328562642758
100
AcDbArc
 50
87.1536942953
 51
89.9792104201
  0
ARC
  5
C7D
330
1B
100
AcDbEntity
 67
     1
  8
0
  6
Continuous
 62
     7
370
    25
100
AcDbCircle
 10
-4.2873600594
 20
-1.4309801413
 30
0.0
 40
0.0499999999999999
100
AcDbArc
 50
4.6981908685
 51
89.1977671914
  0
ARC
  5
C7E
330
1B
100
AcDbEntity
 67
     1
  8
0
  6
Continuous
 62
     7
370
    25
100
AcDbCircle
 10
-5.3002350448
 20
-1.4167973401
 30
0.0
 40
0.0500000000000037
100
AcDbArc
 50
89.1977671914
 51
219.3431937413
  0
ARC
  5
C7F
330
1B
100
AcDbEntity
 67
     1
  8
0
  6
Continuous
 62
     7
370
    25
100
AcDbCircle
 10
-4.3193563239
 20
-2.6294284836
 30
0.0
 40
0.0398102459850172
100
AcDbArc
 50
219.3431937413
 51
358.0
  0
ARC
  5
C80
330
1B
100
AcDbEntity
 67
     1
  8
0
  6
Continuous
 62
     7
370
    25
100
AcDbCircle
 10
-4.1859498339
 20
-2.0989057481
 30
0.0
 40
0.159055118110238
100
AcDbArc
 50
116.133960405
 51
239.866039595
  0
ARC
  5
C81
330
1B
100
AcDbEntity
 67
     1
  8
0
  6
Continuous
 62
     7
370
    25
100
AcDbCircle
 10
-7.291808334
 20
-1.4962178319
 30
0.0
 40
0.0500000000000036
100
AcDbArc
 50
358.0
 51
130.6113307116
  0
ARC
  5
C82
330
1B
100
AcDbEntity
 67
     1
  8
0
  6
Continuous
 62
     7
370
    25
100
AcDbCircle
 10
-8.0341938005
 20
-2.2645013993
 30
0.0
 40
0.1500000000000046
100
AcDbArc
 50
130.6113307116
 51
241.585248563
  0
ARC
  5
C83
330
1B
100
AcDbEntity
 67
     1
  8
0
  6
Continuous
 62
     7
370
    25
100
AcDbCircle
 10
-6.9953894738
 20
-0.3444546979
 30
0.0
 40
2.333046899378072
100
AcDbArc
 50
241.585248563
 51
258.6677601726
  0
ARC
  5
C84
330
1B
100
AcDbEntity
 67
     1
  8
0
  6
Continuous
 62
     7
370
    25
100
AcDbCircle
 10
-7.4243535972
 20
-2.4849414523
 30
0.0
 40
0.1500000000000038
100
AcDbArc
 50
258.6677601726
 51
358.0
  0
ARC
  5
C85
330
1B
100
AcDbEntity
 67
     1
  8
0
  6
Continuous
 62
     7
370
    25
100
AcDbCircle
 10
-7.1841223149
 20
-1.994207258
 30
0.0
 40
0.1590551181102382
100
AcDbArc
 50
116.133960405
 51
240.6967551274
  0
ARC
  5
C86
330
1B
100
AcDbEntity
 67
     1
  8
0
  6
Continuous
 62
     7
370
    25
100
AcDbCircle
 10
-6.8633792269
 20
-1.3949093841
 30
0.0
 40
0.0499999999999985
100
AcDbArc
 50
89.1977671914
 51
220.6113307116
  0
ARC
  5
C87
330
1B
100
AcDbEntity
 67
     1
  8
0
  6
Continuous
 62
     7
370
    25
100
AcDbCircle
 10
-6.3388209306
 20
-2.0066771618
 30
0.0
 40
0.0499999999999966
100
AcDbArc
 50
220.6113307115
 51
356.5094168344
  0
ARC
  5
C88
330
1B
100
AcDbEntity
 67
     1
  8
0
  6
Continuous
 62
     7
370
    25
100
AcDbCircle
 10
-5.6850360744
 20
-2.0465565031
 30
0.0
 40
0.6049999999999718
100
AcDbArc
 50
134.0667408086
 51
176.5094168344
  0
ARC
  5
C89
330
1B
100
AcDbEntity
 67
     1
  8
0
  6
Continuous
 62
     7
370
    25
100
AcDbCircle
 10
-6.2101354183
 20
-1.504066246
 30
0.0
 40
0.1500000000000012
100
AcDbArc
 50
314.0667408086
 51
89.1977671914
  0
ARC
  5
C8A
330
1B
100
AcDbEntity
 67
     1
  8
0
  6
Continuous
 62
     7
370
    25
100
AcDbCircle
 10
-3.8674103893
 20
-3.2924963197
 30
0.0
 40
0.049999999999997
100
AcDbArc
 50
345.9693889014
 51
111.4077181179
  0
ARC
  5
C8B
330
1B
100
AcDbEntity
 67
     1
  8
0
  6
Continuous
 62
     7
370
    25
100
AcDbCircle
 10
0.4180028587
 20
-14.2232475702
 30
0.0
 40
11.79078743559482
100
AcDbArc
 50
111.4077181179
 51
117.2970623953
  0
ARC
  5
C8C
330
1B
100
AcDbEntity
 67
     1
  8
0
  6
Continuous
 62
     7
370
    25
100
AcDbCircle
 10
-4.9388555235
 20
-3.8534001282
 30
0.0
 40
0.1191333468268526
100
AcDbArc
 50
115.0508987849
 51
274.5678176843
  0
ARC
  5
C8D
330
1B
100
AcDbEntity
 67
     1
  8
0
  6
Continuous
 62
     7
370
    25
100
AcDbCircle
 10
-1.5911568505
 20
-45.7557871105
 30
0.0
 40
41.91676941764747
100
AcDbArc
 50
93.4028994699
 51
94.5678176847
  0
ARC
  5
C8E
330
1B
100
AcDbEntity
 67
     1
  8
0
  6
Continuous
 62
     7
370
    25
100
AcDbCircle
 10
-4.0881094438
 20
-3.763188751
 30
0.0
 40
0.1500000000000018
100
AcDbArc
 50
273.4028994699
 51
345.9693889014
  0
ARC
  5
C8F
330
1B
100
AcDbEntity
 67
     1
  8
0
  6
Continuous
 62
     7
370
    25
100
AcDbCircle
 10
-3.7737626643
 20
-3.8458125554
 30
0.0
 40
0.0499999999999934
100
AcDbArc
 50
165.9693889053
 51
272.9811812273
  0
ARC
  5
C90
330
1B
100
AcDbEntity
 67
     1
  8
0
  6
Continuous
 62
     7
370
    25
100
AcDbCircle
 10
-1.5911568505
 20
-45.7557871098
 30
0.0
 40
41.91676941693688
100
AcDbArc
 50
91.7277219852
 51
92.9811812273
  0
ARC
  5
C91
330
1B
100
AcDbEntity
 67
     1
  8
0
  6
Continuous
 62
     7
370
    25
100
AcDbCircle
 10
-2.8564493901
 20
-3.8080962308
 30
0.0
 40
0.050000000000002
100
AcDbArc
 50
271.7277219852
 51
54.3548856608
  0
ARC
  5
C92
330
1B
100
AcDbEntity
 67
     1
  8
0
  6
Continuous
 62
     7
370
    25
100
AcDbCircle
 10
-3.6263645437
 20
-3.2559736505
 30
0.0
 40
0.0500000000000026
100
AcDbArc
 50
54.3548856608
 51
165.9693889053
  0
ARC
  5
C93
330
1B
100
AcDbEntity
 67
     1
  8
0
  6
Continuous
 62
     7
370
    25
100
AcDbCircle
 10
-2.4983303491
 20
-2.8576801742
 30
0.0
 40
0.0500000000000002
100
AcDbArc
 50
358.0
 51
104.5185828479
  0
ARC
  5
C94
330
1B
100
AcDbEntity
 67
     1
  8
0
  6
Continuous
 62
     7
370
    25
100
AcDbCircle
 10
0.9753934227
 20
-16.2716243255
 30
0.0
 40
13.90643007907546
100
AcDbArc
 50
104.5185828479
 51
108.4788512947
  0
ARC
  5
C95
330
1B
100
AcDbEntity
 67
     1
  8
0
  6
Continuous
 62
     7
370
    25
100
AcDbCircle
 10
-3.4164657577
 20
-3.1296219105
 30
0.0
 40
0.0499999999999996
100
AcDbArc
 50
108.4788512947
 51
234.3548856608
  0
ARC
  5
C96
330
1B
100
AcDbEntity
 67
     1
  8
0
  6
Continuous
 62
     7
370
    25
100
AcDbCircle
 10
-2.5300253836
 20
-3.765307212
 30
0.0
 40
0.0499999999999992
100
AcDbArc
 50
234.3548856608
 51
358.0
  0
ARC
  5
C97
330
1B
100
AcDbEntity
 67
     1
  8
0
  6
Continuous
 62
     7
370
    25
100
AcDbCircle
 10
1.0493871432
 20
-3.1771180009
 30
0.0
 40
0.6049999999999445
100
AcDbArc
 50
118.3434231609
 51
175.427350043
  0
ARC
  5
C98
330
1B
100
AcDbEntity
 67
     1
  8
0
  6
Continuous
 62
     7
370
    25
100
AcDbCircle
 10
0.6909468415
 20
-2.5126290618
 30
0.0
 40
0.1500000000000011
100
AcDbArc
 50
298.3434231609
 51
89.9534332213
  0
ARC
  5
C99
330
1B
100
AcDbEntity
 67
     1
  8
0
  6
Continuous
 62
     7
370
    25
100
AcDbCircle
 10
0.6836007035
 20
-11.5513176882
 30
0.0
 40
9.18869161166801
100
AcDbArc
 50
89.9534332213
 51
95.2698031635
  0
ARC
  5
C9A
330
1B
100
AcDbEntity
 67
     1
  8
0
  6
Continuous
 62
     7
370
    25
100
AcDbCircle
 10
-0.1557496806
 20
-2.4512531112
 30
0.0
 40
0.0500000000000009
100
AcDbArc
 50
95.2698031635
 51
219.3431937413
  0
ARC
  5
C9B
330
1B
100
AcDbEntity
 67
     1
  8
0
  6
Continuous
 62
     7
370
    25
100
AcDbCircle
 10
0.3964719769
 20
-3.1248993674
 30
0.0
 40
0.0500000000000014
100
AcDbArc
 50
219.3431937413
 51
355.427350043
  0
ARC
  5
C9C
330
1B
100
AcDbEntity
 67
     1
  8
0
  6
Continuous
 62
     7
370
    25
100
AcDbCircle
 10
1.3293765428
 20
-2.4353949206
 30
0.0
 40
0.0499999999999981
100
AcDbArc
 50
85.7773432858
 51
220.6113307116
  0
ARC
  5
C9D
330
1B
100
AcDbEntity
 67
     1
  8
0
  6
Continuous
 62
     7
370
    25
100
AcDbCircle
 10
2.4072296671
 20
-3.692444547
 30
0.0
 40
0.0500000000000012
100
AcDbArc
 50
220.6113307116
 51
358.0
  0
ARC
  5
C9E
330
1B
100
AcDbEntity
 67
     1
  8
0
  6
Continuous
 62
     7
370
    25
100
AcDbCircle
 10
2.5484733837
 20
-3.2294672459
 30
0.0
 40
0.1590551181102335
100
AcDbArc
 50
116.133960405
 51
239.866039595
  0
ARC
  5
C9F
330
1B
100
AcDbEntity
 67
     1
  8
0
  6
Continuous
 62
     7
370
    25
100
AcDbCircle
 10
2.4471141713
 20
-2.5503017809
 30
0.0
 40
0.0500000000000022
100
AcDbArc
 50
358.0
 51
82.4835315449
  0
ARC
  5
CA0
330
1B
100
AcDbEntity
 67
     1
  8
0
  6
Continuous
 62
     7
370
    25
100
AcDbCircle
 10
-0.1100063271
 20
-21.9305137132
 30
0.0
 40
19.59818354181954
100
AcDbArc
 50
82.4835315449
 51
85.7773432858
  0
ARC
  5
CA1
330
1B
100
AcDbEntity
 67
     1
  8
0
  6
Continuous
 62
     7
370
    25
100
AcDbCircle
 10
-2.0386113454
 20
-3.7913265134
 30
0.0
 40
0.050000000000007
100
AcDbArc
 50
129.1123107958
 51
270.6777124647
  0
ARC
  5
CA2
330
1B
100
AcDbEntity
 67
     1
  8
0
  6
Continuous
 62
     7
370
    25
100
AcDbCircle
 10
-1.2479307548
 20
-70.6346419007
 30
0.0
 40
66.79799165091804
100
AcDbArc
 50
89.44293119
 51
90.6777124646
  0
ARC
  5
CA3
330
1B
100
AcDbEntity
 67
     1
  8
0
  6
Continuous
 62
     7
370
    25
100
AcDbCircle
 10
-0.5979990359
 20
-3.7898098153
 30
0.0
 40
0.0499999999999822
100
AcDbArc
 50
269.44293119
 51
358.0
  0
ARC
  5
CA4
330
1B
100
AcDbEntity
 67
     1
  8
0
  6
Continuous
 62
     7
370
    25
100
AcDbCircle
 10
-0.4496990973
 20
-3.1247687558
 30
0.0
 40
0.1590551181102351
100
AcDbArc
 50
116.133960405
 51
239.866039595
  0
ARC
  5
CA5
330
1B
100
AcDbEntity
 67
     1
  8
0
  6
Continuous
 62
     7
370
    25
100
AcDbCircle
 10
-0.5559567673
 20
-2.5858767634
 30
0.0
 40
0.0500000000000026
100
AcDbArc
 50
358.0
 51
129.1123107958
  0
ARC
  5
CA6
330
1B
100
AcDbEntity
 67
     1
  8
0
  6
Continuous
 62
     7
370
    25
100
AcDbCircle
 10
-2.1739216726
 20
-2.8802863588
 30
0.0
 40
0.1499999999999909
100
AcDbArc
 50
103.308733403
 51
178.0
  0
ARC
  5
CA7
330
1B
100
AcDbEntity
 67
     1
  8
0
  6
Continuous
 62
     7
370
    25
100
AcDbCircle
 10
-2.3031821043
 20
-3.7164499874
 30
0.0
 40
0.0500000000000036
100
AcDbArc
 50
178.0
 51
309.1123107958
  0
ARC
  5
CA8
330
1B
100
AcDbEntity
 67
     1
  8
0
  6
Continuous
 62
     7
370
    25
100
AcDbCircle
 10
-0.8436679096
 20
-2.5298141741
 30
0.0
 40
0.0500000000000007
100
AcDbArc
 50
309.1123107958
 51
97.8830476768
  0
ARC
  5
CA9
330
1B
100
AcDbEntity
 67
     1
  8
0
  6
Continuous
 62
     7
370
    25
100
AcDbCircle
 10
1.1510687885
 20
-16.9364154887
 30
0.0
 40
14.59404125173453
100
AcDbArc
 50
97.8830476768
 51
103.308733403
  0
ARC
  5
CAA
330
1B
100
AcDbEntity
 67
     1
  8
0
  6
Continuous
 62
     7
370
    25
100
AcDbCircle
 10
3.5299412681
 20
3.5860060057
 30
0.0
 40
7.510792424178049
100
AcDbArc
 50
269.9792104201
 51
272.3157190707
  0
ARC
  5
CAB
330
1B
100
AcDbEntity
 67
     1
  8
0
  6
Continuous
 62
     7
370
    25
100
AcDbCircle
 10
3.6607796381
 20
0.3505513498
 30
0.0
 40
4.272693366078888
100
AcDbArc
 50
272.3157190707
 51
278.7901836446
  0
ARC
  5
CAC
330
1B
100
AcDbEntity
 67
     1
  8
0
  6
Continuous
 62
     7
370
    25
100
AcDbCircle
 10
4.2826906756
 20
-3.6713071318
 30
0.0
 40
0.2030350285402554
100
AcDbArc
 50
278.7901836446
 51
34.2797179312
  0
ARC
  5
CAD
330
1B
100
AcDbEntity
 67
     1
  8
0
  6
Continuous
 62
     7
370
    25
100
AcDbCircle
 10
3.3138271849
 20
-4.331718555
 30
0.0
 40
1.375570619237201
100
AcDbArc
 50
34.2797179312
 51
54.8465907868
  0
ARC
  5
CAE
330
1B
100
AcDbEntity
 67
     1
  8
0
  6
Continuous
 62
     7
370
    25
100
AcDbCircle
 10
1.4783785432
 20
-6.9381298793
 30
0.0
 40
4.563399301568682
100
AcDbArc
 50
54.8465907868
 51
58.3643931411
  0
ARC
  5
CAF
330
1B
100
AcDbEntity
 67
     1
  8
0
  6
Continuous
 62
     7
370
    25
100
AcDbCircle
 10
3.7932731914
 20
-3.1805567046
 30
0.0
 40
0.1500000000000047
100
AcDbArc
 50
58.3643931411
 51
130.6113307116
  0
ARC
  5
CB0
330
1B
100
AcDbEntity
 67
     1
  8
0
  6
Continuous
 62
     7
370
    25
100
AcDbCircle
 10
2.8497708464
 20
-3.8578321721
 30
0.0
 40
0.05
100
AcDbArc
 50
130.6113307116
 51
267.1536942953
  0
ARC
  5
CB1
330
1B
100
AcDbEntity
 67
     1
  8
0
  6
Continuous
 62
     7
370
    25
100
AcDbCircle
 10
3.5322208495
 20
9.8684987944
 30
0.0
 40
13.79328562642026
100
AcDbArc
 50
267.1536942953
 51
269.9792104201
  0
ARC
  5
CB2
330
1B
100
AcDbEntity
 67
     1
  8
0
  6
Continuous
 62
     7
370
    25
100
AcDbCircle
 10
-0.3482888718
 20
-3.7926943627
 30
0.0
 40
0.0500000000000012
100
AcDbArc
 50
184.6981908685
 51
269.1977671914
  0
ARC
  5
CB3
330
1B
100
AcDbEntity
 67
     1
  8
0
  6
Continuous
 62
     7
370
    25
100
AcDbCircle
 10
0.6645861136
 20
-3.8068771638
 30
0.0
 40
0.0500000000000034
100
AcDbArc
 50
269.1977671914
 51
39.3431937413
  0
ARC
  5
CB4
330
1B
100
AcDbEntity
 67
     1
  8
0
  6
Continuous
 62
     7
370
    25
100
AcDbCircle
 10
-0.3162926073
 20
-2.5942460203
 30
0.0
 40
0.0398102459850157
100
AcDbArc
 50
39.3431937413
 51
178.0
  0
ARC
  5
CB5
330
1B
100
AcDbEntity
 67
     1
  8
0
  6
Continuous
 62
     7
370
    25
100
AcDbCircle
 10
-0.4496990973
 20
-3.1247687558
 30
0.0
 40
0.1590551181102376
100
AcDbArc
 50
296.133960405
 51
59.866039595
  0
ARC
  5
CB6
330
1B
100
AcDbEntity
 67
     1
  8
0
  6
Continuous
 62
     7
370
    25
100
AcDbCircle
 10
2.6561594028
 20
-3.727456672
 30
0.0
 40
0.0500000000000034
100
AcDbArc
 50
178.0
 51
310.6113307116
  0
ARC
  5
CB7
330
1B
100
AcDbEntity
 67
     1
  8
0
  6
Continuous
 62
     7
370
    25
100
AcDbCircle
 10
3.3985448693
 20
-2.9591731047
 30
0.0
 40
0.1500000000000036
100
AcDbArc
 50
310.6113307116
 51
61.585248563
  0
ARC
  5
CB8
330
1B
100
AcDbEntity
 67
     1
  8
0
  6
Continuous
 62
     7
370
    25
100
AcDbCircle
 10
2.3597405426
 20
-4.8792198061
 30
0.0
 40
2.333046899378102
100
AcDbArc
 50
61.585248563
 51
78.6677601726
  0
ARC
  5
CB9
330
1B
100
AcDbEntity
 67
     1
  8
0
  6
Continuous
 62
     7
370
    25
100
AcDbCircle
 10
2.788704666
 20
-2.7387330517
 30
0.0
 40
0.1500000000000001
100
AcDbArc
 50
78.6677601726
 51
178.0
  0
ARC
  5
CBA
330
1B
100
AcDbEntity
 67
     1
  8
0
  6
Continuous
 62
     7
370
    25
100
AcDbCircle
 10
2.5484733837
 20
-3.2294672459
 30
0.0
 40
0.1590551181102378
100
AcDbArc
 50
296.133960405
 51
60.6967551274
  0
ARC
  5
CBB
330
1B
100
AcDbEntity
 67
     1
  8
0
  6
Continuous
 62
     7
370
    25
100
AcDbCircle
 10
2.2277302957
 20
-3.8287651198
 30
0.0
 40
0.0499999999999982
100
AcDbArc
 50
269.1977671914
 51
40.6113307116
  0
ARC
  5
CBC
330
1B
100
AcDbEntity
 67
     1
  8
0
  6
Continuous
 62
     7
370
    25
100
AcDbCircle
 10
1.7031719993
 20
-3.2169973421
 30
0.0
 40
0.0499999999999971
100
AcDbArc
 50
40.6113307115
 51
176.5094168344
  0
ARC
  5
CBD
330
1B
100
AcDbEntity
 67
     1
  8
0
  6
Continuous
 62
     7
370
    25
100
AcDbCircle
 10
1.0493871432
 20
-3.1771180009
 30
0.0
 40
0.6049999999999613
100
AcDbArc
 50
314.0667408086
 51
356.5094168344
  0
ARC
  5
CBE
330
1B
100
AcDbEntity
 67
     1
  8
0
  6
Continuous
 62
     7
370
    25
100
AcDbCircle
 10
1.5744864871
 20
-3.719608258
 30
0.0
 40
0.1500000000000014
100
AcDbArc
 50
134.0667408086
 51
269.1977671914
  0
ARC
  5
CBF
330
1B
100
AcDbEntity
 67
     1
  8
0
  6
Continuous
 62
     7
370
    25
100
AcDbCircle
 10
-0.9275390514
 20
-0.2173891011
 30
0.0
 40
0.0499999999999972
100
AcDbArc
 50
164.9693889014
 51
290.4077181179
  0
ARC
  5
CC0
330
1B
100
AcDbEntity
 67
     1
  8
0
  6
Continuous
 62
     7
370
    25
100
AcDbCircle
 10
-5.0215316967
 20
10.7864881168
 30
0.0
 40
11.79078743559387
100
AcDbArc
 50
290.4077181179
 51
296.2970623953
  0
ARC
  5
CC1
330
1B
100
AcDbEntity
 67
     1
  8
0
  6
Continuous
 62
     7
370
    25
100
AcDbCircle
 10
0.1535320177
 20
0.3247299831
 30
0.0
 40
0.1191333468268518
100
AcDbArc
 50
294.0508987849
 51
93.5678176843
  0
ARC
  5
CC2
330
1B
100
AcDbEntity
 67
     1
  8
0
  6
Continuous
 62
     7
370
    25
100
AcDbCircle
 10
-2.4623592963
 20
42.2791604268
 30
0.0
 40
41.91676941766517
100
AcDbArc
 50
272.4028994699
 51
273.5678176847
  0
ARC
  5
CC3
330
1B
100
AcDbEntity
 67
     1
  8
0
  6
Continuous
 62
     7
370
    25
100
AcDbCircle
 10
-0.6986588949
 20
0.2493799119
 30
0.0
 40
0.150000000000003
100
AcDbArc
 50
92.4028994699
 51
164.9693889014
  0
ARC
  5
CC4
330
1B
100
AcDbEntity
 67
     1
  8
0
  6
Continuous
 62
     7
370
    25
100
AcDbCircle
 10
-1.0115158136
 20
0.33747724
 30
0.0
 40
0.0499999999999952
100
AcDbArc
 50
344.9693889053
 51
91.9811812273
  0
ARC
  5
CC5
330
1B
100
AcDbEntity
 67
     1
  8
0
  6
Continuous
 62
     7
370
    25
100
AcDbCircle
 10
-2.4623592963
 20
42.2791604261
 30
0.0
 40
41.91676941690557
100
AcDbArc
 50
270.7277219852
 51
271.9811812273
  0
ARC
  5
CC6
330
1B
100
AcDbEntity
 67
     1
  8
0
  6
Continuous
 62
     7
370
    25
100
AcDbCircle
 10
-1.9293476172
 20
0.3157759839
 30
0.0
 40
0.0500000000000017
100
AcDbArc
 50
90.7277219852
 51
233.3548856608
  0
ARC
  5
CC7
330
1B
100
AcDbEntity
 67
     1
  8
0
  6
Continuous
 62
     7
370
    25
100
AcDbCircle
 10
-1.169185593
 20
-0.2496993776
 30
0.0
 40
0.0500000000000024
100
AcDbArc
 50
233.3548856608
 51
344.9693889053
  0
ARC
  5
CC8
330
1B
100
AcDbEntity
 67
     1
  8
0
  6
Continuous
 62
     7
370
    25
100
AcDbCircle
 10
-2.3039991623
 20
-0.6282452806
 30
0.0
 40
0.049999999999999
100
AcDbArc
 50
177.0
 51
283.5185828479
  0
ARC
  5
CC9
330
1B
100
AcDbEntity
 67
     1
  8
0
  6
Continuous
 62
     7
370
    25
100
AcDbCircle
 10
-5.5430882638
 20
12.8442807011
 30
0.0
 40
13.90643007907885
100
AcDbArc
 50
283.5185828479
 51
287.4788512947
  0
ARC
  5
CCA
330
1B
100
AcDbEntity
 67
     1
  8
0
  6
Continuous
 62
     7
370
    25
100
AcDbCircle
 10
-1.3812575524
 20
-0.3723686347
 30
0.0
 40
0.0499999999999997
100
AcDbArc
 50
287.4788512947
 51
53.3548856608
  0
ARC
  5
CCB
330
1B
100
AcDbEntity
 67
     1
  8
0
  6
Continuous
 62
     7
370
    25
100
AcDbCircle
 10
-2.256468679
 20
0.2786903665
 30
0.0
 40
0.0499999999999995
100
AcDbArc
 50
53.3548856608
 51
177.0
  0
ARC
  5
CCC
330
1B
100
AcDbEntity
 67
     1
  8
0
  6
Continuous
 62
     7
370
    25
100
AcDbCircle
 10
-5.8456013612
 20
-0.2469398983
 30
0.0
 40
0.604999999999949
100
AcDbArc
 50
297.3434231609
 51
354.427350043
  0
ARC
  5
CCD
330
1B
100
AcDbEntity
 67
     1
  8
0
  6
Continuous
 62
     7
370
    25
100
AcDbCircle
 10
-5.4988125827
 20
-0.9175832783
 30
0.0
 40
0.150000000000001
100
AcDbArc
 50
117.3434231609
 51
268.9534332213
  0
ARC
  5
CCE
330
1B
100
AcDbEntity
 67
     1
  8
0
  6
Continuous
 62
     7
370
    25
100
AcDbCircle
 10
-5.3337206959
 20
8.1196005042
 30
0.0
 40
9.188691611667574
100
AcDbArc
 50
268.9534332213
 51
274.2698031635
  0
ARC
  5
CCF
330
1B
100
AcDbEntity
 67
     1
  8
0
  6
Continuous
 62
     7
370
    25
100
AcDbCircle
 10
-4.6533161747
 20
-0.9937267729
 30
0.0
 40
0.0500000000000011
100
AcDbArc
 50
274.2698031635
 51
38.3431937413
  0
ARC
  5
CD0
330
1B
100
AcDbEntity
 67
     1
  8
0
  6
Continuous
 62
     7
370
    25
100
AcDbCircle
 10
-5.1936969779
 20
-0.3105455195
 30
0.0
 40
0.0500000000000015
100
AcDbArc
 50
38.3431937413
 51
174.427350043
  0
ARC
  5
CD1
330
1B
100
AcDbEntity
 67
     1
  8
0
  6
Continuous
 62
     7
370
    25
100
AcDbCircle
 10
-6.1384929697
 20
-0.9836635218
 30
0.0
 40
0.0499999999999975
100
AcDbArc
 50
264.7773432858
 51
39.6113307116
  0
ARC
  5
CD2
330
1B
100
AcDbEntity
 67
     1
  8
0
  6
Continuous
 62
     7
370
    25
100
AcDbCircle
 10
-7.1942433907
 20
0.2920057807
 30
0.0
 40
0.0500000000000015
100
AcDbArc
 50
39.6113307116
 51
177.0
  0
ARC
  5
CD3
330
1B
100
AcDbEntity
 67
     1
  8
0
  6
Continuous
 62
     7
370
    25
100
AcDbCircle
 10
-7.3435456633
 20
-0.168435964
 30
0.0
 40
0.1590551181102329
100
AcDbArc
 50
295.133960405
 51
58.866039595
  0
ARC
  5
CD4
330
1B
100
AcDbEntity
 67
     1
  8
0
  6
Continuous
 62
     7
370
    25
100
AcDbCircle
 10
-7.2540549601
 20
-0.849266951
 30
0.0
 40
0.0500000000000033
100
AcDbArc
 50
177.0
 51
261.4835315449
  0
ARC
  5
CD5
330
1B
100
AcDbEntity
 67
     1
  8
0
  6
Continuous
 62
     7
370
    25
100
AcDbCircle
 10
-4.359092588
 20
18.4833653749
 30
0.0
 40
19.59818354182008
100
AcDbArc
 50
261.4835315449
 51
264.7773432858
  0
ARC
  5
CD6
330
1B
100
AcDbEntity
 67
     1
  8
0
  6
Continuous
 62
     7
370
    25
100
AcDbCircle
 10
-2.7473537731
 20
0.3132820626
 30
0.0
 40
0.0500000000000062
100
AcDbArc
 50
308.1123107958
 51
89.6777124647
  0
ARC
  5
CD7
330
1B
100
AcDbEntity
 67
     1
  8
0
  6
Continuous
 62
     7
370
    25
100
AcDbCircle
 10
-2.3713372315
 20
67.1602161682
 30
0.0
 40
66.7979916509493
100
AcDbArc
 50
268.44293119
 51
269.6777124646
  0
ARC
  5
CD8
330
1B
100
AcDbEntity
 67
     1
  8
0
  6
Continuous
 62
     7
370
    25
100
AcDbCircle
 10
-4.1877731404
 20
0.336907747
 30
0.0
 40
0.0499999999999836
100
AcDbArc
 50
88.44293119
 51
177.0
  0
ARC
  5
CD9
330
1B
100
AcDbEntity
 67
     1
  8
0
  6
Continuous
 62
     7
370
    25
100
AcDbCircle
 10
-4.347657059
 20
-0.3254438327
 30
0.0
 40
0.1590551181102343
100
AcDbArc
 50
295.133960405
 51
58.866039595
  0
ARC
  5
CDA
330
1B
100
AcDbEntity
 67
     1
  8
0
  6
Continuous
 62
     7
370
    25
100
AcDbCircle
 10
-4.2508205347
 20
-0.8661082012
 30
0.0
 40
0.0500000000000031
100
AcDbArc
 50
177.0
 51
308.1123107958
  0
ARC
  5
CDB
330
1B
100
AcDbEntity
 67
     1
  8
0
  6
Continuous
 62
     7
370
    25
100
AcDbCircle
 10
-2.6279638974
 20
-0.599980827
 30
0.0
 40
0.1499999999999923
100
AcDbArc
 50
282.308733403
 51
357.0
  0
ARC
  5
CDC
330
1B
100
AcDbEntity
 67
     1
  8
0
  6
Continuous
 62
     7
370
    25
100
AcDbCircle
 10
-2.4841300852
 20
0.2337995442
 30
0.0
 40
0.0500000000000033
100
AcDbArc
 50
357.0
 51
128.1123107958
  0
ARC
  5
CDD
330
1B
100
AcDbEntity
 67
     1
  8
0
  6
Continuous
 62
     7
370
    25
100
AcDbCircle
 10
-3.9641316393
 20
-0.9271835038
 30
0.0
 40
0.0500000000000008
100
AcDbArc
 50
128.1123107958
 51
276.8830476768
  0
ARC
  5
CDE
330
1B
100
AcDbEntity
 67
     1
  8
0
  6
Continuous
 62
     7
370
    25
100
AcDbCircle
 10
-5.7071346678
 20
13.5120365713
 30
0.0
 40
14.59404125173449
100
AcDbArc
 50
276.8830476768
 51
282.308733403
  0
ARC
  5
CDF
330
1B
100
AcDbEntity
 67
     1
  8
0
  6
Continuous
 62
     7
370
    25
100
AcDbCircle
 10
-8.4438104746
 20
-6.9657422096
 30
0.0
 40
7.510792424182001
100
AcDbArc
 50
88.9792104201
 51
91.3157190707
  0
ARC
  5
CE0
330
1B
100
AcDbEntity
 67
     1
  8
0
  6
Continuous
 62
     7
370
    25
100
AcDbCircle
 10
-8.5181624477
 20
-3.7284968846
 30
0.0
 40
4.272693366078825
100
AcDbArc
 50
91.3157190707
 51
97.7901836446
  0
ARC
  5
CE1
330
1B
100
AcDbEntity
 67
     1
  8
0
  6
Continuous
 62
     7
370
    25
100
AcDbCircle
 10
-9.0697876562
 20
0.3036028926
 30
0.0
 40
0.2030350285402548
100
AcDbArc
 50
97.7901836446
 51
213.2797179312
  0
ARC
  5
CE2
330
1B
100
AcDbEntity
 67
     1
  8
0
  6
Continuous
 62
     7
370
    25
100
AcDbCircle
 10
-8.0895459595
 20
0.9470047325
 30
0.0
 40
1.375570619237126
100
AcDbArc
 50
213.2797179312
 51
233.8465907868
  0
ARC
  5
CE3
330
1B
100
AcDbEntity
 67
     1
  8
0
  6
Continuous
 62
     7
370
    25
100
AcDbCircle
 10
-6.2088887158
 20
3.5209860921
 30
0.0
 40
4.563399301569325
100
AcDbArc
 50
233.8465907868
 51
237.3643931411
  0
ARC
  5
CE4
330
1B
100
AcDbEntity
 67
     1
  8
0
  6
Continuous
 62
     7
370
    25
100
AcDbCircle
 10
-8.5890094885
 20
-0.1956143038
 30
0.0
 40
0.1500000000000072
100
AcDbArc
 50
237.3643931412
 51
309.6113307116
  0
ARC
  5
CE5
330
1B
100
AcDbEntity
 67
     1
  8
0
  6
Continuous
 62
     7
370
    25
100
AcDbCircle
 10
-7.6338307568
 20
0.465091625
 30
0.0
 40
0.0499999999999986
100
AcDbArc
 50
309.6113307116
 51
86.1536942953
  0
ARC
  5
CE6
330
1B
100
AcDbEntity
 67
     1
  8
0
  6
Continuous
 62
     7
370
    25
100
AcDbCircle
 10
-8.5557343264
 20
-13.24723836
 30
0.0
 40
13.79328562642262
100
AcDbArc
 50
86.1536942953
 51
88.9792104201
  0
ARC
  5
CE7
330
1B
100
AcDbEntity
 67
     1
  8
0
  6
Continuous
 62
     7
370
    25
100
AcDbCircle
 10
-4.4373949301
 20
0.3441498983
 30
0.0
 40
0.0499999999999989
100
AcDbArc
 50
3.6981908685
 51
88.1977671914
  0
ARC
  5
CE8
330
1B
100
AcDbEntity
 67
     1
  8
0
  6
Continuous
 62
     7
370
    25
100
AcDbCircle
 10
-5.4498681258
 20
0.3760076453
 30
0.0
 40
0.0500000000000027
100
AcDbArc
 50
88.1977671914
 51
218.3431937413
  0
ARC
  5
CE9
330
1B
100
AcDbEntity
 67
     1
  8
0
  6
Continuous
 62
     7
370
    25
100
AcDbCircle
 10
-4.4903021291
 20
-0.8535575027
 30
0.0
 40
0.0398102459850168
100
AcDbArc
 50
218.3431937413
 51
357.0
  0
ARC
  5
CEA
330
1B
100
AcDbEntity
 67
     1
  8
0
  6
Continuous
 62
     7
370
    25
100
AcDbCircle
 10
-4.347657059
 20
-0.3254438327
 30
0.0
 40
0.1590551181102375
100
AcDbArc
 50
115.133960405
 51
238.866039595
  0
ARC
  5
CEB
330
1B
100
AcDbEntity
 67
     1
  8
0
  6
Continuous
 62
     7
370
    25
100
AcDbCircle
 10
-7.4425241674
 20
0.3313569961
 30
0.0
 40
0.0500000000000028
100
AcDbArc
 50
357.0
 51
129.6113307115
  0
ARC
  5
CEC
330
1B
100
AcDbEntity
 67
     1
  8
0
  6
Continuous
 62
     7
370
    25
100
AcDbCircle
 10
-8.1982049621
 20
-0.4238531451
 30
0.0
 40
0.1500000000000024
100
AcDbArc
 50
129.6113307116
 51
240.585248563
  0
ARC
  5
CED
330
1B
100
AcDbEntity
 67
     1
  8
0
  6
Continuous
 62
     7
370
    25
100
AcDbCircle
 10
-7.1260494149
 20
1.4777714886
 30
0.0
 40
2.333046899378112
100
AcDbArc
 50
240.585248563
 51
257.6677601726
  0
ARC
  5
CEE
330
1B
100
AcDbEntity
 67
     1
  8
0
  6
Continuous
 62
     7
370
    25
100
AcDbCircle
 10
-7.5923048498
 20
-0.654902803
 30
0.0
 40
0.15
100
AcDbArc
 50
257.6677601726
 51
357.0
  0
ARC
  5
CEF
330
1B
100
AcDbEntity
 67
     1
  8
0
  6
Continuous
 62
     7
370
    25
100
AcDbCircle
 10
-7.3435456633
 20
-0.168435964
 30
0.0
 40
0.1590551181102386
100
AcDbArc
 50
115.133960405
 51
239.6967551274
  0
ARC
  5
CF0
330
1B
100
AcDbEntity
 67
     1
  8
0
  6
Continuous
 62
     7
370
    25
100
AcDbCircle
 10
-7.0123922359
 20
0.4251728952
 30
0.0
 40
0.049999999999998
100
AcDbArc
 50
88.1977671914
 51
219.6113307116
  0
ARC
  5
CF1
330
1B
100
AcDbEntity
 67
     1
  8
0
  6
Continuous
 62
     7
370
    25
100
AcDbCircle
 10
-6.4985906522
 20
-0.1956565118
 30
0.0
 40
0.0499999999999983
100
AcDbArc
 50
219.6113307116
 51
355.5094168344
  0
ARC
  5
CF2
330
1B
100
AcDbEntity
 67
     1
  8
0
  6
Continuous
 62
     7
370
    25
100
AcDbCircle
 10
-5.8456013612
 20
-0.2469398983
 30
0.0
 40
0.6049999999999628
100
AcDbArc
 50
133.0667408086
 51
175.5094168344
  0
ARC
  5
CF3
330
1B
100
AcDbEntity
 67
     1
  8
0
  6
Continuous
 62
     7
370
    25
100
AcDbCircle
 10
-6.3611529694
 20
0.3046319821
 30
0.0
 40
0.1500000000000006
100
AcDbArc
 50
313.0667408086
 51
88.1977671914
  0
ARC
  5
CF4
330
1B
100
AcDbEntity
 67
     1
  8
0
  6
Continuous
 62
     7
370
    25
100
AcDbCircle
 10
-7.9132759227
 20
1.4414760345
 30
0.0
 40
0.0499999999999977
100
AcDbArc
 50
344.9693889014
 51
110.4077181179
  0
ARC
  5
CF5
330
1B
100
AcDbEntity
 67
     1
  8
0
  6
Continuous
 62
     7
370
    25
100
AcDbCircle
 10
-3.8192832774
 20
-9.5624011835
 30
0.0
 40
11.79078743559413
100
AcDbArc
 50
110.4077181179
 51
116.2970623953
  0
ARC
  5
CF6
330
1B
100
AcDbEntity
 67
     1
  8
0
  6
Continuous
 62
     7
370
    25
100
AcDbCircle
 10
-8.9943469918
 20
0.8993569503
 30
0.0
 40
0.1191333468268521
100
AcDbArc
 50
114.0508987849
 51
273.5678176843
  0
ARC
  5
CF7
330
1B
100
AcDbEntity
 67
     1
  8
0
  6
Continuous
 62
     7
370
    25
100
AcDbCircle
 10
-6.3784556778
 20
-41.0550734935
 30
0.0
 40
41.91676941769689
100
AcDbArc
 50
92.4028994699
 51
93.5678176847
  0
ARC
  5
CF8
330
1B
100
AcDbEntity
 67
     1
  8
0
  6
Continuous
 62
     7
370
    25
100
AcDbCircle
 10
-8.1421560792
 20
0.9747070214
 30
0.0
 40
0.1499999999999943
100
AcDbArc
 50
272.4028994699
 51
344.9693889014
  0
ARC
  5
CF9
330
1B
100
AcDbEntity
 67
     1
  8
0
  6
Continuous
 62
     7
370
    25
100
AcDbCircle
 10
-7.8292991605
 20
0.8866096933
 30
0.0
 40
0.0499999999999926
100
AcDbArc
 50
164.9693889053
 51
271.9811812273
  0
ARC
  5
CFA
330
1B
100
AcDbEntity
 67
     1
  8
0
  6
Continuous
 62
     7
370
    25
100
AcDbCircle
 10
-6.3784556779
 20
-41.0550734927
 30
0.0
 40
41.91676941687747
100
AcDbArc
 50
90.7277219852
 51
91.9811812273
  0
ARC
  5
CFB
330
1B
100
AcDbEntity
 67
     1
  8
0
  6
Continuous
 62
     7
370
    25
100
AcDbCircle
 10
-6.911467357
 20
0.9083109494
 30
0.0
 40
0.0500000000000021
100
AcDbArc
 50
270.7277219852
 51
53.3548856608
  0
ARC
  5
CFC
330
1B
100
AcDbEntity
 67
     1
  8
0
  6
Continuous
 62
     7
370
    25
100
AcDbCircle
 10
-7.6716293811
 20
1.4737863109
 30
0.0
 40
0.0500000000000011
100
AcDbArc
 50
53.3548856608
 51
164.9693889053
  0
ARC
  5
CFD
330
1B
100
AcDbEntity
 67
     1
  8
0
  6
Continuous
 62
     7
370
    25
100
AcDbCircle
 10
-6.5368158119
 20
1.8523322139
 30
0.0
 40
0.0499999999999995
100
AcDbArc
 50
357.0
 51
103.5185828479
  0
ARC
  5
CFE
330
1B
100
AcDbEntity
 67
     1
  8
0
  6
Continuous
 62
     7
370
    25
100
AcDbCircle
 10
-3.2977267104
 20
-11.6201937678
 30
0.0
 40
13.90643007907634
100
AcDbArc
 50
103.5185828479
 51
107.4788512947
  0
ARC
  5
CFF
330
1B
100
AcDbEntity
 67
     1
  8
0
  6
Continuous
 62
     7
370
    25
100
AcDbCircle
 10
-7.4595574217
 20
1.596455568
 30
0.0
 40
0.0499999999999993
100
AcDbArc
 50
107.4788512947
 51
233.3548856608
  0
ARC
  5
D00
330
1B
100
AcDbEntity
 67
     1
  8
0
  6
Continuous
 62
     7
370
    25
100
AcDbCircle
 10
-6.5843462951
 20
0.9453965668
 30
0.0
 40
0.049999999999999
100
AcDbArc
 50
233.3548856608
 51
357.0
  0
ARC
  5
D01
330
1B
100
AcDbEntity
 67
     1
  8
0
  6
Continuous
 62
     7
370
    25
100
AcDbCircle
 10
-2.995213613
 20
1.4710268317
 30
0.0
 40
0.6049999999999459
100
AcDbArc
 50
117.3434231609
 51
174.427350043
  0
ARC
  5
D02
330
1B
100
AcDbEntity
 67
     1
  8
0
  6
Continuous
 62
     7
370
    25
100
AcDbCircle
 10
-3.3420023914
 20
2.1416702117
 30
0.0
 40
0.1500000000000009
100
AcDbArc
 50
297.3434231609
 51
88.9534332213
  0
ARC
  5
D03
330
1B
100
AcDbEntity
 67
     1
  8
0
  6
Continuous
 62
     7
370
    25
100
AcDbCircle
 10
-3.5070942782
 20
-6.8955135709
 30
0.0
 40
9.188691611667966
100
AcDbArc
 50
88.9534332213
 51
94.2698031635
  0
ARC
  5
D04
330
1B
100
AcDbEntity
 67
     1
  8
0
  6
Continuous
 62
     7
370
    25
100
AcDbCircle
 10
-4.1874987995
 20
2.2178137063
 30
0.0
 40
0.0500000000000015
100
AcDbArc
 50
94.2698031635
 51
218.3431937413
  0
ARC
  5
D05
330
1B
100
AcDbEntity
 67
     1
  8
0
  6
Continuous
 62
     7
370
    25
100
AcDbCircle
 10
-3.6471179963
 20
1.5346324528
 30
0.0
 40
0.0500000000000018
100
AcDbArc
 50
218.3431937413
 51
354.427350043
  0
ARC
  5
D06
330
1B
100
AcDbEntity
 67
     1
  8
0
  6
Continuous
 62
     7
370
    25
100
AcDbCircle
 10
-2.7023220044
 20
2.2077504551
 30
0.0
 40
0.0499999999999977
100
AcDbArc
 50
84.7773432858
 51
219.6113307116
  0
ARC
  5
D07
330
1B
100
AcDbEntity
 67
     1
  8
0
  6
Continuous
 62
     7
370
    25
100
AcDbCircle
 10
-1.6465715834
 20
0.9320811526
 30
0.0
 40
0.0500000000000016
100
AcDbArc
 50
219.6113307116
 51
357.0
  0
ARC
  5
D08
330
1B
100
AcDbEntity
 67
     1
  8
0
  6
Continuous
 62
     7
370
    25
100
AcDbCircle
 10
-1.4972693108
 20
1.3925228973
 30
0.0
 40
0.1590551181102336
100
AcDbArc
 50
115.133960405
 51
238.866039595
  0
ARC
  5
D09
330
1B
100
AcDbEntity
 67
     1
  8
0
  6
Continuous
 62
     7
370
    25
100
AcDbCircle
 10
-1.586760014
 20
2.0733538843
 30
0.0
 40
0.0500000000000025
100
AcDbArc
 50
357.0
 51
81.4835315449
  0
ARC
  5
D0A
330
1B
100
AcDbEntity
 67
     1
  8
0
  6
Continuous
 62
     7
370
    25
100
AcDbCircle
 10
-4.4817223861
 20
-17.2592784416
 30
0.0
 40
19.59818354182048
100
AcDbArc
 50
81.4835315449
 51
84.7773432858
  0
ARC
  5
D0B
330
1B
100
AcDbEntity
 67
     1
  8
0
  6
Continuous
 62
     7
370
    25
100
AcDbCircle
 10
-6.093461201
 20
0.9108048708
 30
0.0
 40
0.0500000000000065
100
AcDbArc
 50
128.1123107958
 51
269.6777124647
  0
ARC
  5
D0C
330
1B
100
AcDbEntity
 67
     1
  8
0
  6
Continuous
 62
     7
370
    25
100
AcDbCircle
 10
-6.4694777426
 20
-65.9361292348
 30
0.0
 40
66.79799165088481
100
AcDbArc
 50
88.44293119
 51
89.6777124646
  0
ARC
  5
D0D
330
1B
100
AcDbEntity
 67
     1
  8
0
  6
Continuous
 62
     7
370
    25
100
AcDbCircle
 10
-4.6530418337
 20
0.8871791863
 30
0.0
 40
0.0499999999999813
100
AcDbArc
 50
268.44293119
 51
357.0
  0
ARC
  5
D0E
330
1B
100
AcDbEntity
 67
     1
  8
0
  6
Continuous
 62
     7
370
    25
100
AcDbCircle
 10
-4.4931579151
 20
1.549530766
 30
0.0
 40
0.1590551181102361
100
AcDbArc
 50
115.133960405
 51
238.866039595
  0
ARC
  5
D0F
330
1B
100
AcDbEntity
 67
     1
  8
0
  6
Continuous
 62
     7
370
    25
100
AcDbCircle
 10
-4.5899944395
 20
2.0901951346
 30
0.0
 40
0.050000000000003
100
AcDbArc
 50
357.0
 51
128.1123107958
  0
ARC
  5
D10
330
1B
100
AcDbEntity
 67
     1
  8
0
  6
Continuous
 62
     7
370
    25
100
AcDbCircle
 10
-6.2128510767
 20
1.8240677603
 30
0.0
 40
0.1499999999999942
100
AcDbArc
 50
102.308733403
 51
177.0
  0
ARC
  5
D11
330
1B
100
AcDbEntity
 67
     1
  8
0
  6
Continuous
 62
     7
370
    25
100
AcDbCircle
 10
-6.356684889
 20
0.9902873891
 30
0.0
 40
0.0500000000000038
100
AcDbArc
 50
177.0
 51
308.1123107958
  0
ARC
  5
D12
330
1B
100
AcDbEntity
 67
     1
  8
0
  6
Continuous
 62
     7
370
    25
100
AcDbCircle
 10
-4.8766833348
 20
2.1512704371
 30
0.0
 40
0.0500000000000008
100
AcDbArc
 50
308.1123107958
 51
96.8830476768
  0
ARC
  5
D13
330
1B
100
AcDbEntity
 67
     1
  8
0
  6
Continuous
 62
     7
370
    25
100
AcDbCircle
 10
-3.1336803064
 20
-12.2879496379
 30
0.0
 40
14.59404125173326
100
AcDbArc
 50
96.8830476768
 51
102.308733403
  0
ARC
  5
D14
330
1B
100
AcDbEntity
 67
     1
  8
0
  6
Continuous
 62
     7
370
    25
100
AcDbCircle
 10
-0.3970044995
 20
8.189829143
 30
0.0
 40
7.510792424184014
100
AcDbArc
 50
268.9792104201
 51
271.3157190707
  0
ARC
  5
D15
330
1B
100
AcDbEntity
 67
     1
  8
0
  6
Continuous
 62
     7
370
    25
100
AcDbCircle
 10
-0.3226525265
 20
4.952583818
 30
0.0
 40
4.272693366078766
100
AcDbArc
 50
271.3157190707
 51
277.7901836446
  0
ARC
  5
D16
330
1B
100
AcDbEntity
 67
     1
  8
0
  6
Continuous
 62
     7
370
    25
100
AcDbCircle
 10
0.2289726821
 20
0.9204840407
 30
0.0
 40
0.2030350285402546
100
AcDbArc
 50
277.7901836446
 51
33.2797179312
  0
ARC
  5
D17
330
1B
100
AcDbEntity
 67
     1
  8
0
  6
Continuous
 62
     7
370
    25
100
AcDbCircle
 10
-0.7512690146
 20
0.2770822009
 30
0.0
 40
1.375570619237216
100
AcDbArc
 50
33.2797179312
 51
53.8465907868
  0
ARC
  5
D18
330
1B
100
AcDbEntity
 67
     1
  8
0
  6
Continuous
 62
     7
370
    25
100
AcDbCircle
 10
-2.6319262584
 20
-2.2968991587
 30
0.0
 40
4.563399301569726
100
AcDbArc
 50
53.8465907868
 51
57.3643931411
  0
ARC
  5
D19
330
1B
100
AcDbEntity
 67
     1
  8
0
  6
Continuous
 62
     7
370
    25
100
AcDbCircle
 10
-0.2518054856
 20
1.4197012371
 30
0.0
 40
0.1500000000000052
100
AcDbArc
 50
57.3643931411
 51
129.6113307116
  0
ARC
  5
D1A
330
1B
100
AcDbEntity
 67
     1
  8
0
  6
Continuous
 62
     7
370
    25
100
AcDbCircle
 10
-1.2069842173
 20
0.7589953084
 30
0.0
 40
0.0499999999999993
100
AcDbArc
 50
129.6113307116
 51
266.1536942953
  0
ARC
  5
D1B
330
1B
100
AcDbEntity
 67
     1
  8
0
  6
Continuous
 62
     7
370
    25
100
AcDbCircle
 10
-0.2850806477
 20
14.4713252934
 30
0.0
 40
13.79328562642458
100
AcDbArc
 50
266.1536942953
 51
268.9792104201
  0
ARC
  5
D1C
330
1B
100
AcDbEntity
 67
     1
  8
0
  6
Continuous
 62
     7
370
    25
100
AcDbCircle
 10
-4.403420044
 20
0.879937035
 30
0.0
 40
0.0500000000000025
100
AcDbArc
 50
183.6981908685
 51
268.1977671914
  0
ARC
  5
D1D
330
1B
100
AcDbEntity
 67
     1
  8
0
  6
Continuous
 62
     7
370
    25
100
AcDbCircle
 10
-3.3909468483
 20
0.848079288
 30
0.0
 40
0.0500000000000021
100
AcDbArc
 50
268.1977671914
 51
38.3431937413
  0
ARC
  5
D1E
330
1B
100
AcDbEntity
 67
     1
  8
0
  6
Continuous
 62
     7
370
    25
100
AcDbCircle
 10
-4.3505128451
 20
2.077644436
 30
0.0
 40
0.0398102459850158
100
AcDbArc
 50
38.3431937413
 51
177.0
  0
ARC
  5
D1F
330
1B
100
AcDbEntity
 67
     1
  8
0
  6
Continuous
 62
     7
370
    25
100
AcDbCircle
 10
-4.4931579151
 20
1.549530766
 30
0.0
 40
0.1590551181102386
100
AcDbArc
 50
295.133960405
 51
58.866039595
  0
ARC
  5
D20
330
1B
100
AcDbEntity
 67
     1
  8
0
  6
Continuous
 62
     7
370
    25
100
AcDbCircle
 10
-1.3982908067
 20
0.8927299372
 30
0.0
 40
0.0500000000000029
100
AcDbArc
 50
177.0
 51
309.6113307116
  0
ARC
  5
D21
330
1B
100
AcDbEntity
 67
     1
  8
0
  6
Continuous
 62
     7
370
    25
100
AcDbCircle
 10
-0.642610012
 20
1.6479400784
 30
0.0
 40
0.1500000000000032
100
AcDbArc
 50
309.6113307116
 51
60.585248563
  0
ARC
  5
D22
330
1B
100
AcDbEntity
 67
     1
  8
0
  6
Continuous
 62
     7
370
    25
100
AcDbCircle
 10
-1.7147655592
 20
-0.2536845553
 30
0.0
 40
2.333046899378088
100
AcDbArc
 50
60.585248563
 51
77.6677601726
  0
ARC
  5
D23
330
1B
100
AcDbEntity
 67
     1
  8
0
  6
Continuous
 62
     7
370
    25
100
AcDbCircle
 10
-1.2485101243
 20
1.8789897364
 30
0.0
 40
0.1500000000000016
100
AcDbArc
 50
77.6677601726
 51
177.0
  0
ARC
  5
D24
330
1B
100
AcDbEntity
 67
     1
  8
0
  6
Continuous
 62
     7
370
    25
100
AcDbCircle
 10
-1.4972693108
 20
1.3925228973
 30
0.0
 40
0.159055118110238
100
AcDbArc
 50
295.133960405
 51
59.6967551274
  0
ARC
  5
D25
330
1B
100
AcDbEntity
 67
     1
  8
0
  6
Continuous
 62
     7
370
    25
100
AcDbCircle
 10
-1.8284227382
 20
0.7989140381
 30
0.0
 40
0.0499999999999986
100
AcDbArc
 50
268.1977671914
 51
39.6113307116
  0
ARC
  5
D26
330
1B
100
AcDbEntity
 67
     1
  8
0
  6
Continuous
 62
     7
370
    25
100
AcDbCircle
 10
-2.3422243219
 20
1.4197434452
 30
0.0
 40
0.0499999999999967
100
AcDbArc
 50
39.6113307115
 51
175.5094168344
  0
ARC
  5
D27
330
1B
100
AcDbEntity
 67
     1
  8
0
  6
Continuous
 62
     7
370
    25
100
AcDbCircle
 10
-2.995213613
 20
1.4710268317
 30
0.0
 40
0.6049999999999605
100
AcDbArc
 50
313.0667408086
 51
355.5094168344
  0
ARC
  5
D28
330
1B
100
AcDbEntity
 67
     1
  8
0
  6
Continuous
 62
     7
370
    25
100
AcDbCircle
 10
-2.4796620047
 20
0.9194549513
 30
0.0
 40
0.1500000000000017
100
AcDbArc
 50
133.0667408086
 51
268.1977671914
  0
ARC
  5
D29
330
1B
100
AcDbEntity
 67
     1
  8
0
  6
Continuous
 62
     7
370
    25
100
AcDbCircle
 10
7.9996492906
 20
2.2652100106
 30
0.0
 40
0.0999999999999686
100
AcDbArc
 50
88.4890178799
 51
183.5576715008
  0
ARC
  5
D2A
330
1B
100
AcDbEntity
 67
     1
  8
0
  6
Continuous
 62
     7
370
    25
100
AcDbCircle
 10
8.0502827757
 20
1.4508134004
 30
0.0
 40
0.1000000000000074
100
AcDbArc
 50
183.5576715008
 51
283.8498926898
  0
ARC
  5
D2B
330
1B
100
AcDbEntity
 67
     1
  8
0
  6
Continuous
 62
     7
370
    25
100
AcDbCircle
 10
10.0646639101
 20
2.0873784714
 30
0.0
 40
0.1000000000002275
100
AcDbArc
 50
291.0812302214
 51
3.5576715008
  0
ARC
  5
D2C
330
1B
100
AcDbEntity
 67
     1
  8
0
  6
Continuous
 62
     7
370
    25
100
AcDbCircle
 10
10.0542113925
 20
2.2554983412
 30
0.0
 40
0.1000000000000379
100
AcDbArc
 50
3.5576715009
 51
92.523010157
  0
ARC
  5
D2D
330
1B
100
AcDbEntity
 67
     1
  8
0
  6
Continuous
 62
     7
370
    25
100
AcDbCircle
 10
1.182656161
 20
2.1947965778
 30
0.0
 40
0.0999999999999923
100
AcDbArc
 50
225.2859299681
 51
341.9530795774
  0
ARC
  5
D2E
330
1B
100
AcDbEntity
 67
     1
  8
0
  6
Continuous
 62
     7
370
    25
100
AcDbCircle
 10
1.3315383764
 20
2.6517353468
 30
0.0
 40
0.1000000000000287
100
AcDbArc
 50
341.9530795774
 51
90.8162349726
  0
ARC
  5
D2F
330
1B
100
AcDbEntity
 67
     1
  8
0
  6
Continuous
 62
     7
370
    25
100
AcDbCircle
 10
5.7387836482
 20
2.3700974734
 30
0.0
 40
0.0999999999999522
100
AcDbArc
 50
86.2438427243
 51
183.5576715008
  0
ARC
  5
D30
330
1B
100
AcDbEntity
 67
     1
  8
0
  6
Continuous
 62
     7
370
    25
100
AcDbCircle
 10
5.8165324564
 20
1.1195739158
 30
0.0
 40
0.1000000000002165
100
AcDbArc
 50
183.5576715009
 51
272.8441787168
  0
ARC
  5
D31
330
1B
100
AcDbEntity
 67
     1
  8
0
  6
Continuous
 62
     7
370
    25
100
AcDbCircle
 10
6.3857687126
 20
1.1615111924
 30
0.0
 40
0.1000000000000344
100
AcDbArc
 50
275.6174002121
 51
3.5576715008
  0
ARC
  5
D32
330
1B
100
AcDbEntity
 67
     1
  8
0
  6
Continuous
 62
     7
370
    25
100
AcDbCircle
 10
6.3128330352
 20
2.3346196278
 30
0.0
 40
0.0999999999999329
100
AcDbArc
 50
3.5576715008
 51
86.714523647
  0
ARC
  5
D33
330
1B
100
AcDbEntity
 67
     1
  8
0
  6
Continuous
 62
     7
370
    25
100
AcDbCircle
 10
1.8680921488
 20
2.6324010701
 30
0.0
 40
0.1000000000000041
100
AcDbArc
 50
86.485714283
 51
209.4207966178
  0
ARC
  5
D34
330
1B
100
AcDbEntity
 67
     1
  8
0
  6
Continuous
 62
     7
370
    25
100
AcDbCircle
 10
2.3374758632
 20
1.8000856979
 30
0.0
 40
0.0999999999999869
100
AcDbArc
 50
209.4207966179
 51
3.5576691779
  0
ARC
  5
D35
330
1B
100
AcDbEntity
 67
     1
  8
0
  6
Continuous
 62
     7
370
    25
100
AcDbCircle
 10
2.2874428555
 20
2.6048246672
 30
0.0
 40
0.0999999999998066
100
AcDbArc
 50
3.5576691778
 51
86.0903159364
  0
ARC
  5
D36
330
1B
100
AcDbEntity
 67
     1
  8
0
  6
Continuous
 62
     7
370
    25
100
AcDbCircle
 10
2.096159164
 20
1.6172662256
 30
0.0
 40
0.0999999999999863
100
AcDbArc
 50
246.7292726795
 51
29.4207966179
  0
ARC
  5
D37
330
1B
100
AcDbEntity
 67
     1
  8
0
  6
Continuous
 62
     7
370
    25
100
AcDbCircle
 10
1.5978855938
 20
2.5008093466
 30
0.0
 40
0.1000000000000411
100
AcDbArc
 50
29.4207966179
 51
161.9530795773
  0
ARC
  5
D38
330
1B
100
AcDbEntity
 67
     1
  8
0
  6
Continuous
 62
     7
370
    25
100
AcDbCircle
 10
1.4305553827
 20
1.9872512936
 30
0.0
 40
0.1000000000001828
100
AcDbArc
 50
161.9530795774
 51
234.1125551727
  0
ARC
  5
D39
330
1B
100
AcDbEntity
 67
     1
  8
0
  6
Continuous
 62
     7
370
    25
100
AcDbCircle
 10
2.637400044
 20
3.0687363455
 30
0.0
 40
0.0999999999999985
100
AcDbArc
 50
268.4890178799
 51
3.5576715008
  0
ARC
  5
D3A
330
1B
100
AcDbEntity
 67
     1
  8
0
  6
Continuous
 62
     7
370
    25
100
AcDbCircle
 10
2.5867665589
 20
3.8831329557
 30
0.0
 40
0.1000000000000421
100
AcDbArc
 50
3.5576715008
 51
103.8498926897
  0
ARC
  5
D3B
330
1B
100
AcDbEntity
 67
     1
  8
0
  6
Continuous
 62
     7
370
    25
100
AcDbCircle
 10
0.5723854245
 20
3.2465678848
 30
0.0
 40
0.1000000000002278
100
AcDbArc
 50
111.0812302214
 51
183.5576715008
  0
ARC
  5
D3C
330
1B
100
AcDbEntity
 67
     1
  8
0
  6
Continuous
 62
     7
370
    25
100
AcDbCircle
 10
0.5828379421
 20
3.078448015
 30
0.0
 40
0.1000000000000404
100
AcDbArc
 50
183.5576715009
 51
272.523010157
  0
ARC
  5
D3D
330
1B
100
AcDbEntity
 67
     1
  8
0
  6
Continuous
 62
     7
370
    25
100
AcDbCircle
 10
9.4543931735
 20
3.1391497784
 30
0.0
 40
0.0999999999999938
100
AcDbArc
 50
45.2859299682
 51
161.9530795774
  0
ARC
  5
D3E
330
1B
100
AcDbEntity
 67
     1
  8
0
  6
Continuous
 62
     7
370
    25
100
AcDbCircle
 10
9.3055109582
 20
2.6822110094
 30
0.0
 40
0.1000000000000291
100
AcDbArc
 50
161.9530795774
 51
270.8162349726
  0
ARC
  5
D3F
330
1B
100
AcDbEntity
 67
     1
  8
0
  6
Continuous
 62
     7
370
    25
100
AcDbCircle
 10
4.8982656864
 20
2.9638488828
 30
0.0
 40
0.099999999999938
100
AcDbArc
 50
266.2438427243
 51
3.5576715008
  0
ARC
  5
D40
330
1B
100
AcDbEntity
 67
     1
  8
0
  6
Continuous
 62
     7
370
    25
100
AcDbCircle
 10
4.8205168782
 20
4.2143724404
 30
0.0
 40
0.1000000000002149
100
AcDbArc
 50
3.5576715009
 51
92.8441787168
  0
ARC
  5
D41
330
1B
100
AcDbEntity
 67
     1
  8
0
  6
Continuous
 62
     7
370
    25
100
AcDbCircle
 10
4.2512806219
 20
4.1724351638
 30
0.0
 40
0.1000000000000193
100
AcDbArc
 50
95.6174002121
 51
183.5576715008
  0
ARC
  5
D42
330
1B
100
AcDbEntity
 67
     1
  8
0
  6
Continuous
 62
     7
370
    25
100
AcDbCircle
 10
4.3242162993
 20
2.9993267284
 30
0.0
 40
0.0999999999999311
100
AcDbArc
 50
183.5576715008
 51
266.714523647
  0
ARC
  5
D43
330
1B
100
AcDbEntity
 67
     1
  8
0
  6
Continuous
 62
     7
370
    25
100
AcDbCircle
 10
8.7689571858
 20
2.7015452861
 30
0.0
 40
0.1000000000000058
100
AcDbArc
 50
266.485714283
 51
29.4207966178
  0
ARC
  5
D44
330
1B
100
AcDbEntity
 67
     1
  8
0
  6
Continuous
 62
     7
370
    25
100
AcDbCircle
 10
8.2995734713
 20
3.5338606583
 30
0.0
 40
0.0999999999999759
100
AcDbArc
 50
29.4207966178
 51
183.5576691779
  0
ARC
  5
D45
330
1B
100
AcDbEntity
 67
     1
  8
0
  6
Continuous
 62
     7
370
    25
100
AcDbCircle
 10
8.3496064791
 20
2.729121689
 30
0.0
 40
0.0999999999998586
100
AcDbArc
 50
183.5576691778
 51
266.0903159364
  0
ARC
  5
D46
330
1B
100
AcDbEntity
 67
     1
  8
0
  6
Continuous
 62
     7
370
    25
100
AcDbCircle
 10
8.5408901706
 20
3.7166801306
 30
0.0
 40
0.0999999999999828
100
AcDbArc
 50
66.7292726795
 51
209.4207966179
  0
ARC
  5
D47
330
1B
100
AcDbEntity
 67
     1
  8
0
  6
Continuous
 62
     7
370
    25
100
AcDbCircle
 10
9.0391637408
 20
2.8331370095
 30
0.0
 40
0.1000000000000368
100
AcDbArc
 50
209.4207966179
 51
341.9530795773
  0
ARC
  5
D48
330
1B
100
AcDbEntity
 67
     1
  8
0
  6
Continuous
 62
     7
370
    25
100
AcDbCircle
 10
9.2064939518
 20
3.3466950625
 30
0.0
 40
0.1000000000001786
100
AcDbArc
 50
341.9530795774
 51
54.1125551727
  0
ARC
  5
D49
330
1B
100
AcDbEntity
 67
     1
  8
0
  6
Continuous
 62
     7
370
    25
100
AcDbCircle
 10
-0.7379508557
 20
4.0578864794
 30
0.0
 40
0.100000000000015
100
AcDbArc
 50
1.5576715008
 51
93.4669996322
  0
ARC
  5
D4A
330
1B
100
AcDbEntity
 67
     1
  8
0
  6
Continuous
 62
     7
370
    25
100
AcDbCircle
 10
-2.8408623908
 20
4.0008785373
 30
0.0
 40
0.099999999999964
100
AcDbArc
 50
90.4857738183
 51
181.5576715008
  0
ARC
  5
D4B
330
1B
100
AcDbEntity
 67
     1
  8
0
  6
Continuous
 62
     7
370
    25
100
AcDbCircle
 10
-2.8306467324
 20
3.6252088888
 30
0.0
 40
0.1000000000001123
100
AcDbArc
 50
181.5576715009
 51
278.5582930691
  0
ARC
  5
D4C
330
1B
100
AcDbEntity
 67
     1
  8
0
  6
Continuous
 62
     7
370
    25
100
AcDbCircle
 10
-0.7362956144
 20
3.9970167938
 30
0.0
 40
0.0999999999999309
100
AcDbArc
 50
281.7952585861
 51
1.5576715009
  0
ARC
  5
D4D
330
1B
100
AcDbEntity
 67
     1
  8
0
  6
Continuous
 62
     7
370
    25
100
AcDbCircle
 10
-8.3882518232
 20
3.7593388023
 30
0.0
 40
0.1000000000000508
100
AcDbArc
 50
245.414499852
 51
1.5576715008
  0
ARC
  5
D4E
330
1B
100
AcDbEntity
 67
     1
  8
0
  6
Continuous
 62
     7
370
    25
100
AcDbCircle
 10
-8.3974231114
 20
4.09660288
 30
0.0
 40
0.0999999999998531
100
AcDbArc
 50
1.5576715007
 51
91.3049228003
  0
ARC
  5
D4F
330
1B
100
AcDbEntity
 67
     1
  8
0
  6
Continuous
 62
     7
370
    25
100
AcDbCircle
 10
-8.8474627182
 20
4.0884248817
 30
0.0
 40
0.0999999992637193
100
AcDbArc
 50
90.4906403003
 51
91.2609065481
  0
ARC
  5
D50
330
1B
100
AcDbEntity
 67
     1
  8
0
  6
Continuous
 62
     7
370
    25
100
AcDbCircle
 10
-3.5246019842
 20
2.926682743
 30
0.0
 40
0.1000000000000226
100
AcDbArc
 50
1.5576715008
 51
93.4669996322
  0
ARC
  5
D51
330
1B
100
AcDbEntity
 67
     1
  8
0
  6
Continuous
 62
     7
370
    25
100
AcDbCircle
 10
-5.6275135193
 20
2.869674801
 30
0.0
 40
0.0999999999999444
100
AcDbArc
 50
90.4857738183
 51
181.5576715008
  0
ARC
  5
D52
330
1B
100
AcDbEntity
 67
     1
  8
0
  6
Continuous
 62
     7
370
    25
100
AcDbCircle
 10
-5.6172978609
 20
2.4940051525
 30
0.0
 40
0.1000000000001162
100
AcDbArc
 50
181.5576715009
 51
278.5582930691
  0
ARC
  5
D53
330
1B
100
AcDbEntity
 67
     1
  8
0
  6
Continuous
 62
     7
370
    25
100
AcDbCircle
 10
-3.5229467429
 20
2.8658130575
 30
0.0
 40
0.0999999999999018
100
AcDbArc
 50
281.7952585861
 51
1.5576715009
  0
ARC
  5
D54
330
1B
100
AcDbEntity
 67
     1
  8
0
  6
Continuous
 62
     7
370
    25
100
AcDbCircle
 10
-11.1749029517
 20
2.628135066
 30
0.0
 40
0.1000000000000516
100
AcDbArc
 50
245.414499852
 51
1.5576715008
  0
ARC
  5
D55
330
1B
100
AcDbEntity
 67
     1
  8
0
  6
Continuous
 62
     7
370
    25
100
AcDbCircle
 10
-11.1840742399
 20
2.9653991437
 30
0.0
 40
0.0999999999998153
100
AcDbArc
 50
1.5576715007
 51
91.3049228003
  0
ARC
  5
D56
330
1B
100
AcDbEntity
 67
     1
  8
0
  6
Continuous
 62
     7
370
    25
100
AcDbCircle
 10
-11.6341138467
 20
2.9572211456
 30
0.0
 40
0.0999999990307279
100
AcDbArc
 50
90.4906402991
 51
91.2609065487
  0
VIEWPORT
  5
D57
330
1B
100
AcDbEntity
 67
     1
  8
0
100
AcDbViewport
 10
0.0
 20
0.0
 30
0.0
 40
8.4
 41
6.4
 68
     1
 69
     1
 12
-0.0302193275
 22
-2.0233407026
 13
0.0
 23
0.0
 14
0.5
 24
0.5
 15
0.5
 25
0.5
 16
0.0
 26
0.0
 36
1.0
 17
0.0
 27
0.0
 37
0.0
 42
50.0
 43
0.0
 44
0.0
 45
18.518472458
 50
0.0
 51
0.0
 72
   100
 90
   557152
  1

281
     0
 71
     1
 74
     0
110
0.0
120
0.0
130
0.0
111
1.0
121
0.0
131
0.0
112
0.0
122
1.0
132
0.0
 79
     0
146
0.0
  0
MTEXT
  5
D5A
330
1B
100
AcDbEntity
 67
     1
  8
0
  6
Continuous
 62
     7
100
AcDbMText
 10
-11.9446777104
 20
-8.5131125391
 30
0.0
 40
0.1903
 41
0.0
 71
     1
 72
     1
  1
SOLIDWORKS Educational Product.
  7
SLDTEXTSTYLE0
 73
     1
 44
1.0
  0
MTEXT
  5
D5B
330
1B
100
AcDbEntity
 67
     1
  8
0
  6
Continuous
 62
     7
100
AcDbMText
 10
-11.9446777104
 20
-8.7985625391
 30
0.0
 40
0.1903
 41
0.0
 71
     1
 72
     1
  1
For Instructional Use Only.
  7
SLDTEXTSTYLE0
 73
     1
 44
1.0
  0
ENDSEC
  0
SECTION
  2
OBJECTS
  0
DICTIONARY
  5
C
330
0
100
AcDbDictionary
281
     1
  3
ACAD_GROUP
350
D
  3
ACAD_LAYOUT
350
1A
  3
ACAD_MLINESTYLE
350
17
  3
ACAD_PLOTSETTINGS
350
19
  3
ACAD_PLOTSTYLENAME
350
E
  3
ACAD_SCALELIST
350
47
  3
DWGPROPS
350
D5E
  0
DICTIONARY
  5
D
102
{ACAD_REACTORS
330
C
102
}
330
C
100
AcDbDictionary
281
     1
  0
DICTIONARY
  5
1A
102
{ACAD_REACTORS
330
C
102
}
330
C
100
AcDbDictionary
281
     1
  3
_Right
350
1E
  3
Layout2
350
26
  3
Model
350
22
  0
DICTIONARY
  5
17
102
{ACAD_REACTORS
330
C
102
}
330
C
100
AcDbDictionary
281
     1
  3
Standard
350
18
  0
DICTIONARY
  5
19
102
{ACAD_REACTORS
330
C
102
}
330
C
100
AcDbDictionary
281
     1
  0
ACDBDICTIONARYWDFLT
  5
E
102
{ACAD_REACTORS
330
C
102
}
330
C
100
AcDbDictionary
281
     1
  3
Normal
350
F
100
AcDbDictionaryWithDefault
340
F
  0
DICTIONARY
  5
47
102
{ACAD_REACTORS
330
C
102
}
330
C
100
AcDbDictionary
281
     1
  3
A0
350
48
  3
A1
350
49
  3
A2
350
4A
  3
A3
350
4B
  3
A4
350
4C
  3
A5
350
4D
  3
A6
350
4E
  3
A7
350
4F
  3
A8
350
50
  3
A9
350
51
  3
B1
350
52
  3
B2
350
53
  3
B3
350
54
  3
B4
350
55
  3
B5
350
56
  3
B6
350
57
  3
B7
350
58
  0
XRECORD
  5
D5E
102
{ACAD_REACTORS
330
C
102
}
330
C
100
AcDbXrecord
280
     1
  1
DWGPROPS COOKIE
  2

  3

  4

  6

  7

  8
xxori
  9

300
=
301
=
302
=
303
=
304
=
305
=
306
=
307
=
308
=
309
=
 40
0.0
 41
2461306.908638172
 42
2461306.909073889
  1

 90
        0
  0
LAYOUT
  5
1E
102
{ACAD_REACTORS
330
1A
102
}
330
1A
100
AcDbPlotSettings
  1

  2
none_device
  4
Letter_(8.50_x_11.00_Inches)
  6

 40
6.35
 41
6.35
 42
6.35001
 43
6.35001
 44
215.9
 45
279.4
 46
0.0
 47
0.0
 48
0.0
 49
0.0
140
0.0
141
0.0
142
1.0
143
2.2694207295
 70
   688
 72
     0
 73
     1
 74
     1
  7

 75
     0
147
0.4406410795
148
303.3948138435
149
215.2134921026
100
AcDbLayout
  1
_Right
 70
     1
 71
     1
 10
-12.5120337862
 20
-9.0403273124
 11
12.4515942378
 21
10.249748888
 12
0.0
 22
0.0
 32
0.0
 14
-11.9446777104
 24
-8.47297213
 34
0.0
 15
11.8842390555
 25
4.4262907249
 35
0.0
146
0.0
 13
0.0
 23
0.0
 33
0.0
 16
1.0
 26
0.0
 36
0.0
 17
0.0
 27
1.0
 37
0.0
 76
     0
330
1B
331
D57
  0
LAYOUT
  5
26
102
{ACAD_REACTORS
330
1A
102
}
330
1A
100
AcDbPlotSettings
  1

  2
none_device
  4

  6

 40
0.0
 41
0.0
 42
0.0
 43
0.0
 44
0.0
 45
0.0
 46
0.0
 47
0.0
 48
0.0
 49
0.0
140
0.0
141
0.0
142
1.0
143
1.0
 70
   688
 72
     0
 73
     0
 74
     5
  7

 75
    16
147
1.0
148
0.0
149
0.0
100
AcDbLayout
  1
Layout2
 70
     1
 71
     2
 10
0.0
 20
0.0
 11
0.0
 21
0.0
 12
0.0
 22
0.0
 32
0.0
 14
0.0
 24
0.0
 34
0.0
 15
0.0
 25
0.0
 35
0.0
146
0.0
 13
0.0
 23
0.0
 33
0.0
 16
1.0
 26
0.0
 36
0.0
 17
0.0
 27
1.0
 37
0.0
 76
     0
330
23
  0
LAYOUT
  5
22
102
{ACAD_REACTORS
330
1A
102
}
330
1A
100
AcDbPlotSettings
  1

  2
none_device
  4
ANSI_A_(11.00_x_8.50_Inches)
  6

 40
6.35
 41
19.05
 42
6.35000508
 43
19.05000254
 44
279.4
 45
215.9
 46
133.7007833297
 47
112.3869320166
 48
0.0
 49
0.0
140
0.0
141
0.0
142
0.4570077653
143
1.0
 70
  1696
 72
     0
 73
     0
 74
     0
  7

 75
     0
147
0.5913241897
148
-39.4088153714
149
0.0
100
AcDbLayout
  1
Model
 70
     1
 71
     0
 10
0.0
 20
0.0
 11
12.0
 21
9.0
 12
0.0
 22
0.0
 32
0.0
 14
-11.9446777104
 24
-8.47297213
 34
0.0
 15
11.8842390555
 25
4.4262907249
 35
0.0
146
0.0
 13
0.0
 23
0.0
 33
0.0
 16
1.0
 26
0.0
 36
0.0
 17
0.0
 27
1.0
 37
0.0
 76
     0
330
1F
331
29
  0
MLINESTYLE
  5
18
102
{ACAD_REACTORS
330
17
102
}
330
17
100
AcDbMlineStyle
  2
Standard
 70
     0
  3

 62
   256
 51
90.0
 52
90.0
 71
     2
 49
0.5
 62
   256
  6
BYLAYER
 49
-0.5
 62
   256
  6
BYLAYER
  0
ACDBPLACEHOLDER
  5
F
102
{ACAD_REACTORS
330
E
102
}
330
E
  0
SCALE
  5
48
102
{ACAD_REACTORS
330
47
102
}
330
47
100
AcDbScale
 70
     0
300
1:1
140
1.0
141
1.0
290
     1
  0
SCALE
  5
49
102
{ACAD_REACTORS
330
47
102
}
330
47
100
AcDbScale
 70
     0
300
1/128" = 1'-0"
140
0.0078125
141
12.0
290
     0
  0
SCALE
  5
4A
102
{ACAD_REACTORS
330
47
102
}
330
47
100
AcDbScale
 70
     0
300
1/64" = 1'-0"
140
0.015625
141
12.0
290
     0
  0
SCALE
  5
4B
102
{ACAD_REACTORS
330
47
102
}
330
47
100
AcDbScale
 70
     0
300
1/32" = 1'-0"
140
0.03125
141
12.0
290
     0
  0
SCALE
  5
4C
102
{ACAD_REACTORS
330
47
102
}
330
47
100
AcDbScale
 70
     0
300
1/16" = 1'-0"
140
0.0625
141
12.0
290
     0
  0
SCALE
  5
4D
102
{ACAD_REACTORS
330
47
102
}
330
47
100
AcDbScale
 70
     0
300
3/32" = 1'-0"
140
0.09375
141
12.0
290
     0
  0
SCALE
  5
4E
102
{ACAD_REACTORS
330
47
102
}
330
47
100
AcDbScale
 70
     0
300
1/8" = 1'-0"
140
0.125
141
12.0
290
     0
  0
SCALE
  5
4F
102
{ACAD_REACTORS
330
47
102
}
330
47
100
AcDbScale
 70
     0
300
3/16" = 1'-0"
140
0.1875
141
12.0
290
     0
  0
SCALE
  5
50
102
{ACAD_REACTORS
330
47
102
}
330
47
100
AcDbScale
 70
     0
300
1/4" = 1'-0"
140
0.25
141
12.0
290
     0
  0
SCALE
  5
51
102
{ACAD_REACTORS
330
47
102
}
330
47
100
AcDbScale
 70
     0
300
3/8" = 1'-0"
140
0.375
141
12.0
290
     0
  0
SCALE
  5
52
102
{ACAD_REACTORS
330
47
102
}
330
47
100
AcDbScale
 70
     0
300
1/2" = 1'-0"
140
0.5
141
12.0
290
     0
  0
SCALE
  5
53
102
{ACAD_REACTORS
330
47
102
}
330
47
100
AcDbScale
 70
     0
300
3/4" = 1'-0"
140
0.75
141
12.0
290
     0
  0
SCALE
  5
54
102
{ACAD_REACTORS
330
47
102
}
330
47
100
AcDbScale
 70
     0
300
1" = 1'-0"
140
1.0
141
12.0
290
     0
  0
SCALE
  5
55
102
{ACAD_REACTORS
330
47
102
}
330
47
100
AcDbScale
 70
     0
300
1-1/2" = 1'-0"
140
1.5
141
12.0
290
     0
  0
SCALE
  5
56
102
{ACAD_REACTORS
330
47
102
}
330
47
100
AcDbScale
 70
     0
300
3" = 1'-0"
140
3.0
141
12.0
290
     0
  0
SCALE
  5
57
102
{ACAD_REACTORS
330
47
102
}
330
47
100
AcDbScale
 70
     0
300
6" = 1'-0"
140
6.0
141
12.0
290
     0
  0
SCALE
  5
58
102
{ACAD_REACTORS
330
47
102
}
330
47
100
AcDbScale
 70
     0
300
1'-0" = 1'-0"
140
12.0
141
12.0
290
     0
  0
ENDSEC
  0
EOF
