  0
SECTION
  2
HEADER
  9
$ACADVER
  1
AC1015
  9
$ACADMAINTVER
 70
     6
  9
$DWGCODEPAGE
  3
ANSI_1252
  9
$INSBASE
 10
0.0
 20
0.0
 30
0.0
  9
$EXTMIN
 10
-12.0
 20
-31.5
 30
0.0
  9
$EXTMAX
 10
12.0
 20
4.5
 30
0.0
  9
$LIMMIN
 10
0.0
 20
0.0
  9
$LIMMAX
 10
12.0
 20
9.0
  9
$ORTHOMODE
 70
     0
  9
$REGENMODE
 70
     1
  9
$FILLMODE
 70
     1
  9
$QTEXTMODE
 70
     0
  9
$MIRRTEXT
 70
     1
  9
$LTSCALE
 40
1.0
  9
$ATTMODE
 70
     1
  9
$TEXTSIZE
 40
0.1377952756
  9
$TRACEWID
 40
0.05
  9
$TEXTSTYLE
  7
Standard
  9
$CLAYER
  8
0
  9
$CELTYPE
  6
ByLayer
  9
$CECOLOR
 62
   256
  9
$CELTSCALE
 40
1.0
  9
$DISPSILH
 70
     0
  9
$DIMSCALE
 40
1.0
  9
$DIMASZ
 40
0.13
  9
$DIMEXO
 40
0.0
  9
$DIMDLI
 40
0.38
  9
$DIMRND
 40
0.0
  9
$DIMDLE
 40
0.0
  9
$DIMEXE
 40
0.125
  9
$DIMTP
 40
0.0
  9
$DIMTM
 40
0.0
  9
$DIMTXT
 40
0.1377952756
  9
$DIMCEN
 40
0.09
  9
$DIMTSZ
 40
0.0
  9
$DIMTOL
 70
     0
  9
$DIMLIM
 70
     0
  9
$DIMTIH
 70
     1
  9
$DIMTOH
 70
     1
  9
$DIMSE1
 70
     0
  9
$DIMSE2
 70
     0
  9
$DIMTAD
 70
     1
  9
$DIMZIN
 70
     1
  9
$DIMBLK
  1

  9
$DIMASO
 70
     1
  9
$DIMSHO
 70
     1
  9
$DIMPOST
  1

  9
$DIMAPOST
  1

  9
$DIMALT
 70
     0
  9
$DIMALTD
 70
     2
  9
$DIMALTF
 40
25.4
  9
$DIMLFAC
 40
1.0
  9
$DIMTOFL
 70
     0
  9
$DIMTVP
 40
0.0
  9
$DIMTIX
 70
     0
  9
$DIMSOXD
 70
     0
  9
$DIMSAH
 70
     0
  9
$DIMBLK1
  1

  9
$DIMBLK2
  1

  9
$DIMSTYLE
  2
Standard
  9
$DIMCLRD
 70
     0
  9
$DIMCLRE
 70
     0
  9
$DIMCLRT
 70
     0
  9
$DIMTFAC
 40
1.0
  9
$DIMGAP
 40
0.06
  9
$DIMJUST
 70
     0
  9
$DIMSD1
 70
     0
  9
$DIMSD2
 70
     0
  9
$DIMTOLJ
 70
     1
  9
$DIMTZIN
 70
     1
  9
$DIMALTZ
 70
     0
  9
$DIMALTTZ
 70
     0
  9
$DIMUPT
 70
     0
  9
$DIMDEC
 70
     2
  9
$DIMTDEC
 70
     2
  9
$DIMALTU
 70
     2
  9
$DIMALTTD
 70
     2
  9
$DIMTXSTY
  7
Standard
  9
$DIMAUNIT
 70
     0
  9
$DIMADEC
 70
     2
  9
$DIMALTRND
 40
0.0
  9
$DIMAZIN
 70
     0
  9
$DIMDSEP
 70
    46
  9
$DIMATFIT
 70
     3
  9
$DIMFRAC
 70
     0
  9
$DIMLDRBLK
  1

  9
$DIMLUNIT
 70
     2
  9
$DIMLWD
 70
    -2
  9
$DIMLWE
 70
    -2
  9
$DIMTMOVE
 70
     0
  9
$LUNITS
 70
     2
  9
$LUPREC
 70
     2
  9
$SKETCHINC
 40
0.1
  9
$FILLETRAD
 40
0.0
  9
$AUNITS
 70
     0
  9
$AUPREC
 70
     2
  9
$MENU
  1
.
  9
$ELEVATION
 40
0.0
  9
$PELEVATION
 40
0.0
  9
$THICKNESS
 40
0.0
  9
$LIMCHECK
 70
     0
  9
$CHAMFERA
 40
0.0
  9
$CHAMFERB
 40
0.0
  9
$CHAMFERC
 40
0.0
  9
$CHAMFERD
 40
0.0
  9
$SKPOLY
 70
     0
  9
$TDCREATE
 40
2461129.783604514
  9
$TDUCREATE
 40
2461130.075271181
  9
$TDUPDATE
 40
2461129.7840711
  9
$TDUUPDATE
 40
2461130.075737766
  9
$TDINDWG
 40
0.0000000116
  9
$TDUSRTIMER
 40
0.0000000116
  9
$USRTIMER
 70
     1
  9
$ANGBASE
 50
0.0
  9
$ANGDIR
 70
     0
  9
$PDMODE
 70
     0
  9
$PDSIZE
 40
-1.0
  9
$PLINEWID
 40
0.0
  9
$SPLFRAME
 70
     0
  9
$SPLINETYPE
 70
     6
  9
$SPLINESEGS
 70
     8
  9
$HANDSEED
  5
60A
  9
$SURFTAB1
 70
     6
  9
$SURFTAB2
 70
     6
  9
$SURFTYPE
 70
     6
  9
$SURFU
 70
     6
  9
$SURFV
 70
     6
  9
$UCSBASE
  2

  9
$UCSNAME
  2

  9
$UCSORG
 10
0.0
 20
0.0
 30
0.0
  9
$UCSXDIR
 10
1.0
 20
0.0
 30
0.0
  9
$UCSYDIR
 10
0.0
 20
1.0
 30
0.0
  9
$UCSORTHOREF
  2

  9
$UCSORTHOVIEW
 70
     0
  9
$UCSORGTOP
 10
0.0
 20
0.0
 30
0.0
  9
$UCSORGBOTTOM
 10
0.0
 20
0.0
 30
0.0
  9
$UCSORGLEFT
 10
0.0
 20
0.0
 30
0.0
  9
$UCSORGRIGHT
 10
0.0
 20
0.0
 30
0.0
  9
$UCSORGFRONT
 10
0.0
 20
0.0
 30
0.0
  9
$UCSORGBACK
 10
0.0
 20
0.0
 30
0.0
  9
$PUCSBASE
  2

  9
$PUCSNAME
  2

  9
$PUCSORG
 10
0.0
 20
0.0
 30
0.0
  9
$PUCSXDIR
 10
1.0
 20
0.0
 30
0.0
  9
$PUCSYDIR
 10
0.0
 20
1.0
 30
0.0
  9
$PUCSORTHOREF
  2

  9
$PUCSORTHOVIEW
 70
     0
  9
$PUCSORGTOP
 10
0.0
 20
0.0
 30
0.0
  9
$PUCSORGBOTTOM
 10
0.0
 20
0.0
 30
0.0
  9
$PUCSORGLEFT
 10
0.0
 20
0.0
 30
0.0
  9
$PUCSORGRIGHT
 10
0.0
 20
0.0
 30
0.0
  9
$PUCSORGFRONT
 10
0.0
 20
0.0
 30
0.0
  9
$PUCSORGBACK
 10
0.0
 20
0.0
 30
0.0
  9
$USERI1
 70
     0
  9
$USERI2
 70
     0
  9
$USERI3
 70
     0
  9
$USERI4
 70
     0
  9
$USERI5
 70
     0
  9
$USERR1
 40
0.0
  9
$USERR2
 40
0.0
  9
$USERR3
 40
0.0
  9
$USERR4
 40
0.0
  9
$USERR5
 40
0.0
  9
$WORLDVIEW
 70
     1
  9
$SHADEDGE
 70
     3
  9
$SHADEDIF
 70
    70
  9
$TILEMODE
 70
     1
  9
$MAXACTVP
 70
    64
  9
$PINSBASE
 10
0.0
 20
0.0
 30
0.0
  9
$PLIMCHECK
 70
     0
  9
$PEXTMIN
 10
1.0000000000E+20
 20
1.0000000000E+20
 30
1.0000000000E+20
  9
$PEXTMAX
 10
-1.0000000000E+20
 20
-1.0000000000E+20
 30
-1.0000000000E+20
  9
$PLIMMIN
 10
0.0
 20
0.0
  9
$PLIMMAX
 10
12.0
 20
9.0
  9
$UNITMODE
 70
     0
  9
$VISRETAIN
 70
     1
  9
$PLINEGEN
 70
     0
  9
$PSLTSCALE
 70
     1
  9
$TREEDEPTH
 70
  3020
  9
$CMLSTYLE
  2
Standard
  9
$CMLJUST
 70
     0
  9
$CMLSCALE
 40
1.0
  9
$PROXYGRAPHICS
 70
     1
  9
$MEASUREMENT
 70
     0
  9
$CELWEIGHT
370
    -1
  9
$ENDCAPS
280
     0
  9
$JOINSTYLE
280
     0
  9
$LWDISPLAY
290
     1
  9
$INSUNITS
 70
     1
  9
$HYPERLINKBASE
  1

  9
$STYLESHEET
  1

  9
$XEDIT
290
     1
  9
$CEPSNTYPE
380
     0
  9
$PSTYLEMODE
290
     1
  9
$FINGERPRINTGUID
  2
{bacba46d-0384-4d6f-92b6-28695cc60f64}
  9
$VERSIONGUID
  2
{FAEB1C32-E019-11D5-929B-00C0DF256EC4}
  9
$EXTNAMES
290
     1
  9
$PSVPSCALE
 40
0.0
  9
$OLESTARTUP
290
     0
  0
ENDSEC
  0
SECTION
  2
CLASSES
  0
CLASS
  1
ACDBDICTIONARYWDFLT
  2
AcDbDictionaryWithDefault
  3
ObjectDBX Classes
 90
        0
280
     0
281
     0
  0
CLASS
  1
VISUALSTYLE
  2
AcDbVisualStyle
  3
ObjectDBX Classes
 90
     4095
280
     0
281
     0
  0
CLASS
  1
MATERIAL
  2
AcDbMaterial
  3
ObjectDBX Classes
 90
     1153
280
     0
281
     0
  0
CLASS
  1
SCALE
  2
AcDbScale
  3
ObjectDBX Classes
 90
     1153
280
     0
281
     0
  0
CLASS
  1
TABLESTYLE
  2
AcDbTableStyle
  3
ObjectDBX Classes
 90
     4095
280
     0
281
     0
  0
CLASS
  1
MLEADERSTYLE
  2
AcDbMLeaderStyle
  3
ACDB_MLEADERSTYLE_CLASS
 90
     4095
280
     0
281
     0
  0
CLASS
  1
SUN
  2
AcDbSun
  3
SCENEOE
 90
     1153
280
     0
281
     0
  0
CLASS
  1
ACDBPLACEHOLDER
  2
AcDbPlaceHolder
  3
ObjectDBX Classes
 90
        0
280
     0
281
     0
  0
CLASS
  1
LAYOUT
  2
AcDbLayout
  3
ObjectDBX Classes
 90
        0
280
     0
281
     0
  0
ENDSEC
  0
SECTION
  2
TABLES
  0
TABLE
  2
VPORT
  5
8
330
0
100
AcDbSymbolTable
 70
     1
  0
VPORT
  5
29
330
8
100
AcDbSymbolTableRecord
100
AcDbViewportTableRecord
  2
*Active
 70
     0
 10
0.0
 20
0.0
 11
1.0
 21
1.0
 12
0.0
 22
-13.5
 13
0.0
 23
0.0
 14
0.5
 24
0.5
 15
0.5
 25
0.5
 16
0.0
 26
0.0
 36
1.0
 17
0.0
 27
0.0
 37
0.0
 40
36.72
 41
0.6666666667
 42
50.0
 43
0.0
 44
0.0
 50
0.0
 51
0.0
 71
     0
 72
   100
 73
     1
 74
     3
 75
     0
 76
     0
 77
     0
 78
     0
281
     0
 65
     1
110
0.0
120
0.0
130
0.0
111
1.0
121
0.0
131
0.0
112
0.0
122
1.0
132
0.0
 79
     0
146
0.0
  0
ENDTAB
  0
TABLE
  2
LTYPE
  5
5
330
0
100
AcDbSymbolTable
 70
     6
  0
LTYPE
  5
14
330
5
100
AcDbSymbolTableRecord
100
AcDbLinetypeTableRecord
  2
ByBlock
 70
     0
  3

 72
    65
 73
     0
 40
0.0
  0
LTYPE
  5
15
330
5
100
AcDbSymbolTableRecord
100
AcDbLinetypeTableRecord
  2
ByLayer
 70
     0
  3

 72
    65
 73
     0
 40
0.0
  0
LTYPE
  5
16
330
5
100
AcDbSymbolTableRecord
100
AcDbLinetypeTableRecord
  2
Continuous
 70
     0
  3
Solid line
 72
    65
 73
     0
 40
0.0
  0
LTYPE
  5
5E
330
5
100
AcDbSymbolTableRecord
100
AcDbLinetypeTableRecord
  2
HIDDEN
 70
     0
  3
Hidden __ __ __ __ __ __ __ __ __ __ __ __ __ __
 72
    65
 73
     2
 40
0.075
 49
0.05
 74
     0
 49
-0.025
 74
     0
  0
LTYPE
  5
5F
330
5
100
AcDbSymbolTableRecord
100
AcDbLinetypeTableRecord
  2
PHANTOM
 70
     0
  3
Phantom ______  __  __  ______  __  __  ______
 72
    65
 73
     6
 40
0.5
 49
0.25
 74
     0
 49
-0.05
 74
     0
 49
0.05
 74
     0
 49
-0.05
 74
     0
 49
0.05
 74
     0
 49
-0.05
 74
     0
  0
LTYPE
  5
60
330
5
100
AcDbSymbolTableRecord
100
AcDbLinetypeTableRecord
  2
CENTER
 70
     0
  3
Center ____ _ ____ _ ____ _ ____ _ ____ _ ____
 72
    65
 73
     4
 40
0.4
 49
0.25
 74
     0
 49
-0.05
 74
     0
 49
0.05
 74
     0
 49
-0.05
 74
     0
  0
LTYPE
  5
61
330
5
100
AcDbSymbolTableRecord
100
AcDbLinetypeTableRecord
  2
CENTERX2
 70
     0
  3
Center (2x) ________  __  ________  __  _____
 72
    65
 73
     4
 40
0.8
 49
0.5
 74
     0
 49
-0.1
 74
     0
 49
0.1
 74
     0
 49
-0.1
 74
     0
  0
LTYPE
  5
62
330
5
100
AcDbSymbolTableRecord
100
AcDbLinetypeTableRecord
  2
DOT2
 70
     0
  3
Dot (.5x) ........................................
 72
    65
 73
     2
 40
0.025
 49
0.0
 74
     0
 49
-0.025
 74
     0
  0
ENDTAB
  0
TABLE
  2
LAYER
  5
2
330
0
100
AcDbSymbolTable
 70
     1
  0
LAYER
  5
10
330
2
100
AcDbSymbolTableRecord
100
AcDbLayerTableRecord
  2
0
 70
     0
 62
     7
  6
Continuous
370
    -3
390
F
  0
ENDTAB
  0
TABLE
  2
STYLE
  5
3
330
0
100
AcDbSymbolTable
 70
     2
  0
STYLE
  5
11
330
3
100
AcDbSymbolTableRecord
100
AcDbTextStyleTableRecord
  2
Standard
 70
     0
 40
0.0
 41
1.0
 50
0.0
 71
     0
 42
0.1377952756
  3
txt
  4

  0
STYLE
  5
606
330
3
100
AcDbSymbolTableRecord
100
AcDbTextStyleTableRecord
  2
SLDTEXTSTYLE0
 70
     0
 40
0.0
 41
0.7
 50
0.0
 71
     0
 42
0.1377952756
  3
TXT
  4

  0
ENDTAB
  0
TABLE
  2
VIEW
  5
6
330
0
100
AcDbSymbolTable
 70
     0
  0
ENDTAB
  0
TABLE
  2
UCS
  5
7
330
0
100
AcDbSymbolTable
 70
     0
  0
ENDTAB
  0
TABLE
  2
APPID
  5
9
330
0
100
AcDbSymbolTable
 70
     1
  0
APPID
  5
12
330
9
100
AcDbSymbolTableRecord
100
AcDbRegAppTableRecord
  2
ACAD
 70
     0
  0
ENDTAB
  0
TABLE
  2
DIMSTYLE
  5
A
330
0
100
AcDbSymbolTable
 70
     1
100
AcDbDimStyleTable
  0
DIMSTYLE
105
27
330
A
100
AcDbSymbolTableRecord
100
AcDbDimStyleTableRecord
  2
Standard
 70
     0
178
     0
340
11
  0
ENDTAB
  0
TABLE
  2
BLOCK_RECORD
  5
1
330
0
100
AcDbSymbolTable
 70
     1
  0
BLOCK_RECORD
  5
1F
330
1
100
AcDbSymbolTableRecord
100
AcDbBlockTableRecord
  2
*Model_Space
340
22
  0
BLOCK_RECORD
  5
1B
330
1
100
AcDbSymbolTableRecord
100
AcDbBlockTableRecord
  2
*Paper_Space
340
1E
  0
BLOCK_RECORD
  5
23
330
1
100
AcDbSymbolTableRecord
100
AcDbBlockTableRecord
  2
*Paper_Space0
340
26
  0
ENDTAB
  0
ENDSEC
  0
SECTION
  2
BLOCKS
  0
BLOCK
  5
20
330
1F
100
AcDbEntity
  8
0
100
AcDbBlockBegin
  2
*Model_Space
 70
     0
 10
0.0
 20
0.0
 30
0.0
  3
*Model_Space
  1

  0
ENDBLK
  5
21
330
1F
100
AcDbEntity
  8
0
100
AcDbBlockEnd
  0
BLOCK
  5
1C
330
1B
100
AcDbEntity
 67
     1
  8
0
100
AcDbBlockBegin
  2
*Paper_Space
 70
     0
 10
0.0
 20
0.0
 30
0.0
  3
*Paper_Space
  1

  0
ENDBLK
  5
1D
330
1B
100
AcDbEntity
 67
     1
  8
0
100
AcDbBlockEnd
  0
BLOCK
  5
24
330
23
100
AcDbEntity
  8
0
100
AcDbBlockBegin
  2
*Paper_Space0
 70
     0
 10
0.0
 20
0.0
 30
0.0
  3
*Paper_Space0
  1

  0
ENDBLK
  5
25
330
23
100
AcDbEntity
  8
0
100
AcDbBlockEnd
  0
ENDSEC
  0
SECTION
  2
ENTITIES
  0
LINE
  5
63
330
1F
100
AcDbEntity
  8
0
  6
Continuous
 62
     7
100
AcDbLine
 10
-12.0
 20
4.5
 30
0.0
 11
-12.0
 21
-4.5
 31
0.0
  0
LINE
  5
64
330
1F
100
AcDbEntity
  8
0
  6
Continuous
 62
     7
100
AcDbLine
 10
-12.0
 20
4.5
 30
0.0
 11
12.0
 21
4.5
 31
0.0
  0
LINE
  5
65
330
1F
100
AcDbEntity
  8
0
  6
Continuous
 62
     7
100
AcDbLine
 10
12.0
 20
4.5
 30
0.0
 11
12.0
 21
-4.5
 31
0.0
  0
LINE
  5
69
330
1F
100
AcDbEntity
  8
0
  6
Continuous
 62
     7
100
AcDbLine
 10
-12.0
 20
4.5
 30
0.0
 11
-12.0
 21
-31.5
 31
0.0
  0
LINE
  5
6A
330
1F
100
AcDbEntity
  8
0
  6
Continuous
 62
     7
100
AcDbLine
 10
-12.0
 20
4.5
 30
0.0
 11
12.0
 21
4.5
 31
0.0
  0
LINE
  5
6B
330
1F
100
AcDbEntity
  8
0
  6
Continuous
 62
     7
100
AcDbLine
 10
12.0
 20
4.5
 30
0.0
 11
12.0
 21
-31.5
 31
0.0
  0
LINE
  5
6C
330
1F
100
AcDbEntity
  8
0
  6
Continuous
 62
     7
100
AcDbLine
 10
-12.0
 20
-31.5
 30
0.0
 11
12.0
 21
-31.5
 31
0.0
  0
LINE
  5
6D
330
1F
100
AcDbEntity
  8
0
  6
Continuous
 62
     7
100
AcDbLine
 10
-12.0
 20
-4.5
 30
0.0
 11
-12.0
 21
-12.5
 31
0.0
  0
LINE
  5
6E
330
1F
100
AcDbEntity
  8
0
  6
Continuous
 62
     7
100
AcDbLine
 10
-12.0
 20
-4.5
 30
0.0
 11
-5.0
 21
-4.5
 31
0.0
  0
LINE
  5
70
330
1F
100
AcDbEntity
  8
0
  6
Continuous
 62
     7
100
AcDbLine
 10
-12.0
 20
-12.5
 30
0.0
 11
-5.0
 21
-12.5
 31
0.0
  0
POINT
  5
71
330
1F
100
AcDbEntity
  8
0
  6
Continuous
 62
     7
100
AcDbPoint
 10
0.0
 20
0.0
 30
0.0
  0
SPLINE
  5
74
330
1F
100
AcDbEntity
  8
0
  6
Continuous
 62
     7
370
    25
100
AcDbSpline
210
0.0
220
0.0
230
1.0
 70
     8
 71
     3
 72
    14
 73
    10
 74
     0
 42
0.00000001
 43
0.00000001
 40
0.0
 40
0.0
 40
0.0
 40
0.0
 40
0.1410297955591422
 40
0.281875360752473
 40
0.4226187214233237
 40
0.5633370663268789
 40
0.7104470631168541
 40
0.8560893655250607
 40
1.0
 40
1.0
 40
1.0
 40
1.0
 10
-8.4241848203344
 20
-0.4611843552251444
 30
0.0
 10
-8.539049476229
 20
-0.501759294745044
 30
0.0
 10
-8.76862873775761
 20
-0.5828561698368413
 30
0.0
 10
-9.1244363625958
 20
-0.6662218263282104
 30
0.0
 10
-9.484187897752877
 20
-0.7260810352346907
 30
0.0
 10
-9.852751072201086
 20
-0.7622164680561828
 30
0.0
 10
-10.22705825623046
 20
-0.7704361502380838
 30
0.0
 10
-10.60413035834991
 20
-0.7608680009987262
 30
0.0
 10
-10.85364553571966
 20
-0.7779323335089176
 30
0.0
 10
-10.97765701311282
 20
-0.7864134732440813
 30
0.0
  0
SPLINE
  5
76
330
1F
100
AcDbEntity
  8
0
  6
Continuous
 62
     7
370
    25
100
AcDbSpline
210
0.0
220
0.0
230
1.0
 70
     8
 71
     3
 72
    17
 73
    13
 74
     0
 42
0.00000001
 43
0.00000001
 40
0.0
 40
0.0
 40
0.0
 40
0.0
 40
0.0777504184767003
 40
0.1561923543650558
 40
0.2354546932805466
 40
0.3153159739395966
 40
0.3955146565098632
 40
0.4759056415804973
 40
0.5563746065809083
 40
0.7039743663759654
 40
0.8519118101407847
 40
1.0
 40
1.0
 40
1.0
 40
1.0
 10
-10.90970296477076
 20
-1.083858476937874
 30
0.0
 10
-10.84452901392696
 20
-1.106357501958823
 30
0.0
 10
-10.71360145077029
 20
-1.151555659831032
 30
0.0
 10
-10.50530227661772
 20
-1.174912006380517
 30
0.0
 10
-10.29502821318062
 20
-1.174224248436461
 30
0.0
 10
-10.08418035079564
 20
-1.152355230897232
 30
0.0
 10
-9.874748495865276
 20
-1.114803648989999
 30
0.0
 10
-9.667388698173353
 20
-1.064810911638693
 30
0.0
 10
-9.406045512717307
 20
-0.9861275530765724
 30
0.0
 10
-9.095796343860933
 20
-0.8651253360504407
 30
0.0
 10
-8.742346482053467
 20
-0.6938397682208406
 30
0.0
 10
-8.51637018597758
 20
-0.5615118587237461
 30
0.0
 10
-8.403324500618217
 20
-0.4953142110897345
 30
0.0
  0
SPLINE
  5
77
330
1F
100
AcDbEntity
  8
0
  6
Continuous
 62
     7
370
    25
100
AcDbSpline
210
0.0
220
0.0
230
1.0
 70
     8
 71
     3
 72
    20
 73
    16
 74
     0
 42
0.00000001
 43
0.00000001
 40
0.0
 40
0.0
 40
0.0
 40
0.0
 40
0.1392005106671994
 40
0.2789014764855633
 40
0.4191075240222212
 40
0.5420411612668681
 40
0.5970657093603429
 40
0.6193117162847117
 40
0.6386887834812766
 40
0.6569884638284038
 40
0.6754946973261193
 40
0.7216344160078516
 40
0.8248693514104771
 40
0.9278854279941159
 40
1.0
 40
1.0
 40
1.0
 40
1.0
 10
-10.90970296477076
 20
-1.083858476937874
 30
0.0
 10
-10.93451803577476
 20
-1.072266433778952
 30
0.0
 10
-10.984237393189
 20
-1.049040671624691
 30
0.0
 10
-11.05540076860242
 20
-1.007084488456802
 30
0.0
 10
-11.11808100838146
 20
-0.9580650211163594
 30
0.0
 10
-11.15735875046232
 20
-0.9078117423503724
 30
0.0
 10
-11.17185007929309
 20
-0.8709432445753335
 30
0.0
 10
-11.17678562382894
 20
-0.8525928143800856
 30
0.0
 10
-11.17794587093664
 20
-0.8406907257659726
 30
0.0
 10
-11.17404979838017
 20
-0.8297875255653203
 30
0.0
 10
-11.16106344602011
 20
-0.8190834158018824
 30
0.0
 10
-11.12845104826762
 20
-0.8108573684298657
 30
0.0
 10
-11.07993778046052
 20
-0.802069846911257
 30
0.0
 10
-11.02581128698516
 20
-0.7931139624350444
 30
0.0
 10
-10.9917022789513
 20
-0.7883678200624856
 30
0.0
 10
-10.97765701311281
 20
-0.7864134732440811
 30
0.0
  0
SPLINE
  5
79
330
1F
100
AcDbEntity
  8
0
  6
Continuous
 62
     7
370
    25
100
AcDbSpline
210
0.0
220
0.0
230
1.0
 70
     8
 71
     3
 72
    10
 73
     6
 74
     0
 42
0.00000001
 43
0.00000001
 40
0.0
 40
0.0
 40
0.0
 40
0.0
 40
0.2957661269280987
 40
0.6274282949602183
 40
1.0
 40
1.0
 40
1.0
 40
1.0
 10
-10.65915646625443
 20
-1.082943495159193
 30
0.0
 10
-10.58554369213609
 20
-1.091845662491057
 30
0.0
 10
-10.42938403371926
 20
-1.110730420284298
 30
0.0
 10
-10.17817959008711
 20
-1.096012377385018
 30
0.0
 10
-10.00458239331632
 20
-1.065290159194704
 30
0.0
 10
-9.912741591468922
 20
-1.049036710374015
 30
0.0
  0
CIRCLE
  5
7A
330
1F
100
AcDbEntity
  8
0
  6
Continuous
 62
     7
370
    25
100
AcDbCircle
 10
-9.6872294891
 20
-0.9051595284
 30
0.0
 40
0.0590551181102345
  0
CIRCLE
  5
7B
330
1F
100
AcDbEntity
  8
0
  6
Continuous
 62
     7
370
    25
100
AcDbCircle
 10
-10.8867671699
 20
-0.9384664682
 30
0.0
 40
0.0590551181102359
  0
SPLINE
  5
7E
330
1F
100
AcDbEntity
  8
0
  6
Continuous
 62
     7
370
    25
100
AcDbSpline
210
0.0
220
0.0
230
1.0
 70
     8
 71
     3
 72
    12
 73
     8
 74
     0
 42
0.00000001
 43
0.00000001
 40
0.0
 40
0.0
 40
0.0
 40
0.0
 40
0.1795797026917347
 40
0.3895620622295267
 40
0.605496161992421
 40
0.8038854573821926
 40
1.0
 40
1.0
 40
1.0
 40
1.0
 10
-9.9391807075552
 20
-0.8320105422302408
 30
0.0
 10
-9.981100747854237
 20
-0.8334334282221761
 30
0.0
 10
-10.07203784766484
 20
-0.8365200933242296
 30
0.0
 10
-10.21346662707378
 20
-0.8376178373652517
 30
0.0
 10
-10.35927731778539
 20
-0.8372661107242599
 30
0.0
 10
-10.50184948692321
 20
-0.8357886507083796
 30
0.0
 10
-10.59398751641343
 20
-0.8367416622534307
 30
0.0
 10
-10.63979089212314
 20
-0.8372154204409582
 30
0.0
  0
SPLINE
  5
80
330
1F
100
AcDbEntity
  8
0
  6
Continuous
 62
     7
370
    25
100
AcDbSpline
210
0.0
220
0.0
230
1.0
 70
     8
 71
     3
 72
     9
 73
     5
 74
     0
 42
0.00000001
 43
0.00000001
 40
0.0
 40
0.0
 40
0.0
 40
0.0
 40
0.4881028496551764
 40
1.0
 40
1.0
 40
1.0
 40
1.0
 10
-9.421543384336747
 20
-0.913047777225498
 30
0.0
 10
-9.357816948167802
 20
-0.8896725796127369
 30
0.0
 10
-9.227257505185731
 20
-0.8417826776601575
 30
0.0
 10
-9.100467329807627
 20
-0.784649038813292
 30
0.0
 10
-9.035563800339855
 20
-0.7554024918987513
 30
0.0
  0
SPLINE
  5
82
330
1F
100
AcDbEntity
  8
0
  6
Continuous
 62
     7
370
    25
100
AcDbSpline
210
0.0
220
0.0
230
1.0
 70
     8
 71
     3
 72
    14
 73
    10
 74
     0
 42
0.00000001
 43
0.00000001
 40
0.0
 40
0.0
 40
0.0
 40
0.0
 40
0.141029795559137
 40
0.2818753607524689
 40
0.4226187214233206
 40
0.56333706632687
 40
0.7104470631168526
 40
0.8560893655250599
 40
1.0
 40
1.0
 40
1.0
 40
1.0
 10
-7.03150641704669
 20
-4.099139356160975
 30
0.0
 10
-6.916641761152097
 20
-4.058564416641073
 30
0.0
 10
-6.68706249962349
 20
-3.97746754154927
 30
0.0
 10
-6.331254874785311
 20
-3.894101885057901
 30
0.0
 10
-5.971503339628235
 20
-3.834242676151417
 30
0.0
 10
-5.602940165180027
 20
-3.798107243329913
 30
0.0
 10
-5.228632981150649
 20
-3.789887561148028
 30
0.0
 10
-4.8515608790312
 20
-3.799455710387369
 30
0.0
 10
-4.602045701661452
 20
-3.782391377877178
 30
0.0
 10
-4.478034224268292
 20
-3.773910238142016
 30
0.0
  0
SPLINE
  5
84
330
1F
100
AcDbEntity
  8
0
  6
Continuous
 62
     7
370
    25
100
AcDbSpline
210
0.0
220
0.0
230
1.0
 70
     8
 71
     3
 72
    17
 73
    13
 74
     0
 42
0.00000001
 43
0.00000001
 40
0.0
 40
0.0
 40
0.0
 40
0.0
 40
0.0777504184767001
 40
0.1561923543650552
 40
0.2354546932805392
 40
0.3153159739395954
 40
0.3955146565098618
 40
0.4759056415804965
 40
0.5563746065809073
 40
0.7039743663759647
 40
0.8519118101407842
 40
1.0
 40
1.0
 40
1.0
 40
1.0
 10
-4.545988272610343
 20
-3.476465234448223
 30
0.0
 10
-4.611162223454147
 20
-3.453966209427275
 30
0.0
 10
-4.742089786610822
 20
-3.408768051555067
 30
0.0
 10
-4.950388960763385
 20
-3.385411705005582
 30
0.0
 10
-5.160663024200484
 20
-3.386099462949649
 30
0.0
 10
-5.371510886585465
 20
-3.407968480488866
 30
0.0
 10
-5.580942741515835
 20
-3.445520062396101
 30
0.0
 10
-5.788302539207755
 20
-3.49551279974742
 30
0.0
 10
-6.049645724663804
 20
-3.574196158309537
 30
0.0
 10
-6.359894893520172
 20
-3.695198375335675
 30
0.0
 10
-6.713344755327639
 20
-3.866483943165278
 30
0.0
 10
-6.939321051403528
 20
-3.998811852662375
 30
0.0
 10
-7.05236673676289
 20
-4.065009500296389
 30
0.0
  0
SPLINE
  5
85
330
1F
100
AcDbEntity
  8
0
  6
Continuous
 62
     7
370
    25
100
AcDbSpline
210
0.0
220
0.0
230
1.0
 70
     8
 71
     3
 72
    20
 73
    16
 74
     0
 42
0.00000001
 43
0.00000001
 40
0.0
 40
0.0
 40
0.0
 40
0.0
 40
0.139200510667195
 40
0.2789014764855329
 40
0.4191075240222
 40
0.5420411612668605
 40
0.5970657093603227
 40
0.6193117162846979
 40
0.6386887834812697
 40
0.6569884638283963
 40
0.6754946973261233
 40
0.7216344160078313
 40
0.8248693514104826
 40
0.9278854279941181
 40
1.0
 40
1.0
 40
1.0
 40
1.0
 10
-4.545988272610343
 20
-3.476465234448223
 30
0.0
 10
-4.52117320160635
 20
-3.488057277607145
 30
0.0
 10
-4.471453844192109
 20
-3.5112830397614
 30
0.0
 10
-4.400290468778705
 20
-3.553239222929309
 30
0.0
 10
-4.337610228999657
 20
-3.602258690269737
 30
0.0
 10
-4.298332486918742
 20
-3.652511969035705
 30
0.0
 10
-4.283841158088034
 20
-3.689380466810766
 30
0.0
 10
-4.278905613552146
 20
-3.707730897006007
 30
0.0
 10
-4.277745366444449
 20
-3.719632985620122
 30
0.0
 10
-4.28164143900092
 20
-3.730536185820784
 30
0.0
 10
-4.29462779136101
 20
-3.741240295584187
 30
0.0
 10
-4.327240189113467
 20
-3.749466342956258
 30
0.0
 10
-4.375753456920584
 20
-3.758253864474829
 30
0.0
 10
-4.429879950395946
 20
-3.767209748951055
 30
0.0
 10
-4.463988958429803
 20
-3.771955891323612
 30
0.0
 10
-4.478034224268292
 20
-3.773910238142016
 30
0.0
  0
SPLINE
  5
86
330
1F
100
AcDbEntity
  8
0
  6
Continuous
 62
     7
370
    25
100
AcDbSpline
210
0.0
220
0.0
230
1.0
 70
     8
 71
     3
 72
     9
 73
     5
 74
     0
 42
0.00000001
 43
0.00000001
 40
0.0
 40
0.0
 40
0.0
 40
0.0
 40
0.4881028496551887
 40
1.0
 40
1.0
 40
1.0
 40
1.0
 10
-6.034147853044342
 20
-3.647275934160616
 30
0.0
 10
-6.09787428921329
 20
-3.670651131773373
 30
0.0
 10
-6.228433732195374
 20
-3.718541033725942
 30
0.0
 10
-6.355223907573479
 20
-3.775674672572817
 30
0.0
 10
-6.420127437041252
 20
-3.804921219487363
 30
0.0
  0
SPLINE
  5
89
330
1F
100
AcDbEntity
  8
0
  6
Continuous
 62
     7
370
    25
100
AcDbSpline
210
0.0
220
0.0
230
1.0
 70
     8
 71
     3
 72
    10
 73
     6
 74
     0
 42
0.00000001
 43
0.00000001
 40
0.0
 40
0.0
 40
0.0
 40
0.0
 40
0.2957661269280827
 40
0.62742829496021
 40
1.0
 40
1.0
 40
1.0
 40
1.0
 10
-4.796534771126699
 20
-3.477380216226909
 30
0.0
 10
-4.870147545245029
 20
-3.468478048895042
 30
0.0
 10
-5.026307203661852
 20
-3.449593291101796
 30
0.0
 10
-5.277511647293994
 20
-3.464311334001085
 30
0.0
 10
-5.451108844064789
 20
-3.495033552191399
 30
0.0
 10
-5.542949645912187
 20
-3.511287001012087
 30
0.0
  0
CIRCLE
  5
8A
330
1F
100
AcDbEntity
  8
0
  6
Continuous
 62
     7
370
    25
100
AcDbCircle
 10
-5.7684617483
 20
-3.655164183
 30
0.0
 40
0.0590551181102337
  0
CIRCLE
  5
8B
330
1F
100
AcDbEntity
  8
0
  6
Continuous
 62
     7
370
    25
100
AcDbCircle
 10
-4.5689240675
 20
-3.6218572431
 30
0.0
 40
0.0590551181102354
  0
SPLINE
  5
8D
330
1F
100
AcDbEntity
  8
0
  6
Continuous
 62
     7
370
    25
100
AcDbSpline
210
0.0
220
0.0
230
1.0
 70
     8
 71
     3
 72
    12
 73
     8
 74
     0
 42
0.00000001
 43
0.00000001
 40
0.0
 40
0.0
 40
0.0
 40
0.0
 40
0.1795797026917304
 40
0.3895620622295171
 40
0.6054961619924308
 40
0.8038854573821727
 40
1.0
 40
1.0
 40
1.0
 40
1.0
 10
-5.516510529825907
 20
-3.728313169155869
 30
0.0
 10
-5.474590489526871
 20
-3.726890283163932
 30
0.0
 10
-5.383653389716268
 20
-3.723803618061875
 30
0.0
 10
-5.242224610307318
 20
-3.722705874020856
 30
0.0
 10
-5.096413919595709
 20
-3.723057600661841
 30
0.0
 10
-4.953841750457883
 20
-3.724535060677724
 30
0.0
 10
-4.861703720967663
 20
-3.723582049132671
 30
0.0
 10
-4.815900345257954
 20
-3.723108290945143
 30
0.0
  0
SPLINE
  5
90
330
1F
100
AcDbEntity
  8
0
  6
Continuous
 62
     7
370
    25
100
AcDbSpline
210
0.0
220
0.0
230
1.0
 70
     8
 71
     3
 72
    14
 73
    10
 74
     0
 42
0.00000001
 43
0.00000001
 40
0.0
 40
0.0
 40
0.0
 40
0.0
 40
0.1410297955591422
 40
0.281875360752473
 40
0.4226187214233237
 40
0.5633370663268789
 40
0.7104470631168541
 40
0.8560893655250607
 40
1.0
 40
1.0
 40
1.0
 40
1.0
 10
-3.306190252829237
 20
-3.563422464777781
 30
0.0
 10
-3.421054908723836
 20
-3.603997404297681
 30
0.0
 10
-3.650634170252447
 20
-3.685094279389478
 30
0.0
 10
-4.006441795090636
 20
-3.768459935880847
 30
0.0
 10
-4.366193330247715
 20
-3.828319144787328
 30
0.0
 10
-4.734756504695921
 20
-3.864454577608819
 30
0.0
 10
-5.109063688725302
 20
-3.87267425979072
 30
0.0
 10
-5.486135790844746
 20
-3.863106110551364
 30
0.0
 10
-5.735650968214493
 20
-3.880170443061555
 30
0.0
 10
-5.859662445607653
 20
-3.888651582796719
 30
0.0
  0
SPLINE
  5
92
330
1F
100
AcDbEntity
  8
0
  6
Continuous
 62
     7
370
    25
100
AcDbSpline
210
0.0
220
0.0
230
1.0
 70
     8
 71
     3
 72
    17
 73
    13
 74
     0
 42
0.00000001
 43
0.00000001
 40
0.0
 40
0.0
 40
0.0
 40
0.0
 40
0.0777504184767003
 40
0.1561923543650558
 40
0.2354546932805466
 40
0.3153159739395966
 40
0.3955146565098632
 40
0.4759056415804973
 40
0.5563746065809083
 40
0.7039743663759654
 40
0.8519118101407847
 40
1.0
 40
1.0
 40
1.0
 40
1.0
 10
-5.791708397265602
 20
-4.186096586490511
 30
0.0
 10
-5.726534446421798
 20
-4.20859561151146
 30
0.0
 10
-5.595606883265122
 20
-4.253793769383668
 30
0.0
 10
-5.387307709112554
 20
-4.277150115933154
 30
0.0
 10
-5.177033645675456
 20
-4.276462357989098
 30
0.0
 10
-4.966185783290474
 20
-4.254593340449869
 30
0.0
 10
-4.756753928360112
 20
-4.217041758542636
 30
0.0
 10
-4.54939413066819
 20
-4.167049021191331
 30
0.0
 10
-4.288050945212142
 20
-4.08836566262921
 30
0.0
 10
-3.977801776355772
 20
-3.967363445603078
 30
0.0
 10
-3.624351914548305
 20
-3.796077877773478
 30
0.0
 10
-3.398375618472417
 20
-3.663749968276383
 30
0.0
 10
-3.285329933113054
 20
-3.597552320642371
 30
0.0
  0
SPLINE
  5
93
330
1F
100
AcDbEntity
  8
0
  6
Continuous
 62
     7
370
    25
100
AcDbSpline
210
0.0
220
0.0
230
1.0
 70
     8
 71
     3
 72
    20
 73
    16
 74
     0
 42
0.00000001
 43
0.00000001
 40
0.0
 40
0.0
 40
0.0
 40
0.0
 40
0.1392005106671994
 40
0.2789014764855633
 40
0.4191075240222212
 40
0.5420411612668681
 40
0.5970657093603429
 40
0.6193117162847117
 40
0.6386887834812766
 40
0.6569884638284038
 40
0.6754946973261193
 40
0.7216344160078516
 40
0.8248693514104771
 40
0.9278854279941159
 40
1.0
 40
1.0
 40
1.0
 40
1.0
 10
-5.791708397265602
 20
-4.186096586490511
 30
0.0
 10
-5.816523468269594
 20
-4.174504543331589
 30
0.0
 10
-5.866242825683837
 20
-4.151278781177329
 30
0.0
 10
-5.937406201097254
 20
-4.109322598009439
 30
0.0
 10
-6.000086440876301
 20
-4.060303130668997
 30
0.0
 10
-6.039364182957158
 20
-4.010049851903009
 30
0.0
 10
-6.053855511787926
 20
-3.97318135412797
 30
0.0
 10
-6.058791056323778
 20
-3.954830923932723
 30
0.0
 10
-6.059951303431481
 20
-3.94292883531861
 30
0.0
 10
-6.056055230875005
 20
-3.932025635117957
 30
0.0
 10
-6.043068878514942
 20
-3.92132152535452
 30
0.0
 10
-6.010456480762454
 20
-3.913095477982502
 30
0.0
 10
-5.961943212955361
 20
-3.904307956463894
 30
0.0
 10
-5.907816719479999
 20
-3.895352071987681
 30
0.0
 10
-5.873707711446142
 20
-3.890605929615123
 30
0.0
 10
-5.859662445607652
 20
-3.888651582796718
 30
0.0
  0
SPLINE
  5
94
330
1F
100
AcDbEntity
  8
0
  6
Continuous
 62
     7
370
    25
100
AcDbSpline
210
0.0
220
0.0
230
1.0
 70
     8
 71
     3
 72
     9
 73
     5
 74
     0
 42
0.00000001
 43
0.00000001
 40
0.0
 40
0.0
 40
0.0
 40
0.0
 40
0.4881028496551764
 40
1.0
 40
1.0
 40
1.0
 40
1.0
 10
-4.303548816831585
 20
-4.015285886778135
 30
0.0
 10
-4.239822380662641
 20
-3.991910689165374
 30
0.0
 10
-4.109262937680569
 20
-3.944020787212795
 30
0.0
 10
-3.982472762302465
 20
-3.886887148365929
 30
0.0
 10
-3.917569232834693
 20
-3.857640601451388
 30
0.0
  0
SPLINE
  5
96
330
1F
100
AcDbEntity
  8
0
  6
Continuous
 62
     7
370
    25
100
AcDbSpline
210
0.0
220
0.0
230
1.0
 70
     8
 71
     3
 72
    10
 73
     6
 74
     0
 42
0.00000001
 43
0.00000001
 40
0.0
 40
0.0
 40
0.0
 40
0.0
 40
0.2957661269280987
 40
0.6274282949602183
 40
1.0
 40
1.0
 40
1.0
 40
1.0
 10
-5.541161898749263
 20
-4.18518160471183
 30
0.0
 10
-5.467549124630925
 20
-4.194083772043694
 30
0.0
 10
-5.311389466214098
 20
-4.212968529836934
 30
0.0
 10
-5.060185022581949
 20
-4.198250486937655
 30
0.0
 10
-4.886587825811155
 20
-4.167528268747341
 30
0.0
 10
-4.794747023963759
 20
-4.151274819926653
 30
0.0
  0
SPLINE
  5
97
330
1F
100
AcDbEntity
  8
0
  6
Continuous
 62
     7
370
    25
100
AcDbSpline
210
0.0
220
0.0
230
1.0
 70
     8
 71
     3
 72
    12
 73
     8
 74
     0
 42
0.00000001
 43
0.00000001
 40
0.0
 40
0.0
 40
0.0
 40
0.0
 40
0.1795797026917347
 40
0.3895620622295267
 40
0.605496161992421
 40
0.8038854573821926
 40
1.0
 40
1.0
 40
1.0
 40
1.0
 10
-4.821186140050038
 20
-3.934248651782878
 30
0.0
 10
-4.863106180349074
 20
-3.935671537774813
 30
0.0
 10
-4.954043280159678
 20
-3.938758202876867
 30
0.0
 10
-5.09547205956862
 20
-3.939855946917889
 30
0.0
 10
-5.24128275028023
 20
-3.939504220276898
 30
0.0
 10
-5.383854919418052
 20
-3.938026760261017
 30
0.0
 10
-5.475992948908271
 20
-3.938979771806068
 30
0.0
 10
-5.521796324617973
 20
-3.939453529993595
 30
0.0
  0
CIRCLE
  5
98
330
1F
100
AcDbEntity
  8
0
  6
Continuous
 62
     7
370
    25
100
AcDbCircle
 10
-4.5692349216
 20
-4.0073976379
 30
0.0
 40
0.0590551181102354
  0
CIRCLE
  5
99
330
1F
100
AcDbEntity
  8
0
  6
Continuous
 62
     7
370
    25
100
AcDbCircle
 10
-5.7687726024
 20
-4.0407045778
 30
0.0
 40
0.0590551181102353
  0
SPLINE
  5
9E
330
1F
100
AcDbEntity
  8
0
  6
Continuous
 62
     7
370
    25
100
AcDbSpline
210
0.0
220
0.0
230
1.0
 70
     8
 71
     3
 72
    14
 73
    10
 74
     0
 42
0.00000001
 43
0.00000001
 40
0.0
 40
0.0
 40
0.0
 40
0.0
 40
0.1410297955591422
 40
0.281875360752473
 40
0.4226187214233237
 40
0.5633370663268789
 40
0.7104470631168541
 40
0.8560893655250607
 40
1.0
 40
1.0
 40
1.0
 40
1.0
 10
-7.476189142918175
 20
1.731326887142852
 30
0.0
 10
-7.591053798812774
 20
1.690751947622953
 30
0.0
 10
-7.820633060341384
 20
1.609655072531156
 30
0.0
 10
-8.176440685179575
 20
1.526289416039786
 30
0.0
 10
-8.536192220336652
 20
1.466430207133306
 30
0.0
 10
-8.90475539478486
 20
1.430294774311814
 30
0.0
 10
-9.279062578814239
 20
1.422075092129913
 30
0.0
 10
-9.656134680933686
 20
1.431643241369271
 30
0.0
 10
-9.905649858303432
 20
1.41457890885908
 30
0.0
 10
-10.02966133569659
 20
1.406097769123916
 30
0.0
  0
SPLINE
  5
A0
330
1F
100
AcDbEntity
  8
0
  6
Continuous
 62
     7
370
    25
100
AcDbSpline
210
0.0
220
0.0
230
1.0
 70
     8
 71
     3
 72
    17
 73
    13
 74
     0
 42
0.00000001
 43
0.00000001
 40
0.0
 40
0.0
 40
0.0
 40
0.0
 40
0.0777504184767003
 40
0.1561923543650558
 40
0.2354546932805466
 40
0.3153159739395966
 40
0.3955146565098632
 40
0.4759056415804973
 40
0.5563746065809083
 40
0.7039743663759654
 40
0.8519118101407847
 40
1.0
 40
1.0
 40
1.0
 40
1.0
 10
-9.961707287354539
 20
1.108652765430123
 30
0.0
 10
-9.896533336510736
 20
1.086153740409174
 30
0.0
 10
-9.76560577335406
 20
1.040955582536965
 30
0.0
 10
-9.557306599201493
 20
1.01759923598748
 30
0.0
 10
-9.347032535764393
 20
1.018286993931536
 30
0.0
 10
-9.136184673379411
 20
1.040156011470764
 30
0.0
 10
-8.926752818449051
 20
1.077707593377999
 30
0.0
 10
-8.719393020757128
 20
1.127700330729304
 30
0.0
 10
-8.458049835301079
 20
1.206383689291424
 30
0.0
 10
-8.14780066644471
 20
1.327385906317556
 30
0.0
 10
-7.794350804637245
 20
1.498671474147156
 30
0.0
 10
-7.568374508561355
 20
1.630999383644251
 30
0.0
 10
-7.455328823201992
 20
1.697197031278262
 30
0.0
  0
SPLINE
  5
A1
330
1F
100
AcDbEntity
  8
0
  6
Continuous
 62
     7
370
    25
100
AcDbSpline
210
0.0
220
0.0
230
1.0
 70
     8
 71
     3
 72
    20
 73
    16
 74
     0
 42
0.00000001
 43
0.00000001
 40
0.0
 40
0.0
 40
0.0
 40
0.0
 40
0.1392005106671994
 40
0.2789014764855633
 40
0.4191075240222212
 40
0.5420411612668681
 40
0.5970657093603429
 40
0.6193117162847117
 40
0.6386887834812766
 40
0.6569884638284038
 40
0.6754946973261193
 40
0.7216344160078516
 40
0.8248693514104771
 40
0.9278854279941159
 40
1.0
 40
1.0
 40
1.0
 40
1.0
 10
-9.961707287354539
 20
1.108652765430123
 30
0.0
 10
-9.986522358358531
 20
1.120244808589045
 30
0.0
 10
-10.03624171577277
 20
1.143470570743305
 30
0.0
 10
-10.10740509118619
 20
1.185426753911195
 30
0.0
 10
-10.17008533096524
 20
1.234446221251638
 30
0.0
 10
-10.2093630730461
 20
1.284699500017625
 30
0.0
 10
-10.22385440187687
 20
1.321567997792663
 30
0.0
 10
-10.22878994641271
 20
1.339918427987912
 30
0.0
 10
-10.22995019352042
 20
1.351820516602025
 30
0.0
 10
-10.22605412096394
 20
1.362723716802676
 30
0.0
 10
-10.21306776860388
 20
1.373427826566115
 30
0.0
 10
-10.18045537085139
 20
1.381653873938131
 30
0.0
 10
-10.1319421030443
 20
1.39044139545674
 30
0.0
 10
-10.07781560956893
 20
1.399397279932952
 30
0.0
 10
-10.04370660153508
 20
1.404143422305511
 30
0.0
 10
-10.02966133569659
 20
1.406097769123916
 30
0.0
  0
SPLINE
  5
A2
330
1F
100
AcDbEntity
  8
0
  6
Continuous
 62
     7
370
    25
100
AcDbSpline
210
0.0
220
0.0
230
1.0
 70
     8
 71
     3
 72
     9
 73
     5
 74
     0
 42
0.00000001
 43
0.00000001
 40
0.0
 40
0.0
 40
0.0
 40
0.0
 40
0.4881028496551764
 40
1.0
 40
1.0
 40
1.0
 40
1.0
 10
-8.473547706920522
 20
1.279463465142499
 30
0.0
 10
-8.40982127075158
 20
1.30283866275526
 30
0.0
 10
-8.279261827769506
 20
1.35072856470784
 30
0.0
 10
-8.152471652391402
 20
1.407862203554705
 30
0.0
 10
-8.08756812292363
 20
1.437108750469245
 30
0.0
  0
SPLINE
  5
A4
330
1F
100
AcDbEntity
  8
0
  6
Continuous
 62
     7
370
    25
100
AcDbSpline
210
0.0
220
0.0
230
1.0
 70
     8
 71
     3
 72
    10
 73
     6
 74
     0
 42
0.00000001
 43
0.00000001
 40
0.0
 40
0.0
 40
0.0
 40
0.0
 40
0.2957661269280987
 40
0.6274282949602183
 40
1.0
 40
1.0
 40
1.0
 40
1.0
 10
-9.711160788838201
 20
1.109567747208804
 30
0.0
 10
-9.637548014719862
 20
1.10066557987694
 30
0.0
 10
-9.481388356303034
 20
1.081780822083698
 30
0.0
 10
-9.230183912670888
 20
1.096498864982979
 30
0.0
 10
-9.056586715900094
 20
1.127221083173293
 30
0.0
 10
-8.964745914052697
 20
1.143474531993982
 30
0.0
  0
CIRCLE
  5
A6
330
1F
100
AcDbEntity
  8
0
  6
Continuous
 62
     7
370
    25
100
AcDbCircle
 10
-8.7392338117
 20
1.287351714
 30
0.0
 40
0.0590551181102335
  0
CIRCLE
  5
A7
330
1F
100
AcDbEntity
  8
0
  6
Continuous
 62
     7
370
    25
100
AcDbCircle
 10
-9.9387714925
 20
1.2540447741
 30
0.0
 40
0.0590551181102349
  0
SPLINE
  5
AA
330
1F
100
AcDbEntity
  8
0
  6
Continuous
 62
     7
370
    25
100
AcDbSpline
210
0.0
220
0.0
230
1.0
 70
     8
 71
     3
 72
    12
 73
     8
 74
     0
 42
0.00000001
 43
0.00000001
 40
0.0
 40
0.0
 40
0.0
 40
0.0
 40
0.1795797026917347
 40
0.3895620622295267
 40
0.605496161992421
 40
0.8038854573821926
 40
1.0
 40
1.0
 40
1.0
 40
1.0
 10
-8.991185030138976
 20
1.360500700137756
 30
0.0
 10
-9.033105070438012
 20
1.359077814145821
 30
0.0
 10
-9.124042170248618
 20
1.355991149043768
 30
0.0
 10
-9.265470949657555
 20
1.354893405002745
 30
0.0
 10
-9.41128164036917
 20
1.355245131643738
 30
0.0
 10
-9.553853809506988
 20
1.356722591659617
 30
0.0
 10
-9.64599183899721
 20
1.355769580114566
 30
0.0
 10
-9.69179521470691
 20
1.355295821927039
 30
0.0
  0
SPLINE
  5
AC
330
1F
100
AcDbEntity
  8
0
  6
Continuous
 62
     7
370
    25
100
AcDbSpline
210
0.0
220
0.0
230
1.0
 70
     8
 71
     3
 72
    14
 73
    10
 74
     0
 42
0.00000001
 43
0.00000001
 40
0.0
 40
0.0
 40
0.0
 40
0.0
 40
0.141029795559137
 40
0.2818753607524689
 40
0.4226187214233206
 40
0.56333706632687
 40
0.7104470631168526
 40
0.8560893655250599
 40
1.0
 40
1.0
 40
1.0
 40
1.0
 10
-11.63487001993679
 20
-0.7746889952230184
 30
0.0
 10
-11.5200053640422
 20
-0.7341140557031172
 30
0.0
 10
-11.29042610251359
 20
-0.6530171806113144
 30
0.0
 10
-10.93461847767542
 20
-0.5696515241199439
 30
0.0
 10
-10.57486694251834
 20
-0.5097923152134611
 30
0.0
 10
-10.20630376807013
 20
-0.4736568823919575
 30
0.0
 10
-9.83199658404075
 20
-0.4654372002100714
 30
0.0
 10
-9.454924481921305
 20
-0.4750053494494116
 30
0.0
 10
-9.205409304551555
 20
-0.4579410169392223
 30
0.0
 10
-9.081397827158396
 20
-0.4494598772040599
 30
0.0
  0
SPLINE
  5
AE
330
1F
100
AcDbEntity
  8
0
  6
Continuous
 62
     7
370
    25
100
AcDbSpline
210
0.0
220
0.0
230
1.0
 70
     8
 71
     3
 72
    17
 73
    13
 74
     0
 42
0.00000001
 43
0.00000001
 40
0.0
 40
0.0
 40
0.0
 40
0.0
 40
0.0777504184767001
 40
0.1561923543650552
 40
0.2354546932805392
 40
0.3153159739395954
 40
0.3955146565098618
 40
0.4759056415804965
 40
0.5563746065809073
 40
0.7039743663759647
 40
0.8519118101407842
 40
1.0
 40
1.0
 40
1.0
 40
1.0
 10
-9.149351875500447
 20
-0.1520148735102667
 30
0.0
 10
-9.21452582634425
 20
-0.129515848489318
 30
0.0
 10
-9.345453389500927
 20
-0.0843176906171082
 30
0.0
 10
-9.553752563653488
 20
-0.0609613440676282
 30
0.0
 10
-9.764026627090585
 20
-0.0616491020116926
 30
0.0
 10
-9.97487448947557
 20
-0.0835181195509103
 30
0.0
 10
-10.18430634440594
 20
-0.1210697014581449
 30
0.0
 10
-10.39166614209786
 20
-0.1710624388094636
 30
0.0
 10
-10.65300932755391
 20
-0.2497457973715797
 30
0.0
 10
-10.96325849641027
 20
-0.3707480143977187
 30
0.0
 10
-11.31670835821774
 20
-0.542033582227322
 30
0.0
 10
-11.54268465429363
 20
-0.6743614917244196
 30
0.0
 10
-11.65573033965299
 20
-0.7405591393584328
 30
0.0
  0
SPLINE
  5
AF
330
1F
100
AcDbEntity
  8
0
  6
Continuous
 62
     7
370
    25
100
AcDbSpline
210
0.0
220
0.0
230
1.0
 70
     8
 71
     3
 72
    20
 73
    16
 74
     0
 42
0.00000001
 43
0.00000001
 40
0.0
 40
0.0
 40
0.0
 40
0.0
 40
0.139200510667195
 40
0.2789014764855329
 40
0.4191075240222
 40
0.5420411612668605
 40
0.5970657093603227
 40
0.6193117162846979
 40
0.6386887834812697
 40
0.6569884638283963
 40
0.6754946973261233
 40
0.7216344160078313
 40
0.8248693514104826
 40
0.9278854279941181
 40
1.0
 40
1.0
 40
1.0
 40
1.0
 10
-9.149351875500445
 20
-0.1520148735102667
 30
0.0
 10
-9.124536804496454
 20
-0.1636069166691879
 30
0.0
 10
-9.074817447082212
 20
-0.1868326788234432
 30
0.0
 10
-9.003654071668805
 20
-0.2287888619913543
 30
0.0
 10
-8.94097383188976
 20
-0.2778083293317796
 30
0.0
 10
-8.901696089808844
 20
-0.3280616080977498
 30
0.0
 10
-8.887204760978136
 20
-0.3649301058728108
 30
0.0
 10
-8.88226921644225
 20
-0.3832805360680503
 30
0.0
 10
-8.881108969334553
 20
-0.3951826246821661
 30
0.0
 10
-8.885005041891024
 20
-0.4060858248828272
 30
0.0
 10
-8.89799139425111
 20
-0.4167899346462317
 30
0.0
 10
-8.93060379200357
 20
-0.4250159820183024
 30
0.0
 10
-8.979117059810687
 20
-0.433803503536873
 30
0.0
 10
-9.03324355328605
 20
-0.4427593880130984
 30
0.0
 10
-9.067352561319906
 20
-0.4475055303856558
 30
0.0
 10
-9.081397827158396
 20
-0.4494598772040599
 30
0.0
  0
SPLINE
  5
B0
330
1F
100
AcDbEntity
  8
0
  6
Continuous
 62
     7
370
    25
100
AcDbSpline
210
0.0
220
0.0
230
1.0
 70
     8
 71
     3
 72
     9
 73
     5
 74
     0
 42
0.00000001
 43
0.00000001
 40
0.0
 40
0.0
 40
0.0
 40
0.0
 40
0.4881028496551887
 40
1.0
 40
1.0
 40
1.0
 40
1.0
 10
-10.63751145593445
 20
-0.3228255732226604
 30
0.0
 10
-10.70123789210339
 20
-0.3462007708354169
 30
0.0
 10
-10.83179733508548
 20
-0.3940906727879858
 30
0.0
 10
-10.95858751046358
 20
-0.4512243116348617
 30
0.0
 10
-11.02349103993135
 20
-0.4804708585494071
 30
0.0
  0
SPLINE
  5
B2
330
1F
100
AcDbEntity
  8
0
  6
Continuous
 62
     7
370
    25
100
AcDbSpline
210
0.0
220
0.0
230
1.0
 70
     8
 71
     3
 72
    10
 73
     6
 74
     0
 42
0.00000001
 43
0.00000001
 40
0.0
 40
0.0
 40
0.0
 40
0.0
 40
0.2957661269280827
 40
0.62742829496021
 40
1.0
 40
1.0
 40
1.0
 40
1.0
 10
-9.399898374016802
 20
-0.1529298552889523
 30
0.0
 10
-9.473511148135133
 20
-0.144027687957086
 30
0.0
 10
-9.629670806551957
 20
-0.1251429301638396
 30
0.0
 10
-9.880875250184097
 20
-0.1398609730631295
 30
0.0
 10
-10.05447244695489
 20
-0.1705831912534422
 30
0.0
 10
-10.14631324880229
 20
-0.1868366400741301
 30
0.0
  0
SPLINE
  5
B3
330
1F
100
AcDbEntity
  8
0
  6
Continuous
 62
     7
370
    25
100
AcDbSpline
210
0.0
220
0.0
230
1.0
 70
     8
 71
     3
 72
    12
 73
     8
 74
     0
 42
0.00000001
 43
0.00000001
 40
0.0
 40
0.0
 40
0.0
 40
0.0
 40
0.1795797026917304
 40
0.3895620622295171
 40
0.6054961619924308
 40
0.8038854573821727
 40
1.0
 40
1.0
 40
1.0
 40
1.0
 10
-10.11987413271601
 20
-0.4038628082179132
 30
0.0
 10
-10.07795409241698
 20
-0.4024399222259762
 30
0.0
 10
-9.987016992606371
 20
-0.3993532571239187
 30
0.0
 10
-9.845588213197422
 20
-0.3982555130828997
 30
0.0
 10
-9.69977752248581
 20
-0.3986072397238842
 30
0.0
 10
-9.557205353347987
 20
-0.400084699739766
 30
0.0
 10
-9.465067323857765
 20
-0.399131688194715
 30
0.0
 10
-9.419263948148057
 20
-0.3986579300071872
 30
0.0
  0
CIRCLE
  5
B5
330
1F
100
AcDbEntity
  8
0
  6
Continuous
 62
     7
370
    25
100
AcDbCircle
 10
-10.3718253512
 20
-0.3307138221
 30
0.0
 40
0.0590551181102347
  0
CIRCLE
  5
B6
330
1F
100
AcDbEntity
  8
0
  6
Continuous
 62
     7
370
    25
100
AcDbCircle
 10
-9.1722876704
 20
-0.2974068822
 30
0.0
 40
0.0590551181102355
  0
SPLINE
  5
BA
330
1F
100
AcDbEntity
  8
0
  6
Continuous
 62
     7
370
    25
100
AcDbSpline
210
0.0
220
0.0
230
1.0
 70
     8
 71
     3
 72
    14
 73
    10
 74
     0
 42
0.00000001
 43
0.00000001
 40
0.0
 40
0.0
 40
0.0
 40
0.0
 40
0.141029795559137
 40
0.2818753607524689
 40
0.4226187214233206
 40
0.56333706632687
 40
0.7104470631168526
 40
0.8560893655250599
 40
1.0
 40
1.0
 40
1.0
 40
1.0
 10
-11.55463166473136
 20
1.197617899214003
 30
0.0
 10
-11.43976700883677
 20
1.238192838733905
 30
0.0
 10
-11.21018774730816
 20
1.319289713825707
 30
0.0
 10
-10.85438012246998
 20
1.402655370317079
 30
0.0
 10
-10.4946285873129
 20
1.46251457922356
 30
0.0
 10
-10.1260654128647
 20
1.498650012045064
 30
0.0
 10
-9.751758228835318
 20
1.506869694226951
 30
0.0
 10
-9.37468612671587
 20
1.49730154498761
 30
0.0
 10
-9.12517094934612
 20
1.514365877497799
 30
0.0
 10
-9.001159471952962
 20
1.522847017232962
 30
0.0
  0
SPLINE
  5
BC
330
1F
100
AcDbEntity
  8
0
  6
Continuous
 62
     7
370
    25
100
AcDbSpline
210
0.0
220
0.0
230
1.0
 70
     8
 71
     3
 72
    17
 73
    13
 74
     0
 42
0.00000001
 43
0.00000001
 40
0.0
 40
0.0
 40
0.0
 40
0.0
 40
0.0777504184767001
 40
0.1561923543650552
 40
0.2354546932805392
 40
0.3153159739395954
 40
0.3955146565098618
 40
0.4759056415804965
 40
0.5563746065809073
 40
0.7039743663759647
 40
0.8519118101407842
 40
1.0
 40
1.0
 40
1.0
 40
1.0
 10
-9.069113520295012
 20
1.820292020926755
 30
0.0
 10
-9.134287471138816
 20
1.842791045947705
 30
0.0
 10
-9.265215034295494
 20
1.887989203819915
 30
0.0
 10
-9.473514208448053
 20
1.911345550369393
 30
0.0
 10
-9.683788271885152
 20
1.91065779242533
 30
0.0
 10
-9.894636134270135
 20
1.888788774886111
 30
0.0
 10
-10.10406798920051
 20
1.851237192978877
 30
0.0
 10
-10.31142778689242
 20
1.801244455627558
 30
0.0
 10
-10.57277097234847
 20
1.722561097065443
 30
0.0
 10
-10.88302014120484
 20
1.601558880039303
 30
0.0
 10
-11.23647000301231
 20
1.4302733122097
 30
0.0
 10
-11.46244629908819
 20
1.297945402712602
 30
0.0
 10
-11.57549198444756
 20
1.231747755078589
 30
0.0
  0
SPLINE
  5
BD
330
1F
100
AcDbEntity
  8
0
  6
Continuous
 62
     7
370
    25
100
AcDbSpline
210
0.0
220
0.0
230
1.0
 70
     8
 71
     3
 72
    20
 73
    16
 74
     0
 42
0.00000001
 43
0.00000001
 40
0.0
 40
0.0
 40
0.0
 40
0.0
 40
0.139200510667195
 40
0.2789014764855329
 40
0.4191075240222
 40
0.5420411612668605
 40
0.5970657093603227
 40
0.6193117162846979
 40
0.6386887834812697
 40
0.6569884638283963
 40
0.6754946973261233
 40
0.7216344160078313
 40
0.8248693514104826
 40
0.9278854279941181
 40
1.0
 40
1.0
 40
1.0
 40
1.0
 10
-9.06911352029501
 20
1.820292020926755
 30
0.0
 10
-9.04429844929102
 20
1.808699977767834
 30
0.0
 10
-8.994579091876782
 20
1.785474215613579
 30
0.0
 10
-8.923415716463369
 20
1.743518032445667
 30
0.0
 10
-8.860735476684328
 20
1.694498565105242
 30
0.0
 10
-8.82145773460341
 20
1.644245286339271
 30
0.0
 10
-8.806966405772704
 20
1.607376788564211
 30
0.0
 10
-8.802030861236815
 20
1.589026358368971
 30
0.0
 10
-8.800870614129115
 20
1.577124269754856
 30
0.0
 10
-8.80476668668559
 20
1.566221069554194
 30
0.0
 10
-8.817753039045678
 20
1.55551695979079
 30
0.0
 10
-8.850365436798135
 20
1.547290912418719
 30
0.0
 10
-8.898878704605252
 20
1.538503390900149
 30
0.0
 10
-8.953005198080616
 20
1.529547506423924
 30
0.0
 10
-8.987114206114471
 20
1.524801364051366
 30
0.0
 10
-9.001159471952962
 20
1.522847017232962
 30
0.0
  0
SPLINE
  5
BE
330
1F
100
AcDbEntity
  8
0
  6
Continuous
 62
     7
370
    25
100
AcDbSpline
210
0.0
220
0.0
230
1.0
 70
     8
 71
     3
 72
     9
 73
     5
 74
     0
 42
0.00000001
 43
0.00000001
 40
0.0
 40
0.0
 40
0.0
 40
0.0
 40
0.4881028496551887
 40
1.0
 40
1.0
 40
1.0
 40
1.0
 10
-10.55727310072901
 20
1.649481321214361
 30
0.0
 10
-10.62099953689796
 20
1.626106123601604
 30
0.0
 10
-10.75155897988004
 20
1.578216221649036
 30
0.0
 10
-10.87834915525815
 20
1.521082582802159
 30
0.0
 10
-10.94325268472592
 20
1.491836035887615
 30
0.0
  0
SPLINE
  5
C2
330
1F
100
AcDbEntity
  8
0
  6
Continuous
 62
     7
370
    25
100
AcDbSpline
210
0.0
220
0.0
230
1.0
 70
     8
 71
     3
 72
    10
 73
     6
 74
     0
 42
0.00000001
 43
0.00000001
 40
0.0
 40
0.0
 40
0.0
 40
0.0
 40
0.2957661269280827
 40
0.62742829496021
 40
1.0
 40
1.0
 40
1.0
 40
1.0
 10
-9.319660018811367
 20
1.819377039148069
 30
0.0
 10
-9.393272792929698
 20
1.828279206479936
 30
0.0
 10
-9.549432451346522
 20
1.847163964273183
 30
0.0
 10
-9.800636894978663
 20
1.832445921373892
 30
0.0
 10
-9.97423409174946
 20
1.801723703183579
 30
0.0
 10
-10.06607489359686
 20
1.785470254362892
 30
0.0
  0
CIRCLE
  5
C4
330
1F
100
AcDbEntity
  8
0
  6
Continuous
 62
     7
370
    25
100
AcDbCircle
 10
-10.291586996
 20
1.6415930724
 30
0.0
 40
0.0590551181102365
  0
CIRCLE
  5
C5
330
1F
100
AcDbEntity
  8
0
  6
Continuous
 62
     7
370
    25
100
AcDbCircle
 10
-9.0920493151
 20
1.6749000122
 30
0.0
 40
0.0590551181102355
  0
SPLINE
  5
C7
330
1F
100
AcDbEntity
  8
0
  6
Continuous
 62
     7
370
    25
100
AcDbSpline
210
0.0
220
0.0
230
1.0
 70
     8
 71
     3
 72
    12
 73
     8
 74
     0
 42
0.00000001
 43
0.00000001
 40
0.0
 40
0.0
 40
0.0
 40
0.0
 40
0.1795797026917304
 40
0.3895620622295171
 40
0.6054961619924308
 40
0.8038854573821727
 40
1.0
 40
1.0
 40
1.0
 40
1.0
 10
-10.03963577751058
 20
1.568444086219108
 30
0.0
 10
-9.99771573721154
 20
1.569866972211045
 30
0.0
 10
-9.906778637400937
 20
1.572953637313103
 30
0.0
 10
-9.765349857991989
 20
1.574051381354122
 30
0.0
 10
-9.619539167280378
 20
1.573699654713138
 30
0.0
 10
-9.476966998142553
 20
1.572222194697256
 30
0.0
 10
-9.38482896865233
 20
1.573175206242307
 30
0.0
 10
-9.339025592942622
 20
1.573648964429834
 30
0.0
  0
SPLINE
  5
C9
330
1F
100
AcDbEntity
  8
0
  6
Continuous
 62
     7
370
    25
100
AcDbSpline
210
0.0
220
0.0
230
1.0
 70
     8
 71
     3
 72
    36
 73
    32
 74
     0
 42
0.00000001
 43
0.00000001
 40
0.0
 40
0.0
 40
0.0
 40
0.0
 40
0.0774582263678653
 40
0.1547646431350748
 40
0.2320361202111984
 40
0.3092767603809878
 40
0.3859046630270893
 40
0.4095356506631169
 40
0.4330183322370504
 40
0.4560564853826468
 40
0.4781686466596786
 40
0.4817056496769648
 40
0.4836664080017912
 40
0.4838681216287778
 40
0.4840133880606902
 40
0.4843934591401188
 40
0.4865022992641599
 40
0.4897529926664392
 40
0.4938252211284939
 40
0.4979403531218141
 40
0.5158767446310005
 40
0.5343459075792111
 40
0.564278634999355
 40
0.5914070877437443
 40
0.618819538581183
 40
0.6606859065485522
 40
0.7028590433155812
 40
0.7452009924439504
 40
0.8299852296688741
 40
0.9149279552190936
 40
1.0
 40
1.0
 40
1.0
 40
1.0
 10
-11.59770805041982
 20
3.61873333198116
 30
0.0
 10
-11.45764564447683
 20
3.651286472853489
 30
0.0
 10
-11.17779533949488
 20
3.716328954023982
 30
0.0
 10
-10.75093997957886
 20
3.77608409223181
 30
0.0
 10
-10.32243303233262
 20
3.815249534937605
 30
0.0
 10
-9.8936988922843
 20
3.831192159397195
 30
0.0
 10
-9.564158507263835
 20
3.831765226398983
 30
0.0
 10
-9.335048785554669
 20
3.847935016347212
 30
0.0
 10
-9.205857287629344
 20
3.865442347366708
 30
0.0
 10
-9.081745926770477
 20
3.893815720422538
 30
0.0
 10
-8.996374552803042
 20
3.927134889025455
 30
0.0
 10
-8.953733893136848
 20
3.955472423773477
 30
0.0
 10
-8.945114911102356
 20
3.961691277219005
 30
0.0
 10
-8.94223678889633
 20
3.964910571763778
 30
0.0
 10
-8.941691121630765
 20
3.966162780365993
 30
0.0
 10
-8.94126532750469
 20
3.971090362575193
 30
0.0
 10
-8.942452837680676
 20
3.981682763754889
 30
0.0
 10
-8.943518732236164
 20
3.999145413298378
 30
0.0
 10
-8.948551253288027
 20
4.020054793565262
 30
0.0
 10
-8.973186273413663
 20
4.062225987204998
 30
0.0
 10
-9.028832892107744
 20
4.114981976056435
 30
0.0
 10
-9.134450426014528
 20
4.17901709012454
 30
0.0
 10
-9.268607021846046
 20
4.224149345638762
 30
0.0
 10
-9.423649179725075
 20
4.24932441857375
 30
0.0
 10
-9.602750956343534
 20
4.256694595299403
 30
0.0
 10
-9.809463424759233
 20
4.241530199008648
 30
0.0
 10
-10.04108938122956
 20
4.203801246242561
 30
0.0
 10
-10.34793034957888
 20
4.135963811380836
 30
0.0
 10
-10.72642440343205
 20
4.026537630357069
 30
0.0
 10
-11.16935298921591
 20
3.86000309048142
 30
0.0
 10
-11.45771591739893
 20
3.731959175614787
 30
0.0
 10
-11.60200705099727
 20
3.66788852082261
 30
0.0
  0
SPLINE
  5
CB
330
1F
100
AcDbEntity
  8
0
  6
Continuous
 62
     7
370
    25
100
AcDbSpline
210
0.0
220
0.0
230
1.0
 70
     8
 71
     3
 72
     9
 73
     5
 74
     0
 42
0.00000001
 43
0.00000001
 40
0.0
 40
0.0
 40
0.0
 40
0.0
 40
0.5559131818896733
 40
1.0
 40
1.0
 40
1.0
 40
1.0
 10
-9.683515751737623
 20
4.179471078148436
 30
0.0
 10
-9.774927939905663
 20
4.170233423186092
 30
0.0
 10
-9.93936402659335
 20
4.153616341124928
 30
0.0
 10
-10.10076249210426
 20
4.118226942419255
 30
0.0
 10
-10.17243742310089
 20
4.102510976953214
 30
0.0
  0
SPLINE
  5
CD
330
1F
100
AcDbEntity
  8
0
  6
Continuous
 62
     7
370
    25
100
AcDbSpline
210
0.0
220
0.0
230
1.0
 70
     8
 71
     3
 72
     9
 73
     5
 74
     0
 42
0.00000001
 43
0.00000001
 40
0.0
 40
0.0
 40
0.0
 40
0.0
 40
0.5628454781264358
 40
1.0
 40
1.0
 40
1.0
 40
1.0
 10
-10.14409725321307
 20
3.891250264834714
 30
0.0
 10
-10.05547522783045
 20
3.894107316406201
 30
0.0
 10
-9.8980216658375
 20
3.899183401553046
 30
0.0
 10
-9.740504370092024
 20
3.901501483222459
 30
0.0
 10
-9.671644971983593
 20
3.902514843106317
 30
0.0
  0
SPLINE
  5
CF
330
1F
100
AcDbEntity
  8
0
  6
Continuous
 62
     7
370
    25
100
AcDbSpline
210
0.0
220
0.0
230
1.0
 70
     8
 71
     3
 72
     9
 73
     5
 74
     0
 42
0.00000001
 43
0.00000001
 40
0.0
 40
0.0
 40
0.0
 40
0.0
 40
0.5590960637894083
 40
1.0
 40
1.0
 40
1.0
 40
1.0
 10
-10.61145744739465
 20
3.983868133436177
 30
0.0
 10
-10.68196296267214
 20
3.960759175524933
 30
0.0
 10
-10.80806922569897
 20
3.919426461152707
 30
0.0
 10
-10.9321767717339
 20
3.872446825253964
 30
0.0
 10
-10.98689627729414
 20
3.851733318864468
 30
0.0
  0
SPLINE
  5
D1
330
1F
100
AcDbEntity
  8
0
  6
Continuous
 62
     7
370
    25
100
AcDbSpline
210
0.0
220
0.0
230
1.0
 70
     8
 71
     3
 72
     9
 73
     5
 74
     0
 42
0.00000001
 43
0.00000001
 40
0.0
 40
0.0
 40
0.0
 40
0.0
 40
0.5602772183836191
 40
0.9999999999999999
 40
0.9999999999999999
 40
0.9999999999999999
 40
0.9999999999999999
 10
-10.97681069685441
 20
3.813274218465267
 30
0.0
 10
-10.90405645804117
 20
3.823430372697256
 30
0.0
 10
-10.77420245643972
 20
3.841557388929129
 30
0.0
 10
-10.64374608788991
 20
3.854624249069975
 30
0.0
 10
-10.58638145063161
 20
3.8603700451581
 30
0.0
  0
CIRCLE
  5
D2
330
1F
100
AcDbEntity
  8
0
  6
Continuous
 62
     7
370
    25
100
AcDbCircle
 10
-10.3962753653
 20
3.9627703408
 30
0.0
 40
0.059055118110237
  0
CIRCLE
  5
D3
330
1F
100
AcDbEntity
  8
0
  6
Continuous
 62
     7
370
    25
100
AcDbCircle
 10
-9.3995470241
 20
4.0435949279
 30
0.0
 40
0.059055118110237
  0
SPLINE
  5
D6
330
1F
100
AcDbEntity
  8
0
  6
Continuous
 62
     7
370
    25
100
AcDbSpline
210
0.0
220
0.0
230
1.0
 70
     8
 71
     3
 72
    36
 73
    32
 74
     0
 42
0.00000001
 43
0.00000001
 40
0.0
 40
0.0
 40
0.0
 40
0.0
 40
0.0774582263678651
 40
0.1547646431350745
 40
0.2320361202111983
 40
0.3092767603809877
 40
0.3859046630270893
 40
0.409535650663117
 40
0.4330183322370504
 40
0.4560564853826469
 40
0.4781686466596783
 40
0.4817056496769646
 40
0.483666408001791
 40
0.4838681216287775
 40
0.48401338806069
 40
0.4843934591401186
 40
0.4865022992641596
 40
0.489752992666439
 40
0.4938252211284936
 40
0.4979403531218138
 40
0.5158767446310003
 40
0.5343459075792113
 40
0.5642786349993553
 40
0.5914070877437445
 40
0.6188195385811832
 40
0.6606859065485524
 40
0.7028590433155816
 40
0.7452009924439508
 40
0.8299852296688743
 40
0.9149279552190939
 40
1.0
 40
1.0
 40
1.0
 40
1.0
 10
-8.287017322602528
 20
3.899896790374663
 30
0.0
 10
-8.427079728545523
 20
3.867343649502338
 30
0.0
 10
-8.706930033527472
 20
3.802301168331851
 30
0.0
 10
-9.133785393443487
 20
3.742546030124019
 30
0.0
 10
-9.562292340689742
 20
3.703380587418228
 30
0.0
 10
-9.991026480738046
 20
3.687437962958639
 30
0.0
 10
-10.32056686575852
 20
3.686864895956858
 30
0.0
 10
-10.54967658746768
 20
3.670695106008627
 30
0.0
 10
-10.67886808539301
 20
3.653187774989134
 30
0.0
 10
-10.80297944625189
 20
3.624814401933304
 30
0.0
 10
-10.88835082021927
 20
3.59149523333038
 30
0.0
 10
-10.93099147988552
 20
3.563157698582372
 30
0.0
 10
-10.93961046191998
 20
3.556938845136833
 30
0.0
 10
-10.94248858412603
 20
3.553719550592068
 30
0.0
 10
-10.94303425139158
 20
3.552467341989849
 30
0.0
 10
-10.94346004551767
 20
3.547539759780656
 30
0.0
 10
-10.94227253534167
 20
3.536947358600951
 30
0.0
 10
-10.94120664078619
 20
3.519484709057469
 30
0.0
 10
-10.93617411973432
 20
3.49857532879058
 30
0.0
 10
-10.91153909960869
 20
3.45640413515085
 30
0.0
 10
-10.8558924809146
 20
3.403648146299408
 30
0.0
 10
-10.75027494700783
 20
3.3396130322313
 30
0.0
 10
-10.6161183511763
 20
3.294480776717078
 30
0.0
 10
-10.46107619329728
 20
3.269305703782088
 30
0.0
 10
-10.28197441667882
 20
3.261935527056437
 30
0.0
 10
-10.07526194826312
 20
3.277099923347188
 30
0.0
 10
-9.843635991792796
 20
3.314828876113275
 30
0.0
 10
-9.536795023443466
 20
3.382666310975
 30
0.0
 10
-9.158300969590295
 20
3.492092491998761
 30
0.0
 10
-8.715372383806454
 20
3.658627031874409
 30
0.0
 10
-8.427009455623423
 20
3.786670946741038
 30
0.0
 10
-8.28271832202508
 20
3.850741601533212
 30
0.0
  0
SPLINE
  5
D8
330
1F
100
AcDbEntity
  8
0
  6
Continuous
 62
     7
370
    25
100
AcDbSpline
210
0.0
220
0.0
230
1.0
 70
     8
 71
     3
 72
     9
 73
     5
 74
     0
 42
0.00000001
 43
0.00000001
 40
0.0
 40
0.0
 40
0.0
 40
0.0
 40
0.5559131818896729
 40
1.0
 40
1.0
 40
1.0
 40
1.0
 10
-10.20120962128473
 20
3.339159044207405
 30
0.0
 10
-10.10979743311669
 20
3.348396699169748
 30
0.0
 10
-9.945361346429005
 20
3.365013781230907
 30
0.0
 10
-9.783962880918093
 20
3.400403179936581
 30
0.0
 10
-9.712287949921464
 20
3.416119145402623
 30
0.0
  0
SPLINE
  5
DA
330
1F
100
AcDbEntity
  8
0
  6
Continuous
 62
     7
370
    25
100
AcDbSpline
210
0.0
220
0.0
230
1.0
 70
     8
 71
     3
 72
     9
 73
     5
 74
     0
 42
0.00000001
 43
0.00000001
 40
0.0
 40
0.0
 40
0.0
 40
0.0
 40
0.562845478126436
 40
1.0
 40
1.0
 40
1.0
 40
1.0
 10
-9.740628119809278
 20
3.627379857521122
 30
0.0
 10
-9.829250145191908
 20
3.624522805949634
 30
0.0
 10
-9.986703707184853
 20
3.619446720802789
 30
0.0
 10
-10.14422100293033
 20
3.617128639133377
 30
0.0
 10
-10.21308040103876
 20
3.616115279249523
 30
0.0
  0
SPLINE
  5
DC
330
1F
100
AcDbEntity
  8
0
  6
Continuous
 62
     7
370
    25
100
AcDbSpline
210
0.0
220
0.0
230
1.0
 70
     8
 71
     3
 72
     9
 73
     5
 74
     0
 42
0.00000001
 43
0.00000001
 40
0.0
 40
0.0
 40
0.0
 40
0.0
 40
0.5590960637894103
 40
1.0
 40
1.0
 40
1.0
 40
1.0
 10
-9.273267925627705
 20
3.534761988919655
 30
0.0
 10
-9.202762410350212
 20
3.557870946830898
 30
0.0
 10
-9.076656147323387
 20
3.599203661203126
 30
0.0
 10
-8.952548601288456
 20
3.646183297101865
 30
0.0
 10
-8.897829095728216
 20
3.666896803491358
 30
0.0
  0
SPLINE
  5
DE
330
1F
100
AcDbEntity
  8
0
  6
Continuous
 62
     7
370
    25
100
AcDbSpline
210
0.0
220
0.0
230
1.0
 70
     8
 71
     3
 72
     9
 73
     5
 74
     0
 42
0.00000001
 43
0.00000001
 40
0.0
 40
0.0
 40
0.0
 40
0.0
 40
0.5602772183836191
 40
0.9999999999999999
 40
0.9999999999999999
 40
0.9999999999999999
 40
0.9999999999999999
 10
-8.907914676167941
 20
3.705355903890565
 30
0.0
 10
-8.98066891498118
 20
3.695199749658575
 30
0.0
 10
-9.110522916582624
 20
3.677072733426699
 30
0.0
 10
-9.240979285132443
 20
3.664005873285856
 30
0.0
 10
-9.29834392239074
 20
3.658260077197732
 30
0.0
  0
CIRCLE
  5
E0
330
1F
100
AcDbEntity
  8
0
  6
Continuous
 62
     7
370
    25
100
AcDbCircle
 10
-9.4884500078
 20
3.5558597816
 30
0.0
 40
0.0590551181102406
  0
CIRCLE
  5
E1
330
1F
100
AcDbEntity
  8
0
  6
Continuous
 62
     7
370
    25
100
AcDbCircle
 10
-10.4851783489
 20
3.4750351944
 30
0.0
 40
0.0590551181102388
  0
SPLINE
  5
E2
330
1F
100
AcDbEntity
  8
0
  6
Continuous
 62
     7
370
    25
100
AcDbSpline
210
0.0
220
0.0
230
1.0
 70
     8
 71
     3
 72
    13
 73
     9
 74
     0
 42
0.00000001
 43
0.00000001
 40
0.0
 40
0.0
 40
0.0
 40
0.0
 40
0.2486472222400154
 40
0.4980795612796817
 40
0.6272264383402477
 40
0.748751110690563
 40
0.876819955715926
 40
1.0
 40
1.0
 40
1.0
 40
1.0
 10
-9.235914937303717
 20
-3.422784777439536
 30
0.0
 10
-9.235721679511661
 20
-3.479557831136053
 30
0.0
 10
-9.235334553705815
 20
-3.593283202459016
 30
0.0
 10
-9.282999154954123
 20
-3.730924514081376
 30
0.0
 10
-9.344958037452082
 20
-3.826898846623729
 30
0.0
 10
-9.406528190942897
 20
-3.887642055858605
 30
0.0
 10
-9.479833294622653
 20
-3.933482788587359
 30
0.0
 10
-9.536451211250906
 20
-3.943663821621505
 30
0.0
 10
-9.564209333870709
 20
-3.948655286871166
 30
0.0
  0
SPLINE
  5
E7
330
1F
100
AcDbEntity
  8
0
  6
Continuous
 62
     7
370
    25
100
AcDbSpline
210
0.0
220
0.0
230
1.0
 70
     8
 71
     3
 72
     9
 73
     5
 74
     0
 42
0.00000001
 43
0.00000001
 40
0.0
 40
0.0
 40
0.0
 40
0.0
 40
0.5600014346079799
 40
1.0
 40
1.0
 40
1.0
 40
1.0
 10
-8.52824316855441
 20
-3.776284384528042
 30
0.0
 10
-8.526604201895907
 20
-3.775865317961537
 30
0.0
 10
-8.523677483217678
 20
-3.775116986724139
 30
0.0
 10
-8.520751427800107
 20
-3.774366066442135
 30
0.0
 10
-8.519463967614119
 20
-3.774035662595328
 30
0.0
  0
SPLINE
  5
EA
330
1F
100
AcDbEntity
  8
0
  6
Continuous
 62
     7
370
    25
100
AcDbSpline
210
0.0
220
0.0
230
1.0
 70
     8
 71
     3
 72
    32
 73
    28
 74
     0
 42
0.00000001
 43
0.00000001
 40
0.0
 40
0.0
 40
0.0
 40
0.0
 40
0.1001895639802074
 40
0.2003009569819303
 40
0.2999570837560877
 40
0.3556962813944526
 40
0.411599904381842
 40
0.4679558774614431
 40
0.4945169264594934
 40
0.5210880814959741
 40
0.5477901930291317
 40
0.5744693789482982
 40
0.6010864941652754
 40
0.6138111307460665
 40
0.6265018927053316
 40
0.6329461459842185
 40
0.6362100695742551
 40
0.637021451709951
 40
0.6378094236089725
 40
0.6394619791871463
 40
0.6523998098166767
 40
0.6908639820688003
 40
0.7293822779327517
 40
0.7677510496458366
 40
0.8061234328773573
 40
0.9031273339105144
 40
1.0
 40
1.0
 40
1.0
 40
1.0
 10
-8.515164967034554
 20
-3.823190851436701
 30
0.0
 10
-8.652679904636667
 20
-3.884397143138786
 30
0.0
 10
-8.92760248645822
 20
-4.00676197151218
 30
0.0
 10
-9.349212260623974
 20
-4.166644339089348
 30
0.0
 10
-9.71702378087669
 20
-4.277692148341691
 30
0.0
 10
-10.02629229933695
 20
-4.349693952457891
 30
0.0
 10
-10.27506453849149
 20
-4.39297532893412
 30
0.0
 10
-10.48336918169825
 20
-4.410835904314763
 30
0.0
 10
-10.64796989845699
 20
-4.407245848861783
 30
0.0
 10
-10.7673402914461
 20
-4.394060146902
 30
0.0
 10
-10.88493130889565
 20
-4.367870859993188
 30
0.0
 10
-10.99772334139741
 20
-4.325834831557367
 30
0.0
 10
-11.08409246113906
 20
-4.273714917343833
 30
0.0
 10
-11.13896317180247
 20
-4.218788129576697
 30
0.0
 10
-11.17007718788595
 20
-4.179707016210457
 30
0.0
 10
-11.17417866011393
 20
-4.145724357693504
 30
0.0
 10
-11.17567011942361
 20
-4.130029695854621
 30
0.0
 10
-11.17577612357086
 20
-4.122718526144437
 30
0.0
 10
-11.17423969318948
 20
-4.117856203952925
 30
0.0
 10
-11.15313166135983
 20
-4.105709241746811
 30
0.0
 10
-11.08823090820112
 20
-4.062763306151957
 30
0.0
 10
-10.95316190837635
 20
-4.027838107888076
 30
0.0
 10
-10.78294874966855
 20
-4.002183447587732
 30
0.0
 10
-10.6096410829718
 20
-3.991489290116977
 30
0.0
 10
-10.34887014825338
 20
-3.985234462462765
 30
0.0
 10
-9.999751783144266
 20
-3.982817589800759
 30
0.0
 10
-9.70932462029862
 20
-3.960037581255865
 30
0.0
 10
-9.564209333870709
 20
-3.948655286871166
 30
0.0
  0
CIRCLE
  5
EF
330
1F
100
AcDbEntity
  8
0
  6
Continuous
 62
     7
370
    25
100
AcDbCircle
 10
-10.718221279
 20
-4.198925496
 30
0.0
 40
0.0590551181102379
  0
SPLINE
  5
F0
330
1F
100
AcDbEntity
  8
0
  6
Continuous
 62
     7
370
    25
100
AcDbSpline
210
0.0
220
0.0
230
1.0
 70
     8
 71
     3
 72
     9
 73
     5
 74
     0
 42
0.00000001
 43
0.00000001
 40
0.0
 40
0.0
 40
0.0
 40
0.0
 40
0.5612826096125388
 40
0.9999999999999999
 40
0.9999999999999999
 40
0.9999999999999999
 40
0.9999999999999999
 10
-9.97365123080105
 20
-4.046570483934829
 30
0.0
 10
-10.06202336909988
 20
-4.049377515530827
 30
0.0
 10
-10.21947014686455
 20
-4.054378617556662
 30
0.0
 10
-10.37697721872267
 20
-4.056775258379983
 30
0.0
 10
-10.44607831025583
 20
-4.057826706387687
 30
0.0
  0
SPLINE
  5
F2
330
1F
100
AcDbEntity
  8
0
  6
Continuous
 62
     7
370
    25
100
AcDbSpline
210
0.0
220
0.0
230
1.0
 70
     8
 71
     3
 72
     9
 73
     5
 74
     0
 42
0.00000001
 43
0.00000001
 40
0.0
 40
0.0
 40
0.0
 40
0.0
 40
0.5593529695396878
 40
0.9999999999999999
 40
0.9999999999999999
 40
0.9999999999999999
 40
0.9999999999999999
 10
-10.4342932351681
 20
-4.334812447807545
 30
0.0
 10
-10.342346330544
 20
-4.325407544726832
 30
0.0
 10
-10.1779655019238
 20
-4.308593647969563
 30
0.0
 10
-10.01649060480215
 20
-4.273717041463972
 30
0.0
 10
-9.945337170891614
 20
-4.258348768374752
 30
0.0
  0
CIRCLE
  5
F4
330
1F
100
AcDbEntity
  8
0
  6
Continuous
 62
     7
370
    25
100
AcDbCircle
 10
-9.7214804736
 20
-4.118254765
 30
0.0
 40
0.0590551181102388
  0
SPLINE
  5
104
330
1F
100
AcDbEntity
  8
0
  6
Continuous
 62
     7
370
    25
100
AcDbSpline
210
0.0
220
0.0
230
1.0
 70
     8
 71
     3
 72
    13
 73
     9
 74
     0
 42
0.00000001
 43
0.00000001
 40
0.0
 40
0.0
 40
0.0
 40
0.0
 40
0.2486472222400154
 40
0.4980795612796817
 40
0.6272264383402477
 40
0.748751110690563
 40
0.876819955715926
 40
1.0
 40
1.0
 40
1.0
 40
1.0
 10
-10.56976253463658
 20
-2.301191825106424
 30
0.0
 10
-10.56995579242863
 20
-2.244418771409907
 30
0.0
 10
-10.57034291823448
 20
-2.130693400086944
 30
0.0
 10
-10.52267831698619
 20
-1.993052088464587
 30
0.0
 10
-10.46071943448821
 20
-1.897077755922231
 30
0.0
 10
-10.3991492809974
 20
-1.836334546687355
 30
0.0
 10
-10.32584417731765
 20
-1.790493813958601
 30
0.0
 10
-10.26922626068939
 20
-1.780312780924455
 30
0.0
 10
-10.24146813806959
 20
-1.775321315674795
 30
0.0
  0
SPLINE
  5
109
330
1F
100
AcDbEntity
  8
0
  6
Continuous
 62
     7
370
    25
100
AcDbSpline
210
0.0
220
0.0
230
1.0
 70
     8
 71
     3
 72
     9
 73
     5
 74
     0
 42
0.00000001
 43
0.00000001
 40
0.0
 40
0.0
 40
0.0
 40
0.0
 40
0.5600014346079799
 40
1.0
 40
1.0
 40
1.0
 40
1.0
 10
-11.27743430338589
 20
-1.947692218017927
 30
0.0
 10
-11.27907327004439
 20
-1.948111284584432
 30
0.0
 10
-11.28199998872262
 20
-1.948859615821829
 30
0.0
 10
-11.28492604414019
 20
-1.949610536103835
 30
0.0
 10
-11.28621350432618
 20
-1.949940939950641
 30
0.0
  0
SPLINE
  5
10C
330
1F
100
AcDbEntity
  8
0
  6
Continuous
 62
     7
370
    25
100
AcDbSpline
210
0.0
220
0.0
230
1.0
 70
     8
 71
     3
 72
    32
 73
    28
 74
     0
 42
0.00000001
 43
0.00000001
 40
0.0
 40
0.0
 40
0.0
 40
0.0
 40
0.1001895639802077
 40
0.2003009569819308
 40
0.299957083756088
 40
0.3556962813944531
 40
0.4115999043818424
 40
0.4679558774614436
 40
0.4945169264594939
 40
0.5210880814959745
 40
0.5477901930291321
 40
0.5744693789482986
 40
0.6010864941652753
 40
0.6138111307460663
 40
0.6265018927053314
 40
0.6329461459842184
 40
0.636210069574255
 40
0.6370214517099507
 40
0.6378094236089723
 40
0.6394619791871461
 40
0.6523998098166766
 40
0.6908639820688004
 40
0.7293822779327518
 40
0.7677510496458366
 40
0.8061234328773574
 40
0.9031273339105144
 40
0.9999999999999999
 40
0.9999999999999999
 40
0.9999999999999999
 40
0.9999999999999999
 10
-11.29051250490574
 20
-1.900785751109269
 30
0.0
 10
-11.15299756730363
 20
-1.83957945940718
 30
0.0
 10
-10.87807498548208
 20
-1.717214631033784
 30
0.0
 10
-10.45646521131633
 20
-1.557332263456611
 30
0.0
 10
-10.0886536910636
 20
-1.446284454204273
 30
0.0
 10
-9.779385172603345
 20
-1.374282650088063
 30
0.0
 10
-9.530612933448808
 20
-1.33100127361184
 30
0.0
 10
-9.32230829024204
 20
-1.313140698231187
 30
0.0
 10
-9.157707573483314
 20
-1.316730753684171
 30
0.0
 10
-9.038337180494192
 20
-1.329916455643952
 30
0.0
 10
-8.920746163044656
 20
-1.356105742552765
 30
0.0
 10
-8.807954130542887
 20
-1.398141770988583
 30
0.0
 10
-8.721585010801247
 20
-1.450261685202117
 30
0.0
 10
-8.666714300137832
 20
-1.505188472969251
 30
0.0
 10
-8.635600284054345
 20
-1.544269586335492
 30
0.0
 10
-8.631498811826367
 20
-1.578252244852444
 30
0.0
 10
-8.63000735251669
 20
-1.593946906691327
 30
0.0
 10
-8.629901348369438
 20
-1.60125807640151
 30
0.0
 10
-8.631437778750822
 20
-1.606120398593023
 30
0.0
 10
-8.652545810580467
 20
-1.618267360799136
 30
0.0
 10
-8.717446563739175
 20
-1.661213296393991
 30
0.0
 10
-8.852515563563946
 20
-1.696138494657877
 30
0.0
 10
-9.022728722271745
 20
-1.721793154958219
 30
0.0
 10
-9.196036388968492
 20
-1.732487312428974
 30
0.0
 10
-9.456807323686913
 20
-1.738742140083187
 30
0.0
 10
-9.805925688796036
 20
-1.741159012745205
 30
0.0
 10
-10.09635285164168
 20
-1.763939021290096
 30
0.0
 10
-10.24146813806959
 20
-1.775321315674795
 30
0.0
  0
CIRCLE
  5
111
330
1F
100
AcDbEntity
  8
0
  6
Continuous
 62
     7
370
    25
100
AcDbCircle
 10
-9.0874561929
 20
-1.5250511065
 30
0.0
 40
0.0590551181102386
  0
SPLINE
  5
112
330
1F
100
AcDbEntity
  8
0
  6
Continuous
 62
     7
370
    25
100
AcDbSpline
210
0.0
220
0.0
230
1.0
 70
     8
 71
     3
 72
     9
 73
     5
 74
     0
 42
0.00000001
 43
0.00000001
 40
0.0
 40
0.0
 40
0.0
 40
0.0
 40
0.5612826096125388
 40
1.0
 40
1.0
 40
1.0
 40
1.0
 10
-9.832026241139248
 20
-1.677406118611127
 30
0.0
 10
-9.743654102840408
 20
-1.674599087015129
 30
0.0
 10
-9.58620732507574
 20
-1.669597984989296
 30
0.0
 10
-9.42870025321763
 20
-1.667201344165971
 30
0.0
 10
-9.359599161684468
 20
-1.666149896158265
 30
0.0
  0
SPLINE
  5
114
330
1F
100
AcDbEntity
  8
0
  6
Continuous
 62
     7
370
    25
100
AcDbSpline
210
0.0
220
0.0
230
1.0
 70
     8
 71
     3
 72
     9
 73
     5
 74
     0
 42
0.00000001
 43
0.00000001
 40
0.0
 40
0.0
 40
0.0
 40
0.0
 40
0.5593529695396884
 40
1.0
 40
1.0
 40
1.0
 40
1.0
 10
-9.371384236772194
 20
-1.389164154738407
 30
0.0
 10
-9.463331141396297
 20
-1.398569057819121
 30
0.0
 10
-9.6277119700165
 20
-1.415382954576394
 30
0.0
 10
-9.789186867138145
 20
-1.450259561081984
 30
0.0
 10
-9.860340301048684
 20
-1.465627834171205
 30
0.0
  0
CIRCLE
  5
116
330
1F
100
AcDbEntity
  8
0
  6
Continuous
 62
     7
370
    25
100
AcDbCircle
 10
-10.0841969983
 20
-1.6057218375
 30
0.0
 40
0.0590551181102377
  0
CIRCLE
  5
13F
330
1F
100
AcDbEntity
  8
0
  6
Continuous
 62
     7
370
    25
100
AcDbCircle
 10
-3.4207933612
 20
1.3517609051
 30
0.0
 40
0.0590551181102359
  0
CIRCLE
  5
140
330
1F
100
AcDbEntity
  8
0
  6
Continuous
 62
     7
370
    25
100
AcDbCircle
 10
-0.4249047569
 20
1.1947530363
 30
0.0
 40
0.0590551181102362
  0
CIRCLE
  5
141
330
1F
100
AcDbEntity
  8
0
  6
Continuous
 62
     7
370
    25
100
AcDbCircle
 10
-1.9228490591
 20
1.2732569707
 30
0.0
 40
0.454999999999958
  0
SPLINE
  5
177
330
1F
100
AcDbEntity
  8
0
  6
Continuous
 62
     7
370
    25
100
AcDbSpline
210
0.0
220
0.0
230
1.0
 70
     8
 71
     3
 72
    55
 73
    51
 74
     0
 42
0.00000001
 43
0.00000001
 40
0.0
 40
0.0
 40
0.0
 40
0.0
 40
0.0190136358875783
 40
0.0394311578822572
 40
0.0602807673586435
 40
0.0807414835354872
 40
0.1008911534488375
 40
0.1209815928087887
 40
0.1411548651644126
 40
0.1966956792566837
 40
0.2521819736969202
 40
0.2900078264790377
 40
0.3278042987931131
 40
0.365604472428028
 40
0.4034169728383468
 40
0.4411608714670018
 40
0.4509984658853113
 40
0.4607219328702203
 40
0.4657594483853404
 40
0.4707176570746287
 40
0.475093285537675
 40
0.478893332976759
 40
0.4828154126548225
 40
0.4865167811554743
 40
0.4902777200286224
 40
0.4944157852317408
 40
0.4988488473699142
 40
0.5119336339534666
 40
0.52491841378924
 40
0.538027877487694
 40
0.5511230862291385
 40
0.5642685982350383
 40
0.577430843175187
 40
0.5994690182379278
 40
0.6215456245088865
 40
0.6436577374074695
 40
0.6657956357196215
 40
0.6879435672395602
 40
0.710087240352492
 40
0.73618874560471
 40
0.7622817683490659
 40
0.7883559044229493
 40
0.8144501508365025
 40
0.8493233617882917
 40
0.8840832622201066
 40
0.9187287698130345
 40
0.9396046553379617
 40
0.9607637775860937
 40
0.9812062280180758
 40
1.0
 40
1.0
 40
1.0
 40
1.0
 10
-9.49899175795824
 20
0.1333976037248245
 30
0.0
 10
-9.356776651536238
 20
0.1735782790110886
 30
0.0
 10
-9.061845879340714
 20
0.25690639996577
 30
0.0
 10
-8.603951306185849
 20
0.357000963616489
 30
0.0
 10
-8.13069751631302
 20
0.4369466887786196
 30
0.0
 10
-7.655083896357844
 20
0.4839931338399096
 30
0.0
 10
-7.183912868760359
 20
0.5079402252853856
 30
0.0
 10
-6.714625775939854
 20
0.5215732889992375
 30
0.0
 10
-5.97029436312642
 20
0.537365470128079
 30
0.0
 10
-4.950679783076538
 20
0.5461386255981496
 30
0.0
 10
-3.793971851679118
 20
0.5272962703796846
 30
0.0
 10
-2.775716554108913
 20
0.4922861833963014
 30
0.0
 10
-1.894888964643352
 20
0.460377618326917
 30
0.0
 10
-1.013927485636631
 20
0.4349582300675286
 30
0.0
 10
-0.1335540652817492
 20
0.4067358392688643
 30
0.0
 10
0.5296939989823429
 20
0.3790715263558806
 30
0.0
 10
0.9750262941099322
 20
0.3809360190295124
 30
0.0
 10
1.166137574737301
 20
0.3920881527997334
 30
0.0
 10
1.317745223983382
 20
0.4156453406870896
 30
0.0
 10
1.426664630703376
 20
0.439749485136424
 30
0.0
 10
1.521805860722335
 20
0.4834725629449323
 30
0.0
 10
1.582261177294396
 20
0.5585024328256118
 30
0.0
 10
1.616828954295993
 20
0.6414295748394592
 30
0.0
 10
1.623458038439089
 20
0.731561082867059
 30
0.0
 10
1.597926761518217
 20
0.819410258660015
 30
0.0
 10
1.551433652876221
 20
0.9037199768266085
 30
0.0
 10
1.449406645792811
 20
1.037856858649874
 30
0.0
 10
1.285193128036253
 20
1.210257476682178
 30
0.0
 10
1.043825172734912
 20
1.397230172905212
 30
0.0
 10
0.7837400607647024
 20
1.556532610306341
 30
0.0
 10
0.5096917367329113
 20
1.692950591890583
 30
0.0
 10
0.2258976001616504
 20
1.808571199302474
 30
0.0
 10
-0.1305215052240729
 20
1.928048513809201
 30
0.0
 10
-0.5628913850756218
 20
2.036392114335199
 30
0.0
 10
-1.070762288571264
 20
2.122059200462724
 30
0.0
 10
-1.583677102227465
 20
2.175641270547288
 30
0.0
 10
-2.099135070689705
 20
2.202704986928602
 30
0.0
 10
-2.615496713203328
 20
2.207002624301433
 30
0.0
 10
-3.162369645605002
 20
2.18899385367123
 30
0.0
 10
-3.738581809954846
 20
2.144690375698293
 30
0.0
 10
-4.342205319668725
 20
2.067807198798599
 30
0.0
 10
-4.940809975321469
 20
1.9586687112348
 30
0.0
 10
-5.59914738275537
 20
1.802177170480955
 30
0.0
 10
-6.312749130553717
 20
1.590541411654525
 30
0.0
 10
-7.077615375842282
 20
1.322271215150348
 30
0.0
 10
-7.730391895668979
 20
1.064411744458533
 30
0.0
 10
-8.27414002705748
 20
0.8203366478227612
 30
0.0
 10
-8.710246983403225
 20
0.6068301604203727
 30
0.0
 10
-9.12727808709351
 20
0.3913810629424694
 30
0.0
 10
-9.393856049901627
 20
0.2433535358889831
 30
0.0
 10
-9.521544322120361
 20
0.1724497786122548
 30
0.0
  0
SPLINE
  5
179
330
1F
100
AcDbEntity
  8
0
  6
Continuous
 62
     7
370
    25
100
AcDbSpline
210
0.0
220
0.0
230
1.0
 70
     8
 71
     3
 72
    55
 73
    51
 74
     0
 42
0.00000001
 43
0.00000001
 40
0.0
 40
0.0
 40
0.0
 40
0.0
 40
0.0190136358875783
 40
0.0394311578822572
 40
0.0602807673586436
 40
0.0807414835354872
 40
0.1008911534488375
 40
0.1209815928087886
 40
0.1411548651644126
 40
0.1966956792566837
 40
0.2521819736969202
 40
0.2900078264790377
 40
0.3278042987931131
 40
0.365604472428028
 40
0.4034169728383468
 40
0.4411608714670018
 40
0.4509984658853112
 40
0.4607219328702202
 40
0.4657594483853403
 40
0.4707176570746286
 40
0.4750932855376749
 40
0.4788933329767589
 40
0.4828154126548224
 40
0.4865167811554741
 40
0.4902777200286225
 40
0.4944157852317409
 40
0.4988488473699143
 40
0.5119336339534666
 40
0.5249184137892401
 40
0.5380278774876941
 40
0.5511230862291385
 40
0.5642685982350384
 40
0.5774308431751869
 40
0.5994690182379276
 40
0.6215456245088865
 40
0.6436577374074693
 40
0.6657956357196214
 40
0.6879435672395601
 40
0.7100872403524919
 40
0.7361887456047099
 40
0.7622817683490658
 40
0.7883559044229492
 40
0.8144501508365025
 40
0.8493233617882916
 40
0.8840832622201065
 40
0.9187287698130343
 40
0.9396046553379616
 40
0.9607637775860935
 40
0.9812062280180757
 40
0.9999999999999999
 40
0.9999999999999999
 40
0.9999999999999999
 40
0.9999999999999999
 10
2.708326215720155
 20
-1.125998759502159
 30
0.0
 10
2.566834018823714
 20
-1.168655310915755
 30
0.0
 10
2.273402442247879
 20
-1.257117992301222
 30
0.0
 10
1.817324499661364
 20
-1.365188673261201
 30
0.0
 10
1.345538033921443
 20
-1.453381639791004
 30
0.0
 10
0.8708179259049106
 20
-1.508721521653399
 30
0.0
 10
0.4001365943099925
 20
-1.540888034115958
 30
0.0
 10
-0.0688410940443135
 20
-1.562709210527845
 30
0.0
 10
-0.8127835300147351
 20
-1.591489360771462
 30
0.0
 10
-1.83208970515046
 20
-1.618055908107865
 30
0.0
 10
-2.988950308768793
 20
-1.619403759619332
 30
0.0
 10
-4.007661531392587
 20
-1.602170010151878
 30
0.0
 10
-4.888911847796311
 20
-1.585638866004025
 30
0.0
 10
-5.770182781598033
 20
-1.5755982470278
 30
0.0
 10
-6.650914665451662
 20
-1.562744789384561
 30
0.0
 10
-7.314544522655815
 20
-1.546659964666702
 30
0.0
 10
-7.759776451633905
 20
-1.556296293583282
 30
0.0
 10
-7.950663993516364
 20
-1.57078208057377
 30
0.0
 10
-8.101837422565607
 20
-1.596981598900952
 30
0.0
 10
-8.210319565006646
 20
-1.62298297792732
 30
0.0
 10
-8.30468323163084
 20
-1.668359839914535
 30
0.0
 10
-8.363819888781268
 20
-1.744433373138724
 30
0.0
 10
-8.396935122755893
 20
-1.827951175841041
 30
0.0
 10
-8.401990185546461
 20
-1.918184649874183
 30
0.0
 10
-8.37492961764161
 20
-2.005574863590468
 30
0.0
 10
-8.326972182657196
 20
-2.08906032435007
 30
0.0
 10
-8.22261970340134
 20
-2.221396159681329
 30
0.0
 10
-8.055422390502981
 20
-2.390904599210085
 30
0.0
 10
-7.810828073223169
 20
-2.573636366929004
 30
0.0
 10
-7.548002362591289
 20
-2.728375430714931
 30
0.0
 10
-7.271614955386667
 20
-2.859989832445367
 30
0.0
 10
-6.985846184203923
 20
-2.970639939662769
 30
0.0
 10
-6.627396196521491
 20
-3.083878686106596
 30
0.0
 10
-6.19320131214562
 20
-3.184659890503053
 30
0.0
 10
-5.683912663043115
 20
-3.261450359692949
 30
0.0
 10
-5.170140832732523
 20
-3.30607267117308
 30
0.0
 10
-4.654289044037569
 20
-3.324136283652368
 30
0.0
 10
-4.137931041789003
 20
-3.319421513220444
 30
0.0
 10
-3.591455697168247
 20
-3.291871236727416
 30
0.0
 10
-3.016104495026149
 20
-3.237518217502426
 30
0.0
 10
-2.413914716547958
 20
-3.150112067456346
 30
0.0
 10
-1.817305960526588
 20
-3.030543110467126
 30
0.0
 10
-1.161799975041802
 20
-2.862585832125526
 30
0.0
 10
-0.452000465525748
 20
-2.638528238713315
 30
0.0
 10
0.3080673264245398
 20
-2.356950144476536
 30
0.0
 10
0.9562441569392668
 20
-2.087737425894347
 30
0.0
 10
1.495649775065943
 20
-1.834209789689498
 30
0.0
 10
1.927964108214767
 20
-1.613124704507013
 30
0.0
 10
2.341171590832294
 20
-1.390430224651618
 30
0.0
 10
2.605125515959435
 20
-1.23777281595334
 30
0.0
 10
2.731556899445914
 20
-1.16465139003824
 30
0.0
  0
CIRCLE
  5
192
330
1F
100
AcDbEntity
  8
0
  6
Continuous
 62
     7
370
    25
100
AcDbCircle
 10
-3.3476830705
 20
-2.450255687
 30
0.0
 40
0.0590551181102363
  0
CIRCLE
  5
193
330
1F
100
AcDbEntity
  8
0
  6
Continuous
 62
     7
370
    25
100
AcDbCircle
 10
-6.3458555515
 20
-2.3455571969
 30
0.0
 40
0.0590551181102371
  0
CIRCLE
  5
194
330
1F
100
AcDbEntity
  8
0
  6
Continuous
 62
     7
370
    25
100
AcDbCircle
 10
-4.846769311
 20
-2.397906442
 30
0.0
 40
0.4549999999999584
  0
CIRCLE
  5
1E3
330
1F
100
AcDbEntity
  8
0
  6
Continuous
 62
     7
370
    25
100
AcDbCircle
 10
-3.4142580699
 20
-0.6256106055
 30
0.0
 40
0.0590551181102358
  0
CIRCLE
  5
1E4
330
1F
100
AcDbEntity
  8
0
  6
Continuous
 62
     7
370
    25
100
AcDbCircle
 10
-6.4101466742
 20
-0.4686027368
 30
0.0
 40
0.0590551181102352
  0
CIRCLE
  5
1E5
330
1F
100
AcDbEntity
  8
0
  6
Continuous
 62
     7
370
    25
100
AcDbCircle
 10
-4.9122023721
 20
-0.5471066711
 30
0.0
 40
0.4549999999999587
  0
SPLINE
  5
21B
330
1F
100
AcDbEntity
  8
0
  6
Continuous
 62
     7
370
    25
100
AcDbSpline
210
0.0
220
0.0
230
1.0
 70
     8
 71
     3
 72
    55
 73
    51
 74
     0
 42
0.00000001
 43
0.00000001
 40
0.0
 40
0.0
 40
0.0
 40
0.0
 40
0.0190136358875783
 40
0.0394311578822572
 40
0.0602807673586436
 40
0.0807414835354872
 40
0.1008911534488375
 40
0.1209815928087887
 40
0.1411548651644127
 40
0.1966956792566838
 40
0.2521819736969202
 40
0.2900078264790377
 40
0.3278042987931132
 40
0.3656044724280281
 40
0.4034169728383469
 40
0.4411608714670019
 40
0.4509984658853113
 40
0.4607219328702205
 40
0.4657594483853404
 40
0.4707176570746287
 40
0.475093285537675
 40
0.478893332976759
 40
0.4828154126548225
 40
0.4865167811554743
 40
0.4902777200286225
 40
0.4944157852317409
 40
0.4988488473699143
 40
0.5119336339534667
 40
0.5249184137892402
 40
0.5380278774876941
 40
0.5511230862291386
 40
0.5642685982350385
 40
0.5774308431751871
 40
0.5994690182379279
 40
0.6215456245088867
 40
0.6436577374074697
 40
0.6657956357196216
 40
0.6879435672395604
 40
0.7100872403524922
 40
0.7361887456047101
 40
0.7622817683490659
 40
0.7883559044229493
 40
0.8144501508365026
 40
0.8493233617882916
 40
0.8840832622201065
 40
0.9187287698130343
 40
0.9396046553379616
 40
0.9607637775860935
 40
0.9812062280180757
 40
0.9999999999999999
 40
0.9999999999999999
 40
0.9999999999999999
 40
0.9999999999999999
 10
2.663940326837698
 20
0.5927526958347588
 30
0.0
 10
2.521725220415695
 20
0.5525720205484955
 30
0.0
 10
2.226794448220168
 20
0.4692438995938161
 30
0.0
 10
1.768899875065306
 20
0.3691493359431005
 30
0.0
 10
1.295646085192477
 20
0.289203610780973
 30
0.0
 10
0.8200324652373004
 20
0.2421571657196872
 30
0.0
 10
0.348861437639814
 20
0.2182100742742134
 30
0.0
 10
-0.120425655180692
 20
0.204577010560365
 30
0.0
 10
-0.8647570679941259
 20
0.1887848294315289
 30
0.0
 10
-1.88437164804401
 20
0.1800116739614646
 30
0.0
 10
-3.041079579441425
 20
0.1988540291799383
 30
0.0
 10
-4.059334877011633
 20
0.2338641161633286
 30
0.0
 10
-4.940162466477194
 20
0.2657726812327188
 30
0.0
 10
-5.821123945483912
 20
0.2911920694921136
 30
0.0
 10
-6.701497365838798
 20
0.319414460290784
 30
0.0
 10
-7.364745430102882
 20
0.3470787732037718
 30
0.0
 10
-7.81007772523048
 20
0.3452142805301439
 30
0.0
 10
-8.00118900585784
 20
0.3340621467599257
 30
0.0
 10
-8.152796655103929
 20
0.310504958872568
 30
0.0
 10
-8.26171606182392
 20
0.2864008144232352
 30
0.0
 10
-8.356857291842882
 20
0.2426777366147268
 30
0.0
 10
-8.417312608414939
 20
0.1676478667340492
 30
0.0
 10
-8.451880385416539
 20
0.084720724720202
 30
0.0
 10
-8.45850946955964
 20
-0.0054107833073999
 30
0.0
 10
-8.43297819263876
 20
-0.0932599591003537
 30
0.0
 10
-8.38648508399677
 20
-0.1775696772669489
 30
0.0
 10
-8.28445807691336
 20
-0.3117065590902134
 30
0.0
 10
-8.120244559156804
 20
-0.4841071771225207
 30
0.0
 10
-7.878876603855465
 20
-0.6710798733455531
 30
0.0
 10
-7.618791491885255
 20
-0.8303823107466869
 30
0.0
 10
-7.344743167853464
 20
-0.96680029233093
 30
0.0
 10
-7.060949031282208
 20
-1.082420899742823
 30
0.0
 10
-6.704529925896479
 20
-1.201898214249553
 30
0.0
 10
-6.272160046044933
 20
-1.310241814775554
 30
0.0
 10
-5.764289142549293
 20
-1.395908900903083
 30
0.0
 10
-5.251374328893093
 20
-1.449490970987649
 30
0.0
 10
-4.735916360430848
 20
-1.476554687368967
 30
0.0
 10
-4.219554717917232
 20
-1.480852324741802
 30
0.0
 10
-3.672681785515552
 20
-1.462843554111603
 30
0.0
 10
-3.096469621165712
 20
-1.418540076138669
 30
0.0
 10
-2.49284611145183
 20
-1.341656899238981
 30
0.0
 10
-1.894241455799084
 20
-1.232518411675184
 30
0.0
 10
-1.235904048365188
 20
-1.076026870921347
 30
0.0
 10
-0.5223023005668295
 20
-0.8643911120949186
 30
0.0
 10
0.2425639447217267
 20
-0.5961209155907494
 30
0.0
 10
0.8953404645484345
 20
-0.3382614448989361
 30
0.0
 10
1.43908859593693
 20
-0.0941863482631699
 30
0.0
 10
1.875195552282681
 20
0.1193201391392154
 30
0.0
 10
2.292226655972967
 20
0.3347692366171162
 30
0.0
 10
2.558804618781087
 20
0.4827967636706006
 30
0.0
 10
2.68649289099982
 20
0.553700520947328
 30
0.0
  0
CIRCLE
  5
235
330
1F
100
AcDbEntity
  8
0
  6
Continuous
 62
     7
370
    25
100
AcDbCircle
 10
0.6553008388
 20
-3.5304050796
 30
0.0
 40
0.0590551181102358
  0
CIRCLE
  5
236
330
1F
100
AcDbEntity
  8
0
  6
Continuous
 62
     7
370
    25
100
AcDbCircle
 10
3.6534733199
 20
-3.6351035697
 30
0.0
 40
0.059055118110236
  0
CIRCLE
  5
237
330
1F
100
AcDbEntity
  8
0
  6
Continuous
 62
     7
370
    25
100
AcDbCircle
 10
2.1543870794
 20
-3.5827543246
 30
0.0
 40
0.4549999999999589
  0
SPLINE
  5
26D
330
1F
100
AcDbEntity
  8
0
  6
Continuous
 62
     7
370
    25
100
AcDbSpline
210
0.0
220
0.0
230
1.0
 70
     8
 71
     3
 72
    55
 73
    51
 74
     0
 42
0.00000001
 43
0.00000001
 40
0.0
 40
0.0
 40
0.0
 40
0.0
 40
0.0190136358875782
 40
0.0394311578822572
 40
0.0602807673586436
 40
0.0807414835354872
 40
0.1008911534488375
 40
0.1209815928087886
 40
0.1411548651644126
 40
0.1966956792566837
 40
0.2521819736969202
 40
0.2900078264790377
 40
0.3278042987931132
 40
0.3656044724280281
 40
0.4034169728383468
 40
0.4411608714670018
 40
0.4509984658853113
 40
0.4607219328702203
 40
0.4657594483853403
 40
0.4707176570746286
 40
0.4750932855376749
 40
0.4788933329767589
 40
0.4828154126548224
 40
0.4865167811554741
 40
0.4902777200286224
 40
0.4944157852317408
 40
0.4988488473699141
 40
0.5119336339534665
 40
0.52491841378924
 40
0.538027877487694
 40
0.5511230862291385
 40
0.5642685982350383
 40
0.5774308431751869
 40
0.5994690182379276
 40
0.6215456245088865
 40
0.6436577374074695
 40
0.6657956357196215
 40
0.6879435672395602
 40
0.7100872403524919
 40
0.7361887456047099
 40
0.7622817683490658
 40
0.7883559044229492
 40
0.8144501508365025
 40
0.8493233617882916
 40
0.8840832622201065
 40
0.9187287698130343
 40
0.9396046553379616
 40
0.9607637775860935
 40
0.9812062280180757
 40
0.9999999999999999
 40
0.9999999999999999
 40
0.9999999999999999
 40
0.9999999999999999
 10
-5.400708447360552
 20
-4.854662007088304
 30
0.0
 10
-5.259216250464113
 20
-4.812005455674708
 30
0.0
 10
-4.965784673888277
 20
-4.723542774289238
 30
0.0
 10
-4.509706731301761
 20
-4.615472093329254
 30
0.0
 10
-4.037920265561842
 20
-4.527279126799448
 30
0.0
 10
-3.563200157545312
 20
-4.471939244937051
 30
0.0
 10
-3.092518825950392
 20
-4.439772732474487
 30
0.0
 10
-2.623541137596086
 20
-4.417951556062599
 30
0.0
 10
-1.879598701625664
 20
-4.389171405818975
 30
0.0
 10
-0.8602925264899401
 20
-4.362604858482568
 30
0.0
 10
0.2965680771283922
 20
-4.361257006971091
 30
0.0
 10
1.315279299752186
 20
-4.378490756438539
 30
0.0
 10
2.196529616155911
 20
-4.395021900586383
 30
0.0
 10
3.077800549957633
 20
-4.405062519562604
 30
0.0
 10
3.958532433811265
 20
-4.417915977205835
 30
0.0
 10
4.622162291015414
 20
-4.43400080192369
 30
0.0
 10
5.067394219993508
 20
-4.424364473007107
 30
0.0
 10
5.258281761875961
 20
-4.409878686016618
 30
0.0
 10
5.409455190925209
 20
-4.383679167689436
 30
0.0
 10
5.517937333366243
 20
-4.357677788663065
 30
0.0
 10
5.612300999990439
 20
-4.312300926675851
 30
0.0
 10
5.67143765714087
 20
-4.23622739345166
 30
0.0
 10
5.704552891115487
 20
-4.152709590749343
 30
0.0
 10
5.709607953906062
 20
-4.062476116716205
 30
0.0
 10
5.682547386001205
 20
-3.975085902999915
 30
0.0
 10
5.634589951016792
 20
-3.891600442240315
 30
0.0
 10
5.530237471760935
 20
-3.759264606909057
 30
0.0
 10
5.363040158862577
 20
-3.589756167380303
 30
0.0
 10
5.118445841582759
 20
-3.407024399661383
 30
0.0
 10
4.855620130950881
 20
-3.25228533587546
 30
0.0
 10
4.57923272374626
 20
-3.120670934145027
 30
0.0
 10
4.293463952563513
 20
-3.010020826927625
 30
0.0
 10
3.93501396488108
 20
-2.896782080483802
 30
0.0
 10
3.500819080505209
 20
-2.796000876087349
 30
0.0
 10
2.991530431402704
 20
-2.719210406897454
 30
0.0
 10
2.477758601092112
 20
-2.674588095417327
 30
0.0
 10
1.961906812397155
 20
-2.656524482938042
 30
0.0
 10
1.445548810148594
 20
-2.661239253369972
 30
0.0
 10
0.8990734655278325
 20
-2.688789529863003
 30
0.0
 10
0.3237222633857378
 20
-2.743142549087997
 30
0.0
 10
-0.278467515092454
 20
-2.830548699134081
 30
0.0
 10
-0.8750762711138218
 20
-2.950117656123304
 30
0.0
 10
-1.530582256598606
 20
-3.118074934464909
 30
0.0
 10
-2.240381766114659
 20
-3.342132527877124
 30
0.0
 10
-3.000449558064946
 20
-3.623710622113912
 30
0.0
 10
-3.648626388579671
 20
-3.892923340696103
 30
0.0
 10
-4.188032006706345
 20
-4.146450976900956
 30
0.0
 10
-4.620346339855166
 20
-4.367536062083443
 30
0.0
 10
-5.033553822472691
 20
-4.590230541938843
 30
0.0
 10
-5.297507747599833
 20
-4.742887950637122
 30
0.0
 10
-5.423939131086311
 20
-4.816009376552222
 30
0.0
  0
CIRCLE
  5
26E
330
1F
100
AcDbEntity
  8
0
  6
Continuous
 62
     7
370
    25
100
AcDbCircle
 10
5.483247774
 20
-1.2420390728
 30
0.0
 40
0.1181102362204767
  0
CIRCLE
  5
26F
330
1F
100
AcDbEntity
  8
0
  6
Continuous
 62
     7
370
    25
100
AcDbCircle
 10
4.2839696992
 20
-1.2004205756
 30
0.0
 40
0.1181102362204756
  0
CIRCLE
  5
270
330
1F
100
AcDbEntity
  8
0
  6
Continuous
 62
     7
370
    25
100
AcDbCircle
 10
4.6837290575
 20
-1.214293408
 30
0.0
 40
0.1181102362204778
  0
SPLINE
  5
276
330
1F
100
AcDbEntity
  8
0
  6
Continuous
 62
     7
370
    25
100
AcDbSpline
210
0.0
220
0.0
230
1.0
 70
     8
 71
     3
 72
     9
 73
     5
 74
     0
 42
0.00000001
 43
0.00000001
 40
0.0
 40
0.0
 40
0.0
 40
0.0
 40
0.5600198908778086
 40
1.0
 40
1.0
 40
1.0
 40
1.0
 10
11.60106198663061
 20
-1.780739353492175
 30
0.0
 10
11.32898357567605
 20
-1.787857691176447
 30
0.0
 10
10.84314652705249
 20
-1.80056855698715
 30
0.0
 10
10.35824493748849
 20
-1.833033961669582
 30
0.0
 10
10.1448978831986
 20
-1.847318093964454
 30
0.0
  0
SPLINE
  5
277
330
1F
100
AcDbEntity
  8
0
  6
Continuous
 62
     7
370
    25
100
AcDbSpline
210
0.0
220
0.0
230
1.0
 70
     8
 71
     3
 72
    15
 73
    11
 74
     0
 42
0.00000001
 43
0.00000001
 40
0.0
 40
0.0
 40
0.0
 40
0.0
 40
0.2495480271070778
 40
0.3753867204706268
 40
0.498827758967171
 40
0.5627545521388649
 40
0.6243916333303274
 40
0.6869795982904886
 40
0.7506493932157031
 40
1.0
 40
1.0
 40
1.0
 40
1.0
 10
11.75613647669924
 20
-2.106430515146057
 30
0.0
 10
11.78232992157123
 20
-2.069157728122875
 30
0.0
 10
11.82173184144337
 20
-2.01308952575865
 30
0.0
 10
11.85796609912768
 20
-1.927009000385473
 30
0.0
 10
11.84956691697142
 20
-1.867513451916009
 30
0.0
 10
11.82941948957197
 20
-1.826554614503344
 30
0.0
 10
11.80540442900481
 20
-1.800367652598125
 30
0.0
 10
11.77210651608678
 20
-1.788900059789019
 30
0.0
 10
11.70437010281938
 20
-1.778075180929299
 30
0.0
 10
11.64686794225127
 20
-1.779558081635878
 30
0.0
 10
11.60106198663061
 20
-1.780739353492175
 30
0.0
  0
SPLINE
  5
279
330
1F
100
AcDbEntity
  8
0
  6
Continuous
 62
     7
370
    25
100
AcDbSpline
210
0.0
220
0.0
230
1.0
 70
     8
 71
     3
 72
    11
 73
     7
 74
     0
 42
0.00000001
 43
0.00000001
 40
0.0
 40
0.0
 40
0.0
 40
0.0
 40
0.2800142820111699
 40
0.5600060902271935
 40
0.7800038232918115
 40
1.0
 40
1.0
 40
1.0
 40
1.0
 10
3.333339239974826
 20
-2.233530855099653
 30
0.0
 10
3.130257160906858
 20
-2.232652277078937
 30
0.0
 10
2.724109302028985
 20
-2.230895191551701
 30
0.0
 10
2.158678627299085
 20
-2.213666023924325
 30
0.0
 10
1.637128205320891
 20
-2.183100442604334
 30
0.0
 10
1.317979916843663
 20
-2.190747637247925
 30
0.0
 10
1.158406337054329
 20
-2.194571221044805
 30
0.0
  0
CIRCLE
  5
27E
330
1F
100
AcDbEntity
  8
0
  6
Continuous
 62
     7
370
    25
100
AcDbCircle
 10
9.405886477
 20
-1.3781662404
 30
0.0
 40
0.1181102362204767
  0
CIRCLE
  5
27F
330
1F
100
AcDbEntity
  8
0
  6
Continuous
 62
     7
370
    25
100
AcDbCircle
 10
5.0834884158
 20
-1.2281662404
 30
0.0
 40
0.1181102362204771
  0
CIRCLE
  5
280
330
1F
100
AcDbEntity
  8
0
  6
Continuous
 62
     7
370
    25
100
AcDbCircle
 10
5.8830071323
 20
-1.2559119051
 30
0.0
 40
0.1181102362204771
  0
CIRCLE
  5
281
330
1F
100
AcDbEntity
  8
0
  6
Continuous
 62
     7
370
    25
100
AcDbCircle
 10
7.6709380924
 20
-2.5781059123
 30
0.0
 40
0.4549999999999996
  0
CIRCLE
  5
29D
330
1F
100
AcDbEntity
  8
0
  6
Continuous
 62
     7
370
    25
100
AcDbCircle
 10
9.1709380924
 20
-2.4835291743
 30
0.0
 40
0.4550000000000018
  0
SPLINE
  5
2AF
330
1F
100
AcDbEntity
  8
0
  6
Continuous
 62
     7
370
    25
100
AcDbSpline
210
0.0
220
0.0
230
1.0
 70
     8
 71
     3
 72
     9
 73
     5
 74
     0
 42
0.00000001
 43
0.00000001
 40
0.0
 40
0.0
 40
0.0
 40
0.0
 40
0.5600109275204135
 40
0.9999999999999999
 40
0.9999999999999999
 40
0.9999999999999999
 40
0.9999999999999999
 10
8.74662838936373
 20
-1.962338338059969
 30
0.0
 10
8.385779475872058
 20
-1.993365729716131
 30
0.0
 10
7.741418989748297
 20
-2.048770705103922
 30
0.0
 10
7.096568483492294
 20
-2.098131629548362
 30
0.0
 10
6.812841307356724
 20
-2.119849896911406
 30
0.0
  0
SPLINE
  5
2B1
330
1F
100
AcDbEntity
  8
0
  6
Continuous
 62
     7
370
    25
100
AcDbSpline
210
0.0
220
0.0
230
1.0
 70
     8
 71
     3
 72
    29
 73
    25
 74
     0
 42
0.00000001
 43
0.00000001
 40
0.0
 40
0.0
 40
0.0
 40
0.0
 40
0.0399765752787237
 40
0.0799431971424789
 40
0.1199921236293651
 40
0.1600395355949529
 40
0.2000425213618248
 40
0.2400194739777751
 40
0.279993418166597
 40
0.3899811994734617
 40
0.4999753756382161
 40
0.5624805493632742
 40
0.6249552487476836
 40
0.6874618865863661
 40
0.7499499674880262
 40
0.7849422824950921
 40
0.819964319619251
 40
0.854980130881381
 40
0.8899589172769828
 40
0.9119644846372991
 40
0.934009150086572
 40
0.9560213094892924
 40
0.978021229419864
 40
1.0
 40
1.0
 40
1.0
 40
1.0
 10
1.139820582746294
 20
-2.240988564105359
 30
0.0
 10
1.278681232885951
 20
-2.284583666303153
 30
0.0
 10
1.556367959476447
 20
-2.371763016338664
 30
0.0
 10
1.985210638519866
 20
-2.456637180191695
 30
0.0
 10
2.416346432942327
 20
-2.526176733853822
 30
0.0
 10
2.84813126915613
 20
-2.593269496965286
 30
0.0
 10
3.2792845589763
 20
-2.662461043718769
 30
0.0
 10
3.710542209755334
 20
-2.729348512839658
 30
0.0
 10
4.394520393183146
 20
-2.827957490909481
 30
0.0
 10
5.334510915610634
 20
-2.934191640433484
 30
0.0
 10
6.357758132218716
 20
-3.029553936618049
 30
0.0
 10
7.209781472924767
 20
-3.100733216895664
 30
0.0
 10
7.891974598415734
 20
-3.122212823788823
 30
0.0
 10
8.574079247697904
 20
-3.102242262399049
 30
0.0
 10
9.154398199654796
 20
-3.051867612189938
 30
0.0
 10
9.63165972596922
 20
-2.983275709567529
 30
0.0
 10
10.00805024392869
 20
-2.917040862819678
 30
0.0
 10
10.38164335217827
 20
-2.8362978921189
 30
0.0
 10
10.70358922716441
 20
-2.743213208357655
 30
0.0
 10
10.97330275362872
 20
-2.643310658033047
 30
0.0
 10
11.19410715589806
 20
-2.547759288833312
 30
0.0
 10
11.40556214016011
 20
-2.433178181821997
 30
0.0
 10
11.60148247640551
 20
-2.290962727267486
 30
0.0
 10
11.70460167327382
 20
-2.167921529017494
 30
0.0
 10
11.75613647669923
 20
-2.106430515146057
 30
0.0
  0
CIRCLE
  5
2B9
330
1F
100
AcDbEntity
  8
0
  6
Continuous
 62
     7
370
    25
100
AcDbCircle
 10
7.2661677684
 20
-1.4796498818
 30
0.0
 40
0.1181102362204769
  0
CIRCLE
  5
2BA
330
1F
100
AcDbEntity
  8
0
  6
Continuous
 62
     7
370
    25
100
AcDbCircle
 10
8.0656864849
 20
-1.5073955465
 30
0.0
 40
0.1181102362204764
  0
SPLINE
  5
2BD
330
1F
100
AcDbEntity
  8
0
  6
Continuous
 62
     7
370
    25
100
AcDbSpline
210
0.0
220
0.0
230
1.0
 70
     8
 71
     3
 72
     9
 73
     5
 74
     0
 42
0.00000001
 43
0.00000001
 40
0.0
 40
0.0
 40
0.0
 40
0.0
 40
0.5600109275204098
 40
1.0
 40
1.0
 40
1.0
 40
1.0
 10
4.002787153079422
 20
-0.7593506164896138
 30
0.0
 10
4.363636066571087
 20
-0.7283232248334455
 30
0.0
 10
5.00799655269484
 20
-0.6729182494456438
 30
0.0
 10
5.652847058950837
 20
-0.623557325001206
 30
0.0
 10
5.936574235086409
 20
-0.6018390576381627
 30
0.0
  0
SPLINE
  5
2C3
330
1F
100
AcDbEntity
  8
0
  6
Continuous
 62
     7
370
    25
100
AcDbSpline
210
0.0
220
0.0
230
1.0
 70
     8
 71
     3
 72
     9
 73
     5
 74
     0
 42
0.00000001
 43
0.00000001
 40
0.0
 40
0.0
 40
0.0
 40
0.0
 40
0.5600198908778086
 40
1.0
 40
1.0
 40
1.0
 40
1.0
 10
1.148353555812538
 20
-0.9409496010574245
 30
0.0
 10
1.420431966767101
 20
-0.9338312633731514
 30
0.0
 10
1.906269015390662
 20
-0.9211203975624467
 30
0.0
 10
2.391170604954658
 20
-0.8886549928800112
 30
0.0
 10
2.604517659244548
 20
-0.874370860585137
 30
0.0
  0
SPLINE
  5
2C5
330
1F
100
AcDbEntity
  8
0
  6
Continuous
 62
     7
370
    25
100
AcDbSpline
210
0.0
220
0.0
230
1.0
 70
     8
 71
     3
 72
    11
 73
     7
 74
     0
 42
0.00000001
 43
0.00000001
 40
0.0
 40
0.0
 40
0.0
 40
0.0
 40
0.2800142820111699
 40
0.5600060902271934
 40
0.7800038232918114
 40
1.0
 40
1.0
 40
1.0
 40
1.0
 10
9.416076302468307
 20
-0.4881580994498899
 30
0.0
 10
9.619158381536275
 20
-0.4890366774706049
 30
0.0
 10
10.02530624041415
 20
-0.4907937629978372
 30
0.0
 10
10.59073691514405
 20
-0.5080229306252106
 30
0.0
 10
11.11228733712224
 20
-0.5385885119451953
 30
0.0
 10
11.43143562559947
 20
-0.5309413173016027
 30
0.0
 10
11.5910092053888
 20
-0.5271177335047215
 30
0.0
  0
CIRCLE
  5
2C8
330
1F
100
AcDbEntity
  8
0
  6
Continuous
 62
     7
370
    25
100
AcDbCircle
 10
3.3435290654
 20
-1.3435227142
 30
0.0
 40
0.1181102362204764
  0
CIRCLE
  5
2C9
330
1F
100
AcDbEntity
  8
0
  6
Continuous
 62
     7
370
    25
100
AcDbCircle
 10
7.6659271267
 20
-1.4935227142
 30
0.0
 40
0.1181102362204773
  0
CIRCLE
  5
2CA
330
1F
100
AcDbEntity
  8
0
  6
Continuous
 62
     7
370
    25
100
AcDbCircle
 10
6.8664084101
 20
-1.4657770494
 30
0.0
 40
0.1181102362204769
  0
CIRCLE
  5
2CB
330
1F
100
AcDbEntity
  8
0
  6
Continuous
 62
     7
370
    25
100
AcDbCircle
 10
5.0784774501
 20
-0.1435830422
 30
0.0
 40
0.4550000000000014
  0
CIRCLE
  5
2E6
330
1F
100
AcDbEntity
  8
0
  6
Continuous
 62
     7
370
    25
100
AcDbCircle
 10
3.5784774501
 20
-0.2381597803
 30
0.0
 40
0.4550000000000016
  0
CIRCLE
  5
2EC
330
1F
100
AcDbEntity
  8
0
  6
Continuous
 62
     7
370
    25
100
AcDbCircle
 10
8.4654458432
 20
-1.5212683789
 30
0.0
 40
0.1181102362204771
  0
SPLINE
  5
2F6
330
1F
100
AcDbEntity
  8
0
  6
Continuous
 62
     7
370
    25
100
AcDbSpline
210
0.0
220
0.0
230
1.0
 70
     8
 71
     3
 72
    15
 73
    11
 74
     0
 42
0.00000001
 43
0.00000001
 40
0.0
 40
0.0
 40
0.0
 40
0.0
 40
0.2495480271070586
 40
0.3753867204706099
 40
0.4988277589671564
 40
0.5627545521388516
 40
0.6243916333303208
 40
0.686979598290483
 40
0.7506493932156988
 40
1.0
 40
1.0
 40
1.0
 40
1.0
 10
0.9932790657438981
 20
-0.6152584394035476
 30
0.0
 10
0.9670856208719166
 20
-0.6525312264267294
 30
0.0
 10
0.9276837009997851
 20
-0.7085994287909548
 30
0.0
 10
0.8914494433154688
 20
-0.7946799541641272
 30
0.0
 10
0.8998486254717298
 20
-0.8541755026335915
 30
0.0
 10
0.9199960528711804
 20
-0.8951343400462562
 30
0.0
 10
0.9440111134383414
 20
-0.9213213019514799
 30
0.0
 10
0.9773090263563696
 20
-0.932788894760585
 30
0.0
 10
1.045045439623766
 20
-0.9436137736203063
 30
0.0
 10
1.102547600191879
 20
-0.9421308729137245
 30
0.0
 10
1.148353555812538
 20
-0.9409496010574246
 30
0.0
  0
SPLINE
  5
303
330
1F
100
AcDbEntity
  8
0
  6
Continuous
 62
     7
370
    25
100
AcDbSpline
210
0.0
220
0.0
230
1.0
 70
     8
 71
     3
 72
    29
 73
    25
 74
     0
 42
0.00000001
 43
0.00000001
 40
0.0
 40
0.0
 40
0.0
 40
0.0
 40
0.0399765752787236
 40
0.0799431971424787
 40
0.119992123629365
 40
0.1600395355949527
 40
0.2000425213618245
 40
0.2400194739777732
 40
0.279993418166595
 40
0.3899811994734597
 40
0.4999753756382156
 40
0.5624805493632736
 40
0.624955248747683
 40
0.6874618865863654
 40
0.7499499674880257
 40
0.78494228249509
 40
0.8199643196192489
 40
0.8549801308813789
 40
0.8899589172769808
 40
0.9119644846372986
 40
0.9340091500865717
 40
0.9560213094892922
 40
0.9780212294198638
 40
1.0
 40
1.0
 40
1.0
 40
1.0
 10
11.60959495969684
 20
-0.4807003904441666
 30
0.0
 10
11.47073430955718
 20
-0.4371052882463735
 30
0.0
 10
11.19304758296668
 20
-0.3499259382108657
 30
0.0
 10
10.76420490392327
 20
-0.2650517743578405
 30
0.0
 10
10.3330691095008
 20
-0.1955122206957114
 30
0.0
 10
9.901284273287004
 20
-0.1284194575842522
 30
0.0
 10
9.47013098346684
 20
-0.0592279108307764
 30
0.0
 10
9.038873332687812
 20
0.0076595582901181
 30
0.0
 10
8.354895149260003
 20
0.10626853635993
 30
0.0
 10
7.41490462683251
 20
0.2125026858839309
 30
0.0
 10
6.391657410224425
 20
0.3078649820684837
 30
0.0
 10
5.539634069518359
 20
0.3790442623460958
 30
0.0
 10
4.857440944027403
 20
0.4005238692392482
 30
0.0
 10
4.175336294745223
 20
0.3805533078494737
 30
0.0
 10
3.595017342788347
 20
0.3301786576403521
 30
0.0
 10
3.117755816473922
 20
0.2615867550179428
 30
0.0
 10
2.741365298514463
 20
0.1953519082700851
 30
0.0
 10
2.367772190264876
 20
0.1146089375693107
 30
0.0
 10
2.045826315278736
 20
0.021524253808053
 30
0.0
 10
1.776112788814411
 20
-0.0783782965165439
 30
0.0
 10
1.555308386545072
 20
-0.1739296657162835
 30
0.0
 10
1.343853402283021
 20
-0.2885107727276033
 30
0.0
 10
1.147933066037625
 20
-0.4307262272821141
 30
0.0
 10
1.044813869169314
 20
-0.5537674255321082
 30
0.0
 10
0.9932790657438981
 20
-0.6152584394035476
 30
0.0
  0
SPLINE
  5
307
330
1F
100
AcDbEntity
  8
0
  6
Continuous
 62
     7
370
    25
100
AcDbSpline
210
0.0
220
0.0
230
1.0
 70
     8
 71
     3
 72
    10
 73
     6
 74
     0
 42
0.00000001
 43
0.00000001
 40
0.0
 40
0.0
 40
0.0
 40
0.0
 40
0.3344125491347443
 40
0.6677053124600844
 40
0.9999999999999999
 40
0.9999999999999999
 40
0.9999999999999999
 40
0.9999999999999999
 10
2.641118022388405
 20
3.969499734762243
 30
0.0
 10
2.411875523133738
 20
3.90917352643062
 30
0.0
 10
1.954158146827105
 20
3.788723113048051
 30
0.0
 10
1.278411423456898
 20
3.573657614185576
 30
0.0
 10
0.8357196458868259
 20
3.410570476573794
 30
0.0
 10
0.6147056743750385
 20
3.329149185706552
 30
0.0
  0
SPLINE
  5
30B
330
1F
100
AcDbEntity
  8
0
  6
Continuous
 62
     7
370
    25
100
AcDbSpline
210
0.0
220
0.0
230
1.0
 70
     8
 71
     3
 72
    10
 73
     6
 74
     0
 42
0.00000001
 43
0.00000001
 40
0.0
 40
0.0
 40
0.0
 40
0.0
 40
0.3340008855489984
 40
0.6665136185795331
 40
1.0
 40
1.0
 40
1.0
 40
1.0
 10
0.665529368296363
 20
2.967819111773371
 30
0.0
 10
0.8934790313246344
 20
2.973057431990636
 30
0.0
 10
1.348362719759256
 20
2.983510732907933
 30
0.0
 10
2.030991924550631
 20
2.9733814348653
 30
0.0
 10
2.485477534548063
 20
2.96316230871044
 30
0.0
 10
2.713052554089424
 20
2.958045275776436
 30
0.0
  0
CIRCLE
  5
311
330
1F
100
AcDbEntity
  8
0
  6
Continuous
 62
     7
370
    25
100
AcDbCircle
 10
7.9184116578
 20
3.2064239135
 30
0.0
 40
0.0590551199999841
  0
CIRCLE
  5
312
330
1F
100
AcDbEntity
  8
0
  6
Continuous
 62
     7
370
    25
100
AcDbCircle
 10
7.9028983607
 20
3.4559421245
 30
0.0
 40
0.0590551199999847
  0
CIRCLE
  5
313
330
1F
100
AcDbEntity
  8
0
  6
Continuous
 62
     7
370
    25
100
AcDbCircle
 10
7.2453919294
 20
3.5564899593
 30
0.0
 40
0.0590551200000025
  0
CIRCLE
  5
314
330
1F
100
AcDbEntity
  8
0
  6
Continuous
 62
     7
370
    25
100
AcDbCircle
 10
7.2658242294
 20
3.2278537654
 30
0.0
 40
0.0590551199999831
  0
CIRCLE
  5
315
330
1F
100
AcDbEntity
  8
0
  6
Continuous
 62
     7
370
    25
100
AcDbCircle
 10
5.4744649724
 20
3.8080288264
 30
0.0
 40
0.0590551199999833
  0
CIRCLE
  5
316
330
1F
100
AcDbEntity
  8
0
  6
Continuous
 62
     7
370
    25
100
AcDbCircle
 10
5.5062727288
 20
3.2964280766
 30
0.0
 40
0.05905512
  0
CIRCLE
  5
317
330
1F
100
AcDbEntity
  8
0
  6
Continuous
 62
     7
370
    25
100
AcDbCircle
 10
3.8030624221
 20
3.7667723785
 30
0.0
 40
0.0590551199999842
  0
CIRCLE
  5
318
330
1F
100
AcDbEntity
  8
0
  6
Continuous
 62
     7
370
    25
100
AcDbCircle
 10
3.8251007703
 20
3.4123042629
 30
0.0
 40
0.0590551199999843
  0
CIRCLE
  5
319
330
1F
100
AcDbEntity
  8
0
  6
Continuous
 62
     7
370
    25
100
AcDbCircle
 10
3.2258253785
 20
3.716270681
 30
0.0
 40
0.0590551199999844
  0
CIRCLE
  5
31A
330
1F
100
AcDbEntity
  8
0
  6
Continuous
 62
     7
370
    25
100
AcDbCircle
 10
3.2478637267
 20
3.3618025654
 30
0.0
 40
0.0590551199999834
  0
CIRCLE
  5
31B
330
1F
100
AcDbEntity
  8
0
  6
Continuous
 62
     7
370
    25
100
AcDbCircle
 10
6.4635836051
 20
3.4620008303
 30
0.0
 40
0.4549999999999678
  0
SPLINE
  5
31C
330
1F
100
AcDbEntity
  8
0
  6
Continuous
 62
     7
370
    25
100
AcDbSpline
210
0.0
220
0.0
230
1.0
 70
     8
 71
     3
 72
    55
 73
    51
 74
     0
 42
0.00000001
 43
0.00000001
 40
0.0
 40
0.0
 40
0.0
 40
0.0
 40
0.0188262787386043
 40
0.0390381900319179
 40
0.0596942791746284
 40
0.0799758069448045
 40
0.0999432623244324
 40
0.1198414268171935
 40
0.1398193628827931
 40
0.1948381073448074
 40
0.2497998271880856
 40
0.2880659259170847
 40
0.3263018103589984
 40
0.3645395409928936
 40
0.4027908056747349
 40
0.4409742295559968
 40
0.4509267572912451
 40
0.4607630951501062
 40
0.4658590057643945
 40
0.4708661746080627
 40
0.4752754176871878
 40
0.4791359957262268
 40
0.4830934363121961
 40
0.4868247803731681
 40
0.4906586769519782
 40
0.4948821301522925
 40
0.4993871671178058
 40
0.5125909306753784
 40
0.5257442188302445
 40
0.5390031131771954
 40
0.5522537141232786
 40
0.5655544903250335
 40
0.5788705363531965
 40
0.6008357701119236
 40
0.6228394598930954
 40
0.6448776575308176
 40
0.6669408941158675
 40
0.689013181702315
 40
0.7110809988095683
 40
0.7370935594378747
 40
0.763096626328764
 40
0.7890815100957451
 40
0.8150878854893233
 40
0.8498427295086491
 40
0.8844799951524686
 40
0.9190105545013079
 40
0.9398213010845899
 40
0.9609072921755222
 40
0.9812735627294814
 40
1.0
 40
1.0
 40
1.0
 40
1.0
 10
-1.147724430625299
 20
2.587239401951257
 30
0.0
 10
-1.005614194598334
 20
2.622107985068256
 30
0.0
 10
-0.710934269981821
 20
2.694411513171974
 30
0.0
 10
-0.254372583494783
 20
2.777940471105574
 30
0.0
 10
0.2168238953996694
 20
2.841419993765427
 30
0.0
 10
0.6894178968634831
 20
2.87253469946136
 30
0.0
 10
1.156826492298537
 20
2.880714547828513
 30
0.0
 10
1.621876859899305
 20
2.878253192345638
 30
0.0
 10
2.359240358151359
 20
2.868501288040718
 30
0.0
 10
3.368897361183794
 20
2.842434534786117
 30
0.0
 10
4.519597668835687
 20
2.784767992145639
 30
0.0
 10
5.538801337020782
 20
2.714586658033725
 30
0.0
 10
6.428166191532781
 20
2.650948257541668
 30
0.0
 10
7.317902363967692
 20
2.594083927314602
 30
0.0
 10
8.206964290396188
 20
2.53464275038509
 30
0.0
 10
8.87653637029298
 20
2.483153707145364
 30
0.0
 10
9.326824577802228
 20
2.469067162908298
 30
0.0
 10
9.520459996840357
 20
2.473493517166995
 30
0.0
 10
9.674449339156215
 20
2.492183005806305
 30
0.0
 10
9.785277642757322
 20
2.512687456963979
 30
0.0
 10
9.882372775499334
 20
2.555144140383009
 30
0.0
 10
9.944595509819571
 20
2.630054476665168
 30
0.0
 10
9.98098337239961
 20
2.713347587878777
 30
0.0
 10
9.988168963533514
 20
2.804586333145819
 30
0.0
 10
9.96301725238187
 20
2.894020333518362
 30
0.0
 10
9.91712711993591
 20
2.980648003194966
 30
0.0
 10
9.817083542694315
 20
3.118895502519174
 30
0.0
 10
9.656299859572325
 20
3.298254225576037
 30
0.0
 10
9.417286670924593
 20
3.493711170305688
 30
0.0
 10
9.158824344006545
 20
3.662418453892753
 30
0.0
 10
8.885566870515571
 20
3.808198108589049
 30
0.0
 10
8.601910433853364
 20
3.933376420602359
 30
0.0
 10
8.24732645006844
 20
4.063625049817648
 30
0.0
 10
7.81828893801438
 20
4.184632329347245
 30
0.0
 10
7.314977163206296
 20
4.285513835391221
 30
0.0
 10
6.805735085985982
 20
4.355096842051426
 30
0.0
 10
6.293167467106188
 20
4.398707623312918
 30
0.0
 10
5.778983957403612
 20
4.419857108639759
 30
0.0
 10
5.233686399769816
 20
4.419913417590319
 30
0.0
 10
4.658302517188829
 20
4.394829288848493
 30
0.0
 10
4.054538900232732
 20
4.338200084619404
 30
0.0
 10
3.45469030406936
 20
4.249359090349311
 30
0.0
 10
2.793724279646932
 20
4.115526663623383
 30
0.0
 10
2.075828959971288
 20
3.928897206080677
 30
0.0
 10
1.304834364891933
 20
3.687916594846332
 30
0.0
 10
0.6457864781586082
 20
3.453471471310301
 30
0.0
 10
0.0957731345907317
 20
3.229027945046337
 30
0.0
 10
-0.3459505675415637
 20
3.031450817116978
 30
0.0
 10
-0.7687007442265643
 20
2.831360302283356
 30
0.0
 10
-1.039283895095628
 20
2.693225209979285
 30
0.0
 10
-1.168900355125958
 20
2.627054860447504
 30
0.0
  0
SPLINE
  5
326
330
1F
100
AcDbEntity
  8
0
  6
Continuous
 62
     7
370
    25
100
AcDbSpline
210
0.0
220
0.0
230
1.0
 70
     8
 71
     3
 72
     9
 73
     5
 74
     0
 42
0.00000001
 43
0.00000001
 40
0.0
 40
0.0
 40
0.0
 40
0.0
 40
0.4979340491079662
 40
1.0
 40
1.0
 40
1.0
 40
1.0
 10
9.34340280148468
 20
3.416986232902961
 30
0.0
 10
9.23496208808594
 20
3.489553072992507
 30
0.0
 10
9.017180810438811
 20
3.635288919375271
 30
0.0
 10
8.778513758143387
 20
3.743493359384139
 30
0.0
 10
8.658687157586087
 20
3.797819124447932
 30
0.0
  0
SPLINE
  5
32B
330
1F
100
AcDbEntity
  8
0
  6
Continuous
 62
     7
370
    25
100
AcDbSpline
210
0.0
220
0.0
230
1.0
 70
     8
 71
     3
 72
    19
 73
    15
 74
     0
 42
0.00000001
 43
0.00000001
 40
0.0
 40
0.0
 40
0.0
 40
0.0
 40
0.1301445324710017
 40
0.2556147447423851
 40
0.3185347350074231
 40
0.3678121316702186
 40
0.4017106865793156
 40
0.4704256405087466
 40
0.5368986000605415
 40
0.580913725784567
 40
0.6374970660269947
 40
0.7058905790103889
 40
0.8548929662719978
 40
1.0
 40
1.0
 40
1.0
 40
1.0
 10
9.385224874498668
 20
2.571495315752976
 30
0.0
 10
9.433502799099431
 20
2.572775095881114
 30
0.0
 10
9.528324680120555
 20
2.575288691070779
 30
0.0
 10
9.64606475351763
 20
2.588605916639763
 30
0.0
 10
9.732459604141464
 20
2.60593321429821
 30
0.0
 10
9.785055706039902
 20
2.620348577314088
 30
0.0
 10
9.834151044919247
 20
2.649643443994054
 30
0.0
 10
9.87062803885492
 20
2.703395714187864
 30
0.0
 10
9.888720425903221
 20
2.769452599406975
 30
0.0
 10
9.877766290652946
 20
2.831495150650609
 30
0.0
 10
9.853428600375484
 20
2.889583835039399
 30
0.0
 10
9.799832758053546
 20
2.976270683629124
 30
0.0
 10
9.715504339743294
 20
3.08152639587788
 30
0.0
 10
9.640195276096808
 20
3.160515262976512
 30
0.0
 10
9.60303946244825
 20
3.199486609639436
 30
0.0
  0
SPLINE
  5
334
330
1F
100
AcDbEntity
  8
0
  6
Continuous
 62
     7
370
    25
100
AcDbSpline
210
0.0
220
0.0
230
1.0
 70
     8
 71
     3
 72
    10
 73
     6
 74
     0
 42
0.00000001
 43
0.00000001
 40
0.0
 40
0.0
 40
0.0
 40
0.0
 40
0.3344125491347448
 40
0.6677053124600839
 40
1.0
 40
1.0
 40
1.0
 40
1.0
 10
7.542313043423333
 20
1.256710960696653
 30
0.0
 10
7.771555542678
 20
1.317037169028278
 30
0.0
 10
8.22927291898463
 20
1.437487582410848
 30
0.0
 10
8.905019642354844
 20
1.65255308127331
 30
0.0
 10
9.347711419924915
 20
1.815640218885093
 30
0.0
 10
9.568725391436699
 20
1.897061509752335
 30
0.0
  0
SPLINE
  5
338
330
1F
100
AcDbEntity
  8
0
  6
Continuous
 62
     7
370
    25
100
AcDbSpline
210
0.0
220
0.0
230
1.0
 70
     8
 71
     3
 72
    10
 73
     6
 74
     0
 42
0.00000001
 43
0.00000001
 40
0.0
 40
0.0
 40
0.0
 40
0.0
 40
0.3340008855489898
 40
0.6665136185795331
 40
1.0
 40
1.0
 40
1.0
 40
1.0
 10
9.517901697515358
 20
2.258391583685516
 30
0.0
 10
9.289952034487094
 20
2.253153263468255
 30
0.0
 10
8.83506834605247
 20
2.242699962550966
 30
0.0
 10
8.152439141261095
 20
2.252829260593595
 30
0.0
 10
7.697953531263661
 20
2.263048386748456
 30
0.0
 10
7.470378511722298
 20
2.268165419682461
 30
0.0
  0
CIRCLE
  5
342
330
1F
100
AcDbEntity
  8
0
  6
Continuous
 62
     7
370
    25
100
AcDbCircle
 10
2.265019408
 20
2.0197867819
 30
0.0
 40
0.0590551200000016
  0
CIRCLE
  5
343
330
1F
100
AcDbEntity
  8
0
  6
Continuous
 62
     7
370
    25
100
AcDbCircle
 10
2.2805327051
 20
1.7702685709
 30
0.0
 40
0.0590551200000012
  0
CIRCLE
  5
344
330
1F
100
AcDbEntity
  8
0
  6
Continuous
 62
     7
370
    25
100
AcDbCircle
 10
2.9380391364
 20
1.6697207362
 30
0.0
 40
0.0590551199999838
  0
CIRCLE
  5
345
330
1F
100
AcDbEntity
  8
0
  6
Continuous
 62
     7
370
    25
100
AcDbCircle
 10
2.9176068364
 20
1.9983569301
 30
0.0
 40
0.0590551200000025
  0
CIRCLE
  5
346
330
1F
100
AcDbEntity
  8
0
  6
Continuous
 62
     7
370
    25
100
AcDbCircle
 10
4.7089660934
 20
1.418181869
 30
0.0
 40
0.0590551199999999
  0
CIRCLE
  5
347
330
1F
100
AcDbEntity
  8
0
  6
Continuous
 62
     7
370
    25
100
AcDbCircle
 10
4.6771583371
 20
1.9297826189
 30
0.0
 40
0.0590551200000017
  0
CIRCLE
  5
348
330
1F
100
AcDbEntity
  8
0
  6
Continuous
 62
     7
370
    25
100
AcDbCircle
 10
6.3803686437
 20
1.459438317
 30
0.0
 40
0.0590551200000186
  0
CIRCLE
  5
349
330
1F
100
AcDbEntity
  8
0
  6
Continuous
 62
     7
370
    25
100
AcDbCircle
 10
6.3583302955
 20
1.8139064326
 30
0.0
 40
0.0590551200000016
  0
CIRCLE
  5
34A
330
1F
100
AcDbEntity
  8
0
  6
Continuous
 62
     7
370
    25
100
AcDbCircle
 10
6.9576056873
 20
1.5099400145
 30
0.0
 40
0.0590551200000016
  0
CIRCLE
  5
34B
330
1F
100
AcDbEntity
  8
0
  6
Continuous
 62
     7
370
    25
100
AcDbCircle
 10
6.9355673392
 20
1.8644081301
 30
0.0
 40
0.0590551200000025
  0
CIRCLE
  5
34C
330
1F
100
AcDbEntity
  8
0
  6
Continuous
 62
     7
370
    25
100
AcDbCircle
 10
3.7198474608
 20
1.7642098652
 30
0.0
 40
0.4549999999999502
  0
SPLINE
  5
34D
330
1F
100
AcDbEntity
  8
0
  6
Continuous
 62
     7
370
    25
100
AcDbSpline
210
0.0
220
0.0
230
1.0
 70
     8
 71
     3
 72
    55
 73
    51
 74
     0
 42
0.00000001
 43
0.00000001
 40
0.0
 40
0.0
 40
0.0
 40
0.0
 40
0.0188262787386035
 40
0.0390381900319171
 40
0.0596942791746276
 40
0.0799758069448045
 40
0.0999432623244316
 40
0.1198414268171928
 40
0.1398193628827924
 40
0.1948381073448059
 40
0.2497998271880849
 40
0.2880659259170841
 40
0.3263018103589971
 40
0.3645395409928934
 40
0.4027908056747336
 40
0.4409742295559964
 40
0.4509267572912443
 40
0.4607630951501053
 40
0.465859005764394
 40
0.4708661746080622
 40
0.4752754176871871
 40
0.4791359957262261
 40
0.4830934363121955
 40
0.4868247803731672
 40
0.4906586769519777
 40
0.4948821301522915
 40
0.499387167117805
 40
0.5125909306753776
 40
0.5257442188302437
 40
0.5390031131771944
 40
0.5522537141232777
 40
0.5655544903250327
 40
0.5788705363531955
 40
0.6008357701119224
 40
0.622839459893095
 40
0.6448776575308164
 40
0.6669408941158664
 40
0.6890131817023145
 40
0.711080998809568
 40
0.7370935594378744
 40
0.7630966263287636
 40
0.789081510095744
 40
0.815087885489323
 40
0.8498427295086486
 40
0.8844799951524673
 40
0.9190105545013072
 40
0.9398213010845893
 40
0.9609072921755222
 40
0.9812735627294816
 40
1.0
 40
1.0
 40
1.0
 40
1.0
 10
11.33115549643702
 20
2.638971293507614
 30
0.0
 10
11.18904526041006
 20
2.604102710390618
 30
0.0
 10
10.89436533579355
 20
2.531799182286905
 30
0.0
 10
10.43780364930652
 20
2.448270224353303
 30
0.0
 10
9.966607170412063
 20
2.384790701693464
 30
0.0
 10
9.494013168948248
 20
2.353675995997525
 30
0.0
 10
9.026604573513197
 20
2.345496147630387
 30
0.0
 10
8.561554205912435
 20
2.347957503113258
 30
0.0
 10
7.824190707660383
 20
2.357709407418178
 30
0.0
 10
6.814533704627951
 20
2.383776160672789
 30
0.0
 10
5.663833396976055
 20
2.441442703313277
 30
0.0
 10
4.644629728790963
 20
2.511624037425186
 30
0.0
 10
3.755264874278961
 20
2.575262437917258
 30
0.0
 10
2.865528701844054
 20
2.632126768144327
 30
0.0
 10
1.976466775415552
 20
2.691567945073852
 30
0.0
 10
1.30689469551877
 20
2.743056988313581
 30
0.0
 10
0.8566064880095159
 20
2.757143532550637
 30
0.0
 10
0.6629710689713867
 20
2.752717178291956
 30
0.0
 10
0.508981726655522
 20
2.734027689652643
 30
0.0
 10
0.3981534230544188
 20
2.713523238494966
 30
0.0
 10
0.3010582903123997
 20
2.671066555075952
 30
0.0
 10
0.2388355559921764
 20
2.596156218793778
 30
0.0
 10
0.2024476934121391
 20
2.512863107580173
 30
0.0
 10
0.1952621022782214
 20
2.421624362313133
 30
0.0
 10
0.2204138134298758
 20
2.332190361940597
 30
0.0
 10
0.2663039458758309
 20
2.245562692263984
 30
0.0
 10
0.3663475231174188
 20
2.107315192939775
 30
0.0
 10
0.527131206239417
 20
1.927956469882915
 30
0.0
 10
0.7661443948871407
 20
1.732499525153261
 30
0.0
 10
1.02460672180519
 20
1.563792241566197
 30
0.0
 10
1.297864195296156
 20
1.418012586869888
 30
0.0
 10
1.581520631958367
 20
1.292834274856582
 30
0.0
 10
1.936104615743285
 20
1.162585645641304
 30
0.0
 10
2.36514212779735
 20
1.041578366111691
 30
0.0
 10
2.868453902605427
 20
0.9406968600677107
 30
0.0
 10
3.377695979825746
 20
0.8711138534075059
 30
0.0
 10
3.890263598705536
 20
0.8275030721460036
 30
0.0
 10
4.404447108408125
 20
0.806353586819163
 30
0.0
 10
4.94974466604192
 20
0.8062972778686092
 30
0.0
 10
5.525128548622908
 20
0.8313814066104027
 30
0.0
 10
6.128892165579003
 20
0.8880106108395128
 30
0.0
 10
6.728740761742372
 20
0.9768516051096084
 30
0.0
 10
7.389706786164799
 20
1.110684031835516
 30
0.0
 10
8.107602105840447
 20
1.297313489378216
 30
0.0
 10
8.878596700919793
 20
1.538294100612564
 30
0.0
 10
9.537644587653128
 20
1.77273922414857
 30
0.0
 10
10.08765793122101
 20
1.997182750412551
 30
0.0
 10
10.52938163335332
 20
2.194759878341882
 30
0.0
 10
10.95213181003831
 20
2.394850393175529
 30
0.0
 10
11.22271496090738
 20
2.532985485479585
 30
0.0
 10
11.35233142093771
 20
2.599155835011357
 30
0.0
  0
SPLINE
  5
359
330
1F
100
AcDbEntity
  8
0
  6
Continuous
 62
     7
370
    25
100
AcDbSpline
210
0.0
220
0.0
230
1.0
 70
     8
 71
     3
 72
     9
 73
     5
 74
     0
 42
0.00000001
 43
0.00000001
 40
0.0
 40
0.0
 40
0.0
 40
0.0
 40
0.4979340491079534
 40
0.9999999999999999
 40
0.9999999999999999
 40
0.9999999999999999
 40
0.9999999999999999
 10
0.8400282643270565
 20
1.809224462555979
 30
0.0
 10
0.9484689777257949
 20
1.736657622466436
 30
0.0
 10
1.166250255372924
 20
1.590921776083675
 30
0.0
 10
1.404917307668347
 20
1.482717336074808
 30
0.0
 10
1.52474390822565
 20
1.428391571011016
 30
0.0
  0
SPLINE
  5
35D
330
1F
100
AcDbEntity
  8
0
  6
Continuous
 62
     7
370
    25
100
AcDbSpline
210
0.0
220
0.0
230
1.0
 70
     8
 71
     3
 72
    19
 73
    15
 74
     0
 42
0.00000001
 43
0.00000001
 40
0.0
 40
0.0
 40
0.0
 40
0.0
 40
0.1301445324710018
 40
0.2556147447423843
 40
0.318534735007424
 40
0.3678121316702171
 40
0.4017106865793275
 40
0.4704256405087493
 40
0.5368986000605441
 40
0.5809137257845619
 40
0.6374970660269942
 40
0.7058905790103843
 40
0.8548929662720031
 40
1.0
 40
1.0
 40
1.0
 40
1.0
 10
0.7982061913130781
 20
2.654715379705964
 30
0.0
 10
0.749928266712318
 20
2.653435599577824
 30
0.0
 10
0.6551063856911928
 20
2.650922004388156
 30
0.0
 10
0.537366312294115
 20
2.637604778819195
 30
0.0
 10
0.4509714616702873
 20
2.620277481160726
 30
0.0
 10
0.3983753597718394
 20
2.605862118144856
 30
0.0
 10
0.3492800208924826
 20
2.576567251464906
 30
0.0
 10
0.3128030269568328
 20
2.522814981271077
 30
0.0
 10
0.2947106399085243
 20
2.456758096051977
 30
0.0
 10
0.3056647751588064
 20
2.394715544808345
 30
0.0
 10
0.330002465436249
 20
2.336626860419553
 30
0.0
 10
0.3835983077581842
 20
2.249940011829818
 30
0.0
 10
0.467926726068452
 20
2.144684299581078
 30
0.0
 10
0.5432357897149351
 20
2.065695432482438
 30
0.0
 10
0.5803916033634885
 20
2.026724085819513
 30
0.0
  0
SPLINE
  5
35F
330
1F
100
AcDbEntity
  8
0
  6
Continuous
 62
     7
370
    25
100
AcDbSpline
210
0.0
220
0.0
230
1.0
 70
     8
 71
     3
 72
    14
 73
    10
 74
     0
 42
0.00000001
 43
0.00000001
 40
0.0
 40
0.0
 40
0.0
 40
0.0
 40
0.1160781187520844
 40
0.2209888979368464
 40
0.3254921144219414
 40
0.4354121102794618
 40
0.549399199821878
 40
0.7777945681892763
 40
1.0
 40
1.0
 40
1.0
 40
1.0
 10
-4.826689585866832
 20
2.853674670381742
 30
0.0
 10
-4.745490792886615
 20
2.854473099192189
 30
0.0
 10
-4.590904967690529
 20
2.855993143665672
 30
0.0
 10
-4.363235082967383
 20
2.859649623738795
 30
0.0
 10
-4.139881496614993
 20
2.863679865021863
 30
0.0
 10
-3.910182293091303
 20
2.868040683369855
 30
0.0
 10
-3.593857232446656
 20
2.875179106190701
 30
0.0
 10
-3.199018950962823
 20
2.886020192790675
 30
0.0
 10
-2.884216555410057
 20
2.902417270913741
 30
0.0
 10
-2.728977589542262
 20
2.910503186037126
 30
0.0
  0
SPLINE
  5
363
330
1F
100
AcDbEntity
  8
0
  6
Continuous
 62
     7
370
    25
100
AcDbSpline
210
0.0
220
0.0
230
1.0
 70
     8
 71
     3
 72
     9
 73
     5
 74
     0
 42
0.00000001
 43
0.00000001
 40
0.0
 40
0.0
 40
0.0
 40
0.0
 40
0.4997237150160882
 40
1.0
 40
1.0
 40
1.0
 40
1.0
 10
-2.700833479706122
 20
2.651928090159123
 30
0.0
 10
-3.0491900089277
 20
2.581744095554576
 30
0.0
 10
-3.746288262930642
 20
2.441298500327448
 30
0.0
 10
-4.449129661819337
 20
2.333200823339173
 30
0.0
 10
-4.80074454578827
 20
2.279122119080089
 30
0.0
  0
SPLINE
  5
366
330
1F
100
AcDbEntity
  8
0
  6
Continuous
 62
     7
370
    25
100
AcDbSpline
210
0.0
220
0.0
230
1.0
 70
     8
 71
     3
 72
    13
 73
     9
 74
     0
 42
0.00000001
 43
0.00000001
 40
0.0
 40
0.0
 40
0.0
 40
0.0
 40
0.1400055923962367
 40
0.2799955208871565
 40
0.4199993768585926
 40
0.5600017925973575
 40
0.7800055064700497
 40
1.0
 40
1.0
 40
1.0
 40
1.0
 10
-10.83482731501233
 20
3.041211530395034
 30
0.0
 10
-10.60714321984352
 20
3.046530968658019
 30
0.0
 10
-10.15180050293198
 20
3.057169250042212
 30
0.0
 10
-9.468491349260605
 20
3.056250932000855
 30
0.0
 10
-8.785578058561429
 20
3.035466712820818
 30
0.0
 10
-7.972669105984091
 20
3.009097472604975
 30
0.0
 10
-7.029710007866883
 20
2.977800172682193
 30
0.0
 10
-6.314180822323792
 20
2.960731880234497
 30
0.0
 10
-5.956423726655895
 20
2.952197912847181
 30
0.0
  0
SPLINE
  5
367
330
1F
100
AcDbEntity
  8
0
  6
Continuous
 62
     7
370
    25
100
AcDbSpline
210
0.0
220
0.0
230
1.0
 70
     8
 71
     3
 72
    19
 73
    15
 74
     0
 42
0.00000001
 43
0.00000001
 40
0.0
 40
0.0
 40
0.0
 40
0.0
 40
0.0927392820556094
 40
0.1726417761615706
 40
0.2415899269570681
 40
0.3014662264281303
 40
0.3541531791488812
 40
0.4015332292451479
 40
0.4697927081222143
 40
0.5368780975110512
 40
0.607408817850258
 40
0.7393772308776727
 40
0.872712390076675
 40
0.9999999999999999
 40
0.9999999999999999
 40
0.9999999999999999
 40
0.9999999999999999
 10
-5.956423726655895
 20
2.952197912847181
 30
0.0
 10
-5.853637778042306
 20
2.951920462038418
 30
0.0
 10
-5.662293308473725
 20
2.951403964612941
 30
0.0
 10
-5.394530243931273
 20
2.951282377969955
 30
0.0
 10
-5.163190763743093
 20
2.95168822407022
 30
0.0
 10
-4.962016874860306
 20
2.952598835185178
 30
0.0
 10
-4.784750844327091
 20
2.953959529172521
 30
0.0
 10
-4.598199452000788
 20
2.956010754641467
 30
0.0
 10
-4.395701369874297
 20
2.95907737805066
 30
0.0
 10
-4.167559377770943
 20
2.963197477664912
 30
0.0
 10
-3.868820439151692
 20
2.968794616471777
 30
0.0
 10
-3.496711201660806
 20
2.977608012015895
 30
0.0
 10
-3.061777958313372
 20
2.991647938597565
 30
0.0
 10
-2.773407057407921
 20
3.008610854909065
 30
0.0
 10
-2.63256731853437
 20
3.016895507404668
 30
0.0
  0
SPLINE
  5
368
330
1F
100
AcDbEntity
  8
0
  6
Continuous
 62
     7
370
    25
100
AcDbSpline
210
0.0
220
0.0
230
1.0
 70
     8
 71
     3
 72
    11
 73
     7
 74
     0
 42
0.00000001
 43
0.00000001
 40
0.0
 40
0.0
 40
0.0
 40
0.0
 40
0.2800127809471012
 40
0.560003782146266
 40
0.7800057018668517
 40
0.9999999999999999
 40
0.9999999999999999
 40
0.9999999999999999
 40
0.9999999999999999
 10
-2.63256731853437
 20
3.016895507404668
 30
0.0
 10
-2.422554886573017
 20
3.02891779589244
 30
0.0
 10
-2.002546357682649
 20
3.052961437759195
 30
0.0
 10
-1.41836437379553
 20
3.098843924437481
 30
0.0
 10
-0.8806442083177792
 20
3.160036315523551
 30
0.0
 10
-0.5500959445680814
 20
3.169660943527458
 30
0.0
 10
-0.384824675561585
 20
3.174473174170804
 30
0.0
  0
SPLINE
  5
36A
330
1F
100
AcDbEntity
  8
0
  6
Continuous
 62
     7
370
    25
100
AcDbSpline
210
0.0
220
0.0
230
1.0
 70
     8
 71
     3
 72
    30
 73
    26
 74
     0
 42
0.00000001
 43
0.00000001
 40
0.0
 40
0.0
 40
0.0
 40
0.0
 40
0.0199852284469471
 40
0.0399909945833434
 40
0.0599918104368629
 40
0.0800359715673113
 40
0.1000540317088933
 40
0.1200488676977021
 40
0.1400385570815858
 40
0.1767147924726677
 40
0.2134054529626981
 40
0.2500636414427653
 40
0.3125503299101325
 40
0.3750555749010154
 40
0.4375288821493112
 40
0.5000326630591966
 40
0.5933607559114141
 40
0.686689039610188
 40
0.7799683617885694
 40
0.8166215652424335
 40
0.853303666572344
 40
0.8900234411976635
 40
0.9267225213551128
 40
0.9633496652920435
 40
1.0
 40
1.0
 40
1.0
 40
1.0
 10
-10.97264392249684
 20
2.707850745432316
 30
0.0
 10
-10.92326216529717
 20
2.65420117866403
 30
0.0
 10
-10.82444790405766
 20
2.546846912500663
 30
0.0
 10
-10.64309827119573
 20
2.422585818491342
 30
0.0
 10
-10.44848864685681
 20
2.3227677584971
 30
0.0
 10
-10.2450942631597
 20
2.242205975486781
 30
0.0
 10
-10.03800966401382
 20
2.172315200520019
 30
0.0
 10
-9.827710064093159
 20
2.113360178039573
 30
0.0
 10
-9.55576155128465
 20
2.051030881672986
 30
0.0
 10
-9.220598536391455
 20
1.994596168451167
 30
0.0
 10
-8.823310084031709
 20
1.945194263762107
 30
0.0
 10
-8.331055081126644
 20
1.900069744899072
 30
0.0
 10
-7.742831322930321
 20
1.87994546531001
 30
0.0
 10
-7.0606145551703
 20
1.895686715010419
 30
0.0
 10
-6.380486265870878
 20
1.952876487373689
 30
0.0
 10
-5.593408233056439
 20
2.060193319910299
 30
0.0
 10
-4.69650430724187
 20
2.191452424618703
 30
0.0
 10
-3.69057924211692
 20
2.35167932558097
 30
0.0
 10
-2.893398692307895
 20
2.508330584144015
 30
0.0
 10
-2.300447693636625
 20
2.634261606799486
 30
0.0
 10
-1.90895790991108
 20
2.718267264477604
 30
0.0
 10
-1.516706984184657
 20
2.799608537287335
 30
0.0
 10
-1.125963615407887
 20
2.886621183339172
 30
0.0
 10
-0.7384663364741803
 20
2.988367959432655
 30
0.0
 10
-0.4887385209131268
 20
3.082174189042078
 30
0.0
 10
-0.3638350963486128
 20
3.12909214768989
 30
0.0
  0
SPLINE
  5
36B
330
1F
100
AcDbEntity
  8
0
  6
Continuous
 62
     7
370
    25
100
AcDbSpline
210
0.0
220
0.0
230
1.0
 70
     8
 71
     3
 72
    15
 73
    11
 74
     0
 42
0.00000001
 43
0.00000001
 40
0.0
 40
0.0
 40
0.0
 40
0.0
 40
0.2493506067842984
 40
0.3130204017094975
 40
0.3756083666696698
 40
0.4372454478611127
 40
0.5011722410328183
 40
0.6246132795293684
 40
0.7504519728929187
 40
1.0
 40
1.0
 40
1.0
 40
1.0
 10
-10.83482731501233
 20
3.041211530395034
 30
0.0
 10
-10.88063231815496
 20
3.039993884870281
 30
0.0
 10
-10.93813328303696
 20
3.038465322753618
 30
0.0
 10
-11.00521033551779
 20
3.024110229053343
 30
0.0
 10
-11.03786244736793
 20
3.010915674068162
 30
0.0
 10
-11.06047407643682
 20
2.983507749325108
 30
0.0
 10
-11.07845027256464
 20
2.941550609696824
 30
0.0
 10
-11.08372418751234
 20
2.881697018578989
 30
0.0
 10
-11.04303448100958
 20
2.797630818098801
 30
0.0
 10
-11.00075217711367
 20
2.743701592411609
 30
0.0
 10
-10.97264392249684
 20
2.707850745432316
 30
0.0
  0
CIRCLE
  5
36C
330
1F
100
AcDbEntity
  8
0
  6
Continuous
 62
     7
370
    25
100
AcDbCircle
 10
-6.8683585776
 20
2.4506245269
 30
0.0
 40
0.4549999999999828
  0
CIRCLE
  5
36D
330
1F
100
AcDbEntity
  8
0
  6
Continuous
 62
     7
370
    25
100
AcDbCircle
 10
-8.3712526438
 20
2.4665677164
 30
0.0
 40
0.4550000000000207
  0
CIRCLE
  5
36E
330
1F
100
AcDbEntity
  8
0
  6
Continuous
 62
     7
370
    25
100
AcDbCircle
 10
-5.943618276
 20
2.3160929594
 30
0.0
 40
0.0590551181102464
  0
CIRCLE
  5
36F
330
1F
100
AcDbEntity
  8
0
  6
Continuous
 62
     7
370
    25
100
AcDbCircle
 10
-5.9532724401
 20
2.6711142692
 30
0.0
 40
0.0590551181102301
  0
CIRCLE
  5
370
330
1F
100
AcDbEntity
  8
0
  6
Continuous
 62
     7
370
    25
100
AcDbCircle
 10
-10.0299578332
 20
2.7642612801
 30
0.0
 40
0.0590551181102476
  0
CIRCLE
  5
371
330
1F
100
AcDbEntity
  8
0
  6
Continuous
 62
     7
370
    25
100
AcDbCircle
 10
-10.0218003044
 20
2.4642770942
 30
0.0
 40
0.0590551181102478
  0
CIRCLE
  5
372
330
1F
100
AcDbEntity
  8
0
  6
Continuous
 62
     7
370
    25
100
AcDbCircle
 10
-9.378944931
 20
2.7358490672
 30
0.0
 40
0.059055118110232
  0
CIRCLE
  5
373
330
1F
100
AcDbEntity
  8
0
  6
Continuous
 62
     7
370
    25
100
AcDbCircle
 10
-9.3680682259
 20
2.3358701528
 30
0.0
 40
0.0590551181102287
  0
CIRCLE
  5
374
330
1F
100
AcDbEntity
  8
0
  6
Continuous
 62
     7
370
    25
100
AcDbCircle
 10
-7.6252154943
 20
2.6925845626
 30
0.0
 40
0.0590551181102469
  0
CIRCLE
  5
375
330
1F
100
AcDbEntity
  8
0
  6
Continuous
 62
     7
370
    25
100
AcDbCircle
 10
-7.6116196129
 20
2.1926109196
 30
0.0
 40
0.0590551181102461
  0
CIRCLE
  5
376
330
1F
100
AcDbEntity
  8
0
  6
Continuous
 62
     7
370
    25
100
AcDbCircle
 10
-5.3745560263
 20
2.6989200403
 30
0.0
 40
0.0590551181102293
  0
CIRCLE
  5
377
330
1F
100
AcDbEntity
  8
0
  6
Continuous
 62
     7
370
    25
100
AcDbCircle
 10
-5.3650389093
 20
2.3489384901
 30
0.0
 40
0.0590551181102292
  0
SPLINE
  5
37B
330
1F
100
AcDbEntity
  8
0
  6
Continuous
 62
     7
370
    25
100
AcDbSpline
210
0.0
220
0.0
230
1.0
 70
     8
 71
     3
 72
     9
 73
     5
 74
     0
 42
0.00000001
 43
0.00000001
 40
0.0
 40
0.0
 40
0.0
 40
0.0
 40
0.5606570928571063
 40
0.9999999999999999
 40
0.9999999999999999
 40
0.9999999999999999
 40
0.9999999999999999
 10
-10.8332984065046
 20
2.94122094165246
 30
0.0
 10
-10.74945040201293
 20
2.942336111844411
 30
0.0
 10
-10.59989730519152
 20
2.944325153285532
 30
0.0
 10
-10.4503724770689
 20
2.947834754459055
 30
0.0
 10
-10.38467980439147
 20
2.949376672841544
 30
0.0
  0
SPLINE
  5
37D
330
1F
100
AcDbEntity
  8
0
  6
Continuous
 62
     7
370
    25
100
AcDbSpline
210
0.0
220
0.0
230
1.0
 70
     8
 71
     3
 72
    18
 73
    14
 74
     0
 42
0.00000001
 43
0.00000001
 40
0.0
 40
0.0
 40
0.0
 40
0.0
 40
0.2010100264874015
 40
0.3737356905473109
 40
0.4392779816638608
 40
0.4878569142993844
 40
0.5127539199821349
 40
0.5338067955283187
 40
0.5532882361936536
 40
0.5922002881617008
 40
0.639789283284344
 40
0.7363329123871574
 40
1.0
 40
1.0
 40
1.0
 40
1.0
 10
-10.89526711835071
 20
2.771196960283013
 30
0.0
 10
-10.90896055669318
 20
2.788220977365062
 30
0.0
 10
-10.93442061321036
 20
2.819873541623829
 30
0.0
 10
-10.96191195774527
 20
2.859080763265618
 30
0.0
 10
-10.97663138190053
 20
2.886615537452291
 30
0.0
 10
-10.98153823500558
 20
2.901069204784012
 30
0.0
 10
-10.9822823108294
 20
2.911413619036892
 30
0.0
 10
-10.98079085340083
 20
2.91848776454691
 30
0.0
 10
-10.9762150497539
 20
2.926013830195324
 30
0.0
 10
-10.96609570098697
 20
2.93239691610191
 30
0.0
 10
-10.94679745519255
 20
2.93751689677546
 30
0.0
 10
-10.90242586631929
 20
2.940960323912372
 30
0.0
 10
-10.86328958665751
 20
2.941098933962352
 30
0.0
 10
-10.83464260754342
 20
2.941200393764895
 30
0.0
  0
SPLINE
  5
37F
330
1F
100
AcDbEntity
  8
0
  6
Continuous
 62
     7
370
    25
100
AcDbSpline
210
0.0
220
0.0
230
1.0
 70
     8
 71
     3
 72
    10
 73
     6
 74
     0
 42
0.00000001
 43
0.00000001
 40
0.0
 40
0.0
 40
0.0
 40
0.0
 40
0.3392906296950476
 40
0.6724618601024129
 40
1.0
 40
1.0
 40
1.0
 40
1.0
 10
-10.41483626094151
 20
2.421204386716477
 30
0.0
 10
-10.47559184296117
 20
2.451162741405081
 30
0.0
 10
-10.59600722765149
 20
2.510539126003778
 30
0.0
 10
-10.76107325422736
 20
2.625559765649077
 30
0.0
 10
-10.85065273485357
 20
2.722759346232161
 30
0.0
 10
-10.89506060581166
 20
2.770944783360615
 30
0.0
  0
SPLINE
  5
381
330
1F
100
AcDbEntity
  8
0
  6
Continuous
 62
     7
370
    25
100
AcDbSpline
210
0.0
220
0.0
230
1.0
 70
     8
 71
     3
 72
    14
 73
    10
 74
     0
 42
0.00000001
 43
0.00000001
 40
0.0
 40
0.0
 40
0.0
 40
0.0
 40
0.1160781187520844
 40
0.2209888979368464
 40
0.3254921144219414
 40
0.4354121102794618
 40
0.549399199821878
 40
0.7777945681892763
 40
1.0
 40
1.0
 40
1.0
 40
1.0
 10
-1.638269599176466
 20
4.043637651012495
 30
0.0
 10
-1.557070806196249
 20
4.044436079822942
 30
0.0
 10
-1.402484981000162
 20
4.045956124296427
 30
0.0
 10
-1.174815096277018
 20
4.049612604369549
 30
0.0
 10
-0.9514615099246276
 20
4.053642845652616
 30
0.0
 10
-0.7217623064009392
 20
4.058003664000608
 30
0.0
 10
-0.4054372457562897
 20
4.065142086821455
 30
0.0
 10
-0.0105989642724571
 20
4.075983173421429
 30
0.0
 10
0.3042034312803091
 20
4.092380251544495
 30
0.0
 10
0.4594423971481043
 20
4.10046616666788
 30
0.0
  0
SPLINE
  5
385
330
1F
100
AcDbEntity
  8
0
  6
Continuous
 62
     7
370
    25
100
AcDbSpline
210
0.0
220
0.0
230
1.0
 70
     8
 71
     3
 72
     9
 73
     5
 74
     0
 42
0.00000001
 43
0.00000001
 40
0.0
 40
0.0
 40
0.0
 40
0.0
 40
0.4997237150160882
 40
1.0
 40
1.0
 40
1.0
 40
1.0
 10
0.4875865069842429
 20
3.841891070789877
 30
0.0
 10
0.1392299777626649
 20
3.771707076185331
 30
0.0
 10
-0.5578682762402756
 20
3.631261480958202
 30
0.0
 10
-1.260709675128972
 20
3.523163803969927
 30
0.0
 10
-1.612324559097905
 20
3.469085099710843
 30
0.0
  0
SPLINE
  5
388
330
1F
100
AcDbEntity
  8
0
  6
Continuous
 62
     7
370
    25
100
AcDbSpline
210
0.0
220
0.0
230
1.0
 70
     8
 71
     3
 72
    13
 73
     9
 74
     0
 42
0.00000001
 43
0.00000001
 40
0.0
 40
0.0
 40
0.0
 40
0.0
 40
0.1400055923962367
 40
0.2799955208871565
 40
0.4199993768585926
 40
0.5600017925973575
 40
0.7800055064700497
 40
1.0
 40
1.0
 40
1.0
 40
1.0
 10
-7.646407328321962
 20
4.231174511025787
 30
0.0
 10
-7.418723233153153
 20
4.236493949288773
 30
0.0
 10
-6.96338051624162
 20
4.247132230672966
 30
0.0
 10
-6.280071362570237
 20
4.246213912631609
 30
0.0
 10
-5.597158071871066
 20
4.22542969345157
 30
0.0
 10
-4.784249119293723
 20
4.199060453235729
 30
0.0
 10
-3.841290021176516
 20
4.167763153312947
 30
0.0
 10
-3.125760835633426
 20
4.150694860865252
 30
0.0
 10
-2.76800373996553
 20
4.142160893477935
 30
0.0
  0
SPLINE
  5
389
330
1F
100
AcDbEntity
  8
0
  6
Continuous
 62
     7
370
    25
100
AcDbSpline
210
0.0
220
0.0
230
1.0
 70
     8
 71
     3
 72
    19
 73
    15
 74
     0
 42
0.00000001
 43
0.00000001
 40
0.0
 40
0.0
 40
0.0
 40
0.0
 40
0.0927392820556094
 40
0.1726417761615706
 40
0.2415899269570681
 40
0.3014662264281303
 40
0.3541531791488812
 40
0.4015332292451479
 40
0.4697927081222143
 40
0.5368780975110512
 40
0.607408817850258
 40
0.7393772308776727
 40
0.872712390076675
 40
0.9999999999999999
 40
0.9999999999999999
 40
0.9999999999999999
 40
0.9999999999999999
 10
-2.76800373996553
 20
4.142160893477935
 30
0.0
 10
-2.665217791351942
 20
4.141883442669172
 30
0.0
 10
-2.47387332178336
 20
4.141366945243695
 30
0.0
 10
-2.206110257240908
 20
4.141245358600709
 30
0.0
 10
-1.974770777052728
 20
4.141651204700974
 30
0.0
 10
-1.773596888169941
 20
4.142561815815932
 30
0.0
 10
-1.596330857636725
 20
4.143922509803275
 30
0.0
 10
-1.409779465310423
 20
4.14597373527222
 30
0.0
 10
-1.207281383183932
 20
4.149040358681415
 30
0.0
 10
-0.9791393910805777
 20
4.153160458295665
 30
0.0
 10
-0.6804004524613271
 20
4.158757597102531
 30
0.0
 10
-0.3082912149704409
 20
4.167570992646648
 30
0.0
 10
0.1266420283769936
 20
4.181610919228318
 30
0.0
 10
0.4150129292824431
 20
4.198573835539818
 30
0.0
 10
0.5558526681559953
 20
4.206858488035421
 30
0.0
  0
SPLINE
  5
38A
330
1F
100
AcDbEntity
  8
0
  6
Continuous
 62
     7
370
    25
100
AcDbSpline
210
0.0
220
0.0
230
1.0
 70
     8
 71
     3
 72
    11
 73
     7
 74
     0
 42
0.00000001
 43
0.00000001
 40
0.0
 40
0.0
 40
0.0
 40
0.0
 40
0.2800127809471012
 40
0.560003782146266
 40
0.7800057018668517
 40
0.9999999999999999
 40
0.9999999999999999
 40
0.9999999999999999
 40
0.9999999999999999
 10
0.5558526681559953
 20
4.206858488035421
 30
0.0
 10
0.7658651001173482
 20
4.218880776523194
 30
0.0
 10
1.185873629007717
 20
4.242924418389949
 30
0.0
 10
1.770055612894833
 20
4.288806905068234
 30
0.0
 10
2.307775778372586
 20
4.349999296154304
 30
0.0
 10
2.638324042122284
 20
4.359623924158211
 30
0.0
 10
2.80359531112878
 20
4.364436154801558
 30
0.0
  0
SPLINE
  5
38C
330
1F
100
AcDbEntity
  8
0
  6
Continuous
 62
     7
370
    25
100
AcDbSpline
210
0.0
220
0.0
230
1.0
 70
     8
 71
     3
 72
    30
 73
    26
 74
     0
 42
0.00000001
 43
0.00000001
 40
0.0
 40
0.0
 40
0.0
 40
0.0
 40
0.0199852284469471
 40
0.0399909945833434
 40
0.0599918104368629
 40
0.0800359715673113
 40
0.1000540317088933
 40
0.1200488676977021
 40
0.1400385570815858
 40
0.1767147924726677
 40
0.2134054529626981
 40
0.2500636414427653
 40
0.3125503299101325
 40
0.3750555749010154
 40
0.4375288821493112
 40
0.5000326630591966
 40
0.5933607559114141
 40
0.686689039610188
 40
0.7799683617885694
 40
0.8166215652424335
 40
0.853303666572344
 40
0.8900234411976635
 40
0.9267225213551128
 40
0.9633496652920435
 40
1.0
 40
1.0
 40
1.0
 40
1.0
 10
-7.784223935806475
 20
3.897813726063069
 30
0.0
 10
-7.734842178606805
 20
3.844164159294783
 30
0.0
 10
-7.636027917367296
 20
3.736809893131416
 30
0.0
 10
-7.454678284505362
 20
3.612548799122096
 30
0.0
 10
-7.260068660166443
 20
3.512730739127853
 30
0.0
 10
-7.056674276469332
 20
3.432168956117535
 30
0.0
 10
-6.849589677323451
 20
3.362278181150772
 30
0.0
 10
-6.639290077402794
 20
3.303323158670326
 30
0.0
 10
-6.367341564594287
 20
3.24099386230374
 30
0.0
 10
-6.032178549701087
 20
3.184559149081921
 30
0.0
 10
-5.634890097341346
 20
3.13515724439286
 30
0.0
 10
-5.142635094436278
 20
3.090032725529825
 30
0.0
 10
-4.554411336239956
 20
3.069908445940764
 30
0.0
 10
-3.872194568479935
 20
3.085649695641173
 30
0.0
 10
-3.192066279180515
 20
3.142839468004442
 30
0.0
 10
-2.404988246366072
 20
3.250156300541054
 30
0.0
 10
-1.508084320551506
 20
3.381415405249457
 30
0.0
 10
-0.502159255426554
 20
3.541642306211723
 30
0.0
 10
0.2950212943824708
 20
3.69829356477477
 30
0.0
 10
0.8879722930537405
 20
3.824224587430239
 30
0.0
 10
1.279462076779286
 20
3.908230245108358
 30
0.0
 10
1.671713002505709
 20
3.989571517918088
 30
0.0
 10
2.062456371282479
 20
4.076584163969924
 30
0.0
 10
2.449953650216185
 20
4.178330940063408
 30
0.0
 10
2.699681465777239
 20
4.272137169672832
 30
0.0
 10
2.824584890341753
 20
4.319055128320644
 30
0.0
  0
SPLINE
  5
38D
330
1F
100
AcDbEntity
  8
0
  6
Continuous
 62
     7
370
    25
100
AcDbSpline
210
0.0
220
0.0
230
1.0
 70
     8
 71
     3
 72
    15
 73
    11
 74
     0
 42
0.00000001
 43
0.00000001
 40
0.0
 40
0.0
 40
0.0
 40
0.0
 40
0.2493506067842984
 40
0.3130204017094975
 40
0.3756083666696698
 40
0.4372454478611127
 40
0.5011722410328183
 40
0.6246132795293684
 40
0.7504519728929187
 40
1.0
 40
1.0
 40
1.0
 40
1.0
 10
-7.646407328321962
 20
4.231174511025787
 30
0.0
 10
-7.692212331464592
 20
4.229956865501037
 30
0.0
 10
-7.749713296346595
 20
4.228428303384371
 30
0.0
 10
-7.816790348827424
 20
4.214073209684097
 30
0.0
 10
-7.84944246067757
 20
4.200878654698917
 30
0.0
 10
-7.872054089746457
 20
4.173470729955861
 30
0.0
 10
-7.890030285874274
 20
4.131513590327578
 30
0.0
 10
-7.89530420082198
 20
4.071659999209742
 30
0.0
 10
-7.854614494319216
 20
3.987593798729554
 30
0.0
 10
-7.812332190423306
 20
3.933664573042363
 30
0.0
 10
-7.784223935806475
 20
3.897813726063069
 30
0.0
  0
CIRCLE
  5
38E
330
1F
100
AcDbEntity
  8
0
  6
Continuous
 62
     7
370
    25
100
AcDbCircle
 10
-3.6799385909
 20
3.6405875075
 30
0.0
 40
0.4549999999999839
  0
CIRCLE
  5
38F
330
1F
100
AcDbEntity
  8
0
  6
Continuous
 62
     7
370
    25
100
AcDbCircle
 10
-5.1828326571
 20
3.6565306971
 30
0.0
 40
0.4550000000000198
  0
CIRCLE
  5
390
330
1F
100
AcDbEntity
  8
0
  6
Continuous
 62
     7
370
    25
100
AcDbCircle
 10
-2.7551982893
 20
3.50605594
 30
0.0
 40
0.0590551181102462
  0
CIRCLE
  5
391
330
1F
100
AcDbEntity
  8
0
  6
Continuous
 62
     7
370
    25
100
AcDbCircle
 10
-2.7648524534
 20
3.8610772498
 30
0.0
 40
0.0590551181102289
  0
CIRCLE
  5
392
330
1F
100
AcDbEntity
  8
0
  6
Continuous
 62
     7
370
    25
100
AcDbCircle
 10
-6.8415378465
 20
3.9542242607
 30
0.0
 40
0.059055118110247
  0
CIRCLE
  5
393
330
1F
100
AcDbEntity
  8
0
  6
Continuous
 62
     7
370
    25
100
AcDbCircle
 10
-6.8333803177
 20
3.6542400749
 30
0.0
 40
0.0590551181102465
  0
CIRCLE
  5
394
330
1F
100
AcDbEntity
  8
0
  6
Continuous
 62
     7
370
    25
100
AcDbCircle
 10
-6.1905249443
 20
3.9258120479
 30
0.0
 40
0.0590551181102284
  0
CIRCLE
  5
395
330
1F
100
AcDbEntity
  8
0
  6
Continuous
 62
     7
370
    25
100
AcDbCircle
 10
-6.1796482392
 20
3.5258331334
 30
0.0
 40
0.0590551181102284
  0
CIRCLE
  5
396
330
1F
100
AcDbEntity
  8
0
  6
Continuous
 62
     7
370
    25
100
AcDbCircle
 10
-4.4367955076
 20
3.8825475432
 30
0.0
 40
0.059055118110248
  0
CIRCLE
  5
397
330
1F
100
AcDbEntity
  8
0
  6
Continuous
 62
     7
370
    25
100
AcDbCircle
 10
-4.4231996262
 20
3.3825739002
 30
0.0
 40
0.0590551181102471
  0
CIRCLE
  5
398
330
1F
100
AcDbEntity
  8
0
  6
Continuous
 62
     7
370
    25
100
AcDbCircle
 10
-2.1861360396
 20
3.8888830209
 30
0.0
 40
0.0590551181102289
  0
CIRCLE
  5
399
330
1F
100
AcDbEntity
  8
0
  6
Continuous
 62
     7
370
    25
100
AcDbCircle
 10
-2.1766189226
 20
3.5389014708
 30
0.0
 40
0.0590551181102288
  0
SPLINE
  5
39D
330
1F
100
AcDbEntity
  8
0
  6
Continuous
 62
     7
370
    25
100
AcDbSpline
210
0.0
220
0.0
230
1.0
 70
     8
 71
     3
 72
     9
 73
     5
 74
     0
 42
0.00000001
 43
0.00000001
 40
0.0
 40
0.0
 40
0.0
 40
0.0
 40
0.5606570928571063
 40
0.9999999999999999
 40
0.9999999999999999
 40
0.9999999999999999
 40
0.9999999999999999
 10
-7.644878419814239
 20
4.131183922283213
 30
0.0
 10
-7.561030415322566
 20
4.132299092475164
 30
0.0
 10
-7.41147731850115
 20
4.134288133916285
 30
0.0
 10
-7.261952490378535
 20
4.137797735089808
 30
0.0
 10
-7.196259817701103
 20
4.139339653472297
 30
0.0
  0
SPLINE
  5
39F
330
1F
100
AcDbEntity
  8
0
  6
Continuous
 62
     7
370
    25
100
AcDbSpline
210
0.0
220
0.0
230
1.0
 70
     8
 71
     3
 72
    18
 73
    14
 74
     0
 42
0.00000001
 43
0.00000001
 40
0.0
 40
0.0
 40
0.0
 40
0.0
 40
0.2010100264874015
 40
0.3737356905473109
 40
0.4392779816638608
 40
0.4878569142993844
 40
0.5127539199821349
 40
0.5338067955283187
 40
0.5532882361936536
 40
0.5922002881617008
 40
0.639789283284344
 40
0.7363329123871574
 40
1.0
 40
1.0
 40
1.0
 40
1.0
 10
-7.706847131660342
 20
3.961159940913766
 30
0.0
 10
-7.720540570002812
 20
3.978183957995815
 30
0.0
 10
-7.746000626519996
 20
4.009836522254582
 30
0.0
 10
-7.773491971054906
 20
4.049043743896372
 30
0.0
 10
-7.788211395210162
 20
4.076578518083045
 30
0.0
 10
-7.793118248315218
 20
4.091032185414765
 30
0.0
 10
-7.793862324139038
 20
4.101376599667645
 30
0.0
 10
-7.792370866710461
 20
4.108450745177663
 30
0.0
 10
-7.787795063063529
 20
4.115976810826078
 30
0.0
 10
-7.777675714296598
 20
4.122359896732664
 30
0.0
 10
-7.758377468502188
 20
4.127479877406214
 30
0.0
 10
-7.714005879628923
 20
4.130923304543127
 30
0.0
 10
-7.674869599967141
 20
4.131061914593105
 30
0.0
 10
-7.646222620853054
 20
4.131163374395649
 30
0.0
  0
SPLINE
  5
3A1
330
1F
100
AcDbEntity
  8
0
  6
Continuous
 62
     7
370
    25
100
AcDbSpline
210
0.0
220
0.0
230
1.0
 70
     8
 71
     3
 72
    10
 73
     6
 74
     0
 42
0.00000001
 43
0.00000001
 40
0.0
 40
0.0
 40
0.0
 40
0.0
 40
0.3392906296950476
 40
0.6724618601024129
 40
1.0
 40
1.0
 40
1.0
 40
1.0
 10
-7.226416274251143
 20
3.61116736734723
 30
0.0
 10
-7.287171856270808
 20
3.641125722035835
 30
0.0
 10
-7.407587240961125
 20
3.700502106634532
 30
0.0
 10
-7.572653267536998
 20
3.81552274627983
 30
0.0
 10
-7.662232748163206
 20
3.912722326862915
 30
0.0
 10
-7.706640619121295
 20
3.960907763991369
 30
0.0
  0
LINE
  5
3A2
330
1F
100
AcDbEntity
  8
0
  6
Continuous
 62
     7
370
    25
100
AcDbLine
 10
-9.1498767512
 20
-1.8310146807
 30
0.0
 11
-9.1498767688
 21
-1.8310146807
 31
0.0
  0
LINE
  5
3A3
330
1F
100
AcDbEntity
  8
0
  6
Continuous
 62
     7
370
    25
100
AcDbLine
 10
-10.6558007207
 20
-3.8929619218
 30
0.0
 11
-10.6558007032
 21
-3.8929619218
 31
0.0
  0
LINE
  5
3A4
330
1F
100
AcDbEntity
  8
0
  6
Continuous
 62
     7
370
    25
100
AcDbLine
 10
-8.4241848203
 20
-0.4611843552
 30
0.0
 11
-8.4033245006
 21
-0.4953142111
 31
0.0
  0
LINE
  5
3A5
330
1F
100
AcDbEntity
  8
0
  6
Continuous
 62
     7
370
    25
100
AcDbLine
 10
-9.0481598623
 20
-0.7177601975
 30
0.0
 11
-9.4515971913
 21
-0.7882401619
 31
0.0
  0
LINE
  5
3A6
330
1F
100
AcDbEntity
  8
0
  6
Continuous
 62
     7
370
    25
100
AcDbLine
 10
-7.031506417
 20
-4.0991393562
 30
0.0
 11
-7.0523667368
 21
-4.0650095003
 31
0.0
  0
LINE
  5
3A7
330
1F
100
AcDbEntity
  8
0
  6
Continuous
 62
     7
370
    25
100
AcDbLine
 10
-6.4075313751
 20
-3.8425635139
 30
0.0
 11
-6.0040940461
 21
-3.7720835495
 31
0.0
  0
LINE
  5
3A8
330
1F
100
AcDbEntity
  8
0
  6
Continuous
 62
     7
370
    25
100
AcDbLine
 10
-3.3061902528
 20
-3.5634224648
 30
0.0
 11
-3.2853299331
 21
-3.5975523206
 31
0.0
  0
LINE
  5
3A9
330
1F
100
AcDbEntity
  8
0
  6
Continuous
 62
     7
370
    25
100
AcDbLine
 10
-3.9301652948
 20
-3.8199983071
 30
0.0
 11
-4.3336026238
 21
-3.8904782715
 31
0.0
  0
LINE
  5
3AA
330
1F
100
AcDbEntity
  8
0
  6
Continuous
 62
     7
370
    25
100
AcDbLine
 10
-7.4761891429
 20
1.7313268871
 30
0.0
 11
-7.4553288232
 21
1.6971970313
 31
0.0
  0
LINE
  5
3AB
330
1F
100
AcDbEntity
  8
0
  6
Continuous
 62
     7
370
    25
100
AcDbLine
 10
-8.1001641848
 20
1.4747510449
 30
0.0
 11
-8.5036015139
 21
1.4042710804
 31
0.0
  0
LINE
  5
3AC
330
1F
100
AcDbEntity
  8
0
  6
Continuous
 62
     7
370
    25
100
AcDbLine
 10
-11.6348700199
 20
-0.7746889952
 30
0.0
 11
-11.6557303397
 21
-0.7405591394
 31
0.0
  0
LINE
  5
3AD
330
1F
100
AcDbEntity
  8
0
  6
Continuous
 62
     7
370
    25
100
AcDbLine
 10
-11.010894978
 20
-0.5181131529
 30
0.0
 11
-10.607457649
 21
-0.4476331885
 31
0.0
  0
LINE
  5
3AE
330
1F
100
AcDbEntity
  8
0
  6
Continuous
 62
     7
370
    25
100
AcDbLine
 10
-11.5546316647
 20
1.1976178992
 30
0.0
 11
-11.5754919844
 21
1.2317477551
 31
0.0
  0
LINE
  5
3AF
330
1F
100
AcDbEntity
  8
0
  6
Continuous
 62
     7
370
    25
100
AcDbLine
 10
-10.9306566228
 20
1.4541937415
 30
0.0
 11
-10.5272192938
 21
1.5246737059
 31
0.0
  0
LINE
  5
3B0
330
1F
100
AcDbEntity
  8
0
  6
Continuous
 62
     7
370
    25
100
AcDbLine
 10
-11.602007051
 20
3.6678885208
 30
0.0
 11
-11.6091192491
 21
3.6646124398
 31
0.0
  0
LINE
  5
3B1
330
1F
100
AcDbEntity
  8
0
  6
Continuous
 62
     7
370
    25
100
AcDbLine
 10
-11.6091192491
 20
3.6646124398
 30
0.0
 11
-11.5977080504
 21
3.618733332
 31
0.0
  0
LINE
  5
3B2
330
1F
100
AcDbEntity
  8
0
  6
Continuous
 62
     7
370
    25
100
AcDbLine
 10
-8.282718322
 20
3.8507416015
 30
0.0
 11
-8.2756061239
 21
3.8540176826
 31
0.0
  0
LINE
  5
3B3
330
1F
100
AcDbEntity
  8
0
  6
Continuous
 62
     7
370
    25
100
AcDbLine
 10
-8.2756061239
 20
3.8540176826
 30
0.0
 11
-8.2870173226
 21
3.8998967904
 31
0.0
  0
LINE
  5
3B4
330
1F
100
AcDbEntity
  8
0
  6
Continuous
 62
     7
370
    25
100
AcDbLine
 10
-8.5194639676
 20
-3.7740356626
 30
0.0
 11
-8.5080527514
 21
-3.8199147704
 31
0.0
  0
LINE
  5
3B5
330
1F
100
AcDbEntity
  8
0
  6
Continuous
 62
     7
370
    25
100
AcDbLine
 10
-8.5080527514
 20
-3.8199147704
 30
0.0
 11
-8.5151649671
 21
-3.8231908515
 31
0.0
  0
LINE
  5
3B6
330
1F
100
AcDbEntity
  8
0
  6
Continuous
 62
     7
370
    25
100
AcDbLine
 10
-9.2655908202
 20
-2.1227952825
 30
0.0
 11
-9.2655908027
 21
-2.1227952825
 31
0.0
  0
LINE
  5
3B7
330
1F
100
AcDbEntity
  8
0
  6
Continuous
 62
     7
370
    25
100
AcDbLine
 10
-9.0775988241
 20
-3.5391069738
 30
0.0
 11
-9.0775988066
 21
-3.5391069738
 31
0.0
  0
LINE
  5
3B8
330
1F
100
AcDbEntity
  8
0
  6
Continuous
 62
     7
370
    25
100
AcDbLine
 10
-8.8872058584
 20
-2.0453932537
 30
0.0
 11
-8.8872058409
 21
-2.0453932537
 31
0.0
  0
LINE
  5
3B9
330
1F
100
AcDbEntity
  8
0
  6
Continuous
 62
     7
370
    25
100
AcDbLine
 10
-8.6840415786
 20
-3.6612203495
 30
0.0
 11
-8.6840415611
 21
-3.6612203495
 31
0.0
  0
LINE
  5
3BA
330
1F
100
AcDbEntity
  8
0
  6
Continuous
 62
     7
370
    25
100
AcDbLine
 10
-11.2862135043
 20
-1.94994094
 30
0.0
 11
-11.2976247205
 21
-1.9040618322
 31
0.0
  0
LINE
  5
3BB
330
1F
100
AcDbEntity
  8
0
  6
Continuous
 62
     7
370
    25
100
AcDbLine
 10
-11.2976247205
 20
-1.9040618322
 30
0.0
 11
-11.2905125049
 21
-1.9007857511
 31
0.0
  0
LINE
  5
3BC
330
1F
100
AcDbEntity
  8
0
  6
Continuous
 62
     7
370
    25
100
AcDbLine
 10
-10.7280786478
 20
-2.1848696288
 30
0.0
 11
-10.7280786654
 21
-2.1848696288
 31
0.0
  0
LINE
  5
3BD
330
1F
100
AcDbEntity
  8
0
  6
Continuous
 62
     7
370
    25
100
AcDbLine
 10
-10.9184716135
 20
-3.6785833488
 30
0.0
 11
-10.918471631
 21
-3.6785833488
 31
0.0
  0
LINE
  5
3BE
330
1F
100
AcDbEntity
  8
0
  6
Continuous
 62
     7
370
    25
100
AcDbLine
 10
-10.5400866518
 20
-3.6011813201
 30
0.0
 11
-10.5400866693
 21
-3.6011813201
 31
0.0
  0
LINE
  5
3BF
330
1F
100
AcDbEntity
  8
0
  6
Continuous
 62
     7
370
    25
100
AcDbLine
 10
-11.1216358933
 20
-2.062756253
 30
0.0
 11
-11.1216359108
 21
-2.062756253
 31
0.0
  0
LINE
  5
3C0
330
1F
100
AcDbEntity
  8
0
  6
Continuous
 62
     7
370
    25
100
AcDbLine
 10
-9.5215443221
 20
0.1724497786
 30
0.0
 11
-9.498991758
 21
0.1333976037
 31
0.0
  0
LINE
  5
3C1
330
1F
100
AcDbEntity
  8
0
  6
Continuous
 62
     7
370
    25
100
AcDbLine
 10
-6.9249234137
 20
0.7380369003
 30
0.0
 11
-6.7926219983
 21
1.2307394201
 31
0.0
  0
LINE
  5
3C2
330
1F
100
AcDbEntity
  8
0
  6
Continuous
 62
     7
370
    25
100
AcDbLine
 10
-6.8052239771
 20
0.7018065858
 30
0.0
 11
-6.6475541977
 21
1.2889832033
 31
0.0
  0
LINE
  5
3C3
330
1F
100
AcDbEntity
  8
0
  6
Continuous
 62
     7
370
    25
100
AcDbLine
 10
-5.8092599619
 20
0.7506584766
 30
0.0
 11
-6.569421986
 21
1.3161338381
 31
0.0
  0
LINE
  5
3C4
330
1F
100
AcDbEntity
  8
0
  6
Continuous
 62
     7
370
    25
100
AcDbLine
 10
-5.4620502645
 20
0.745009908
 30
0.0
 11
-5.4145197812
 21
1.6519455552
 31
0.0
  0
LINE
  5
3C5
330
1F
100
AcDbEntity
  8
0
  6
Continuous
 62
     7
370
    25
100
AcDbLine
 10
-5.5418245824
 20
0.7075093177
 30
0.0
 11
-6.417035709
 21
1.3585683189
 31
0.0
  0
LINE
  5
3C6
330
1F
100
AcDbEntity
  8
0
  6
Continuous
 62
     7
370
    25
100
AcDbLine
 10
-2.613968888
 20
1.305844068
 30
0.0
 11
-3.1543496912
 21
1.9890253214
 31
0.0
  0
LINE
  5
3C7
330
1F
100
AcDbEntity
  8
0
  6
Continuous
 62
     7
370
    25
100
AcDbLine
 10
-1.6684768091
 20
1.9781017765
 30
0.0
 11
-0.6127263881
 21
0.702432474
 31
0.0
  0
LINE
  5
3C8
330
1F
100
AcDbEntity
  8
0
  6
Continuous
 62
     7
370
    25
100
AcDbLine
 10
-0.5242755528
 20
0.7316944938
 30
0.0
 11
-0.507142737
 21
1.0586080943
 31
0.0
  0
LINE
  5
3C9
330
1F
100
AcDbEntity
  8
0
  6
Continuous
 62
     7
370
    25
100
AcDbLine
 10
-0.4644639833
 20
1.8729672255
 30
0.0
 11
-0.4924612071
 21
1.3387483718
 31
0.0
  0
LINE
  5
3CA
330
1F
100
AcDbEntity
  8
0
  6
Continuous
 62
     7
370
    25
100
AcDbLine
 10
-3.5307458031
 20
0.6867925275
 30
0.0
 11
-3.5030313412
 21
1.215615963
 31
0.0
  0
LINE
  5
3CB
330
1F
100
AcDbEntity
  8
0
  6
Continuous
 62
     7
370
    25
100
AcDbLine
 10
-3.4676984088
 20
1.8898084758
 30
0.0
 11
-3.4883498114
 21
1.4957562405
 31
0.0
  0
LINE
  5
3CC
330
1F
100
AcDbEntity
  8
0
  6
Continuous
 62
     7
370
    25
100
AcDbLine
 10
-5.0519568943
 20
0.7523751311
 30
0.0
 11
-3.5484901328
 21
1.9317653949
 31
0.0
  0
LINE
  5
3CD
330
1F
100
AcDbEntity
  8
0
  6
Continuous
 62
     7
370
    25
100
AcDbLine
 10
-5.3342518118
 20
0.795134326
 30
0.0
 11
-5.290280953
 21
1.6341482928
 31
0.0
  0
LINE
  5
3CE
330
1F
100
AcDbEntity
  8
0
  6
Continuous
 62
     7
370
    25
100
AcDbLine
 10
-3.7734585337
 20
1.9141604549
 30
0.0
 11
-5.2534600878
 21
0.7531774069
 31
0.0
  0
LINE
  5
3CF
330
1F
100
AcDbEntity
  8
0
  6
Continuous
 62
     7
370
    25
100
AcDbLine
 10
0.7249226154
 20
1.3374894519
 30
0.0
 11
-0.1664984811
 21
0.599744806
 31
0.0
  0
LINE
  5
3D0
330
1F
100
AcDbEntity
  8
0
  6
Continuous
 62
     7
370
    25
100
AcDbLine
 10
-2.3201547799
 20
0.6003341603
 30
0.0
 11
-3.3326279756
 21
0.6321919073
 31
0.0
  0
LINE
  5
3D1
330
1F
100
AcDbEntity
  8
0
  6
Continuous
 62
     7
370
    25
100
AcDbLine
 10
-2.2793668488
 20
0.6813279509
 30
0.0
 11
-3.2469247604
 21
1.9045716764
 31
0.0
  0
LINE
  5
3D2
330
1F
100
AcDbEntity
  8
0
  6
Continuous
 62
     7
370
    25
100
AcDbLine
 10
-3.3385553812
 20
1.4879058471
 30
0.0
 11
-3.3179039786
 21
1.8819580824
 31
0.0
  0
LINE
  5
3D3
330
1F
100
AcDbEntity
  8
0
  6
Continuous
 62
     7
370
    25
100
AcDbLine
 10
-3.3809513729
 20
0.6789421341
 30
0.0
 11
-3.353236911
 21
1.2077655696
 31
0.0
  0
LINE
  5
3D4
330
1F
100
AcDbEntity
  8
0
  6
Continuous
 62
     7
370
    25
100
AcDbLine
 10
0.5253909948
 20
1.3346121416
 30
0.0
 11
-0.2940474352
 21
0.6564407176
 31
0.0
  0
LINE
  5
3D5
330
1F
100
AcDbEntity
  8
0
  6
Continuous
 62
     7
370
    25
100
AcDbLine
 10
-0.3259400006
 20
1.6890702688
 30
0.0
 11
-0.3446492789
 21
1.3320759727
 31
0.0
  0
LINE
  5
3D6
330
1F
100
AcDbEntity
  8
0
  6
Continuous
 62
     7
370
    25
100
AcDbLine
 10
-0.3758577296
 20
0.697576874
 30
0.0
 11
-0.3573483067
 21
1.0507577009
 31
0.0
  0
LINE
  5
3D7
330
1F
100
AcDbEntity
  8
0
  6
Continuous
 62
     7
370
    25
100
AcDbLine
 10
-0.7576306698
 20
0.5511689103
 30
0.0
 11
-1.4120149073
 21
0.57175929
 31
0.0
  0
LINE
  5
3D8
330
1F
100
AcDbEntity
  8
0
  6
Continuous
 62
     7
370
    25
100
AcDbLine
 10
-1.2313404094
 20
1.2538524018
 30
0.0
 11
-0.7175388257
 21
0.6330229948
 31
0.0
  0
LINE
  5
3D9
330
1F
100
AcDbEntity
  8
0
  6
Continuous
 62
     7
370
    25
100
AcDbLine
 10
2.7315568994
 20
-1.16465139
 30
0.0
 11
2.7083262157
 21
-1.1259987595
 31
0.0
  0
LINE
  5
3DA
330
1F
100
AcDbEntity
  8
0
  6
Continuous
 62
     7
370
    25
100
AcDbLine
 10
0.1452023253
 20
-1.7754696535
 30
0.0
 11
0.0215199046
 21
-2.2704061104
 31
0.0
  0
LINE
  5
3DB
330
1F
100
AcDbEntity
  8
0
  6
Continuous
 62
     7
370
    25
100
AcDbLine
 10
0.0248888133
 20
-1.7413339003
 30
0.0
 11
-0.1225093072
 21
-2.3311728051
 31
0.0
  0
LINE
  5
3DC
330
1F
100
AcDbEntity
  8
0
  6
Continuous
 62
     7
370
    25
100
AcDbLine
 10
-0.9700709287
 20
-1.8075603195
 30
0.0
 11
-0.2001557751
 21
-2.3596828997
 31
0.0
  0
LINE
  5
3DD
330
1F
100
AcDbEntity
  8
0
  6
Continuous
 62
     7
370
    25
100
AcDbLine
 10
-1.3173263255
 20
-1.807972256
 30
0.0
 11
-1.3490213601
 21
-2.7155992938
 31
0.0
  0
LINE
  5
3DE
330
1F
100
AcDbEntity
  8
0
  6
Continuous
 62
     7
370
    25
100
AcDbLine
 10
-1.2382186332
 20
-1.7690851234
 30
0.0
 11
-0.3517782591
 21
-2.4047704249
 31
0.0
  0
LINE
  5
3DF
330
1F
100
AcDbEntity
  8
0
  6
Continuous
 62
     7
370
    25
100
AcDbLine
 10
-4.1551860197
 20
-2.4184268719
 30
0.0
 11
-3.6029643622
 21
-3.0920731282
 31
0.0
  0
LINE
  5
3E0
330
1F
100
AcDbEntity
  8
0
  6
Continuous
 62
     7
370
    25
100
AcDbLine
 10
-5.0888015808
 20
-3.1070833044
 30
0.0
 11
-6.166654705
 21
-1.850033678
 31
0.0
  0
LINE
  5
3E1
330
1F
100
AcDbEntity
  8
0
  6
Continuous
 62
     7
370
    25
100
AcDbLine
 10
-6.2545813762
 20
-1.880834921
 30
0.0
 11
-6.2660061536
 21
-2.2079977398
 31
0.0
  0
LINE
  5
3E2
330
1F
100
AcDbEntity
  8
0
  6
Continuous
 62
     7
370
    25
100
AcDbLine
 10
-6.2944658805
 20
-3.0229776871
 30
0.0
 11
-6.2757963254
 21
-2.4883515786
 31
0.0
  0
LINE
  5
3E3
330
1F
100
AcDbEntity
  8
0
  6
Continuous
 62
     7
370
    25
100
AcDbLine
 10
-3.2493526732
 20
-1.7834696527
 30
0.0
 11
-3.2678336725
 21
-2.3126962299
 31
0.0
  0
LINE
  5
3E4
330
1F
100
AcDbEntity
  8
0
  6
Continuous
 62
     7
370
    25
100
AcDbLine
 10
-3.2913949418
 20
-2.9874027046
 30
0.0
 11
-3.2776238443
 21
-2.5930500687
 31
0.0
  0
LINE
  5
3E5
330
1F
100
AcDbEntity
  8
0
  6
Continuous
 62
     7
370
    25
100
AcDbLine
 10
-1.7272286956
 20
-1.8224934734
 30
0.0
 11
-3.2098832736
 21
-3.0279432234
 31
0.0
  0
LINE
  5
3E6
330
1F
100
AcDbEntity
  8
0
  6
Continuous
 62
     7
370
    25
100
AcDbLine
 10
-1.4442305221
 20
-1.8603194303
 30
0.0
 11
-1.4735518712
 21
-2.6999730085
 31
0.0
  0
LINE
  5
3E7
330
1F
100
AcDbEntity
  8
0
  6
Continuous
 62
     7
370
    25
100
AcDbLine
 10
-2.985256385
 20
-3.0064147247
 30
0.0
 11
-1.5257421904
 21
-1.8197789115
 31
0.0
  0
LINE
  5
3E8
330
1F
100
AcDbEntity
  8
0
  6
Continuous
 62
     7
370
    25
100
AcDbLine
 10
-7.4930167057
 20
-2.5083391277
 30
0.0
 11
-6.6146067963
 21
-1.7551494006
 31
0.0
  0
LINE
  5
3E9
330
1F
100
AcDbEntity
  8
0
  6
Continuous
 62
     7
370
    25
100
AcDbLine
 10
-4.4612682241
 20
-1.7181521801
 30
0.0
 11
-3.4483932386
 21
-1.7323349812
 31
0.0
  0
LINE
  5
3EA
330
1F
100
AcDbEntity
  8
0
  6
Continuous
 62
     7
370
    25
100
AcDbLine
 10
-4.5006364065
 20
-1.7998454825
 30
0.0
 11
-3.5118773119
 21
-3.0060166881
 31
0.0
  0
LINE
  5
3EB
330
1F
100
AcDbEntity
  8
0
  6
Continuous
 62
     7
370
    25
100
AcDbLine
 10
-3.4275324684
 20
-2.5878151442
 30
0.0
 11
-3.4413035659
 21
-2.98216778
 31
0.0
  0
LINE
  5
3EC
330
1F
100
AcDbEntity
  8
0
  6
Continuous
 62
     7
370
    25
100
AcDbLine
 10
-3.3992612973
 20
-1.7782347282
 30
0.0
 11
-3.4177422966
 21
-2.3074613054
 31
0.0
  0
LINE
  5
3ED
330
1F
100
AcDbEntity
  8
0
  6
Continuous
 62
     7
370
    25
100
AcDbLine
 10
-7.2935656906
 20
-2.5019799487
 30
0.0
 11
-6.4860877884
 21
-1.809610641
 31
0.0
  0
LINE
  5
3EE
330
1F
100
AcDbEntity
  8
0
  6
Continuous
 62
     7
370
    25
100
AcDbLine
 10
-6.4361782098
 20
-2.8415263156
 30
0.0
 11
-6.4237021906
 21
-2.4842598695
 31
0.0
  0
LINE
  5
3EF
330
1F
100
AcDbEntity
  8
0
  6
Continuous
 62
     7
370
    25
100
AcDbLine
 10
-6.4035720292
 20
-1.8493127456
 30
0.0
 11
-6.4159147777
 21
-2.2027628153
 31
0.0
  0
LINE
  5
3F0
330
1F
100
AcDbEntity
  8
0
  6
Continuous
 62
     7
370
    25
100
AcDbLine
 10
-6.0244124062
 20
-1.6962642241
 30
0.0
 11
-5.3697684829
 21
-1.705430888
 31
0.0
  0
LINE
  5
3F1
330
1F
100
AcDbEntity
  8
0
  6
Continuous
 62
     7
370
    25
100
AcDbLine
 10
-5.538511297
 20
-2.3905733185
 30
0.0
 11
-6.0630695933
 21
-1.7788055408
 31
0.0
  0
LINE
  5
3F2
330
1F
100
AcDbEntity
  8
0
  6
Continuous
 62
     7
370
    25
100
AcDbLine
 10
2.686492891
 20
0.5537005209
 30
0.0
 11
2.6639403268
 21
0.5927526958
 31
0.0
  0
LINE
  5
3F3
330
1F
100
AcDbEntity
  8
0
  6
Continuous
 62
     7
370
    25
100
AcDbLine
 10
0.0898719826
 20
-0.0118866007
 30
0.0
 11
-0.0424294329
 21
-0.5045891205
 31
0.0
  0
LINE
  5
3F4
330
1F
100
AcDbEntity
  8
0
  6
Continuous
 62
     7
370
    25
100
AcDbLine
 10
-0.029827454
 20
0.0243437138
 30
0.0
 11
-0.1874972334
 21
-0.5628329038
 31
0.0
  0
LINE
  5
3F5
330
1F
100
AcDbEntity
  8
0
  6
Continuous
 62
     7
370
    25
100
AcDbLine
 10
-1.0257914692
 20
-0.024508177
 30
0.0
 11
-0.2656294451
 21
-0.5899835385
 31
0.0
  0
LINE
  5
3F6
330
1F
100
AcDbEntity
  8
0
  6
Continuous
 62
     7
370
    25
100
AcDbLine
 10
-1.3730011667
 20
-0.0188596084
 30
0.0
 11
-1.4205316499
 21
-0.9257952556
 31
0.0
  0
LINE
  5
3F7
330
1F
100
AcDbEntity
  8
0
  6
Continuous
 62
     7
370
    25
100
AcDbLine
 10
-1.2932268488
 20
0.0186409819
 30
0.0
 11
-0.4180157221
 21
-0.6324180194
 31
0.0
  0
LINE
  5
3F8
330
1F
100
AcDbEntity
  8
0
  6
Continuous
 62
     7
370
    25
100
AcDbLine
 10
-4.2210825431
 20
-0.5796937684
 30
0.0
 11
-3.6807017399
 21
-1.2628750219
 31
0.0
  0
LINE
  5
3F9
330
1F
100
AcDbEntity
  8
0
  6
Continuous
 62
     7
370
    25
100
AcDbLine
 10
-5.166574622
 20
-1.251951477
 30
0.0
 11
-6.222325043
 21
0.0237178255
 31
0.0
  0
LINE
  5
3FA
330
1F
100
AcDbEntity
  8
0
  6
Continuous
 62
     7
370
    25
100
AcDbLine
 10
-6.3107758783
 20
-0.0055441943
 30
0.0
 11
-6.3279086942
 21
-0.3324577947
 31
0.0
  0
LINE
  5
3FB
330
1F
100
AcDbEntity
  8
0
  6
Continuous
 62
     7
370
    25
100
AcDbLine
 10
-6.3705874478
 20
-1.146816926
 30
0.0
 11
-6.342590224
 21
-0.6125980722
 31
0.0
  0
LINE
  5
3FC
330
1F
100
AcDbEntity
  8
0
  6
Continuous
 62
     7
370
    25
100
AcDbLine
 10
-3.304305628
 20
0.039357772
 30
0.0
 11
-3.3320200899
 21
-0.4894656635
 31
0.0
  0
LINE
  5
3FD
330
1F
100
AcDbEntity
  8
0
  6
Continuous
 62
     7
370
    25
100
AcDbLine
 10
-3.3673530223
 20
-1.1636581762
 30
0.0
 11
-3.3467016197
 21
-0.769605941
 31
0.0
  0
LINE
  5
3FE
330
1F
100
AcDbEntity
  8
0
  6
Continuous
 62
     7
370
    25
100
AcDbLine
 10
-1.7830945368
 20
-0.0262248315
 30
0.0
 11
-3.2865612983
 21
-1.2056150953
 31
0.0
  0
LINE
  5
3FF
330
1F
100
AcDbEntity
  8
0
  6
Continuous
 62
     7
370
    25
100
AcDbLine
 10
-1.5007996193
 20
-0.0689840264
 30
0.0
 11
-1.5447704781
 21
-0.9079979932
 31
0.0
  0
LINE
  5
400
330
1F
100
AcDbEntity
  8
0
  6
Continuous
 62
     7
370
    25
100
AcDbLine
 10
-3.0615928974
 20
-1.1880101553
 30
0.0
 11
-1.5815913433
 21
-0.0270271073
 31
0.0
  0
LINE
  5
401
330
1F
100
AcDbEntity
  8
0
  6
Continuous
 62
     7
370
    25
100
AcDbLine
 10
-7.5599740465
 20
-0.6113391523
 30
0.0
 11
-6.6685529501
 21
0.1264054936
 31
0.0
  0
LINE
  5
402
330
1F
100
AcDbEntity
  8
0
  6
Continuous
 62
     7
370
    25
100
AcDbLine
 10
-4.5148966512
 20
0.1258161393
 30
0.0
 11
-3.5024234555
 21
0.0939583923
 31
0.0
  0
LINE
  5
403
330
1F
100
AcDbEntity
  8
0
  6
Continuous
 62
     7
370
    25
100
AcDbLine
 10
-4.5556845823
 20
0.0448223486
 30
0.0
 11
-3.5881266707
 21
-1.1784213768
 31
0.0
  0
LINE
  5
404
330
1F
100
AcDbEntity
  8
0
  6
Continuous
 62
     7
370
    25
100
AcDbLine
 10
-3.4964960499
 20
-0.7617555475
 30
0.0
 11
-3.5171474525
 21
-1.1558077828
 31
0.0
  0
LINE
  5
405
330
1F
100
AcDbEntity
  8
0
  6
Continuous
 62
     7
370
    25
100
AcDbLine
 10
-3.4541000582
 20
0.0472081655
 30
0.0
 11
-3.4818145201
 21
-0.48161527
 31
0.0
  0
LINE
  5
406
330
1F
100
AcDbEntity
  8
0
  6
Continuous
 62
     7
370
    25
100
AcDbLine
 10
-7.3604424259
 20
-0.6084618421
 30
0.0
 11
-6.5410039959
 21
0.0697095819
 31
0.0
  0
LINE
  5
407
330
1F
100
AcDbEntity
  8
0
  6
Continuous
 62
     7
370
    25
100
AcDbLine
 10
-6.5091114305
 20
-0.9629199693
 30
0.0
 11
-6.4904021522
 21
-0.6059256731
 31
0.0
  0
LINE
  5
408
330
1F
100
AcDbEntity
  8
0
  6
Continuous
 62
     7
370
    25
100
AcDbLine
 10
-6.4591937016
 20
0.0285734255
 30
0.0
 11
-6.4777031244
 21
-0.3246074013
 31
0.0
  0
LINE
  5
409
330
1F
100
AcDbEntity
  8
0
  6
Continuous
 62
     7
370
    25
100
AcDbLine
 10
-6.0774207613
 20
0.1749813892
 30
0.0
 11
-5.4230365238
 21
0.1543910096
 31
0.0
  0
LINE
  5
40A
330
1F
100
AcDbEntity
  8
0
  6
Continuous
 62
     7
370
    25
100
AcDbLine
 10
-5.6037110217
 20
-0.5277021023
 30
0.0
 11
-6.1175126054
 21
0.0931273048
 31
0.0
  0
LINE
  5
40B
330
1F
100
AcDbEntity
  8
0
  6
Continuous
 62
     7
370
    25
100
AcDbLine
 10
-5.4239391311
 20
-4.8160093766
 30
0.0
 11
-5.4007084474
 21
-4.8546620071
 31
0.0
  0
LINE
  5
40C
330
1F
100
AcDbEntity
  8
0
  6
Continuous
 62
     7
370
    25
100
AcDbLine
 10
-2.837584557
 20
-4.2051911131
 30
0.0
 11
-2.7139021363
 21
-3.7102546562
 31
0.0
  0
LINE
  5
40D
330
1F
100
AcDbEntity
  8
0
  6
Continuous
 62
     7
370
    25
100
AcDbLine
 10
-2.717271045
 20
-4.2393268663
 30
0.0
 11
-2.5698729244
 21
-3.6494879615
 31
0.0
  0
LINE
  5
40E
330
1F
100
AcDbEntity
  8
0
  6
Continuous
 62
     7
370
    25
100
AcDbLine
 10
-1.7223113029
 20
-4.1731004471
 30
0.0
 11
-2.4922264565
 21
-3.6209778668
 31
0.0
  0
LINE
  5
40F
330
1F
100
AcDbEntity
  8
0
  6
Continuous
 62
     7
370
    25
100
AcDbLine
 10
-1.3750559061
 20
-4.1726885106
 30
0.0
 11
-1.3433608715
 21
-3.2650614728
 31
0.0
  0
LINE
  5
410
330
1F
100
AcDbEntity
  8
0
  6
Continuous
 62
     7
370
    25
100
AcDbLine
 10
-1.4541635985
 20
-4.2115756432
 30
0.0
 11
-2.3406039725
 21
-3.5758903417
 31
0.0
  0
LINE
  5
411
330
1F
100
AcDbEntity
  8
0
  6
Continuous
 62
     7
370
    25
100
AcDbLine
 10
1.462803788
 20
-3.5622338947
 30
0.0
 11
0.9105821305
 21
-2.8885876384
 31
0.0
  0
LINE
  5
412
330
1F
100
AcDbEntity
  8
0
  6
Continuous
 62
     7
370
    25
100
AcDbLine
 10
2.3964193491
 20
-2.8735774622
 30
0.0
 11
3.4742724734
 21
-4.1306270886
 31
0.0
  0
LINE
  5
413
330
1F
100
AcDbEntity
  8
0
  6
Continuous
 62
     7
370
    25
100
AcDbLine
 10
3.5621991446
 20
-4.0998258456
 30
0.0
 11
3.573623922
 21
-3.7726630268
 31
0.0
  0
LINE
  5
414
330
1F
100
AcDbEntity
  8
0
  6
Continuous
 62
     7
370
    25
100
AcDbLine
 10
3.6020836488
 20
-2.9576830795
 30
0.0
 11
3.5834140937
 21
-3.492309188
 31
0.0
  0
LINE
  5
415
330
1F
100
AcDbEntity
  8
0
  6
Continuous
 62
     7
370
    25
100
AcDbLine
 10
0.5569704416
 20
-4.1971911139
 30
0.0
 11
0.5754514409
 21
-3.6679645367
 31
0.0
  0
LINE
  5
416
330
1F
100
AcDbEntity
  8
0
  6
Continuous
 62
     7
370
    25
100
AcDbLine
 10
0.5990127102
 20
-2.993258062
 30
0.0
 11
0.5852416127
 21
-3.3876106979
 31
0.0
  0
LINE
  5
417
330
1F
100
AcDbEntity
  8
0
  6
Continuous
 62
     7
370
    25
100
AcDbLine
 10
-0.9651535361
 20
-4.1581672931
 30
0.0
 11
0.517501042
 21
-2.9527175432
 31
0.0
  0
LINE
  5
418
330
1F
100
AcDbEntity
  8
0
  6
Continuous
 62
     7
370
    25
100
AcDbLine
 10
-1.2481517095
 20
-4.1203413363
 30
0.0
 11
-1.2188303604
 21
-3.2806877581
 31
0.0
  0
LINE
  5
419
330
1F
100
AcDbEntity
  8
0
  6
Continuous
 62
     7
370
    25
100
AcDbLine
 10
0.2928741534
 20
-2.9742460419
 30
0.0
 11
-1.1666400413
 21
-4.1608818551
 31
0.0
  0
LINE
  5
41A
330
1F
100
AcDbEntity
  8
0
  6
Continuous
 62
     7
370
    25
100
AcDbLine
 10
4.800634474
 20
-3.4723216389
 30
0.0
 11
3.9222245647
 21
-4.225511366
 31
0.0
  0
LINE
  5
41B
330
1F
100
AcDbEntity
  8
0
  6
Continuous
 62
     7
370
    25
100
AcDbLine
 10
1.7688859925
 20
-4.2625085865
 30
0.0
 11
0.756011007
 21
-4.2483257854
 31
0.0
  0
LINE
  5
41C
330
1F
100
AcDbEntity
  8
0
  6
Continuous
 62
     7
370
    25
100
AcDbLine
 10
1.8082541749
 20
-4.1808152841
 30
0.0
 11
0.8194950803
 21
-2.9746440785
 31
0.0
  0
LINE
  5
41D
330
1F
100
AcDbEntity
  8
0
  6
Continuous
 62
     7
370
    25
100
AcDbLine
 10
0.7351502367
 20
-3.3928456224
 30
0.0
 11
0.7489213342
 21
-2.9984929865
 31
0.0
  0
LINE
  5
41E
330
1F
100
AcDbEntity
  8
0
  6
Continuous
 62
     7
370
    25
100
AcDbLine
 10
0.7068790656
 20
-4.2024260384
 30
0.0
 11
0.725360065
 21
-3.6731994612
 31
0.0
  0
LINE
  5
41F
330
1F
100
AcDbEntity
  8
0
  6
Continuous
 62
     7
370
    25
100
AcDbLine
 10
4.601183459
 20
-3.4786808179
 30
0.0
 11
3.7937055568
 21
-4.1710501256
 31
0.0
  0
LINE
  5
420
330
1F
100
AcDbEntity
  8
0
  6
Continuous
 62
     7
370
    25
100
AcDbLine
 10
3.7437959781
 20
-3.1391344509
 30
0.0
 11
3.7313199589
 21
-3.4964008971
 31
0.0
  0
LINE
  5
421
330
1F
100
AcDbEntity
  8
0
  6
Continuous
 62
     7
370
    25
100
AcDbLine
 10
3.7111897976
 20
-4.131348021
 30
0.0
 11
3.723532546
 21
-3.7778979513
 31
0.0
  0
LINE
  5
422
330
1F
100
AcDbEntity
  8
0
  6
Continuous
 62
     7
370
    25
100
AcDbLine
 10
3.3320301745
 20
-4.2843965425
 30
0.0
 11
2.6773862513
 21
-4.2752298786
 31
0.0
  0
LINE
  5
423
330
1F
100
AcDbEntity
  8
0
  6
Continuous
 62
     7
370
    25
100
AcDbLine
 10
2.8461290653
 20
-3.5900874481
 30
0.0
 11
3.3706873617
 21
-4.2018552257
 31
0.0
  0
LINE
  5
424
330
1F
100
AcDbEntity
  8
0
  6
Continuous
 62
     7
370
    25
100
AcDbLine
 10
9.0841798907
 20
-1.2588787453
 30
0.0
 11
8.8534141028
 21
-1.8812312711
 31
0.0
  0
LINE
  5
425
330
1F
100
AcDbEntity
  8
0
  6
Continuous
 62
     7
370
    25
100
AcDbLine
 10
1.1584063371
 20
-2.194571221
 30
0.0
 11
1.1398205827
 21
-2.2409885641
 31
0.0
  0
LINE
  5
426
330
1F
100
AcDbEntity
  8
0
  6
Continuous
 62
     7
370
    25
100
AcDbLine
 10
4.0549179911
 20
-0.9472189788
 30
0.0
 11
3.446245628
 21
-2.1644419152
 31
0.0
  0
LINE
  5
427
330
1F
100
AcDbEntity
  8
0
  6
Continuous
 62
     7
370
    25
100
AcDbLine
 10
6.0027301008
 20
-0.9417649184
 30
0.0
 11
4.1710544127
 21
-0.8782003532
 31
0.0
  0
LINE
  5
428
330
1F
100
AcDbEntity
  8
0
  6
Continuous
 62
     7
370
    25
100
AcDbLine
 10
6.615643319
 20
-2.2288961937
 30
0.0
 11
6.2806646315
 21
-2.2399202051
 31
0.0
  0
LINE
  5
429
330
1F
100
AcDbEntity
  8
0
  6
Continuous
 62
     7
370
    25
100
AcDbLine
 10
6.6208282452
 20
-2.9638638094
 30
0.0
 11
6.9272831102
 21
-2.9998901752
 31
0.0
  0
LINE
  5
42A
330
1F
100
AcDbEntity
  8
0
  6
Continuous
 62
     7
370
    25
100
AcDbLine
 10
11.0313666077
 20
-2.0131732492
 30
0.0
 11
10.8369330464
 21
-2.4862026792
 31
0.0
  0
LINE
  5
42B
330
1F
100
AcDbEntity
  8
0
  6
Continuous
 62
     7
370
    25
100
AcDbLine
 10
3.5315054139
 20
-2.6006877363
 30
0.0
 11
6.1522055285
 21
-2.9087732386
 31
0.0
  0
LINE
  5
42C
330
1F
100
AcDbEntity
  8
0
  6
Continuous
 62
     7
370
    25
100
AcDbLine
 10
7.0950183688
 20
-2.2131201571
 30
0.0
 11
6.8711099043
 21
-2.2204888929
 31
0.0
  0
LINE
  5
42D
330
1F
100
AcDbEntity
  8
0
  6
Continuous
 62
     7
370
    25
100
AcDbLine
 10
6.8291245132
 20
-2.2948836492
 30
0.0
 11
6.9741148423
 21
-2.5539113428
 31
0.0
  0
LINE
  5
42E
330
1F
100
AcDbEntity
  8
0
  6
Continuous
 62
     7
370
    25
100
AcDbLine
 10
8.3066458556
 20
-2.9944375861
 30
0.0
 11
8.5924789846
 21
-2.9779932279
 31
0.0
  0
LINE
  5
42F
330
1F
100
AcDbEntity
  8
0
  6
Continuous
 62
     7
370
    25
100
AcDbLine
 10
8.5261816099
 20
-2.0807884038
 30
0.0
 11
8.2593107724
 21
-2.1028232315
 31
0.0
  0
LINE
  5
430
330
1F
100
AcDbEntity
  8
0
  6
Continuous
 62
     7
370
    25
100
AcDbLine
 10
5.8478862246
 20
-2.2541627653
 30
0.0
 11
3.5315054139
 21
-2.3303939092
 31
0.0
  0
LINE
  5
431
330
1F
100
AcDbEntity
  8
0
  6
Continuous
 62
     7
370
    25
100
AcDbLine
 10
9.9471246296
 20
-1.9634648513
 30
0.0
 11
9.7409068331
 21
-1.980491716
 31
0.0
  0
LINE
  5
432
330
1F
100
AcDbEntity
  8
0
  6
Continuous
 62
     7
370
    25
100
AcDbLine
 10
6.2487920675
 20
-2.7566356996
 30
0.0
 11
5.9801866304
 21
-2.3248494161
 31
0.0
  0
LINE
  5
433
330
1F
100
AcDbEntity
  8
0
  6
Continuous
 62
     7
370
    25
100
AcDbLine
 10
7.0262185176
 20
-2.8517304735
 30
0.0
 11
6.706192458
 21
-2.2799984649
 31
0.0
  0
LINE
  5
434
330
1F
100
AcDbEntity
  8
0
  6
Continuous
 62
     7
370
    25
100
AcDbLine
 10
6.1990427176
 20
-2.392687555
 30
0.0
 11
6.5109747771
 21
-2.8941218748
 31
0.0
  0
LINE
  5
435
330
1F
100
AcDbEntity
  8
0
  6
Continuous
 62
     7
370
    25
100
AcDbLine
 10
10.0268716797
 20
-1.7845198094
 30
0.0
 11
9.7275930634
 21
-1.2588787453
 31
0.0
  0
LINE
  5
436
330
1F
100
AcDbEntity
  8
0
  6
Continuous
 62
     7
370
    25
100
AcDbLine
 10
6.6955091072
 20
-2.0561774496
 30
0.0
 11
6.1074697914
 21
-1.005635192
 31
0.0
  0
LINE
  5
437
330
1F
100
AcDbEntity
  8
0
  6
Continuous
 62
     7
370
    25
100
AcDbLine
 10
10.1987325467
 20
-2.0863694039
 30
0.0
 11
10.5005719677
 21
-2.6165081636
 31
0.0
  0
LINE
  5
438
330
1F
100
AcDbEntity
  8
0
  6
Continuous
 62
     7
370
    25
100
AcDbLine
 10
10.3803425279
 20
-2.6074508691
 30
0.0
 11
10.0422550383
 21
-2.0136474428
 31
0.0
  0
LINE
  5
439
330
1F
100
AcDbEntity
  8
0
  6
Continuous
 62
     7
370
    25
100
AcDbLine
 10
10.6799650616
 20
-2.6050474759
 30
0.0
 11
10.9111163783
 21
-2.0426889262
 31
0.0
  0
LINE
  5
43A
330
1F
100
AcDbEntity
  8
0
  6
Continuous
 62
     7
370
    25
100
AcDbLine
 10
6.0539064353
 20
-0.665511505
 30
0.0
 11
6.641945751
 21
-1.7160537625
 31
0.0
  0
LINE
  5
43B
330
1F
100
AcDbEntity
  8
0
  6
Continuous
 62
     7
370
    25
100
AcDbLine
 10
3.6652356518
 20
-1.4628102093
 30
0.0
 11
3.8960014397
 21
-0.8404576835
 31
0.0
  0
LINE
  5
43C
330
1F
100
AcDbEntity
  8
0
  6
Continuous
 62
     7
370
    25
100
AcDbLine
 10
2.7225438627
 20
-0.9371691452
 30
0.0
 11
3.021822479
 21
-1.4628102093
 31
0.0
  0
LINE
  5
43D
330
1F
100
AcDbEntity
  8
0
  6
Continuous
 62
     7
370
    25
100
AcDbLine
 10
11.5910092054
 20
-0.5271177335
 30
0.0
 11
11.6095949597
 21
-0.4807003904
 31
0.0
  0
LINE
  5
43E
330
1F
100
AcDbEntity
  8
0
  6
Continuous
 62
     7
370
    25
100
AcDbLine
 10
8.6944975513
 20
-1.7744699758
 30
0.0
 11
9.3031699145
 21
-0.5572470393
 31
0.0
  0
LINE
  5
43F
330
1F
100
AcDbEntity
  8
0
  6
Continuous
 62
     7
370
    25
100
AcDbLine
 10
6.7466854416
 20
-1.7799240362
 30
0.0
 11
8.5783611297
 21
-1.8434886013
 31
0.0
  0
LINE
  5
440
330
1F
100
AcDbEntity
  8
0
  6
Continuous
 62
     7
370
    25
100
AcDbLine
 10
5.7231970249
 20
0.130041519
 30
0.0
 11
6.0432230845
 21
-0.4416904897
 31
0.0
  0
LINE
  5
441
330
1F
100
AcDbEntity
  8
0
  6
Continuous
 62
     7
370
    25
100
AcDbLine
 10
6.1337722234
 20
-0.4927927609
 30
0.0
 11
6.468750911
 21
-0.4817687495
 31
0.0
  0
LINE
  5
442
330
1F
100
AcDbEntity
  8
0
  6
Continuous
 62
     7
370
    25
100
AcDbLine
 10
6.5503728248
 20
-0.3290013996
 30
0.0
 11
6.2384407654
 21
0.1724329203
 31
0.0
  0
LINE
  5
443
330
1F
100
AcDbEntity
  8
0
  6
Continuous
 62
     7
370
    25
100
AcDbLine
 10
6.1285872973
 20
0.2421748548
 30
0.0
 11
5.8221324322
 21
0.2782012206
 31
0.0
  0
LINE
  5
444
330
1F
100
AcDbEntity
  8
0
  6
Continuous
 62
     7
370
    25
100
AcDbLine
 10
1.7180489347
 20
-0.7085157053
 30
0.0
 11
1.9124824961
 21
-0.2354862753
 31
0.0
  0
LINE
  5
445
330
1F
100
AcDbEntity
  8
0
  6
Continuous
 62
     7
370
    25
100
AcDbLine
 10
2.5506829958
 20
-0.6353195507
 30
0.0
 11
2.2488435747
 21
-0.105180791
 31
0.0
  0
LINE
  5
446
330
1F
100
AcDbEntity
  8
0
  6
Continuous
 62
     7
370
    25
100
AcDbLine
 10
2.0694504808
 20
-0.1166414787
 30
0.0
 11
1.8382991642
 21
-0.6790000284
 31
0.0
  0
LINE
  5
447
330
1F
100
AcDbEntity
  8
0
  6
Continuous
 62
     7
370
    25
100
AcDbLine
 10
2.3690730146
 20
-0.1142380854
 30
0.0
 11
2.7071605042
 21
-0.7080415118
 31
0.0
  0
LINE
  5
448
330
1F
100
AcDbEntity
  8
0
  6
Continuous
 62
     7
370
    25
100
AcDbLine
 10
5.6543971736
 20
-0.5085687975
 30
0.0
 11
5.8783056381
 21
-0.5012000616
 31
0.0
  0
LINE
  5
449
330
1F
100
AcDbEntity
  8
0
  6
Continuous
 62
     7
370
    25
100
AcDbLine
 10
5.9202910292
 20
-0.4268053053
 30
0.0
 11
5.7753007001
 21
-0.1677776118
 31
0.0
  0
LINE
  5
44A
330
1F
100
AcDbEntity
  8
0
  6
Continuous
 62
     7
370
    25
100
AcDbLine
 10
2.8022909129
 20
-0.7582241032
 30
0.0
 11
3.0085087094
 21
-0.7411972386
 31
0.0
  0
LINE
  5
44B
330
1F
100
AcDbEntity
  8
0
  6
Continuous
 62
     7
370
    25
100
AcDbLine
 10
9.2179101285
 20
-0.1210012183
 30
0.0
 11
6.5972100139
 21
0.1870842841
 31
0.0
  0
LINE
  5
44C
330
1F
100
AcDbEntity
  8
0
  6
Continuous
 62
     7
370
    25
100
AcDbLine
 10
6.500623475
 20
0.0349467451
 30
0.0
 11
6.769228912
 21
-0.3968395384
 31
0.0
  0
LINE
  5
44D
330
1F
100
AcDbEntity
  8
0
  6
Continuous
 62
     7
370
    25
100
AcDbLine
 10
6.9015293179
 20
-0.4675261893
 30
0.0
 11
9.2179101285
 21
-0.3912950454
 31
0.0
  0
LINE
  5
44E
330
1F
100
AcDbEntity
  8
0
  6
Continuous
 62
     7
370
    25
100
AcDbLine
 10
4.4427696869
 20
0.2727486316
 30
0.0
 11
4.1569365578
 21
0.2563042733
 31
0.0
  0
LINE
  5
44F
330
1F
100
AcDbEntity
  8
0
  6
Continuous
 62
     7
370
    25
100
AcDbLine
 10
4.2232339325
 20
-0.6409005508
 30
0.0
 11
4.4901047701
 21
-0.618865723
 31
0.0
  0
LINE
  5
450
330
1F
100
AcDbEntity
  8
0
  6
Continuous
 62
     7
370
    25
100
AcDbLine
 10
2.7648632091
 20
3.8786124337
 30
0.0
 11
2.8154966941
 21
3.0642158236
 31
0.0
  0
LINE
  5
451
330
1F
100
AcDbEntity
  8
0
  6
Continuous
 62
     7
370
    25
100
AcDbLine
 10
0.5508675058
 20
3.2296367251
 30
0.0
 11
0.5613200234
 21
3.0615168552
 31
0.0
  0
LINE
  5
452
330
1F
100
AcDbEntity
  8
0
  6
Continuous
 62
     7
370
    25
100
AcDbLine
 10
9.2887200101
 20
2.7024647411
 30
0.0
 11
9.4376022255
 21
3.1594035101
 31
0.0
  0
LINE
  5
453
330
1F
100
AcDbEntity
  8
0
  6
Continuous
 62
     7
370
    25
100
AcDbLine
 10
5.0763623366
 20
2.9593283608
 30
0.0
 11
4.9986135283
 21
4.2098519184
 31
0.0
  0
LINE
  5
454
330
1F
100
AcDbEntity
  8
0
  6
Continuous
 62
     7
370
    25
100
AcDbLine
 10
4.3026983807
 20
2.9823955687
 30
0.0
 11
4.2297627033
 21
4.1555040041
 31
0.0
  0
LINE
  5
455
330
1F
100
AcDbEntity
  8
0
  6
Continuous
 62
     7
370
    25
100
AcDbLine
 10
-1.1689003551
 20
2.6270548604
 30
0.0
 11
-1.1477244306
 21
2.587239402
 31
0.0
  0
LINE
  5
456
330
1F
100
AcDbEntity
  8
0
  6
Continuous
 62
     7
370
    25
100
AcDbLine
 10
8.9343501086
 20
2.7399414398
 30
0.0
 11
8.4649663941
 21
3.572256812
 31
0.0
  0
LINE
  5
457
330
1F
100
AcDbEntity
  8
0
  6
Continuous
 62
     7
370
    25
100
AcDbLine
 10
8.2780555524
 20
3.5169295027
 30
0.0
 11
8.3280885602
 21
2.7121905333
 31
0.0
  0
LINE
  5
458
330
1F
100
AcDbEntity
  8
0
  6
Continuous
 62
     7
370
    25
100
AcDbLine
 10
9.0303495495
 20
2.7732891741
 30
0.0
 11
8.5320759793
 21
3.6568322952
 31
0.0
  0
LINE
  5
459
330
1F
100
AcDbEntity
  8
0
  6
Continuous
 62
     7
370
    25
100
AcDbLine
 10
9.2125334204
 20
2.7914315961
 30
0.0
 11
9.3798636314
 21
3.3049896491
 31
0.0
  0
LINE
  5
45A
330
1F
100
AcDbEntity
  8
0
  6
Continuous
 62
     7
370
    25
100
AcDbLine
 10
4.3967745691
 20
2.8887652499
 30
0.0
 11
4.9700040158
 21
2.8533378531
 31
0.0
  0
LINE
  5
45B
330
1F
100
AcDbEntity
  8
0
  6
Continuous
 62
     7
370
    25
100
AcDbLine
 10
8.4210774531
 20
2.6186285712
 30
0.0
 11
8.841116811
 21
2.5910074907
 31
0.0
  0
LINE
  5
45C
330
1F
100
AcDbEntity
  8
0
  6
Continuous
 62
     7
370
    25
100
AcDbLine
 10
4.8938442541
 20
4.303523417
 30
0.0
 11
4.319781474
 21
4.2612290949
 31
0.0
  0
LINE
  5
45D
330
1F
100
AcDbEntity
  8
0
  6
Continuous
 62
     7
370
    25
100
AcDbLine
 10
7.4185678568
 20
1.3475982617
 30
0.0
 11
7.3679343717
 21
2.1619948719
 31
0.0
  0
LINE
  5
45E
330
1F
100
AcDbEntity
  8
0
  6
Continuous
 62
     7
370
    25
100
AcDbLine
 10
9.63256356
 20
1.9965739704
 30
0.0
 11
9.6221110424
 21
2.1646938402
 31
0.0
  0
LINE
  5
45F
330
1F
100
AcDbEntity
  8
0
  6
Continuous
 62
     7
370
    25
100
AcDbLine
 10
0.8947110558
 20
2.5237459543
 30
0.0
 11
0.7458288404
 21
2.0668071853
 31
0.0
  0
LINE
  5
460
330
1F
100
AcDbEntity
  8
0
  6
Continuous
 62
     7
370
    25
100
AcDbLine
 10
5.1070687292
 20
2.2668823346
 30
0.0
 11
5.1848175375
 21
1.016358777
 31
0.0
  0
LINE
  5
461
330
1F
100
AcDbEntity
  8
0
  6
Continuous
 62
     7
370
    25
100
AcDbLine
 10
5.2895868117
 20
0.9226872785
 30
0.0
 11
5.8636495918
 21
0.9649816006
 31
0.0
  0
LINE
  5
462
330
1F
100
AcDbEntity
  8
0
  6
Continuous
 62
     7
370
    25
100
AcDbLine
 10
5.8807326851
 20
2.2438151268
 30
0.0
 11
5.9536683625
 21
1.0707066914
 31
0.0
  0
LINE
  5
463
330
1F
100
AcDbEntity
  8
0
  6
Continuous
 62
     7
370
    25
100
AcDbLine
 10
5.7866564967
 20
2.3374454455
 30
0.0
 11
5.21342705
 21
2.3728728424
 31
0.0
  0
LINE
  5
464
330
1F
100
AcDbEntity
  8
0
  6
Continuous
 62
     7
370
    25
100
AcDbLine
 10
11.3523314209
 20
2.599155835
 30
0.0
 11
11.3311554964
 21
2.6389712935
 31
0.0
  0
LINE
  5
465
330
1F
100
AcDbEntity
  8
0
  6
Continuous
 62
     7
370
    25
100
AcDbLine
 10
1.2490809572
 20
2.4862692557
 30
0.0
 11
1.7184646717
 21
1.6539538835
 31
0.0
  0
LINE
  5
466
330
1F
100
AcDbEntity
  8
0
  6
Continuous
 62
     7
370
    25
100
AcDbLine
 10
1.9053755134
 20
1.7092811928
 30
0.0
 11
1.8553425056
 21
2.5140201622
 31
0.0
  0
LINE
  5
467
330
1F
100
AcDbEntity
  8
0
  6
Continuous
 62
     7
370
    25
100
AcDbLine
 10
1.7623536127
 20
2.6075821242
 30
0.0
 11
1.3423142548
 21
2.6352032048
 31
0.0
  0
LINE
  5
468
330
1F
100
AcDbEntity
  8
0
  6
Continuous
 62
     7
370
    25
100
AcDbLine
 10
1.1530815163
 20
2.4529215213
 30
0.0
 11
1.6513550865
 21
1.5693784003
 31
0.0
  0
LINE
  5
469
330
1F
100
AcDbEntity
  8
0
  6
Continuous
 62
     7
370
    25
100
AcDbLine
 10
0.9708976454
 20
2.4347790994
 30
0.0
 11
0.8035674344
 21
1.9212210464
 31
0.0
  0
LINE
  5
46A
330
1F
100
AcDbEntity
  8
0
  6
Continuous
 62
     7
370
    25
100
AcDbLine
 10
-4.9258048078
 20
2.7509599497
 30
0.0
 11
-4.9155891493
 21
2.3752903013
 31
0.0
  0
LINE
  5
46B
330
1F
100
AcDbEntity
  8
0
  6
Continuous
 62
     7
370
    25
100
AcDbLine
 10
-2.6229671787
 20
2.8134045213
 30
0.0
 11
-2.6213119374
 21
2.7525348357
 31
0.0
  0
LINE
  5
46C
330
1F
100
AcDbEntity
  8
0
  6
Continuous
 62
     7
370
    25
100
AcDbLine
 10
-0.3638350963
 20
3.1290921477
 30
0.0
 11
-0.3848246756
 21
3.1744731742
 31
0.0
  0
LINE
  5
46D
330
1F
100
AcDbEntity
  8
0
  6
Continuous
 62
     7
370
    25
100
AcDbLine
 10
-10.2824394343
 20
2.852120922
 30
0.0
 11
-10.2732681461
 21
2.5148568443
 31
0.0
  0
LINE
  5
46E
330
1F
100
AcDbEntity
  8
0
  6
Continuous
 62
     7
370
    25
100
AcDbLine
 10
-10.8950606058
 20
2.7709447834
 30
0.0
 11
-10.8952671184
 21
2.7711969603
 31
0.0
  0
LINE
  5
46F
330
1F
100
AcDbEntity
  8
0
  6
Continuous
 62
     7
370
    25
100
AcDbLine
 10
-1.7373848211
 20
3.9409229304
 30
0.0
 11
-1.7271691626
 21
3.5652532819
 31
0.0
  0
LINE
  5
470
330
1F
100
AcDbEntity
  8
0
  6
Continuous
 62
     7
370
    25
100
AcDbLine
 10
0.565452808
 20
4.003367502
 30
0.0
 11
0.5671080493
 21
3.9424978164
 31
0.0
  0
LINE
  5
471
330
1F
100
AcDbEntity
  8
0
  6
Continuous
 62
     7
370
    25
100
AcDbLine
 10
2.8245848903
 20
4.3190551283
 30
0.0
 11
2.8035953111
 21
4.3644361548
 31
0.0
  0
LINE
  5
472
330
1F
100
AcDbEntity
  8
0
  6
Continuous
 62
     7
370
    25
100
AcDbLine
 10
-7.0940194477
 20
4.0420839026
 30
0.0
 11
-7.0848481594
 21
3.7048198249
 31
0.0
  0
LINE
  5
473
330
1F
100
AcDbEntity
  8
0
  6
Continuous
 62
     7
370
    25
100
AcDbLine
 10
-7.7066406191
 20
3.960907764
 30
0.0
 11
-7.7068471317
 21
3.9611599409
 31
0.0
  0
ARC
  5
474
330
1F
100
AcDbEntity
  8
0
  6
Continuous
 62
     7
370
    25
100
AcDbCircle
 10
-9.9345635949
 20
-0.9415716154
 30
0.0
 40
0.1096583169580069
100
AcDbArc
 50
281.4784869968
 51
92.4131255974
  0
ARC
  5
475
330
1F
100
AcDbEntity
  8
0
  6
Continuous
 62
     7
370
    25
100
AcDbCircle
 10
-9.0439488337
 20
-0.7373098272
 30
0.0
 40
0.020000000000001
100
AcDbArc
 50
294.865187378
 51
102.1558916166
  0
ARC
  5
476
330
1F
100
AcDbEntity
  8
0
  6
Continuous
 62
     7
370
    25
100
AcDbCircle
 10
-10.6377848194
 20
-0.9610006447
 30
0.0
 40
0.123801478468572
100
AcDbArc
 50
90.9284584871
 51
260.0593269083
  0
ARC
  5
477
330
1F
100
AcDbEntity
  8
0
  6
Continuous
 62
     7
370
    25
100
AcDbCircle
 10
-9.4429096917
 20
-0.8521705048
 30
0.0
 40
0.0645179152575419
100
AcDbArc
 50
97.7385270169
 51
289.3397198356
  0
ARC
  5
478
330
1F
100
AcDbEntity
  8
0
  6
Continuous
 62
     7
370
    25
100
AcDbCircle
 10
-6.0127815457
 20
-3.7081532066
 30
0.0
 40
0.0645179152575405
100
AcDbArc
 50
277.7385270169
 51
109.3397198356
  0
ARC
  5
479
330
1F
100
AcDbEntity
  8
0
  6
Continuous
 62
     7
370
    25
100
AcDbCircle
 10
-4.817906418
 20
-3.5993230667
 30
0.0
 40
0.1238014784685762
100
AcDbArc
 50
270.9284584871
 51
80.0593269083
  0
ARC
  5
47A
330
1F
100
AcDbEntity
  8
0
  6
Continuous
 62
     7
370
    25
100
AcDbCircle
 10
-6.4117424037
 20
-3.8230138842
 30
0.0
 40
0.02
100
AcDbArc
 50
114.865187378
 51
282.1558916167
  0
ARC
  5
47B
330
1F
100
AcDbEntity
  8
0
  6
Continuous
 62
     7
370
    25
100
AcDbCircle
 10
-5.5211276424
 20
-3.618752096
 30
0.0
 40
0.1096583169580091
100
AcDbArc
 50
101.4784869968
 51
272.4131255975
  0
ARC
  5
47C
330
1F
100
AcDbEntity
  8
0
  6
Continuous
 62
     7
370
    25
100
AcDbCircle
 10
-3.9259542662
 20
-3.8395479368
 30
0.0
 40
0.0200000000000007
100
AcDbArc
 50
294.865187378
 51
102.1558916166
  0
ARC
  5
47D
330
1F
100
AcDbEntity
  8
0
  6
Continuous
 62
     7
370
    25
100
AcDbCircle
 10
-4.8165690274
 20
-4.0438097249
 30
0.0
 40
0.1096583169580074
100
AcDbArc
 50
281.4784869968
 51
92.4131255974
  0
ARC
  5
47E
330
1F
100
AcDbEntity
  8
0
  6
Continuous
 62
     7
370
    25
100
AcDbCircle
 10
-5.5197902519
 20
-4.0632387542
 30
0.0
 40
0.1238014784685719
100
AcDbArc
 50
90.9284584871
 51
260.0593269083
  0
ARC
  5
47F
330
1F
100
AcDbEntity
  8
0
  6
Continuous
 62
     7
370
    25
100
AcDbCircle
 10
-4.3249151242
 20
-3.9544086144
 30
0.0
 40
0.0645179152575424
100
AcDbArc
 50
97.7385270169
 51
289.3397198356
  0
ARC
  5
480
330
1F
100
AcDbEntity
  8
0
  6
Continuous
 62
     7
370
    25
100
AcDbCircle
 10
-9.6897891419
 20
1.2315105977
 30
0.0
 40
0.1238014784685718
100
AcDbArc
 50
90.9284584871
 51
260.0593269083
  0
ARC
  5
481
330
1F
100
AcDbEntity
  8
0
  6
Continuous
 62
     7
370
    25
100
AcDbCircle
 10
-8.0959531563
 20
1.4552014151
 30
0.0
 40
0.0200000000000006
100
AcDbArc
 50
294.865187378
 51
102.1558916166
  0
ARC
  5
482
330
1F
100
AcDbEntity
  8
0
  6
Continuous
 62
     7
370
    25
100
AcDbCircle
 10
-8.4949140143
 20
1.3403407376
 30
0.0
 40
0.0645179152575418
100
AcDbArc
 50
97.7385270169
 51
289.3397198356
  0
ARC
  5
483
330
1F
100
AcDbEntity
  8
0
  6
Continuous
 62
     7
370
    25
100
AcDbCircle
 10
-8.9865679175
 20
1.250939627
 30
0.0
 40
0.1096583169580069
100
AcDbArc
 50
281.4784869968
 51
92.4131255974
  0
ARC
  5
484
330
1F
100
AcDbEntity
  8
0
  6
Continuous
 62
     7
370
    25
100
AcDbCircle
 10
-9.4212700209
 20
-0.2748727058
 30
0.0
 40
0.1238014784685763
100
AcDbArc
 50
270.9284584871
 51
80.0593269083
  0
ARC
  5
485
330
1F
100
AcDbEntity
  8
0
  6
Continuous
 62
     7
370
    25
100
AcDbCircle
 10
-10.1244912453
 20
-0.2943017351
 30
0.0
 40
0.1096583169580091
100
AcDbArc
 50
101.4784869968
 51
272.4131255974
  0
ARC
  5
486
330
1F
100
AcDbEntity
  8
0
  6
Continuous
 62
     7
370
    25
100
AcDbCircle
 10
-10.6161451485
 20
-0.3837028456
 30
0.0
 40
0.0645179152575405
100
AcDbArc
 50
277.7385270169
 51
109.3397198356
  0
ARC
  5
487
330
1F
100
AcDbEntity
  8
0
  6
Continuous
 62
     7
370
    25
100
AcDbCircle
 10
-11.0151060066
 20
-0.4985635232
 30
0.0
 40
0.02
100
AcDbArc
 50
114.865187378
 51
282.1558916167
  0
ARC
  5
488
330
1F
100
AcDbEntity
  8
0
  6
Continuous
 62
     7
370
    25
100
AcDbCircle
 10
-10.9348676514
 20
1.4737433712
 30
0.0
 40
0.0200000000000002
100
AcDbArc
 50
114.865187378
 51
282.1558916167
  0
ARC
  5
489
330
1F
100
AcDbEntity
  8
0
  6
Continuous
 62
     7
370
    25
100
AcDbCircle
 10
-10.5359067933
 20
1.5886040488
 30
0.0
 40
0.0645179152575405
100
AcDbArc
 50
277.7385270169
 51
109.3397198356
  0
ARC
  5
48A
330
1F
100
AcDbEntity
  8
0
  6
Continuous
 62
     7
370
    25
100
AcDbCircle
 10
-10.0442528901
 20
1.6780051594
 30
0.0
 40
0.1096583169580088
100
AcDbArc
 50
101.4784869968
 51
272.4131255974
  0
ARC
  5
48B
330
1F
100
AcDbEntity
  8
0
  6
Continuous
 62
     7
370
    25
100
AcDbCircle
 10
-9.3410316657
 20
1.6974341887
 30
0.0
 40
0.1238014784685762
100
AcDbArc
 50
270.9284584871
 51
80.0593269083
  0
ARC
  5
48C
330
1F
100
AcDbEntity
  8
0
  6
Continuous
 62
     7
370
    25
100
AcDbCircle
 10
-10.1487917183
 20
3.9981517549
 30
0.0
 40
0.1070045166464826
100
AcDbArc
 50
102.7665154859
 51
272.5144676155
  0
ARC
  5
48D
330
1F
100
AcDbEntity
  8
0
  6
Continuous
 62
     7
370
    25
100
AcDbCircle
 10
-9.6745470241
 20
4.0411229743
 30
0.0
 40
0.1386385080950686
100
AcDbArc
 50
271.199432137
 51
93.7091378837
  0
ARC
  5
48E
330
1F
100
AcDbEntity
  8
0
  6
Continuous
 62
     7
370
    25
100
AcDbCircle
 10
-10.9797354337
 20
3.8330592106
 30
0.0
 40
0.0200000000000016
100
AcDbArc
 50
110.9800082072
 51
278.4089085046
  0
ARC
  5
48F
330
1F
100
AcDbEntity
  8
0
  6
Continuous
 62
     7
370
    25
100
AcDbCircle
 10
-10.592371768
 20
3.9234485805
 30
0.0
 40
0.0633623352552515
100
AcDbArc
 50
275.4248829282
 51
107.5305873583
  0
ARC
  5
490
330
1F
100
AcDbEntity
  8
0
  6
Continuous
 62
     7
370
    25
100
AcDbCircle
 10
-9.7359336548
 20
3.5204783674
 30
0.0
 40
0.1070045166464821
100
AcDbArc
 50
282.7665154859
 51
92.5144676155
  0
ARC
  5
491
330
1F
100
AcDbEntity
  8
0
  6
Continuous
 62
     7
370
    25
100
AcDbCircle
 10
-10.2101783489
 20
3.4775071481
 30
0.0
 40
0.1386385080950688
100
AcDbArc
 50
91.199432137
 51
273.7091378837
  0
ARC
  5
492
330
1F
100
AcDbEntity
  8
0
  6
Continuous
 62
     7
370
    25
100
AcDbCircle
 10
-8.9049899393
 20
3.6855709117
 30
0.0
 40
0.0200000000000033
100
AcDbArc
 50
290.9800082072
 51
98.4089085046
  0
ARC
  5
493
330
1F
100
AcDbEntity
  8
0
  6
Continuous
 62
     7
370
    25
100
AcDbCircle
 10
-9.292353605
 20
3.5951815418
 30
0.0
 40
0.0633623352552519
100
AcDbArc
 50
95.4248829282
 51
287.5305873583
  0
ARC
  5
494
330
1F
100
AcDbEntity
  8
0
  6
Continuous
 62
     7
370
    25
100
AcDbCircle
 10
-19.2986953305
 20
-4.1751565392
 30
0.0
 40
10.09086777782383
100
AcDbArc
 50
4.2759223603
 51
11.5608726031
  0
ARC
  5
495
330
1F
100
AcDbEntity
  8
0
  6
Continuous
 62
     7
370
    25
100
AcDbCircle
 10
-9.1498767688
 20
-2.0991249169
 30
0.0
 40
0.2681102362204746
100
AcDbArc
 50
11.560868279
 51
191.5608771632
  0
ARC
  5
496
330
1F
100
AcDbEntity
  8
0
  6
Continuous
 62
     7
370
    25
100
AcDbCircle
 10
-19.2986953305
 20
-4.1751565392
 30
0.0
 40
10.62708825026218
100
AcDbArc
 50
2.7719601195
 51
11.560872609
  0
ARC
  5
497
330
1F
100
AcDbEntity
  8
0
  6
Continuous
 62
     7
370
    25
100
AcDbCircle
 10
-8.5591878381
 20
-3.6551752295
 30
0.0
 40
0.1250000000001755
100
AcDbArc
 50
182.7719601196
 51
284.3330160679
  0
ARC
  5
498
330
1F
100
AcDbEntity
  8
0
  6
Continuous
 62
     7
370
    25
100
AcDbCircle
 10
-8.9597166148
 20
-3.5317712643
 30
0.0
 40
0.1181102362204798
100
AcDbArc
 50
183.5608758461
 51
3.5608695961
  0
ARC
  5
499
330
1F
100
AcDbEntity
  8
0
  6
Continuous
 62
     7
370
    25
100
AcDbCircle
 10
-19.2986953305
 20
-4.1751565392
 30
0.0
 40
10.47708825026458
100
AcDbArc
 50
3.5608726859
 51
11.5608726074
  0
ARC
  5
49A
330
1F
100
AcDbEntity
  8
0
  6
Continuous
 62
     7
370
    25
100
AcDbCircle
 10
-9.1498767688
 20
-2.0991249169
 30
0.0
 40
0.1181102362204758
100
AcDbArc
 50
11.5608626376
 51
191.5608828046
  0
ARC
  5
49B
330
1F
100
AcDbEntity
  8
0
  6
Continuous
 62
     7
370
    25
100
AcDbCircle
 10
-19.2986953305
 20
-4.1751565392
 30
0.0
 40
10.24086777782413
100
AcDbArc
 50
3.5608726851
 51
11.5608726048
  0
ARC
  5
49C
330
1F
100
AcDbEntity
  8
0
  6
Continuous
 62
     7
370
    25
100
AcDbCircle
 10
-10.443221279
 20
-4.1964487306
 30
0.0
 40
0.1386514630836648
100
AcDbArc
 50
91.1807118048
 51
273.6919436872
  0
ARC
  5
49D
330
1F
100
AcDbEntity
  8
0
  6
Continuous
 62
     7
370
    25
100
AcDbCircle
 10
-9.9689515434
 20
-4.1537240417
 30
0.0
 40
0.1072565709543531
100
AcDbArc
 50
282.7188501564
 51
92.5113472119
  0
ARC
  5
49E
330
1F
100
AcDbEntity
  8
0
  6
Continuous
 62
     7
370
    25
100
AcDbCircle
 10
-9.1498767512
 20
-2.0991249169
 30
0.0
 40
0.1181102362202921
100
AcDbArc
 50
89.9999999999
 51
191.5608828047
  0
ARC
  5
49F
330
1F
100
AcDbEntity
  8
0
  6
Continuous
 62
     7
370
    25
100
AcDbCircle
 10
-19.298695313
 20
-4.1751565392
 30
0.0
 40
10.24086777782437
100
AcDbArc
 50
3.5608726851
 51
11.5608726048
  0
ARC
  5
4A0
330
1F
100
AcDbEntity
  8
0
  6
Continuous
 62
     7
370
    25
100
AcDbCircle
 10
-19.298695313
 20
-4.1751565392
 30
0.0
 40
10.62708825026218
100
AcDbArc
 50
2.7719601195
 51
11.560872609
  0
ARC
  5
4A1
330
1F
100
AcDbEntity
  8
0
  6
Continuous
 62
     7
370
    25
100
AcDbCircle
 10
-9.1498767512
 20
-2.0991249169
 30
0.0
 40
0.2681102362205221
100
AcDbArc
 50
11.5608682791
 51
90.0
  0
ARC
  5
4A2
330
1F
100
AcDbEntity
  8
0
  6
Continuous
 62
     7
370
    25
100
AcDbCircle
 10
-8.9597165973
 20
-3.5317712643
 30
0.0
 40
0.1181102362204523
100
AcDbArc
 50
183.5608758461
 51
270.0
  0
ARC
  5
4A3
330
1F
100
AcDbEntity
  8
0
  6
Continuous
 62
     7
370
    25
100
AcDbCircle
 10
-8.5591878206
 20
-3.6551752295
 30
0.0
 40
0.1249999999997691
100
AcDbArc
 50
182.7719601194
 51
270.0000000002
  0
ARC
  5
4A4
330
1F
100
AcDbEntity
  8
0
  6
Continuous
 62
     7
370
    25
100
AcDbCircle
 10
-0.5069821414
 20
-1.5488200633
 30
0.0
 40
10.09086777782602
100
AcDbArc
 50
184.2759223603
 51
191.5608726031
  0
ARC
  5
4A5
330
1F
100
AcDbEntity
  8
0
  6
Continuous
 62
     7
370
    25
100
AcDbCircle
 10
-10.6558007032
 20
-3.6248516856
 30
0.0
 40
0.2681102362204745
100
AcDbArc
 50
191.560868279
 51
11.5608771632
  0
ARC
  5
4A6
330
1F
100
AcDbEntity
  8
0
  6
Continuous
 62
     7
370
    25
100
AcDbCircle
 10
-0.5069821414
 20
-1.5488200633
 30
0.0
 40
10.62708825026415
100
AcDbArc
 50
182.7719601195
 51
191.560872609
  0
ARC
  5
4A7
330
1F
100
AcDbEntity
  8
0
  6
Continuous
 62
     7
370
    25
100
AcDbCircle
 10
-11.2464896338
 20
-2.068801373
 30
0.0
 40
0.1250000000001759
100
AcDbArc
 50
2.7719601196
 51
104.3330160679
  0
ARC
  5
4A8
330
1F
100
AcDbEntity
  8
0
  6
Continuous
 62
     7
370
    25
100
AcDbCircle
 10
-10.8459608571
 20
-2.1922053383
 30
0.0
 40
0.118110236220478
100
AcDbArc
 50
3.5608758461
 51
183.5608695961
  0
ARC
  5
4A9
330
1F
100
AcDbEntity
  8
0
  6
Continuous
 62
     7
370
    25
100
AcDbCircle
 10
-0.5069821414
 20
-1.5488200633
 30
0.0
 40
10.47708825026717
100
AcDbArc
 50
183.5608726859
 51
191.5608726074
  0
ARC
  5
4AA
330
1F
100
AcDbEntity
  8
0
  6
Continuous
 62
     7
370
    25
100
AcDbCircle
 10
-10.6558007032
 20
-3.6248516856
 30
0.0
 40
0.1181102362204755
100
AcDbArc
 50
191.5608626376
 51
11.5608828046
  0
ARC
  5
4AB
330
1F
100
AcDbEntity
  8
0
  6
Continuous
 62
     7
370
    25
100
AcDbCircle
 10
-0.5069821414
 20
-1.5488200633
 30
0.0
 40
10.24086777782647
100
AcDbArc
 50
183.5608726851
 51
191.5608726048
  0
ARC
  5
4AC
330
1F
100
AcDbEntity
  8
0
  6
Continuous
 62
     7
370
    25
100
AcDbCircle
 10
-9.3624561929
 20
-1.527527872
 30
0.0
 40
0.138651463083665
100
AcDbArc
 50
271.1807118048
 51
93.6919436872
  0
ARC
  5
4AD
330
1F
100
AcDbEntity
  8
0
  6
Continuous
 62
     7
370
    25
100
AcDbCircle
 10
-9.8367259285
 20
-1.5702525608
 30
0.0
 40
0.107256570954352
100
AcDbArc
 50
102.7188501564
 51
272.5113472119
  0
ARC
  5
4AE
330
1F
100
AcDbEntity
  8
0
  6
Continuous
 62
     7
370
    25
100
AcDbCircle
 10
-10.8459608747
 20
-2.1922053383
 30
0.0
 40
0.1181102362204509
100
AcDbArc
 50
3.5608758461
 51
90.0
  0
ARC
  5
4AF
330
1F
100
AcDbEntity
  8
0
  6
Continuous
 62
     7
370
    25
100
AcDbCircle
 10
-10.6558007207
 20
-3.6248516856
 30
0.0
 40
0.2681102362205266
100
AcDbArc
 50
191.5608682791
 51
270.0
  0
ARC
  5
4B0
330
1F
100
AcDbEntity
  8
0
  6
Continuous
 62
     7
370
    25
100
AcDbCircle
 10
-0.506982159
 20
-1.5488200633
 30
0.0
 40
10.24086777782647
100
AcDbArc
 50
183.5608726851
 51
191.5608726048
  0
ARC
  5
4B1
330
1F
100
AcDbEntity
  8
0
  6
Continuous
 62
     7
370
    25
100
AcDbCircle
 10
-11.2464896514
 20
-2.068801373
 30
0.0
 40
0.1249999999997654
100
AcDbArc
 50
2.7719601194
 51
90.0000000002
  0
ARC
  5
4B2
330
1F
100
AcDbEntity
  8
0
  6
Continuous
 62
     7
370
    25
100
AcDbCircle
 10
-10.6558007207
 20
-3.6248516856
 30
0.0
 40
0.1181102362202904
100
AcDbArc
 50
269.9999999999
 51
11.5608828047
  0
ARC
  5
4B3
330
1F
100
AcDbEntity
  8
0
  6
Continuous
 62
     7
370
    25
100
AcDbCircle
 10
-0.506982159
 20
-1.5488200633
 30
0.0
 40
10.62708825026415
100
AcDbArc
 50
182.7719601195
 51
191.560872609
  0
ARC
  5
4B4
330
1F
100
AcDbEntity
  8
0
  6
Continuous
 62
     7
370
    25
100
AcDbCircle
 10
-6.8409113688
 20
1.2437061735
 30
0.0
 40
0.0499999999999979
100
AcDbArc
 50
344.9693889014
 51
110.4077181179
  0
ARC
  5
4B5
330
1F
100
AcDbEntity
  8
0
  6
Continuous
 62
     7
370
    25
100
AcDbCircle
 10
-2.7469187235
 20
-9.7601710445
 30
0.0
 40
11.79078743559443
100
AcDbArc
 50
110.4077181179
 51
116.2970623953
  0
ARC
  5
4B6
330
1F
100
AcDbEntity
  8
0
  6
Continuous
 62
     7
370
    25
100
AcDbCircle
 10
-7.9219824379
 20
0.7015870893
 30
0.0
 40
0.1191333468268543
100
AcDbArc
 50
114.0508987849
 51
273.5678176843
  0
ARC
  5
4B7
330
1F
100
AcDbEntity
  8
0
  6
Continuous
 62
     7
370
    25
100
AcDbCircle
 10
-5.3060911239
 20
-41.2528433544
 30
0.0
 40
41.91676941756664
100
AcDbArc
 50
92.4028994699
 51
93.5678176847
  0
ARC
  5
4B8
330
1F
100
AcDbEntity
  8
0
  6
Continuous
 62
     7
370
    25
100
AcDbCircle
 10
-7.0697915253
 20
0.7769371605
 30
0.0
 40
0.149999999999994
100
AcDbArc
 50
272.4028994699
 51
344.9693889014
  0
ARC
  5
4B9
330
1F
100
AcDbEntity
  8
0
  6
Continuous
 62
     7
370
    25
100
AcDbCircle
 10
-6.7569346066
 20
0.6888398324
 30
0.0
 40
0.0499999999999994
100
AcDbArc
 50
164.9693889053
 51
271.9811812273
  0
ARC
  5
4BA
330
1F
100
AcDbEntity
  8
0
  6
Continuous
 62
     7
370
    25
100
AcDbCircle
 10
-5.306091124
 20
-41.2528433538
 30
0.0
 40
41.91676941703147
100
AcDbArc
 50
90.7277219852
 51
91.9811812273
  0
ARC
  5
4BB
330
1F
100
AcDbEntity
  8
0
  6
Continuous
 62
     7
370
    25
100
AcDbCircle
 10
-5.8391028031
 20
0.7105410885
 30
0.0
 40
0.0500000000000019
100
AcDbArc
 50
270.7277219852
 51
53.3548856608
  0
ARC
  5
4BC
330
1F
100
AcDbEntity
  8
0
  6
Continuous
 62
     7
370
    25
100
AcDbCircle
 10
-6.5992648272
 20
1.2760164499
 30
0.0
 40
0.0500000000000012
100
AcDbArc
 50
53.3548856608
 51
164.9693889053
  0
ARC
  5
4BD
330
1F
100
AcDbEntity
  8
0
  6
Continuous
 62
     7
370
    25
100
AcDbCircle
 10
-5.464451258
 20
1.654562353
 30
0.0
 40
0.0500000000000012
100
AcDbArc
 50
357.0
 51
103.5185828479
  0
ARC
  5
4BE
330
1F
100
AcDbEntity
  8
0
  6
Continuous
 62
     7
370
    25
100
AcDbCircle
 10
-2.2253621565
 20
-11.8179636288
 30
0.0
 40
13.90643007907286
100
AcDbArc
 50
103.5185828479
 51
107.4788512947
  0
ARC
  5
4BF
330
1F
100
AcDbEntity
  8
0
  6
Continuous
 62
     7
370
    25
100
AcDbCircle
 10
-6.3871928678
 20
1.3986857071
 30
0.0
 40
0.0500000000000008
100
AcDbArc
 50
107.4788512947
 51
233.3548856608
  0
ARC
  5
4C0
330
1F
100
AcDbEntity
  8
0
  6
Continuous
 62
     7
370
    25
100
AcDbCircle
 10
-5.5119817412
 20
0.7476267058
 30
0.0
 40
0.0500000000000004
100
AcDbArc
 50
233.3548856608
 51
357.0
  0
ARC
  5
4C1
330
1F
100
AcDbEntity
  8
0
  6
Continuous
 62
     7
370
    25
100
AcDbCircle
 10
-1.9228490591
 20
1.2732569707
 30
0.0
 40
0.6049999999999588
100
AcDbArc
 50
117.3434231609
 51
174.427350043
  0
ARC
  5
4C2
330
1F
100
AcDbEntity
  8
0
  6
Continuous
 62
     7
370
    25
100
AcDbCircle
 10
-2.2696378375
 20
1.9439003507
 30
0.0
 40
0.1499999999999999
100
AcDbArc
 50
297.3434231609
 51
88.9534332213
  0
ARC
  5
4C3
330
1F
100
AcDbEntity
  8
0
  6
Continuous
 62
     7
370
    25
100
AcDbCircle
 10
-2.4347297243
 20
-7.0932834319
 30
0.0
 40
9.18869161166791
100
AcDbArc
 50
88.9534332213
 51
94.2698031635
  0
ARC
  5
4C4
330
1F
100
AcDbEntity
  8
0
  6
Continuous
 62
     7
370
    25
100
AcDbCircle
 10
-3.1151342456
 20
2.0200438453
 30
0.0
 40
0.0499999999999993
100
AcDbArc
 50
94.2698031635
 51
218.3431937413
  0
ARC
  5
4C5
330
1F
100
AcDbEntity
  8
0
  6
Continuous
 62
     7
370
    25
100
AcDbCircle
 10
-2.5747534424
 20
1.3368625918
 30
0.0
 40
0.0499999999999998
100
AcDbArc
 50
218.3431937413
 51
354.427350043
  0
ARC
  5
4C6
330
1F
100
AcDbEntity
  8
0
  6
Continuous
 62
     7
370
    25
100
AcDbCircle
 10
-1.6299574505
 20
2.0099805942
 30
0.0
 40
0.0499999999999996
100
AcDbArc
 50
84.7773432858
 51
219.6113307116
  0
ARC
  5
4C7
330
1F
100
AcDbEntity
  8
0
  6
Continuous
 62
     7
370
    25
100
AcDbCircle
 10
-0.5742070295
 20
0.7343112916
 30
0.0
 40
0.0500000000000003
100
AcDbArc
 50
219.6113307116
 51
357.0
  0
ARC
  5
4C8
330
1F
100
AcDbEntity
  8
0
  6
Continuous
 62
     7
370
    25
100
AcDbCircle
 10
-0.4249047569
 20
1.1947530363
 30
0.0
 40
0.1590551181102363
100
AcDbArc
 50
115.133960405
 51
238.866039595
  0
ARC
  5
4C9
330
1F
100
AcDbEntity
  8
0
  6
Continuous
 62
     7
370
    25
100
AcDbCircle
 10
-0.5143954601
 20
1.8755840233
 30
0.0
 40
0.0500000000000059
100
AcDbArc
 50
357.0
 51
81.4835315449
  0
ARC
  5
4CA
330
1F
100
AcDbEntity
  8
0
  6
Continuous
 62
     7
370
    25
100
AcDbCircle
 10
-3.4093578322
 20
-17.4570483026
 30
0.0
 40
19.59818354181923
100
AcDbArc
 50
81.4835315449
 51
84.7773432858
  0
ARC
  5
4CB
330
1F
100
AcDbEntity
  8
0
  6
Continuous
 62
     7
370
    25
100
AcDbCircle
 10
-5.0210966471
 20
0.7130350098
 30
0.0
 40
0.0500000000000074
100
AcDbArc
 50
128.1123107958
 51
269.6777124647
  0
ARC
  5
4CC
330
1F
100
AcDbEntity
  8
0
  6
Continuous
 62
     7
370
    25
100
AcDbCircle
 10
-5.3971131887
 20
-66.1338990958
 30
0.0
 40
66.79799165095034
100
AcDbArc
 50
88.44293119
 51
89.6777124646
  0
ARC
  5
4CD
330
1F
100
AcDbEntity
  8
0
  6
Continuous
 62
     7
370
    25
100
AcDbCircle
 10
-3.5806772798
 20
0.6894093253
 30
0.0
 40
0.0499999999999822
100
AcDbArc
 50
268.44293119
 51
357.0
  0
ARC
  5
4CE
330
1F
100
AcDbEntity
  8
0
  6
Continuous
 62
     7
370
    25
100
AcDbCircle
 10
-3.4207933612
 20
1.3517609051
 30
0.0
 40
0.1590551181102356
100
AcDbArc
 50
115.133960405
 51
238.866039595
  0
ARC
  5
4CF
330
1F
100
AcDbEntity
  8
0
  6
Continuous
 62
     7
370
    25
100
AcDbCircle
 10
-3.5176298856
 20
1.8924252736
 30
0.0
 40
0.0500000000000002
100
AcDbArc
 50
357.0
 51
128.1123107958
  0
ARC
  5
4D0
330
1F
100
AcDbEntity
  8
0
  6
Continuous
 62
     7
370
    25
100
AcDbCircle
 10
-5.1404865228
 20
1.6262978994
 30
0.0
 40
0.1499999999999992
100
AcDbArc
 50
102.308733403
 51
177.0
  0
ARC
  5
4D1
330
1F
100
AcDbEntity
  8
0
  6
Continuous
 62
     7
370
    25
100
AcDbCircle
 10
-5.2843203351
 20
0.7925175282
 30
0.0
 40
0.0500000000000022
100
AcDbArc
 50
177.0
 51
308.1123107958
  0
ARC
  5
4D2
330
1F
100
AcDbEntity
  8
0
  6
Continuous
 62
     7
370
    25
100
AcDbCircle
 10
-3.8043187809
 20
1.9535005761
 30
0.0
 40
0.0499999999999998
100
AcDbArc
 50
308.1123107958
 51
96.8830476768
  0
ARC
  5
4D3
330
1F
100
AcDbEntity
  8
0
  6
Continuous
 62
     7
370
    25
100
AcDbCircle
 10
-2.0613157525
 20
-12.4857194989
 30
0.0
 40
14.59404125173294
100
AcDbArc
 50
96.8830476768
 51
102.308733403
  0
ARC
  5
4D4
330
1F
100
AcDbEntity
  8
0
  6
Continuous
 62
     7
370
    25
100
AcDbCircle
 10
0.6753600544
 20
7.992059282
 30
0.0
 40
7.510792424182071
100
AcDbArc
 50
268.9792104201
 51
271.3157190707
  0
ARC
  5
4D5
330
1F
100
AcDbEntity
  8
0
  6
Continuous
 62
     7
370
    25
100
AcDbCircle
 10
0.7497120274
 20
4.754813957
 30
0.0
 40
4.272693366079098
100
AcDbArc
 50
271.3157190707
 51
277.7901836446
  0
ARC
  5
4D6
330
1F
100
AcDbEntity
  8
0
  6
Continuous
 62
     7
370
    25
100
AcDbCircle
 10
1.301337236
 20
0.7227141797
 30
0.0
 40
0.2030350285402575
100
AcDbArc
 50
277.7901836446
 51
33.2797179312
  0
ARC
  5
4D7
330
1F
100
AcDbEntity
  8
0
  6
Continuous
 62
     7
370
    25
100
AcDbCircle
 10
0.3210955393
 20
0.0793123399
 30
0.0
 40
1.375570619237197
100
AcDbArc
 50
33.2797179312
 51
53.8465907868
  0
ARC
  5
4D8
330
1F
100
AcDbEntity
  8
0
  6
Continuous
 62
     7
370
    25
100
AcDbCircle
 10
-1.5595617045
 20
-2.4946690197
 30
0.0
 40
4.563399301569476
100
AcDbArc
 50
53.8465907868
 51
57.3643931411
  0
ARC
  5
4D9
330
1F
100
AcDbEntity
  8
0
  6
Continuous
 62
     7
370
    25
100
AcDbCircle
 10
0.8205590683
 20
1.2219313761
 30
0.0
 40
0.1500000000000013
100
AcDbArc
 50
57.3643931411
 51
129.6113307116
  0
ARC
  5
4DA
330
1F
100
AcDbEntity
  8
0
  6
Continuous
 62
     7
370
    25
100
AcDbCircle
 10
-0.1346196634
 20
0.5612254474
 30
0.0
 40
0.049999999999999
100
AcDbArc
 50
129.6113307116
 51
266.1536942953
  0
ARC
  5
4DB
330
1F
100
AcDbEntity
  8
0
  6
Continuous
 62
     7
370
    25
100
AcDbCircle
 10
0.7872839062
 20
14.2735554324
 30
0.0
 40
13.79328562642681
100
AcDbArc
 50
266.1536942953
 51
268.9792104201
  0
ARC
  5
4DC
330
1F
100
AcDbEntity
  8
0
  6
Continuous
 62
     7
370
    25
100
AcDbCircle
 10
-3.3310554901
 20
0.682167174
 30
0.0
 40
0.0499999999999991
100
AcDbArc
 50
183.6981908685
 51
268.1977671914
  0
ARC
  5
4DD
330
1F
100
AcDbEntity
  8
0
  6
Continuous
 62
     7
370
    25
100
AcDbCircle
 10
-2.3185822944
 20
0.6503094271
 30
0.0
 40
0.0500000000000004
100
AcDbArc
 50
268.1977671914
 51
38.3431937413
  0
ARC
  5
4DE
330
1F
100
AcDbEntity
  8
0
  6
Continuous
 62
     7
370
    25
100
AcDbCircle
 10
-3.2781482912
 20
1.8798745751
 30
0.0
 40
0.0398102459850147
100
AcDbArc
 50
38.3431937413
 51
177.0
  0
ARC
  5
4DF
330
1F
100
AcDbEntity
  8
0
  6
Continuous
 62
     7
370
    25
100
AcDbCircle
 10
-3.4207933612
 20
1.3517609051
 30
0.0
 40
0.159055118110236
100
AcDbArc
 50
295.133960405
 51
58.866039595
  0
ARC
  5
4E0
330
1F
100
AcDbEntity
  8
0
  6
Continuous
 62
     7
370
    25
100
AcDbCircle
 10
-0.3259262528
 20
0.6949600762
 30
0.0
 40
0.0499999999999998
100
AcDbArc
 50
177.0
 51
309.6113307116
  0
ARC
  5
4E1
330
1F
100
AcDbEntity
  8
0
  6
Continuous
 62
     7
370
    25
100
AcDbCircle
 10
0.4297545419
 20
1.4501702174
 30
0.0
 40
0.1500000000000008
100
AcDbArc
 50
309.6113307116
 51
60.585248563
  0
ARC
  5
4E2
330
1F
100
AcDbEntity
  8
0
  6
Continuous
 62
     7
370
    25
100
AcDbCircle
 10
-0.6424010053
 20
-0.4514544163
 30
0.0
 40
2.333046899378263
100
AcDbArc
 50
60.585248563
 51
77.6677601726
  0
ARC
  5
4E3
330
1F
100
AcDbEntity
  8
0
  6
Continuous
 62
     7
370
    25
100
AcDbCircle
 10
-0.1761455704
 20
1.6812198754
 30
0.0
 40
0.1499999999999989
100
AcDbArc
 50
77.6677601726
 51
177.0
  0
ARC
  5
4E4
330
1F
100
AcDbEntity
  8
0
  6
Continuous
 62
     7
370
    25
100
AcDbCircle
 10
-0.4249047569
 20
1.1947530363
 30
0.0
 40
0.1590551181102364
100
AcDbArc
 50
295.133960405
 51
59.6967551274
  0
ARC
  5
4E5
330
1F
100
AcDbEntity
  8
0
  6
Continuous
 62
     7
370
    25
100
AcDbCircle
 10
-0.7560581843
 20
0.6011441771
 30
0.0
 40
0.0499999999999999
100
AcDbArc
 50
268.1977671914
 51
39.6113307116
  0
ARC
  5
4E6
330
1F
100
AcDbEntity
  8
0
  6
Continuous
 62
     7
370
    25
100
AcDbCircle
 10
-1.269859768
 20
1.2219735842
 30
0.0
 40
0.0500000000000003
100
AcDbArc
 50
39.6113307116
 51
175.5094168344
  0
ARC
  5
4E7
330
1F
100
AcDbEntity
  8
0
  6
Continuous
 62
     7
370
    25
100
AcDbCircle
 10
-1.9228490591
 20
1.2732569707
 30
0.0
 40
0.6049999999999605
100
AcDbArc
 50
313.0667408086
 51
355.5094168344
  0
ARC
  5
4E8
330
1F
100
AcDbEntity
  8
0
  6
Continuous
 62
     7
370
    25
100
AcDbCircle
 10
-1.4072974508
 20
0.7216850903
 30
0.0
 40
0.1500000000000005
100
AcDbArc
 50
133.0667408086
 51
268.1977671914
  0
ARC
  5
4E9
330
1F
100
AcDbEntity
  8
0
  6
Continuous
 62
     7
370
    25
100
AcDbCircle
 10
0.0700282215
 20
-2.2825281232
 30
0.0
 40
0.0499999999999975
100
AcDbArc
 50
165.9693889014
 51
291.4077181179
  0
ARC
  5
4EA
330
1F
100
AcDbEntity
  8
0
  6
Continuous
 62
     7
370
    25
100
AcDbCircle
 10
-4.2153850265
 20
8.6482231274
 30
0.0
 40
11.79078743559487
100
AcDbArc
 50
291.4077181179
 51
297.2970623953
  0
ARC
  5
4EB
330
1F
100
AcDbEntity
  8
0
  6
Continuous
 62
     7
370
    25
100
AcDbCircle
 10
1.1414733557
 20
-1.7216243147
 30
0.0
 40
0.1191333468268543
100
AcDbArc
 50
295.0508987849
 51
94.5678176843
  0
ARC
  5
4EC
330
1F
100
AcDbEntity
  8
0
  6
Continuous
 62
     7
370
    25
100
AcDbCircle
 10
-2.2062253173
 20
40.1807626677
 30
0.0
 40
41.91676941761651
100
AcDbArc
 50
273.4028994699
 51
274.5678176847
  0
ARC
  5
4ED
330
1F
100
AcDbEntity
  8
0
  6
Continuous
 62
     7
370
    25
100
AcDbCircle
 10
0.2907272759
 20
-1.8118356918
 30
0.0
 40
0.1499999999999923
100
AcDbArc
 50
93.4028994699
 51
165.9693889014
  0
ARC
  5
4EE
330
1F
100
AcDbEntity
  8
0
  6
Continuous
 62
     7
370
    25
100
AcDbCircle
 10
-0.0236195035
 20
-1.7292118875
 30
0.0
 40
0.0499999999999982
100
AcDbArc
 50
345.9693889053
 51
92.9811812273
  0
ARC
  5
4EF
330
1F
100
AcDbEntity
  8
0
  6
Continuous
 62
     7
370
    25
100
AcDbCircle
 10
-2.2062253173
 20
40.1807626669
 30
0.0
 40
41.9167694168928
100
AcDbArc
 50
271.7277219852
 51
272.9811812273
  0
ARC
  5
4F0
330
1F
100
AcDbEntity
  8
0
  6
Continuous
 62
     7
370
    25
100
AcDbCircle
 10
-0.9409327777
 20
-1.7669282121
 30
0.0
 40
0.0500000000000018
100
AcDbArc
 50
91.7277219852
 51
234.3548856608
  0
ARC
  5
4F1
330
1F
100
AcDbEntity
  8
0
  6
Continuous
 62
     7
370
    25
100
AcDbCircle
 10
-0.1710176241
 20
-2.3190507923
 30
0.0
 40
0.0500000000000006
100
AcDbArc
 50
234.3548856608
 51
345.9693889053
  0
ARC
  5
4F2
330
1F
100
AcDbEntity
  8
0
  6
Continuous
 62
     7
370
    25
100
AcDbCircle
 10
-1.2990518187
 20
-2.7173442686
 30
0.0
 40
0.0499999999999997
100
AcDbArc
 50
178.0
 51
284.5185828479
  0
ARC
  5
4F3
330
1F
100
AcDbEntity
  8
0
  6
Continuous
 62
     7
370
    25
100
AcDbCircle
 10
-4.7727755905
 20
10.6965998827
 30
0.0
 40
13.90643007907225
100
AcDbArc
 50
284.5185828479
 51
288.4788512947
  0
ARC
  5
4F4
330
1F
100
AcDbEntity
  8
0
  6
Continuous
 62
     7
370
    25
100
AcDbCircle
 10
-0.3809164101
 20
-2.4454025323
 30
0.0
 40
0.0499999999999999
100
AcDbArc
 50
288.4788512947
 51
54.3548856608
  0
ARC
  5
4F5
330
1F
100
AcDbEntity
  8
0
  6
Continuous
 62
     7
370
    25
100
AcDbCircle
 10
-1.2673567842
 20
-1.8097172308
 30
0.0
 40
0.0500000000000006
100
AcDbArc
 50
54.3548856608
 51
178.0
  0
ARC
  5
4F6
330
1F
100
AcDbEntity
  8
0
  6
Continuous
 62
     7
370
    25
100
AcDbCircle
 10
-4.846769311
 20
-2.397906442
 30
0.0
 40
0.6049999999999605
100
AcDbArc
 50
298.3434231609
 51
355.427350043
  0
ARC
  5
4F7
330
1F
100
AcDbEntity
  8
0
  6
Continuous
 62
     7
370
    25
100
AcDbCircle
 10
-4.4883290093
 20
-3.062395381
 30
0.0
 40
0.1499999999999998
100
AcDbArc
 50
118.3434231609
 51
269.9534332213
  0
ARC
  5
4F8
330
1F
100
AcDbEntity
  8
0
  6
Continuous
 62
     7
370
    25
100
AcDbCircle
 10
-4.4809828713
 20
5.9762932454
 30
0.0
 40
9.188691611668668
100
AcDbArc
 50
269.9534332213
 51
275.2698031635
  0
ARC
  5
4F9
330
1F
100
AcDbEntity
  8
0
  6
Continuous
 62
     7
370
    25
100
AcDbCircle
 10
-3.6416324872
 20
-3.1237713317
 30
0.0
 40
0.0499999999999997
100
AcDbArc
 50
275.2698031635
 51
39.3431937413
  0
ARC
  5
4FA
330
1F
100
AcDbEntity
  8
0
  6
Continuous
 62
     7
370
    25
100
AcDbCircle
 10
-4.1938541447
 20
-2.4501250754
 30
0.0
 40
0.0500000000000003
100
AcDbArc
 50
39.3431937413
 51
175.427350043
  0
ARC
  5
4FB
330
1F
100
AcDbEntity
  8
0
  6
Continuous
 62
     7
370
    25
100
AcDbCircle
 10
-5.1267587106
 20
-3.1396295223
 30
0.0
 40
0.0499999999999997
100
AcDbArc
 50
265.7773432858
 51
40.6113307116
  0
ARC
  5
4FC
330
1F
100
AcDbEntity
  8
0
  6
Continuous
 62
     7
370
    25
100
AcDbCircle
 10
-6.2046118349
 20
-1.8825798958
 30
0.0
 40
0.0500000000000006
100
AcDbArc
 50
40.6113307116
 51
178.0
  0
ARC
  5
4FD
330
1F
100
AcDbEntity
  8
0
  6
Continuous
 62
     7
370
    25
100
AcDbCircle
 10
-6.3458555515
 20
-2.3455571969
 30
0.0
 40
0.1590551181102364
100
AcDbArc
 50
296.133960405
 51
59.866039595
  0
ARC
  5
4FE
330
1F
100
AcDbEntity
  8
0
  6
Continuous
 62
     7
370
    25
100
AcDbCircle
 10
-6.2444963391
 20
-3.024722662
 30
0.0
 40
0.0500000000000072
100
AcDbArc
 50
178.0
 51
262.4835315449
  0
ARC
  5
4FF
330
1F
100
AcDbEntity
  8
0
  6
Continuous
 62
     7
370
    25
100
AcDbCircle
 10
-3.6873758407
 20
16.3554892704
 30
0.0
 40
19.5981835418206
100
AcDbArc
 50
262.4835315449
 51
265.7773432858
  0
ARC
  5
500
330
1F
100
AcDbEntity
  8
0
  6
Continuous
 62
     7
370
    25
100
AcDbCircle
 10
-1.7587708224
 20
-1.7836979295
 30
0.0
 40
0.0500000000000074
100
AcDbArc
 50
309.1123107958
 51
90.6777124647
  0
ARC
  5
501
330
1F
100
AcDbEntity
  8
0
  6
Continuous
 62
     7
370
    25
100
AcDbCircle
 10
-2.549451413
 20
65.0596174579
 30
0.0
 40
66.79799165100201
100
AcDbArc
 50
269.44293119
 51
270.6777124646
  0
ARC
  5
502
330
1F
100
AcDbEntity
  8
0
  6
Continuous
 62
     7
370
    25
100
AcDbCircle
 10
-3.1993831319
 20
-1.7852146275
 30
0.0
 40
0.0499999999999837
100
AcDbArc
 50
89.44293119
 51
178.0
  0
ARC
  5
503
330
1F
100
AcDbEntity
  8
0
  6
Continuous
 62
     7
370
    25
100
AcDbCircle
 10
-3.3476830705
 20
-2.450255687
 30
0.0
 40
0.1590551181102355
100
AcDbArc
 50
296.133960405
 51
59.866039595
  0
ARC
  5
504
330
1F
100
AcDbEntity
  8
0
  6
Continuous
 62
     7
370
    25
100
AcDbCircle
 10
-3.2414254005
 20
-2.9891476794
 30
0.0
 40
0.0500000000000003
100
AcDbArc
 50
178.0
 51
309.1123107958
  0
ARC
  5
505
330
1F
100
AcDbEntity
  8
0
  6
Continuous
 62
     7
370
    25
100
AcDbCircle
 10
-1.6234604952
 20
-2.694738084
 30
0.0
 40
0.1500000000000004
100
AcDbArc
 50
283.308733403
 51
358.0
  0
ARC
  5
506
330
1F
100
AcDbEntity
  8
0
  6
Continuous
 62
     7
370
    25
100
AcDbCircle
 10
-1.4942000635
 20
-1.8585744555
 30
0.0
 40
0.0500000000000004
100
AcDbArc
 50
358.0
 51
129.1123107958
  0
ARC
  5
507
330
1F
100
AcDbEntity
  8
0
  6
Continuous
 62
     7
370
    25
100
AcDbCircle
 10
-2.9537142582
 20
-3.0452102687
 30
0.0
 40
0.0499999999999994
100
AcDbArc
 50
129.1123107958
 51
277.8830476768
  0
ARC
  5
508
330
1F
100
AcDbEntity
  8
0
  6
Continuous
 62
     7
370
    25
100
AcDbCircle
 10
-4.9484509563
 20
11.3613910459
 30
0.0
 40
14.59404125173027
100
AcDbArc
 50
277.8830476768
 51
283.308733403
  0
ARC
  5
509
330
1F
100
AcDbEntity
  8
0
  6
Continuous
 62
     7
370
    25
100
AcDbCircle
 10
-7.3273234359
 20
-9.1610304486
 30
0.0
 40
7.510792424183539
100
AcDbArc
 50
89.9792104201
 51
92.3157190707
  0
ARC
  5
50A
330
1F
100
AcDbEntity
  8
0
  6
Continuous
 62
     7
370
    25
100
AcDbCircle
 10
-7.4581618059
 20
-5.9255757926
 30
0.0
 40
4.272693366079089
100
AcDbArc
 50
92.3157190707
 51
98.7901836446
  0
ARC
  5
50B
330
1F
100
AcDbEntity
  8
0
  6
Continuous
 62
     7
370
    25
100
AcDbCircle
 10
-8.0800728434
 20
-1.903717311
 30
0.0
 40
0.2030350285402578
100
AcDbArc
 50
98.7901836446
 51
214.2797179312
  0
ARC
  5
50C
330
1F
100
AcDbEntity
  8
0
  6
Continuous
 62
     7
370
    25
100
AcDbCircle
 10
-7.1112093527
 20
-1.2433058879
 30
0.0
 40
1.375570619237247
100
AcDbArc
 50
214.2797179312
 51
234.8465907868
  0
ARC
  5
50D
330
1F
100
AcDbEntity
  8
0
  6
Continuous
 62
     7
370
    25
100
AcDbCircle
 10
-5.275760711
 20
1.3631054365
 30
0.0
 40
4.563399301569672
100
AcDbArc
 50
234.8465907868
 51
238.3643931411
  0
ARC
  5
50E
330
1F
100
AcDbEntity
  8
0
  6
Continuous
 62
     7
370
    25
100
AcDbCircle
 10
-7.5906553592
 20
-2.3944677382
 30
0.0
 40
0.1500000000000036
100
AcDbArc
 50
238.3643931411
 51
310.6113307116
  0
ARC
  5
50F
330
1F
100
AcDbEntity
  8
0
  6
Continuous
 62
     7
370
    25
100
AcDbCircle
 10
-6.6471530142
 20
-1.7171922707
 30
0.0
 40
0.0499999999999979
100
AcDbArc
 50
310.6113307116
 51
87.1536942953
  0
ARC
  5
510
330
1F
100
AcDbEntity
  8
0
  6
Continuous
 62
     7
370
    25
100
AcDbCircle
 10
-7.3296030173
 20
-15.4435232373
 30
0.0
 40
13.79328562642202
100
AcDbArc
 50
87.1536942953
 51
89.9792104201
  0
ARC
  5
511
330
1F
100
AcDbEntity
  8
0
  6
Continuous
 62
     7
370
    25
100
AcDbCircle
 10
-3.449093296
 20
-1.7823300802
 30
0.0
 40
0.0500000000000001
100
AcDbArc
 50
4.6981908685
 51
89.1977671914
  0
ARC
  5
512
330
1F
100
AcDbEntity
  8
0
  6
Continuous
 62
     7
370
    25
100
AcDbCircle
 10
-4.4619682814
 20
-1.768147279
 30
0.0
 40
0.0500000000000003
100
AcDbArc
 50
89.1977671914
 51
219.3431937413
  0
ARC
  5
513
330
1F
100
AcDbEntity
  8
0
  6
Continuous
 62
     7
370
    25
100
AcDbCircle
 10
-3.4810895605
 20
-2.9807784225
 30
0.0
 40
0.0398102459850135
100
AcDbArc
 50
219.3431937413
 51
358.0
  0
ARC
  5
514
330
1F
100
AcDbEntity
  8
0
  6
Continuous
 62
     7
370
    25
100
AcDbCircle
 10
-3.3476830705
 20
-2.450255687
 30
0.0
 40
0.1590551181102371
100
AcDbArc
 50
116.133960405
 51
239.866039595
  0
ARC
  5
515
330
1F
100
AcDbEntity
  8
0
  6
Continuous
 62
     7
370
    25
100
AcDbCircle
 10
-6.4535415706
 20
-1.8475677708
 30
0.0
 40
0.0500000000000003
100
AcDbArc
 50
358.0
 51
130.6113307116
  0
ARC
  5
516
330
1F
100
AcDbEntity
  8
0
  6
Continuous
 62
     7
370
    25
100
AcDbCircle
 10
-7.1959270371
 20
-2.6158513382
 30
0.0
 40
0.1499999999999996
100
AcDbArc
 50
130.6113307116
 51
241.585248563
  0
ARC
  5
517
330
1F
100
AcDbEntity
  8
0
  6
Continuous
 62
     7
370
    25
100
AcDbCircle
 10
-6.1571227104
 20
-0.6958046368
 30
0.0
 40
2.333046899378325
100
AcDbArc
 50
241.585248563
 51
258.6677601726
  0
ARC
  5
518
330
1F
100
AcDbEntity
  8
0
  6
Continuous
 62
     7
370
    25
100
AcDbCircle
 10
-6.5860868338
 20
-2.8362913911
 30
0.0
 40
0.1500000000000009
100
AcDbArc
 50
258.6677601726
 51
358.0
  0
ARC
  5
519
330
1F
100
AcDbEntity
  8
0
  6
Continuous
 62
     7
370
    25
100
AcDbCircle
 10
-6.3458555515
 20
-2.3455571969
 30
0.0
 40
0.1590551181102369
100
AcDbArc
 50
116.133960405
 51
240.6967551274
  0
ARC
  5
51A
330
1F
100
AcDbEntity
  8
0
  6
Continuous
 62
     7
370
    25
100
AcDbCircle
 10
-6.0251124635
 20
-1.746259323
 30
0.0
 40
0.0499999999999999
100
AcDbArc
 50
89.1977671914
 51
220.6113307116
  0
ARC
  5
51B
330
1F
100
AcDbEntity
  8
0
  6
Continuous
 62
     7
370
    25
100
AcDbCircle
 10
-5.5005541671
 20
-2.3580271007
 30
0.0
 40
0.0500000000000001
100
AcDbArc
 50
220.6113307116
 51
356.5094168344
  0
ARC
  5
51C
330
1F
100
AcDbEntity
  8
0
  6
Continuous
 62
     7
370
    25
100
AcDbCircle
 10
-4.846769311
 20
-2.397906442
 30
0.0
 40
0.604999999999959
100
AcDbArc
 50
134.0667408086
 51
176.5094168344
  0
ARC
  5
51D
330
1F
100
AcDbEntity
  8
0
  6
Continuous
 62
     7
370
    25
100
AcDbCircle
 10
-5.3718686549
 20
-1.8554161849
 30
0.0
 40
0.1500000000000009
100
AcDbArc
 50
314.0667408086
 51
89.1977671914
  0
ARC
  5
51E
330
1F
100
AcDbEntity
  8
0
  6
Continuous
 62
     7
370
    25
100
AcDbCircle
 10
0.0058599377
 20
-0.5175558739
 30
0.0
 40
0.0499999999999978
100
AcDbArc
 50
164.9693889014
 51
290.4077181179
  0
ARC
  5
51F
330
1F
100
AcDbEntity
  8
0
  6
Continuous
 62
     7
370
    25
100
AcDbCircle
 10
-4.0881327076
 20
10.486321344
 30
0.0
 40
11.79078743559435
100
AcDbArc
 50
290.4077181179
 51
296.2970623953
  0
ARC
  5
520
330
1F
100
AcDbEntity
  8
0
  6
Continuous
 62
     7
370
    25
100
AcDbCircle
 10
1.0869310068
 20
0.0245632103
 30
0.0
 40
0.119133346826854
100
AcDbArc
 50
294.0508987849
 51
93.5678176843
  0
ARC
  5
521
330
1F
100
AcDbEntity
  8
0
  6
Continuous
 62
     7
370
    25
100
AcDbCircle
 10
-1.5289603072
 20
41.978993654
 30
0.0
 40
41.91676941763909
100
AcDbArc
 50
272.4028994699
 51
273.5678176847
  0
ARC
  5
522
330
1F
100
AcDbEntity
  8
0
  6
Continuous
 62
     7
370
    25
100
AcDbCircle
 10
0.2347400942
 20
-0.0507868609
 30
0.0
 40
0.149999999999994
100
AcDbArc
 50
92.4028994699
 51
164.9693889014
  0
ARC
  5
523
330
1F
100
AcDbEntity
  8
0
  6
Continuous
 62
     7
370
    25
100
AcDbCircle
 10
-0.0781168245
 20
0.0373104672
 30
0.0
 40
0.0499999999999984
100
AcDbArc
 50
344.9693889053
 51
91.9811812273
  0
ARC
  5
524
330
1F
100
AcDbEntity
  8
0
  6
Continuous
 62
     7
370
    25
100
AcDbCircle
 10
-1.5289603071
 20
41.9789936533
 30
0.0
 40
41.91676941697711
100
AcDbArc
 50
270.7277219852
 51
271.9811812273
  0
ARC
  5
525
330
1F
100
AcDbEntity
  8
0
  6
Continuous
 62
     7
370
    25
100
AcDbCircle
 10
-0.9959486281
 20
0.0156092111
 30
0.0
 40
0.0500000000000016
100
AcDbArc
 50
90.7277219852
 51
233.3548856608
  0
ARC
  5
526
330
1F
100
AcDbEntity
  8
0
  6
Continuous
 62
     7
370
    25
100
AcDbCircle
 10
-0.2357866039
 20
-0.5498661504
 30
0.0
 40
0.0500000000000002
100
AcDbArc
 50
233.3548856608
 51
344.9693889053
  0
ARC
  5
527
330
1F
100
AcDbEntity
  8
0
  6
Continuous
 62
     7
370
    25
100
AcDbCircle
 10
-1.3706001732
 20
-0.9284120534
 30
0.0
 40
0.0499999999999996
100
AcDbArc
 50
177.0
 51
283.5185828479
  0
ARC
  5
528
330
1F
100
AcDbEntity
  8
0
  6
Continuous
 62
     7
370
    25
100
AcDbCircle
 10
-4.6096892747
 20
12.5441139283
 30
0.0
 40
13.90643007907502
100
AcDbArc
 50
283.5185828479
 51
287.4788512947
  0
ARC
  5
529
330
1F
100
AcDbEntity
  8
0
  6
Continuous
 62
     7
370
    25
100
AcDbCircle
 10
-0.4478585633
 20
-0.6725354075
 30
0.0
 40
0.0499999999999996
100
AcDbArc
 50
287.4788512947
 51
53.3548856608
  0
ARC
  5
52A
330
1F
100
AcDbEntity
  8
0
  6
Continuous
 62
     7
370
    25
100
AcDbCircle
 10
-1.3230696899
 20
-0.0214764063
 30
0.0
 40
0.0500000000000015
100
AcDbArc
 50
53.3548856608
 51
177.0
  0
ARC
  5
52B
330
1F
100
AcDbEntity
  8
0
  6
Continuous
 62
     7
370
    25
100
AcDbCircle
 10
-4.9122023721
 20
-0.5471066711
 30
0.0
 40
0.6049999999999556
100
AcDbArc
 50
297.3434231609
 51
354.427350043
  0
ARC
  5
52C
330
1F
100
AcDbEntity
  8
0
  6
Continuous
 62
     7
370
    25
100
AcDbCircle
 10
-4.5654135936
 20
-1.2177500511
 30
0.0
 40
0.15
100
AcDbArc
 50
117.3434231609
 51
268.9534332213
  0
ARC
  5
52D
330
1F
100
AcDbEntity
  8
0
  6
Continuous
 62
     7
370
    25
100
AcDbCircle
 10
-4.4003217068
 20
7.8194337314
 30
0.0
 40
9.188691611667611
100
AcDbArc
 50
268.9534332213
 51
274.2698031635
  0
ARC
  5
52E
330
1F
100
AcDbEntity
  8
0
  6
Continuous
 62
     7
370
    25
100
AcDbCircle
 10
-3.7199171856
 20
-1.2938935457
 30
0.0
 40
0.0499999999999997
100
AcDbArc
 50
274.2698031635
 51
38.3431937413
  0
ARC
  5
52F
330
1F
100
AcDbEntity
  8
0
  6
Continuous
 62
     7
370
    25
100
AcDbCircle
 10
-4.2602979888
 20
-0.6107122923
 30
0.0
 40
0.0500000000000014
100
AcDbArc
 50
38.3431937413
 51
174.427350043
  0
ARC
  5
530
330
1F
100
AcDbEntity
  8
0
  6
Continuous
 62
     7
370
    25
100
AcDbCircle
 10
-5.2050939806
 20
-1.2838302946
 30
0.0
 40
0.0499999999999988
100
AcDbArc
 50
264.7773432858
 51
39.6113307116
  0
ARC
  5
531
330
1F
100
AcDbEntity
  8
0
  6
Continuous
 62
     7
370
    25
100
AcDbCircle
 10
-6.2608444016
 20
-0.0081609921
 30
0.0
 40
0.0500000000000007
100
AcDbArc
 50
39.6113307116
 51
177.0
  0
ARC
  5
532
330
1F
100
AcDbEntity
  8
0
  6
Continuous
 62
     7
370
    25
100
AcDbCircle
 10
-6.4101466742
 20
-0.4686027368
 30
0.0
 40
0.1590551181102358
100
AcDbArc
 50
295.133960405
 51
58.866039595
  0
ARC
  5
533
330
1F
100
AcDbEntity
  8
0
  6
Continuous
 62
     7
370
    25
100
AcDbCircle
 10
-6.320655971
 20
-1.1494337238
 30
0.0
 40
0.050000000000009
100
AcDbArc
 50
177.0
 51
261.4835315449
  0
ARC
  5
534
330
1F
100
AcDbEntity
  8
0
  6
Continuous
 62
     7
370
    25
100
AcDbCircle
 10
-3.4256935989
 20
18.1831986021
 30
0.0
 40
19.59818354182085
100
AcDbArc
 50
261.4835315449
 51
264.7773432858
  0
ARC
  5
535
330
1F
100
AcDbEntity
  8
0
  6
Continuous
 62
     7
370
    25
100
AcDbCircle
 10
-1.813954784
 20
0.0131152898
 30
0.0
 40
0.0500000000000079
100
AcDbArc
 50
308.1123107958
 51
89.6777124647
  0
ARC
  5
536
330
1F
100
AcDbEntity
  8
0
  6
Continuous
 62
     7
370
    25
100
AcDbCircle
 10
-1.4379382424
 20
66.8600493954
 30
0.0
 40
66.79799165093036
100
AcDbArc
 50
268.44293119
 51
269.6777124646
  0
ARC
  5
537
330
1F
100
AcDbEntity
  8
0
  6
Continuous
 62
     7
370
    25
100
AcDbCircle
 10
-3.2543741513
 20
0.0367409742
 30
0.0
 40
0.0499999999999812
100
AcDbArc
 50
88.44293119
 51
177.0
  0
ARC
  5
538
330
1F
100
AcDbEntity
  8
0
  6
Continuous
 62
     7
370
    25
100
AcDbCircle
 10
-3.4142580699
 20
-0.6256106055
 30
0.0
 40
0.1590551181102361
100
AcDbArc
 50
295.133960405
 51
58.866039595
  0
ARC
  5
539
330
1F
100
AcDbEntity
  8
0
  6
Continuous
 62
     7
370
    25
100
AcDbCircle
 10
-3.3174215456
 20
-1.166274974
 30
0.0
 40
0.0500000000000005
100
AcDbArc
 50
177.0
 51
308.1123107958
  0
ARC
  5
53A
330
1F
100
AcDbEntity
  8
0
  6
Continuous
 62
     7
370
    25
100
AcDbCircle
 10
-1.6945649083
 20
-0.9001475998
 30
0.0
 40
0.1499999999999978
100
AcDbArc
 50
282.308733403
 51
357.0
  0
ARC
  5
53B
330
1F
100
AcDbEntity
  8
0
  6
Continuous
 62
     7
370
    25
100
AcDbCircle
 10
-1.5507310961
 20
-0.0663672286
 30
0.0
 40
0.0500000000000003
100
AcDbArc
 50
357.0
 51
128.1123107958
  0
ARC
  5
53C
330
1F
100
AcDbEntity
  8
0
  6
Continuous
 62
     7
370
    25
100
AcDbCircle
 10
-3.0307326502
 20
-1.2273502766
 30
0.0
 40
0.0499999999999996
100
AcDbArc
 50
128.1123107958
 51
276.8830476768
  0
ARC
  5
53D
330
1F
100
AcDbEntity
  8
0
  6
Continuous
 62
     7
370
    25
100
AcDbCircle
 10
-4.7737356787
 20
13.2118697985
 30
0.0
 40
14.59404125173185
100
AcDbArc
 50
276.8830476768
 51
282.308733403
  0
ARC
  5
53E
330
1F
100
AcDbEntity
  8
0
  6
Continuous
 62
     7
370
    25
100
AcDbCircle
 10
-7.5104114855
 20
-7.2659089824
 30
0.0
 40
7.510792424178923
100
AcDbArc
 50
88.9792104201
 51
91.3157190707
  0
ARC
  5
53F
330
1F
100
AcDbEntity
  8
0
  6
Continuous
 62
     7
370
    25
100
AcDbCircle
 10
-7.5847634586
 20
-4.0286636574
 30
0.0
 40
4.272693366079102
100
AcDbArc
 50
91.3157190707
 51
97.7901836446
  0
ARC
  5
540
330
1F
100
AcDbEntity
  8
0
  6
Continuous
 62
     7
370
    25
100
AcDbCircle
 10
-8.1363886671
 20
0.0034361198
 30
0.0
 40
0.2030350285402562
100
AcDbArc
 50
97.7901836446
 51
213.2797179312
  0
ARC
  5
541
330
1F
100
AcDbEntity
  8
0
  6
Continuous
 62
     7
370
    25
100
AcDbCircle
 10
-7.1561469704
 20
0.6468379597
 30
0.0
 40
1.375570619237164
100
AcDbArc
 50
213.2797179312
 51
233.8465907868
  0
ARC
  5
542
330
1F
100
AcDbEntity
  8
0
  6
Continuous
 62
     7
370
    25
100
AcDbCircle
 10
-5.2754897267
 20
3.2208193193
 30
0.0
 40
4.563399301570294
100
AcDbArc
 50
233.8465907868
 51
237.3643931411
  0
ARC
  5
543
330
1F
100
AcDbEntity
  8
0
  6
Continuous
 62
     7
370
    25
100
AcDbCircle
 10
-7.6556104994
 20
-0.4957810766
 30
0.0
 40
0.1500000000000009
100
AcDbArc
 50
237.3643931411
 51
309.6113307116
  0
ARC
  5
544
330
1F
100
AcDbEntity
  8
0
  6
Continuous
 62
     7
370
    25
100
AcDbCircle
 10
-6.7004317677
 20
0.1649248522
 30
0.0
 40
0.0499999999999989
100
AcDbArc
 50
309.6113307116
 51
86.1536942953
  0
ARC
  5
545
330
1F
100
AcDbEntity
  8
0
  6
Continuous
 62
     7
370
    25
100
AcDbCircle
 10
-7.6223353373
 20
-13.5474051328
 30
0.0
 40
13.79328562642428
100
AcDbArc
 50
86.1536942953
 51
88.9792104201
  0
ARC
  5
546
330
1F
100
AcDbEntity
  8
0
  6
Continuous
 62
     7
370
    25
100
AcDbCircle
 10
-3.503995941
 20
0.0439831255
 30
0.0
 40
0.05
100
AcDbArc
 50
3.6981908685
 51
88.1977671914
  0
ARC
  5
547
330
1F
100
AcDbEntity
  8
0
  6
Continuous
 62
     7
370
    25
100
AcDbCircle
 10
-4.5164691367
 20
0.0758408725
 30
0.0
 40
0.050000000000001
100
AcDbArc
 50
88.1977671914
 51
218.3431937413
  0
ARC
  5
548
330
1F
100
AcDbEntity
  8
0
  6
Continuous
 62
     7
370
    25
100
AcDbCircle
 10
-3.5569031399
 20
-1.1537242755
 30
0.0
 40
0.0398102459850145
100
AcDbArc
 50
218.3431937413
 51
357.0
  0
ARC
  5
549
330
1F
100
AcDbEntity
  8
0
  6
Continuous
 62
     7
370
    25
100
AcDbCircle
 10
-3.4142580699
 20
-0.6256106055
 30
0.0
 40
0.1590551181102363
100
AcDbArc
 50
115.133960405
 51
238.866039595
  0
ARC
  5
54A
330
1F
100
AcDbEntity
  8
0
  6
Continuous
 62
     7
370
    25
100
AcDbCircle
 10
-6.5091251783
 20
0.0311902233
 30
0.0
 40
0.0500000000000006
100
AcDbArc
 50
357.0
 51
129.6113307116
  0
ARC
  5
54B
330
1F
100
AcDbEntity
  8
0
  6
Continuous
 62
     7
370
    25
100
AcDbCircle
 10
-7.264805973
 20
-0.7240199179
 30
0.0
 40
0.1499999999999995
100
AcDbArc
 50
129.6113307116
 51
240.585248563
  0
ARC
  5
54C
330
1F
100
AcDbEntity
  8
0
  6
Continuous
 62
     7
370
    25
100
AcDbCircle
 10
-6.1926504258
 20
1.1776047158
 30
0.0
 40
2.333046899378303
100
AcDbArc
 50
240.585248563
 51
257.6677601726
  0
ARC
  5
54D
330
1F
100
AcDbEntity
  8
0
  6
Continuous
 62
     7
370
    25
100
AcDbCircle
 10
-6.6589058607
 20
-0.9550695758
 30
0.0
 40
0.1500000000000008
100
AcDbArc
 50
257.6677601726
 51
357.0
  0
ARC
  5
54E
330
1F
100
AcDbEntity
  8
0
  6
Continuous
 62
     7
370
    25
100
AcDbCircle
 10
-6.4101466742
 20
-0.4686027368
 30
0.0
 40
0.1590551181102378
100
AcDbArc
 50
115.133960405
 51
239.6967551274
  0
ARC
  5
54F
330
1F
100
AcDbEntity
  8
0
  6
Continuous
 62
     7
370
    25
100
AcDbCircle
 10
-6.0789932468
 20
0.1250061224
 30
0.0
 40
0.0499999999999994
100
AcDbArc
 50
88.1977671914
 51
219.6113307116
  0
ARC
  5
550
330
1F
100
AcDbEntity
  8
0
  6
Continuous
 62
     7
370
    25
100
AcDbCircle
 10
-5.5651916631
 20
-0.4958232846
 30
0.0
 40
0.050000000000001
100
AcDbArc
 50
219.6113307116
 51
355.5094168344
  0
ARC
  5
551
330
1F
100
AcDbEntity
  8
0
  6
Continuous
 62
     7
370
    25
100
AcDbCircle
 10
-4.9122023721
 20
-0.5471066711
 30
0.0
 40
0.6049999999999591
100
AcDbArc
 50
133.0667408086
 51
175.5094168344
  0
ARC
  5
552
330
1F
100
AcDbEntity
  8
0
  6
Continuous
 62
     7
370
    25
100
AcDbCircle
 10
-5.4277539803
 20
0.0044652093
 30
0.0
 40
0.1499999999999997
100
AcDbArc
 50
313.0667408086
 51
88.1977671914
  0
ARC
  5
553
330
1F
100
AcDbEntity
  8
0
  6
Continuous
 62
     7
370
    25
100
AcDbCircle
 10
-2.7624104531
 20
-3.6981326434
 30
0.0
 40
0.0499999999999979
100
AcDbArc
 50
345.9693889014
 51
111.4077181179
  0
ARC
  5
554
330
1F
100
AcDbEntity
  8
0
  6
Continuous
 62
     7
370
    25
100
AcDbCircle
 10
1.5230027948
 20
-14.628883894
 30
0.0
 40
11.79078743559373
100
AcDbArc
 50
111.4077181179
 51
117.2970623953
  0
ARC
  5
555
330
1F
100
AcDbEntity
  8
0
  6
Continuous
 62
     7
370
    25
100
AcDbCircle
 10
-3.8338555873
 20
-4.2590364519
 30
0.0
 40
0.1191333468268544
100
AcDbArc
 50
115.0508987849
 51
274.5678176843
  0
ARC
  5
556
330
1F
100
AcDbEntity
  8
0
  6
Continuous
 62
     7
370
    25
100
AcDbCircle
 10
-0.4861569143
 20
-46.1614234343
 30
0.0
 40
41.91676941762212
100
AcDbArc
 50
93.4028994699
 51
94.5678176847
  0
ARC
  5
557
330
1F
100
AcDbEntity
  8
0
  6
Continuous
 62
     7
370
    25
100
AcDbCircle
 10
-2.9831095076
 20
-4.1688250748
 30
0.0
 40
0.1499999999999935
100
AcDbArc
 50
273.4028994699
 51
345.9693889014
  0
ARC
  5
558
330
1F
100
AcDbEntity
  8
0
  6
Continuous
 62
     7
370
    25
100
AcDbCircle
 10
-2.6687627281
 20
-4.2514488791
 30
0.0
 40
0.0499999999999983
100
AcDbArc
 50
165.9693889053
 51
272.9811812273
  0
ARC
  5
559
330
1F
100
AcDbEntity
  8
0
  6
Continuous
 62
     7
370
    25
100
AcDbCircle
 10
-0.4861569143
 20
-46.1614234337
 30
0.0
 40
41.91676941701608
100
AcDbArc
 50
91.7277219852
 51
92.9811812273
  0
ARC
  5
55A
330
1F
100
AcDbEntity
  8
0
  6
Continuous
 62
     7
370
    25
100
AcDbCircle
 10
-1.7514494539
 20
-4.2137325545
 30
0.0
 40
0.0500000000000028
100
AcDbArc
 50
271.7277219852
 51
54.3548856608
  0
ARC
  5
55B
330
1F
100
AcDbEntity
  8
0
  6
Continuous
 62
     7
370
    25
100
AcDbCircle
 10
-2.5213646075
 20
-3.6616099743
 30
0.0
 40
0.0500000000000011
100
AcDbArc
 50
54.3548856608
 51
165.9693889053
  0
ARC
  5
55C
330
1F
100
AcDbEntity
  8
0
  6
Continuous
 62
     7
370
    25
100
AcDbCircle
 10
-1.3933304129
 20
-3.263316498
 30
0.0
 40
0.0499999999999995
100
AcDbArc
 50
358.0
 51
104.5185828479
  0
ARC
  5
55D
330
1F
100
AcDbEntity
  8
0
  6
Continuous
 62
     7
370
    25
100
AcDbCircle
 10
2.0803933588
 20
-16.6772606493
 30
0.0
 40
13.90643007907086
100
AcDbArc
 50
104.5185828479
 51
108.4788512947
  0
ARC
  5
55E
330
1F
100
AcDbEntity
  8
0
  6
Continuous
 62
     7
370
    25
100
AcDbCircle
 10
-2.3114658215
 20
-3.5352582343
 30
0.0
 40
0.0500000000000001
100
AcDbArc
 50
108.4788512947
 51
234.3548856608
  0
ARC
  5
55F
330
1F
100
AcDbEntity
  8
0
  6
Continuous
 62
     7
370
    25
100
AcDbCircle
 10
-1.4250254475
 20
-4.1709435358
 30
0.0
 40
0.0500000000000021
100
AcDbArc
 50
234.3548856608
 51
358.0
  0
ARC
  5
560
330
1F
100
AcDbEntity
  8
0
  6
Continuous
 62
     7
370
    25
100
AcDbCircle
 10
2.1543870794
 20
-3.5827543246
 30
0.0
 40
0.6049999999999582
100
AcDbArc
 50
118.3434231609
 51
175.427350043
  0
ARC
  5
561
330
1F
100
AcDbEntity
  8
0
  6
Continuous
 62
     7
370
    25
100
AcDbCircle
 10
1.7959467777
 20
-2.9182653856
 30
0.0
 40
0.1500000000000005
100
AcDbArc
 50
298.3434231609
 51
89.9534332213
  0
ARC
  5
562
330
1F
100
AcDbEntity
  8
0
  6
Continuous
 62
     7
370
    25
100
AcDbCircle
 10
1.7886006396
 20
-11.956954012
 30
0.0
 40
9.188691611668416
100
AcDbArc
 50
89.9534332213
 51
95.2698031635
  0
ARC
  5
563
330
1F
100
AcDbEntity
  8
0
  6
Continuous
 62
     7
370
    25
100
AcDbCircle
 10
0.9492502556
 20
-2.8568894349
 30
0.0
 40
0.0499999999999996
100
AcDbArc
 50
95.2698031635
 51
219.3431937413
  0
ARC
  5
564
330
1F
100
AcDbEntity
  8
0
  6
Continuous
 62
     7
370
    25
100
AcDbCircle
 10
1.5014719131
 20
-3.5305356912
 30
0.0
 40
0.0500000000000003
100
AcDbArc
 50
219.3431937413
 51
355.427350043
  0
ARC
  5
565
330
1F
100
AcDbEntity
  8
0
  6
Continuous
 62
     7
370
    25
100
AcDbCircle
 10
2.434376479
 20
-2.8410312443
 30
0.0
 40
0.0499999999999994
100
AcDbArc
 50
85.7773432858
 51
220.6113307116
  0
ARC
  5
566
330
1F
100
AcDbEntity
  8
0
  6
Continuous
 62
     7
370
    25
100
AcDbCircle
 10
3.5122296032
 20
-4.0980808708
 30
0.0
 40
0.0500000000000011
100
AcDbArc
 50
220.6113307116
 51
358.0
  0
ARC
  5
567
330
1F
100
AcDbEntity
  8
0
  6
Continuous
 62
     7
370
    25
100
AcDbCircle
 10
3.6534733199
 20
-3.6351035697
 30
0.0
 40
0.1590551181102356
100
AcDbArc
 50
116.133960405
 51
239.866039595
  0
ARC
  5
568
330
1F
100
AcDbEntity
  8
0
  6
Continuous
 62
     7
370
    25
100
AcDbCircle
 10
3.5521141075
 20
-2.9559381046
 30
0.0
 40
0.0500000000000052
100
AcDbArc
 50
358.0
 51
82.4835315449
  0
ARC
  5
569
330
1F
100
AcDbEntity
  8
0
  6
Continuous
 62
     7
370
    25
100
AcDbCircle
 10
0.994993609
 20
-22.3361500369
 30
0.0
 40
19.59818354182135
100
AcDbArc
 50
82.4835315449
 51
85.7773432858
  0
ARC
  5
56A
330
1F
100
AcDbEntity
  8
0
  6
Continuous
 62
     7
370
    25
100
AcDbCircle
 10
-0.9336114092
 20
-4.1969628371
 30
0.0
 40
0.0500000000000083
100
AcDbArc
 50
129.1123107958
 51
270.6777124647
  0
ARC
  5
56B
330
1F
100
AcDbEntity
  8
0
  6
Continuous
 62
     7
370
    25
100
AcDbCircle
 10
-0.1429308186
 20
-71.0402782244
 30
0.0
 40
66.79799165089749
100
AcDbArc
 50
89.44293119
 51
90.6777124646
  0
ARC
  5
56C
330
1F
100
AcDbEntity
  8
0
  6
Continuous
 62
     7
370
    25
100
AcDbCircle
 10
0.5070009002
 20
-4.195446139
 30
0.0
 40
0.0499999999999814
100
AcDbArc
 50
269.44293119
 51
358.0
  0
ARC
  5
56D
330
1F
100
AcDbEntity
  8
0
  6
Continuous
 62
     7
370
    25
100
AcDbCircle
 10
0.6553008388
 20
-3.5304050796
 30
0.0
 40
0.1590551181102355
100
AcDbArc
 50
116.133960405
 51
239.866039595
  0
ARC
  5
56E
330
1F
100
AcDbEntity
  8
0
  6
Continuous
 62
     7
370
    25
100
AcDbCircle
 10
0.5490431688
 20
-2.9915130872
 30
0.0
 40
0.0499999999999998
100
AcDbArc
 50
358.0
 51
129.1123107958
  0
ARC
  5
56F
330
1F
100
AcDbEntity
  8
0
  6
Continuous
 62
     7
370
    25
100
AcDbCircle
 10
-1.0689217364
 20
-3.2859226826
 30
0.0
 40
0.149999999999999
100
AcDbArc
 50
103.308733403
 51
178.0
  0
ARC
  5
570
330
1F
100
AcDbEntity
  8
0
  6
Continuous
 62
     7
370
    25
100
AcDbCircle
 10
-1.1981821682
 20
-4.1220863111
 30
0.0
 40
0.0500000000000014
100
AcDbArc
 50
178.0
 51
309.1123107958
  0
ARC
  5
571
330
1F
100
AcDbEntity
  8
0
  6
Continuous
 62
     7
370
    25
100
AcDbCircle
 10
0.2613320265
 20
-2.9354504979
 30
0.0
 40
0.0499999999999998
100
AcDbArc
 50
309.1123107958
 51
97.8830476768
  0
ARC
  5
572
330
1F
100
AcDbEntity
  8
0
  6
Continuous
 62
     7
370
    25
100
AcDbCircle
 10
2.2560687246
 20
-17.3420518125
 30
0.0
 40
14.59404125173239
100
AcDbArc
 50
97.8830476768
 51
103.308733403
  0
ARC
  5
573
330
1F
100
AcDbEntity
  8
0
  6
Continuous
 62
     7
370
    25
100
AcDbCircle
 10
4.6349412043
 20
3.180369682
 30
0.0
 40
7.510792424180338
100
AcDbArc
 50
269.9792104201
 51
272.3157190707
  0
ARC
  5
574
330
1F
100
AcDbEntity
  8
0
  6
Continuous
 62
     7
370
    25
100
AcDbCircle
 10
4.7657795743
 20
-0.055084974
 30
0.0
 40
4.272693366079349
100
AcDbArc
 50
272.3157190707
 51
278.7901836446
  0
ARC
  5
575
330
1F
100
AcDbEntity
  8
0
  6
Continuous
 62
     7
370
    25
100
AcDbCircle
 10
5.3876906117
 20
-4.0769434556
 30
0.0
 40
0.2030350285402562
100
AcDbArc
 50
278.7901836446
 51
34.2797179312
  0
ARC
  5
576
330
1F
100
AcDbEntity
  8
0
  6
Continuous
 62
     7
370
    25
100
AcDbCircle
 10
4.418827121
 20
-4.7373548787
 30
0.0
 40
1.37557061923716
100
AcDbArc
 50
34.2797179312
 51
54.8465907868
  0
ARC
  5
577
330
1F
100
AcDbEntity
  8
0
  6
Continuous
 62
     7
370
    25
100
AcDbCircle
 10
2.5833784793
 20
-7.3437662031
 30
0.0
 40
4.563399301571591
100
AcDbArc
 50
54.8465907868
 51
58.3643931411
  0
ARC
  5
578
330
1F
100
AcDbEntity
  8
0
  6
Continuous
 62
     7
370
    25
100
AcDbCircle
 10
4.8982731275
 20
-3.5861930284
 30
0.0
 40
0.1500000000000008
100
AcDbArc
 50
58.3643931411
 51
130.6113307116
  0
ARC
  5
579
330
1F
100
AcDbEntity
  8
0
  6
Continuous
 62
     7
370
    25
100
AcDbCircle
 10
3.9547707825
 20
-4.2634684959
 30
0.0
 40
0.0499999999999985
100
AcDbArc
 50
130.6113307116
 51
267.1536942953
  0
ARC
  5
57A
330
1F
100
AcDbEntity
  8
0
  6
Continuous
 62
     7
370
    25
100
AcDbCircle
 10
4.6372207857
 20
9.4628624707
 30
0.0
 40
13.79328562642329
100
AcDbArc
 50
267.1536942953
 51
269.9792104201
  0
ARC
  5
57B
330
1F
100
AcDbEntity
  8
0
  6
Continuous
 62
     7
370
    25
100
AcDbCircle
 10
0.7567110643
 20
-4.1983306864
 30
0.0
 40
0.0500000000000008
100
AcDbArc
 50
184.6981908685
 51
269.1977671914
  0
ARC
  5
57C
330
1F
100
AcDbEntity
  8
0
  6
Continuous
 62
     7
370
    25
100
AcDbCircle
 10
1.7695860498
 20
-4.2125134876
 30
0.0
 40
0.0500000000000007
100
AcDbArc
 50
269.1977671914
 51
39.3431937413
  0
ARC
  5
57D
330
1F
100
AcDbEntity
  8
0
  6
Continuous
 62
     7
370
    25
100
AcDbCircle
 10
0.7887073289
 20
-2.9998823441
 30
0.0
 40
0.0398102459850138
100
AcDbArc
 50
39.3431937413
 51
178.0
  0
ARC
  5
57E
330
1F
100
AcDbEntity
  8
0
  6
Continuous
 62
     7
370
    25
100
AcDbCircle
 10
0.6553008388
 20
-3.5304050796
 30
0.0
 40
0.1590551181102366
100
AcDbArc
 50
296.133960405
 51
59.866039595
  0
ARC
  5
57F
330
1F
100
AcDbEntity
  8
0
  6
Continuous
 62
     7
370
    25
100
AcDbCircle
 10
3.761159339
 20
-4.1330929958
 30
0.0
 40
0.0499999999999998
100
AcDbArc
 50
178.0
 51
310.6113307116
  0
ARC
  5
580
330
1F
100
AcDbEntity
  8
0
  6
Continuous
 62
     7
370
    25
100
AcDbCircle
 10
4.5035448055
 20
-3.3648094284
 30
0.0
 40
0.1500000000000017
100
AcDbArc
 50
310.6113307116
 51
61.585248563
  0
ARC
  5
581
330
1F
100
AcDbEntity
  8
0
  6
Continuous
 62
     7
370
    25
100
AcDbCircle
 10
3.4647404788
 20
-5.2848561298
 30
0.0
 40
2.333046899378271
100
AcDbArc
 50
61.585248563
 51
78.6677601726
  0
ARC
  5
582
330
1F
100
AcDbEntity
  8
0
  6
Continuous
 62
     7
370
    25
100
AcDbCircle
 10
3.8937046022
 20
-3.1443693754
 30
0.0
 40
0.1499999999999991
100
AcDbArc
 50
78.6677601726
 51
178.0
  0
ARC
  5
583
330
1F
100
AcDbEntity
  8
0
  6
Continuous
 62
     7
370
    25
100
AcDbCircle
 10
3.6534733199
 20
-3.6351035697
 30
0.0
 40
0.1590551181102361
100
AcDbArc
 50
296.133960405
 51
60.6967551274
  0
ARC
  5
584
330
1F
100
AcDbEntity
  8
0
  6
Continuous
 62
     7
370
    25
100
AcDbCircle
 10
3.3327302319
 20
-4.2344014436
 30
0.0
 40
0.05
100
AcDbArc
 50
269.1977671914
 51
40.6113307116
  0
ARC
  5
585
330
1F
100
AcDbEntity
  8
0
  6
Continuous
 62
     7
370
    25
100
AcDbCircle
 10
2.8081719355
 20
-3.6226336659
 30
0.0
 40
0.0500000000000003
100
AcDbArc
 50
40.6113307116
 51
176.5094168344
  0
ARC
  5
586
330
1F
100
AcDbEntity
  8
0
  6
Continuous
 62
     7
370
    25
100
AcDbCircle
 10
2.1543870794
 20
-3.5827543246
 30
0.0
 40
0.6049999999999519
100
AcDbArc
 50
314.0667408086
 51
356.5094168344
  0
ARC
  5
587
330
1F
100
AcDbEntity
  8
0
  6
Continuous
 62
     7
370
    25
100
AcDbCircle
 10
2.6794864232
 20
-4.1252445817
 30
0.0
 40
0.1499999999999996
100
AcDbArc
 50
134.0667408086
 51
269.1977671914
  0
ARC
  5
588
330
1F
100
AcDbEntity
  8
0
  6
Continuous
 62
     7
370
    25
100
AcDbCircle
 10
5.9983948407
 20
-1.0666897179
 30
0.0
 40
0.125000000000007
100
AcDbArc
 50
29.237849698
 51
88.0124645523
  0
ARC
  5
589
330
1F
100
AcDbEntity
  8
0
  6
Continuous
 62
     7
370
    25
100
AcDbCircle
 10
6.8045840579
 20
-1.9951229238
 30
0.0
 40
0.1250000000001027
100
AcDbArc
 50
209.237849698
 51
273.7876023975
  0
ARC
  5
58A
330
1F
100
AcDbEntity
  8
0
  6
Continuous
 62
     7
370
    25
100
AcDbCircle
 10
9.405886477
 20
-1.3781662404
 30
0.0
 40
0.3431102362204798
100
AcDbArc
 50
20.3445757475
 51
159.6554242525
  0
ARC
  5
58B
330
1F
100
AcDbEntity
  8
0
  6
Continuous
 62
     7
370
    25
100
AcDbCircle
 10
10.1354987691
 20
-1.7226719683
 30
0.0
 40
0.1249999999999811
100
AcDbArc
 50
209.6554242525
 51
274.3123066923
  0
ARC
  5
58C
330
1F
100
AcDbEntity
  8
0
  6
Continuous
 62
     7
370
    25
100
AcDbCircle
 10
3.3344444664
 20
-2.1085357413
 30
0.0
 40
0.1249999999999707
100
AcDbArc
 50
269.4933949034
 51
333.4326557656
  0
ARC
  5
58D
330
1F
100
AcDbEntity
  8
0
  6
Continuous
 62
     7
370
    25
100
AcDbCircle
 10
4.1667191526
 20
-1.0031251527
 30
0.0
 40
0.1250000000000629
100
AcDbArc
 50
88.0124645523
 51
153.4326557656
  0
ARC
  5
58E
330
1F
100
AcDbEntity
  8
0
  6
Continuous
 62
     7
370
    25
100
AcDbCircle
 10
6.2839538098
 20
-2.339866097
 30
0.0
 40
0.1000000000000652
100
AcDbArc
 50
91.8849003633
 51
211.8849003632
  0
ARC
  5
58F
330
1F
100
AcDbEntity
  8
0
  6
Continuous
 62
     7
370
    25
100
AcDbCircle
 10
6.938958557
 20
-2.9005740942
 30
0.0
 40
0.1000000000000105
100
AcDbArc
 50
263.2951695745
 51
29.2378496981
  0
ARC
  5
590
330
1F
100
AcDbEntity
  8
0
  6
Continuous
 62
     7
370
    25
100
AcDbCircle
 10
10.8831787576
 20
-2.5052114718
 30
0.0
 40
0.0500000000000053
100
AcDbArc
 50
157.6554242524
 51
293.4509250124
  0
ARC
  5
591
330
1F
100
AcDbEntity
  8
0
  6
Continuous
 62
     7
370
    25
100
AcDbCircle
 10
10.0036119253
 20
-0.3099284281
 30
0.0
 40
2.412668370016543
100
AcDbArc
 50
295.7218566871
 51
313.7300905777
  0
ARC
  5
592
330
1F
100
AcDbEntity
  8
0
  6
Continuous
 62
     7
370
    25
100
AcDbCircle
 10
10.8186249559
 20
-2.004671341
 30
0.0
 40
0.0999999999999718
100
AcDbArc
 50
337.6554242525
 51
92.7566788047
  0
ARC
  5
593
330
1F
100
AcDbEntity
  8
0
  6
Continuous
 62
     7
370
    25
100
AcDbCircle
 10
9.7491355703
 20
-2.0801525803
 30
0.0
 40
0.1000000000000099
100
AcDbArc
 50
94.7200561124
 51
214.9013628434
  0
ARC
  5
594
330
1F
100
AcDbEntity
  8
0
  6
Continuous
 62
     7
370
    25
100
AcDbCircle
 10
9.8230693635
 20
-2.7513907153
 30
0.0
 40
0.1000000000000175
100
AcDbArc
 50
157.6696963599
 51
277.9142697214
  0
ARC
  5
595
330
1F
100
AcDbEntity
  8
0
  6
Continuous
 62
     7
370
    25
100
AcDbCircle
 10
9.9553533667
 20
-2.0631257157
 30
0.0
 40
0.1000000000000562
100
AcDbArc
 50
29.6554242525
 51
94.7200561124
  0
ARC
  5
596
330
1F
100
AcDbEntity
  8
0
  6
Continuous
 62
     7
370
    25
100
AcDbCircle
 10
3.5473930787
 20
-2.4655408227
 30
0.0
 40
0.1360775739413556
100
AcDbArc
 50
96.7048304254
 51
263.2951695746
  0
ARC
  5
597
330
1F
100
AcDbEntity
  8
0
  6
Continuous
 62
     7
370
    25
100
AcDbCircle
 10
6.8727544935
 20
-2.2704618389
 30
0.0
 40
0.0499999999999879
100
AcDbArc
 50
91.8849003633
 51
209.237849698
  0
ARC
  5
598
330
1F
100
AcDbEntity
  8
0
  6
Continuous
 62
     7
370
    25
100
AcDbCircle
 10
7.0177448226
 20
-2.5294895325
 30
0.0
 40
0.0499999999999959
100
AcDbArc
 50
209.237849698
 51
355.7433933313
  0
ARC
  5
599
330
1F
100
AcDbEntity
  8
0
  6
Continuous
 62
     7
370
    25
100
AcDbCircle
 10
7.6709380924
 20
-2.5781059123
 30
0.0
 40
0.6049999999992223
100
AcDbArc
 50
151.2534754981
 51
175.7433933313
  0
ARC
  5
59A
330
1F
100
AcDbEntity
  8
0
  6
Continuous
 62
     7
370
    25
100
AcDbCircle
 10
7.096662958
 20
-2.263093103
 30
0.0
 40
0.0499999999999704
100
AcDbArc
 50
331.253475498
 51
91.8849003633
  0
ARC
  5
59B
330
1F
100
AcDbEntity
  8
0
  6
Continuous
 62
     7
370
    25
100
AcDbCircle
 10
7.6709380924
 20
-2.5781059123
 30
0.0
 40
0.6050000000000225
100
AcDbArc
 50
333.3248447756
 51
32.1946257885
  0
ARC
  5
59C
330
1F
100
AcDbEntity
  8
0
  6
Continuous
 62
     7
370
    25
100
AcDbCircle
 10
8.3009022207
 20
-2.8946026691
 30
0.0
 40
0.1000000000000054
100
AcDbArc
 50
153.3248447756
 51
273.2926724802
  0
ARC
  5
59D
330
1F
100
AcDbEntity
  8
0
  6
Continuous
 62
     7
370
    25
100
AcDbCircle
 10
8.5867353497
 20
-2.8781583109
 30
0.0
 40
0.0999999999999897
100
AcDbArc
 50
273.2926724802
 51
34.0390386294
  0
ARC
  5
59E
330
1F
100
AcDbEntity
  8
0
  6
Continuous
 62
     7
370
    25
100
AcDbCircle
 10
9.1709380924
 20
-2.4835291743
 30
0.0
 40
0.6050000000000627
100
AcDbArc
 50
154.5387493814
 51
214.0390386294
  0
ARC
  5
59F
330
1F
100
AcDbEntity
  8
0
  6
Continuous
 62
     7
370
    25
100
AcDbCircle
 10
8.5344103471
 20
-2.1804492681
 30
0.0
 40
0.0999999999999934
100
AcDbArc
 50
334.5387493814
 51
94.7200561124
  0
ARC
  5
5A0
330
1F
100
AcDbEntity
  8
0
  6
Continuous
 62
     7
370
    25
100
AcDbCircle
 10
8.2675395096
 20
-2.2024840959
 30
0.0
 40
0.0999999999999988
100
AcDbArc
 50
94.7200561124
 51
212.1946257885
  0
ARC
  5
5A1
330
1F
100
AcDbEntity
  8
0
  6
Continuous
 62
     7
370
    25
100
AcDbCircle
 10
8.7362117607
 20
-1.8377731188
 30
0.0
 40
0.1249999999999689
100
AcDbArc
 50
274.7801743893
 51
339.6554242525
  0
ARC
  5
5A2
330
1F
100
AcDbEntity
  8
0
  6
Continuous
 62
     7
370
    25
100
AcDbCircle
 10
9.1709380924
 20
-2.4835291743
 30
0.0
 40
0.605000000000094
100
AcDbArc
 50
337.6696963599
 51
34.9013628434
  0
ARC
  5
5A3
330
1F
100
AcDbEntity
  8
0
  6
Continuous
 62
     7
370
    25
100
AcDbCircle
 10
9.2727687222
 20
1.2071702742
 30
0.0
 40
4.096628066733877
100
AcDbArc
 50
277.9142697214
 51
284.7962996882
  0
ARC
  5
5A4
330
1F
100
AcDbEntity
  8
0
  6
Continuous
 62
     7
370
    25
100
AcDbCircle
 10
10.2934408563
 20
-2.656929142
 30
0.0
 40
0.09999999999999
100
AcDbArc
 50
284.7962996881
 51
29.6554242525
  0
ARC
  5
5A5
330
1F
100
AcDbEntity
  8
0
  6
Continuous
 62
     7
370
    25
100
AcDbCircle
 10
10.5874736392
 20
-2.5670298907
 30
0.0
 40
0.0999999999999593
100
AcDbArc
 50
209.6554242525
 51
337.6554242525
  0
ARC
  5
5A6
330
1F
100
AcDbEntity
  8
0
  6
Continuous
 62
     7
370
    25
100
AcDbCircle
 10
10.2856342182
 20
-2.036891131
 30
0.0
 40
0.1000000000000084
100
AcDbArc
 50
94.1620688512
 51
209.6554242524
  0
ARC
  5
5A7
330
1F
100
AcDbEntity
  8
0
  6
Continuous
 62
     7
370
    25
100
AcDbCircle
 10
11.2163494525
 20
-2.0892084196
 30
0.0
 40
0.2000000000001835
100
AcDbArc
 50
91.7169754029
 51
157.6554242525
  0
ARC
  5
5A8
330
1F
100
AcDbEntity
  8
0
  6
Continuous
 62
     7
370
    25
100
AcDbCircle
 10
9.2727687222
 20
1.2071702742
 30
0.0
 40
4.096628066708947
100
AcDbArc
 50
293.4509250123
 51
295.7218566871
  0
ARC
  5
5A9
330
1F
100
AcDbEntity
  8
0
  6
Continuous
 62
     7
370
    25
100
AcDbCircle
 10
6.6189324974
 20
-2.3288420856
 30
0.0
 40
0.0999999999999757
100
AcDbArc
 50
29.237849698
 51
91.8849003633
  0
ARC
  5
5AA
330
1F
100
AcDbEntity
  8
0
  6
Continuous
 62
     7
370
    25
100
AcDbCircle
 10
6.6383414153
 20
-2.8148896879
 30
0.0
 40
0.1499999999995584
100
AcDbArc
 50
211.8849003632
 51
263.2951695747
  0
ARC
  5
5AB
330
1F
100
AcDbEntity
  8
0
  6
Continuous
 62
     7
370
    25
100
AcDbCircle
 10
11.8656193396
 20
-23.7489759928
 30
0.0
 40
21.8694965957249
100
AcDbArc
 50
92.7566788044
 51
94.1620688516
  0
ARC
  5
5AC
330
1F
100
AcDbEntity
  8
0
  6
Continuous
 62
     7
370
    25
100
AcDbCircle
 10
5.8528199921
 20
-2.4040816031
 30
0.0
 40
0.1499999999999748
100
AcDbArc
 50
31.8849003633
 51
91.8849003633
  0
ARC
  5
5AD
330
1F
100
AcDbEntity
  8
0
  6
Continuous
 62
     7
370
    25
100
AcDbCircle
 10
6.1638809753
 20
-2.8094571576
 30
0.0
 40
0.1000000000000279
100
AcDbArc
 50
263.2951695746
 51
31.8849003633
  0
ARC
  5
5AE
330
1F
100
AcDbEntity
  8
0
  6
Continuous
 62
     7
370
    25
100
AcDbCircle
 10
11.8656193403
 20
-23.7489760037
 30
0.0
 40
21.86949660666987
100
AcDbArc
 50
90.6931293301
 51
91.7169754029
  0
ARC
  5
5AF
330
1F
100
AcDbEntity
  8
0
  6
Continuous
 62
     7
370
    25
100
AcDbCircle
 10
11.602271696
 20
-1.9810723259
 30
0.0
 40
0.1000000000000864
100
AcDbArc
 50
313.7300905777
 51
90.6931293301
  0
ARC
  5
5B0
330
1F
100
AcDbEntity
  8
0
  6
Continuous
 62
     7
370
    25
100
AcDbCircle
 10
6.7510207017
 20
-1.6549992367
 30
0.0
 40
0.1250000000000069
100
AcDbArc
 50
209.237849698
 51
268.0124645523
  0
ARC
  5
5B1
330
1F
100
AcDbEntity
  8
0
  6
Continuous
 62
     7
370
    25
100
AcDbCircle
 10
4.0132037818
 20
-0.8839158357
 30
0.0
 40
0.1249999999999628
100
AcDbArc
 50
94.7801743893
 51
159.6554242525
  0
ARC
  5
5B2
330
1F
100
AcDbEntity
  8
0
  6
Continuous
 62
     7
370
    25
100
AcDbCircle
 10
3.3435290654
 20
-1.3435227142
 30
0.0
 40
0.3431102362204792
100
AcDbArc
 50
200.3445757475
 51
339.6554242525
  0
ARC
  5
5B3
330
1F
100
AcDbEntity
  8
0
  6
Continuous
 62
     7
370
    25
100
AcDbCircle
 10
2.6139167733
 20
-0.9990169863
 30
0.0
 40
0.1249999999999786
100
AcDbArc
 50
29.6554242525
 51
94.3123066923
  0
ARC
  5
5B4
330
1F
100
AcDbEntity
  8
0
  6
Continuous
 62
     7
370
    25
100
AcDbCircle
 10
6.4654617326
 20
-0.3818228576
 30
0.0
 40
0.1000000000000677
100
AcDbArc
 50
271.8849003633
 51
31.8849003632
  0
ARC
  5
5B5
330
1F
100
AcDbEntity
  8
0
  6
Continuous
 62
     7
370
    25
100
AcDbCircle
 10
6.1110741271
 20
0.0932007333
 30
0.0
 40
0.1499999999995572
100
AcDbArc
 50
31.8849003632
 51
83.2951695747
  0
ARC
  5
5B6
330
1F
100
AcDbEntity
  8
0
  6
Continuous
 62
     7
370
    25
100
AcDbCircle
 10
5.8104569854
 20
0.1788851396
 30
0.0
 40
0.1000000000000134
100
AcDbArc
 50
83.2951695745
 51
209.2378496981
  0
ARC
  5
5B7
330
1F
100
AcDbEntity
  8
0
  6
Continuous
 62
     7
370
    25
100
AcDbCircle
 10
1.5330660899
 20
-0.632480535
 30
0.0
 40
0.2000000000001862
100
AcDbArc
 50
271.7169754029
 51
337.6554242525
  0
ARC
  5
5B8
330
1F
100
AcDbEntity
  8
0
  6
Continuous
 62
     7
370
    25
100
AcDbCircle
 10
1.8662367849
 20
-0.2164774827
 30
0.0
 40
0.0500000000000049
100
AcDbArc
 50
337.6554242524
 51
113.4509250124
  0
ARC
  5
5B9
330
1F
100
AcDbEntity
  8
0
  6
Continuous
 62
     7
370
    25
100
AcDbCircle
 10
3.4766468202
 20
-3.9288592288
 30
0.0
 40
4.096628066713239
100
AcDbArc
 50
113.4509250123
 51
115.7218566871
  0
ARC
  5
5BA
330
1F
100
AcDbEntity
  8
0
  6
Continuous
 62
     7
370
    25
100
AcDbCircle
 10
2.7458036171
 20
-2.4117605264
 30
0.0
 40
2.412668370016593
100
AcDbArc
 50
115.7218566871
 51
133.7300905777
  0
ARC
  5
5BB
330
1F
100
AcDbEntity
  8
0
  6
Continuous
 62
     7
370
    25
100
AcDbCircle
 10
1.1471438464
 20
-0.7406166286
 30
0.0
 40
0.1000000000000852
100
AcDbArc
 50
133.7300905777
 51
270.6931293301
  0
ARC
  5
5BC
330
1F
100
AcDbEntity
  8
0
  6
Continuous
 62
     7
370
    25
100
AcDbCircle
 10
0.8837962021
 20
21.0272870492
 30
0.0
 40
21.8694966066466
100
AcDbArc
 50
270.6931293301
 51
271.7169754029
  0
ARC
  5
5BD
330
1F
100
AcDbEntity
  8
0
  6
Continuous
 62
     7
370
    25
100
AcDbCircle
 10
2.4637813243
 20
-0.6847978236
 30
0.0
 40
0.1000000000000116
100
AcDbArc
 50
274.1620688512
 51
29.6554242524
  0
ARC
  5
5BE
330
1F
100
AcDbEntity
  8
0
  6
Continuous
 62
     7
370
    25
100
AcDbCircle
 10
2.9263461789
 20
0.0297017608
 30
0.0
 40
0.1000000000000177
100
AcDbArc
 50
337.6696963599
 51
97.9142697214
  0
ARC
  5
5BF
330
1F
100
AcDbEntity
  8
0
  6
Continuous
 62
     7
370
    25
100
AcDbCircle
 10
3.4766468202
 20
-3.9288592288
 30
0.0
 40
4.096628066733008
100
AcDbArc
 50
97.9142697214
 51
104.7962996882
  0
ARC
  5
5C0
330
1F
100
AcDbEntity
  8
0
  6
Continuous
 62
     7
370
    25
100
AcDbCircle
 10
2.4559746861
 20
-0.0647598126
 30
0.0
 40
0.0999999999999917
100
AcDbArc
 50
104.7962996881
 51
209.6554242525
  0
ARC
  5
5C1
330
1F
100
AcDbEntity
  8
0
  6
Continuous
 62
     7
370
    25
100
AcDbCircle
 10
5.8766610489
 20
-0.4512271157
 30
0.0
 40
0.0499999999999878
100
AcDbArc
 50
271.8849003633
 51
29.237849698
  0
ARC
  5
5C2
330
1F
100
AcDbEntity
  8
0
  6
Continuous
 62
     7
370
    25
100
AcDbCircle
 10
5.0784774501
 20
-0.1435830422
 30
0.0
 40
0.6049999999992534
100
AcDbArc
 50
331.2534754981
 51
355.7433933313
  0
ARC
  5
5C3
330
1F
100
AcDbEntity
  8
0
  6
Continuous
 62
     7
370
    25
100
AcDbCircle
 10
3.5784774501
 20
-0.2381597803
 30
0.0
 40
0.6049999999999939
100
AcDbArc
 50
334.5387493814
 51
34.0390386294
  0
ARC
  5
5C4
330
1F
100
AcDbEntity
  8
0
  6
Continuous
 62
     7
370
    25
100
AcDbCircle
 10
6.8965955503
 20
-0.3176073515
 30
0.0
 40
0.1499999999999748
100
AcDbArc
 50
211.8849003633
 51
271.8849003633
  0
ARC
  5
5C5
330
1F
100
AcDbEntity
  8
0
  6
Continuous
 62
     7
370
    25
100
AcDbCircle
 10
3.0002799722
 20
-0.6415363742
 30
0.0
 40
0.1000000000000107
100
AcDbArc
 50
274.7200561124
 51
34.9013628434
  0
ARC
  5
5C6
330
1F
100
AcDbEntity
  8
0
  6
Continuous
 62
     7
370
    25
100
AcDbCircle
 10
3.5784774501
 20
-0.2381597803
 30
0.0
 40
0.6049999999999985
100
AcDbArc
 50
157.6696963599
 51
214.9013628434
  0
ARC
  5
5C7
330
1F
100
AcDbEntity
  8
0
  6
Continuous
 62
     7
370
    25
100
AcDbCircle
 10
9.414971076
 20
-0.6131532133
 30
0.0
 40
0.1249999999999698
100
AcDbArc
 50
89.4933949034
 51
153.4326557656
  0
ARC
  5
5C8
330
1F
100
AcDbEntity
  8
0
  6
Continuous
 62
     7
370
    25
100
AcDbCircle
 10
4.4485133218
 20
0.1729137146
 30
0.0
 40
0.1000000000000052
100
AcDbArc
 50
333.3248447756
 51
93.2926724802
  0
ARC
  5
5C9
330
1F
100
AcDbEntity
  8
0
  6
Continuous
 62
     7
370
    25
100
AcDbCircle
 10
2.7940621757
 20
-0.6585632389
 30
0.0
 40
0.100000000000052
100
AcDbArc
 50
209.6554242525
 51
274.7200561124
  0
ARC
  5
5CA
330
1F
100
AcDbEntity
  8
0
  6
Continuous
 62
     7
370
    25
100
AcDbCircle
 10
2.1619419032
 20
-0.1546590638
 30
0.0
 40
0.0999999999999597
100
AcDbArc
 50
29.6554242525
 51
157.6554242525
  0
ARC
  5
5CB
330
1F
100
AcDbEntity
  8
0
  6
Continuous
 62
     7
370
    25
100
AcDbCircle
 10
4.1626801928
 20
0.1564693563
 30
0.0
 40
0.0999999999999912
100
AcDbArc
 50
93.2926724802
 51
214.0390386294
  0
ARC
  5
5CC
330
1F
100
AcDbEntity
  8
0
  6
Continuous
 62
     7
370
    25
100
AcDbCircle
 10
1.9307905865
 20
-0.7170176136
 30
0.0
 40
0.0999999999999718
100
AcDbArc
 50
157.6554242525
 51
272.7566788047
  0
ARC
  5
5CD
330
1F
100
AcDbEntity
  8
0
  6
Continuous
 62
     7
370
    25
100
AcDbCircle
 10
0.8837962028
 20
21.0272870382
 30
0.0
 40
21.86949659572055
100
AcDbArc
 50
272.7566788044
 51
274.1620688516
  0
ARC
  5
5CE
330
1F
100
AcDbEntity
  8
0
  6
Continuous
 62
     7
370
    25
100
AcDbCircle
 10
8.5826963898
 20
-1.7185638019
 30
0.0
 40
0.1250000000000664
100
AcDbArc
 50
268.0124645523
 51
333.4326557656
  0
ARC
  5
5CF
330
1F
100
AcDbEntity
  8
0
  6
Continuous
 62
     7
370
    25
100
AcDbCircle
 10
6.5855345672
 20
0.0877682031
 30
0.0
 40
0.1000000000000295
100
AcDbArc
 50
83.2951695746
 51
211.8849003633
  0
ARC
  5
5D0
330
1F
100
AcDbEntity
  8
0
  6
Continuous
 62
     7
370
    25
100
AcDbCircle
 10
5.7316707198
 20
-0.1921994221
 30
0.0
 40
0.0499999999999957
100
AcDbArc
 50
29.237849698
 51
175.7433933313
  0
ARC
  5
5D1
330
1F
100
AcDbEntity
  8
0
  6
Continuous
 62
     7
370
    25
100
AcDbCircle
 10
6.1304830451
 20
-0.392846869
 30
0.0
 40
0.0999999999999738
100
AcDbArc
 50
209.237849698
 51
271.8849003633
  0
ARC
  5
5D2
330
1F
100
AcDbEntity
  8
0
  6
Continuous
 62
     7
370
    25
100
AcDbCircle
 10
5.9448314845
 20
-0.7265660308
 30
0.0
 40
0.1250000000000485
100
AcDbArc
 50
29.237849698
 51
93.7876023975
  0
ARC
  5
5D3
330
1F
100
AcDbEntity
  8
0
  6
Continuous
 62
     7
370
    25
100
AcDbCircle
 10
9.2020224638
 20
-0.2561481318
 30
0.0
 40
0.1360775739413556
100
AcDbArc
 50
276.7048304254
 51
83.2951695746
  0
ARC
  5
5D4
330
1F
100
AcDbEntity
  8
0
  6
Continuous
 62
     7
370
    25
100
AcDbCircle
 10
4.2150051953
 20
-0.5412396864
 30
0.0
 40
0.0999999999999925
100
AcDbArc
 50
154.5387493814
 51
274.7200561124
  0
ARC
  5
5D5
330
1F
100
AcDbEntity
  8
0
  6
Continuous
 62
     7
370
    25
100
AcDbCircle
 10
5.0784774501
 20
-0.1435830422
 30
0.0
 40
0.6049999999999405
100
AcDbArc
 50
153.3248447756
 51
212.1946257885
  0
ARC
  5
5D6
330
1F
100
AcDbEntity
  8
0
  6
Continuous
 62
     7
370
    25
100
AcDbCircle
 10
4.4818760329
 20
-0.5192048587
 30
0.0
 40
0.1000000000000009
100
AcDbArc
 50
274.7200561124
 51
32.1946257885
  0
ARC
  5
5D7
330
1F
100
AcDbEntity
  8
0
  6
Continuous
 62
     7
370
    25
100
AcDbCircle
 10
5.6527525845
 20
-0.4585958515
 30
0.0
 40
0.0499999999999692
100
AcDbArc
 50
151.253475498
 51
271.8849003633
  0
ARC
  5
5D8
330
1F
100
AcDbEntity
  8
0
  6
Continuous
 62
     7
370
    25
100
AcDbCircle
 10
2.7156894097
 20
3.0580105047
 30
0.0
 40
0.1000000000000261
100
AcDbArc
 50
268.4890178799
 51
3.5576715008
  0
ARC
  5
5D9
330
1F
100
AcDbEntity
  8
0
  6
Continuous
 62
     7
370
    25
100
AcDbCircle
 10
2.6650559247
 20
3.8724071149
 30
0.0
 40
0.1000000000000292
100
AcDbArc
 50
3.5576715008
 51
103.8498926897
  0
ARC
  5
5DA
330
1F
100
AcDbEntity
  8
0
  6
Continuous
 62
     7
370
    25
100
AcDbCircle
 10
0.6506747902
 20
3.2358420439
 30
0.0
 40
0.1000000000001206
100
AcDbArc
 50
111.0812302213
 51
183.5576715008
  0
ARC
  5
5DB
330
1F
100
AcDbEntity
  8
0
  6
Continuous
 62
     7
370
    25
100
AcDbCircle
 10
0.6611273078
 20
3.0677221741
 30
0.0
 40
0.1000000000000413
100
AcDbArc
 50
183.5576715009
 51
272.523010157
  0
ARC
  5
5DC
330
1F
100
AcDbEntity
  8
0
  6
Continuous
 62
     7
370
    25
100
AcDbCircle
 10
4.8988062439
 20
4.2036465996
 30
0.0
 40
0.1000000000000044
100
AcDbArc
 50
3.5576715008
 51
92.8441787168
  0
ARC
  5
5DD
330
1F
100
AcDbEntity
  8
0
  6
Continuous
 62
     7
370
    25
100
AcDbCircle
 10
4.4025056651
 20
2.9886008875
 30
0.0
 40
0.1000000000000474
100
AcDbArc
 50
183.5576715008
 51
266.7145236469
  0
ARC
  5
5DE
330
1F
100
AcDbEntity
  8
0
  6
Continuous
 62
     7
370
    25
100
AcDbCircle
 10
8.8472465515
 20
2.6908194453
 30
0.0
 40
0.1000000000000053
100
AcDbArc
 50
266.485714283
 51
29.4207966178
  0
ARC
  5
5DF
330
1F
100
AcDbEntity
  8
0
  6
Continuous
 62
     7
370
    25
100
AcDbCircle
 10
8.3778628371
 20
3.5231348175
 30
0.0
 40
0.099999999999991
100
AcDbArc
 50
29.4207966178
 51
183.5576691779
  0
ARC
  5
5E0
330
1F
100
AcDbEntity
  8
0
  6
Continuous
 62
     7
370
    25
100
AcDbCircle
 10
9.1174531065
 20
2.8224111687
 30
0.0
 40
0.0999999999999986
100
AcDbArc
 50
209.4207966179
 51
341.9530795774
  0
ARC
  5
5E1
330
1F
100
AcDbEntity
  8
0
  6
Continuous
 62
     7
370
    25
100
AcDbCircle
 10
9.2847833176
 20
3.3359692217
 30
0.0
 40
0.1000000000000073
100
AcDbArc
 50
341.9530795774
 51
54.1125551728
  0
ARC
  5
5E2
330
1F
100
AcDbEntity
  8
0
  6
Continuous
 62
     7
370
    25
100
AcDbCircle
 10
4.3295699877
 20
4.161709323
 30
0.0
 40
0.0999999999999677
100
AcDbArc
 50
95.617400212
 51
183.5576715008
  0
ARC
  5
5E3
330
1F
100
AcDbEntity
  8
0
  6
Continuous
 62
     7
370
    25
100
AcDbCircle
 10
8.6191795363
 20
3.7059542897
 30
0.0
 40
0.0999999999999976
100
AcDbArc
 50
66.7292726796
 51
209.4207966179
  0
ARC
  5
5E4
330
1F
100
AcDbEntity
  8
0
  6
Continuous
 62
     7
370
    25
100
AcDbCircle
 10
8.4278958448
 20
2.7183958481
 30
0.0
 40
0.100000000000013
100
AcDbArc
 50
183.5576691779
 51
266.0903159363
  0
ARC
  5
5E5
330
1F
100
AcDbEntity
  8
0
  6
Continuous
 62
     7
370
    25
100
AcDbCircle
 10
9.3838003239
 20
2.6714851685
 30
0.0
 40
0.1000000000000187
100
AcDbArc
 50
161.9530795774
 51
270.8162349725
  0
ARC
  5
5E6
330
1F
100
AcDbEntity
  8
0
  6
Continuous
 62
     7
370
    25
100
AcDbCircle
 10
4.9765550522
 20
2.953123042
 30
0.0
 40
0.1000000000000074
100
AcDbArc
 50
266.2438427243
 51
3.5576715008
  0
ARC
  5
5E7
330
1F
100
AcDbEntity
  8
0
  6
Continuous
 62
     7
370
    25
100
AcDbCircle
 10
9.5326825393
 20
3.1284239375
 30
0.0
 40
0.0999999999999992
100
AcDbArc
 50
45.2859299682
 51
161.9530795773
  0
ARC
  5
5E8
330
1F
100
AcDbEntity
  8
0
  6
Continuous
 62
     7
370
    25
100
AcDbCircle
 10
7.4677416561
 20
2.1682001908
 30
0.0
 40
0.0999999999999815
100
AcDbArc
 50
88.4890178799
 51
183.5576715008
  0
ARC
  5
5E9
330
1F
100
AcDbEntity
  8
0
  6
Continuous
 62
     7
370
    25
100
AcDbCircle
 10
7.5183751412
 20
1.3538035806
 30
0.0
 40
0.0999999999999664
100
AcDbArc
 50
183.5576715008
 51
283.8498926898
  0
ARC
  5
5EA
330
1F
100
AcDbEntity
  8
0
  6
Continuous
 62
     7
370
    25
100
AcDbCircle
 10
9.5327562756
 20
1.9903686515
 30
0.0
 40
0.1000000000001175
100
AcDbArc
 50
291.0812302213
 51
3.5576715008
  0
ARC
  5
5EB
330
1F
100
AcDbEntity
  8
0
  6
Continuous
 62
     7
370
    25
100
AcDbCircle
 10
9.522303758
 20
2.1584885214
 30
0.0
 40
0.1000000000000379
100
AcDbArc
 50
3.5576715009
 51
92.523010157
  0
ARC
  5
5EC
330
1F
100
AcDbEntity
  8
0
  6
Continuous
 62
     7
370
    25
100
AcDbCircle
 10
5.2068760136
 20
2.2730876535
 30
0.0
 40
0.100000000000007
100
AcDbArc
 50
86.2438427243
 51
183.5576715008
  0
ARC
  5
5ED
330
1F
100
AcDbEntity
  8
0
  6
Continuous
 62
     7
370
    25
100
AcDbCircle
 10
5.2846248219
 20
1.0225640959
 30
0.0
 40
0.0999999999999959
100
AcDbArc
 50
183.5576715008
 51
272.8441787169
  0
ARC
  5
5EE
330
1F
100
AcDbEntity
  8
0
  6
Continuous
 62
     7
370
    25
100
AcDbCircle
 10
5.8538610781
 20
1.0645013725
 30
0.0
 40
0.100000000000005
100
AcDbArc
 50
275.6174002121
 51
3.5576715008
  0
ARC
  5
5EF
330
1F
100
AcDbEntity
  8
0
  6
Continuous
 62
     7
370
    25
100
AcDbCircle
 10
5.7809254007
 20
2.2376098079
 30
0.0
 40
0.1000000000000485
100
AcDbArc
 50
3.5576715008
 51
86.7145236469
  0
ARC
  5
5F0
330
1F
100
AcDbEntity
  8
0
  6
Continuous
 62
     7
370
    25
100
AcDbCircle
 10
1.3361845143
 20
2.5353912502
 30
0.0
 40
0.1000000000000062
100
AcDbArc
 50
86.485714283
 51
209.4207966178
  0
ARC
  5
5F1
330
1F
100
AcDbEntity
  8
0
  6
Continuous
 62
     7
370
    25
100
AcDbCircle
 10
1.8055682287
 20
1.703075878
 30
0.0
 40
0.100000000000004
100
AcDbArc
 50
209.4207966178
 51
3.5576691779
  0
ARC
  5
5F2
330
1F
100
AcDbEntity
  8
0
  6
Continuous
 62
     7
370
    25
100
AcDbCircle
 10
1.755535221
 20
2.5078148474
 30
0.0
 40
0.0999999999999676
100
AcDbArc
 50
3.5576691779
 51
86.0903159363
  0
ARC
  5
5F3
330
1F
100
AcDbEntity
  8
0
  6
Continuous
 62
     7
370
    25
100
AcDbCircle
 10
1.0659779593
 20
2.4037995268
 30
0.0
 40
0.1000000000000029
100
AcDbArc
 50
29.4207966179
 51
161.9530795774
  0
ARC
  5
5F4
330
1F
100
AcDbEntity
  8
0
  6
Continuous
 62
     7
370
    25
100
AcDbCircle
 10
0.8986477482
 20
1.8902414738
 30
0.0
 40
0.0999999999999947
100
AcDbArc
 50
161.9530795773
 51
234.1125551728
  0
ARC
  5
5F5
330
1F
100
AcDbEntity
  8
0
  6
Continuous
 62
     7
370
    25
100
AcDbCircle
 10
0.7996307419
 20
2.5547255269
 30
0.0
 40
0.100000000000024
100
AcDbArc
 50
341.9530795774
 51
90.8162349725
  0
ARC
  5
5F6
330
1F
100
AcDbEntity
  8
0
  6
Continuous
 62
     7
370
    25
100
AcDbCircle
 10
0.6507485265
 20
2.0977867579
 30
0.0
 40
0.0999999999999973
100
AcDbArc
 50
225.2859299682
 51
341.9530795773
  0
ARC
  5
5F7
330
1F
100
AcDbEntity
  8
0
  6
Continuous
 62
     7
370
    25
100
AcDbCircle
 10
1.5642515295
 20
1.5202564058
 30
0.0
 40
0.0999999999999956
100
AcDbArc
 50
246.7292726796
 51
29.4207966179
  0
ARC
  5
5F8
330
1F
100
AcDbEntity
  8
0
  6
Continuous
 62
     7
370
    25
100
AcDbCircle
 10
-2.7229302257
 20
2.8106862066
 30
0.0
 40
0.0999999999999641
100
AcDbArc
 50
1.5576715008
 51
93.4669996323
  0
ARC
  5
5F9
330
1F
100
AcDbEntity
  8
0
  6
Continuous
 62
     7
370
    25
100
AcDbCircle
 10
-4.8258417608
 20
2.7536782645
 30
0.0
 40
0.1000000000000301
100
AcDbArc
 50
90.4857738184
 51
181.5576715008
  0
ARC
  5
5FA
330
1F
100
AcDbEntity
  8
0
  6
Continuous
 62
     7
370
    25
100
AcDbCircle
 10
-4.8156261023
 20
2.378008616
 30
0.0
 40
0.1000000000000063
100
AcDbArc
 50
181.5576715008
 51
278.5582930692
  0
ARC
  5
5FB
330
1F
100
AcDbEntity
  8
0
  6
Continuous
 62
     7
370
    25
100
AcDbCircle
 10
-2.7212749844
 20
2.749816521
 30
0.0
 40
0.1000000000000066
100
AcDbArc
 50
281.7952585862
 51
1.5576715008
  0
ARC
  5
5FC
330
1F
100
AcDbEntity
  8
0
  6
Continuous
 62
     7
370
    25
100
AcDbCircle
 10
-10.3732311931
 20
2.5121385295
 30
0.0
 40
0.10000000000004
100
AcDbArc
 50
245.414499852
 51
1.5576715008
  0
ARC
  5
5FD
330
1F
100
AcDbEntity
  8
0
  6
Continuous
 62
     7
370
    25
100
AcDbCircle
 10
-10.3824024813
 20
2.8494026072
 30
0.0
 40
0.0999999999999597
100
AcDbArc
 50
1.5576715008
 51
91.3049228003
  0
ARC
  5
5FE
330
1F
100
AcDbEntity
  8
0
  6
Continuous
 62
     7
370
    25
100
AcDbCircle
 10
-10.8324420881
 20
2.8412246086
 30
0.0
 40
0.0999999995280523
100
AcDbArc
 50
90.4906403017
 51
91.2609065475
  0
ARC
  5
5FF
330
1F
100
AcDbEntity
  8
0
  6
Continuous
 62
     7
370
    25
100
AcDbCircle
 10
0.465489761
 20
4.0006491872
 30
0.0
 40
0.0999999999999645
100
AcDbArc
 50
1.5576715008
 51
93.4669996323
  0
ARC
  5
600
330
1F
100
AcDbEntity
  8
0
  6
Continuous
 62
     7
370
    25
100
AcDbCircle
 10
-1.6374217741
 20
3.9436412451
 30
0.0
 40
0.1000000000000287
100
AcDbArc
 50
90.4857738184
 51
181.5576715008
  0
ARC
  5
601
330
1F
100
AcDbEntity
  8
0
  6
Continuous
 62
     7
370
    25
100
AcDbCircle
 10
-1.6272061156
 20
3.5679715966
 30
0.0
 40
0.1000000000000067
100
AcDbArc
 50
181.5576715008
 51
278.5582930692
  0
ARC
  5
602
330
1F
100
AcDbEntity
  8
0
  6
Continuous
 62
     7
370
    25
100
AcDbCircle
 10
0.4671450023
 20
3.9397795016
 30
0.0
 40
0.1000000000000051
100
AcDbArc
 50
281.7952585862
 51
1.5576715008
  0
ARC
  5
603
330
1F
100
AcDbEntity
  8
0
  6
Continuous
 62
     7
370
    25
100
AcDbCircle
 10
-7.1848112064
 20
3.7021015102
 30
0.0
 40
0.1000000000000417
100
AcDbArc
 50
245.414499852
 51
1.5576715008
  0
ARC
  5
604
330
1F
100
AcDbEntity
  8
0
  6
Continuous
 62
     7
370
    25
100
AcDbCircle
 10
-7.1939824947
 20
4.0393655878
 30
0.0
 40
0.099999999999958
100
AcDbArc
 50
1.5576715008
 51
91.3049228003
  0
ARC
  5
605
330
1F
100
AcDbEntity
  8
0
  6
Continuous
 62
     7
370
    25
100
AcDbCircle
 10
-7.6440221014
 20
4.0311875892
 30
0.0
 40
0.0999999995144764
100
AcDbArc
 50
90.4906403016
 51
91.2609065475
  0
MTEXT
  5
607
330
1F
100
AcDbEntity
  8
0
  6
Continuous
 62
     7
100
AcDbMText
 10
-12.0
 20
-31.5401404091
 30
0.0
 40
0.1903
 41
0.0
 71
     1
 72
     1
  1
SOLIDWORKS Educational Product.
  7
SLDTEXTSTYLE0
 73
     1
 44
1.0
  0
MTEXT
  5
608
330
1F
100
AcDbEntity
  8
0
  6
Continuous
 62
     7
100
AcDbMText
 10
-12.0
 20
-31.8255904091
 30
0.0
 40
0.1903
 41
0.0
 71
     1
 72
     1
  1
For Instructional Use Only.
  7
SLDTEXTSTYLE0
 73
     1
 44
1.0
  0
ENDSEC
  0
SECTION
  2
OBJECTS
  0
DICTIONARY
  5
C
330
0
100
AcDbDictionary
281
     1
  3
ACAD_GROUP
350
D
  3
ACAD_LAYOUT
350
1A
  3
ACAD_MLINESTYLE
350
17
  3
ACAD_PLOTSETTINGS
350
19
  3
ACAD_PLOTSTYLENAME
350
E
  3
ACAD_SCALELIST
350
47
  3
DWGPROPS
350
609
  0
DICTIONARY
  5
D
102
{ACAD_REACTORS
330
C
102
}
330
C
100
AcDbDictionary
281
     1
  0
DICTIONARY
  5
1A
102
{ACAD_REACTORS
330
C
102
}
330
C
100
AcDbDictionary
281
     1
  3
Layout1
350
1E
  3
Layout2
350
26
  3
Model
350
22
  0
DICTIONARY
  5
17
102
{ACAD_REACTORS
330
C
102
}
330
C
100
AcDbDictionary
281
     1
  3
Standard
350
18
  0
DICTIONARY
  5
19
102
{ACAD_REACTORS
330
C
102
}
330
C
100
AcDbDictionary
281
     1
  0
ACDBDICTIONARYWDFLT
  5
E
102
{ACAD_REACTORS
330
C
102
}
330
C
100
AcDbDictionary
281
     1
  3
Normal
350
F
100
AcDbDictionaryWithDefault
340
F
  0
DICTIONARY
  5
47
102
{ACAD_REACTORS
330
C
102
}
330
C
100
AcDbDictionary
281
     1
  3
A0
350
48
  3
A1
350
49
  3
A2
350
4A
  3
A3
350
4B
  3
A4
350
4C
  3
A5
350
4D
  3
A6
350
4E
  3
A7
350
4F
  3
A8
350
50
  3
A9
350
51
  3
B1
350
52
  3
B2
350
53
  3
B3
350
54
  3
B4
350
55
  3
B5
350
56
  3
B6
350
57
  3
B7
350
58
  0
XRECORD
  5
609
102
{ACAD_REACTORS
330
C
102
}
330
C
100
AcDbXrecord
280
     1
  1
DWGPROPS COOKIE
  2

  3

  4

  6

  7

  8
xxori
  9

300
=
301
=
302
=
303
=
304
=
305
=
306
=
307
=
308
=
309
=
 40
0.0
 41
2461130.075271181
 42
2461130.075737766
  1

 90
        0
  0
LAYOUT
  5
1E
102
{ACAD_REACTORS
330
1A
102
}
330
1A
100
AcDbPlotSettings
  1

  2
none_device
  4

  6

 40
0.0
 41
0.0
 42
0.0
 43
0.0
 44
0.0
 45
0.0
 46
0.0
 47
0.0
 48
0.0
 49
0.0
140
0.0
141
0.0
142
1.0
143
1.0
 70
   688
 72
     0
 73
     0
 74
     5
  7

 75
    16
147
1.0
148
0.0
149
0.0
100
AcDbLayout
  1
Layout1
 70
     1
 71
     1
 10
0.0
 20
0.0
 11
12.0
 21
9.0
 12
0.0
 22
0.0
 32
0.0
 14
1.0000000000E+20
 24
1.0000000000E+20
 34
1.0000000000E+20
 15
-1.0000000000E+20
 25
-1.0000000000E+20
 35
-1.0000000000E+20
146
0.0
 13
0.0
 23
0.0
 33
0.0
 16
1.0
 26
0.0
 36
0.0
 17
0.0
 27
1.0
 37
0.0
 76
     0
330
1B
  0
LAYOUT
  5
26
102
{ACAD_REACTORS
330
1A
102
}
330
1A
100
AcDbPlotSettings
  1

  2
none_device
  4

  6

 40
0.0
 41
0.0
 42
0.0
 43
0.0
 44
0.0
 45
0.0
 46
0.0
 47
0.0
 48
0.0
 49
0.0
140
0.0
141
0.0
142
1.0
143
1.0
 70
   688
 72
     0
 73
     0
 74
     5
  7

 75
    16
147
1.0
148
0.0
149
0.0
100
AcDbLayout
  1
Layout2
 70
     1
 71
     2
 10
0.0
 20
0.0
 11
0.0
 21
0.0
 12
0.0
 22
0.0
 32
0.0
 14
0.0
 24
0.0
 34
0.0
 15
0.0
 25
0.0
 35
0.0
146
0.0
 13
0.0
 23
0.0
 33
0.0
 16
1.0
 26
0.0
 36
0.0
 17
0.0
 27
1.0
 37
0.0
 76
     0
330
23
  0
LAYOUT
  5
22
102
{ACAD_REACTORS
330
1A
102
}
330
1A
100
AcDbPlotSettings
  1

  2
none_device
  4
ANSI_A_(11.00_x_8.50_Inches)
  6

 40
6.35
 41
19.05
 42
6.35000508
 43
19.05000254
 44
279.4
 45
215.9
 46
133.34999746
 47
169.05287373
 48
0.0
 49
0.0
140
0.0
141
0.0
142
0.23375
143
1.0
 70
  1696
 72
     0
 73
     0
 74
     0
  7

 75
     0
147
0.5913241897
148
-39.4088153714
149
0.0
100
AcDbLayout
  1
Model
 70
     1
 71
     0
 10
0.0
 20
0.0
 11
12.0
 21
9.0
 12
0.0
 22
0.0
 32
0.0
 14
-12.0
 24
-31.5
 34
0.0
 15
12.0
 25
4.5
 35
0.0
146
0.0
 13
0.0
 23
0.0
 33
0.0
 16
1.0
 26
0.0
 36
0.0
 17
0.0
 27
1.0
 37
0.0
 76
     0
330
1F
331
29
  0
MLINESTYLE
  5
18
102
{ACAD_REACTORS
330
17
102
}
330
17
100
AcDbMlineStyle
  2
Standard
 70
     0
  3

 62
   256
 51
90.0
 52
90.0
 71
     2
 49
0.5
 62
   256
  6
BYLAYER
 49
-0.5
 62
   256
  6
BYLAYER
  0
ACDBPLACEHOLDER
  5
F
102
{ACAD_REACTORS
330
E
102
}
330
E
  0
SCALE
  5
48
102
{ACAD_REACTORS
330
47
102
}
330
47
100
AcDbScale
 70
     0
300
1:1
140
1.0
141
1.0
290
     1
  0
SCALE
  5
49
102
{ACAD_REACTORS
330
47
102
}
330
47
100
AcDbScale
 70
     0
300
1/128" = 1'-0"
140
0.0078125
141
12.0
290
     0
  0
SCALE
  5
4A
102
{ACAD_REACTORS
330
47
102
}
330
47
100
AcDbScale
 70
     0
300
1/64" = 1'-0"
140
0.015625
141
12.0
290
     0
  0
SCALE
  5
4B
102
{ACAD_REACTORS
330
47
102
}
330
47
100
AcDbScale
 70
     0
300
1/32" = 1'-0"
140
0.03125
141
12.0
290
     0
  0
SCALE
  5
4C
102
{ACAD_REACTORS
330
47
102
}
330
47
100
AcDbScale
 70
     0
300
1/16" = 1'-0"
140
0.0625
141
12.0
290
     0
  0
SCALE
  5
4D
102
{ACAD_REACTORS
330
47
102
}
330
47
100
AcDbScale
 70
     0
300
3/32" = 1'-0"
140
0.09375
141
12.0
290
     0
  0
SCALE
  5
4E
102
{ACAD_REACTORS
330
47
102
}
330
47
100
AcDbScale
 70
     0
300
1/8" = 1'-0"
140
0.125
141
12.0
290
     0
  0
SCALE
  5
4F
102
{ACAD_REACTORS
330
47
102
}
330
47
100
AcDbScale
 70
     0
300
3/16" = 1'-0"
140
0.1875
141
12.0
290
     0
  0
SCALE
  5
50
102
{ACAD_REACTORS
330
47
102
}
330
47
100
AcDbScale
 70
     0
300
1/4" = 1'-0"
140
0.25
141
12.0
290
     0
  0
SCALE
  5
51
102
{ACAD_REACTORS
330
47
102
}
330
47
100
AcDbScale
 70
     0
300
3/8" = 1'-0"
140
0.375
141
12.0
290
     0
  0
SCALE
  5
52
102
{ACAD_REACTORS
330
47
102
}
330
47
100
AcDbScale
 70
     0
300
1/2" = 1'-0"
140
0.5
141
12.0
290
     0
  0
SCALE
  5
53
102
{ACAD_REACTORS
330
47
102
}
330
47
100
AcDbScale
 70
     0
300
3/4" = 1'-0"
140
0.75
141
12.0
290
     0
  0
SCALE
  5
54
102
{ACAD_REACTORS
330
47
102
}
330
47
100
AcDbScale
 70
     0
300
1" = 1'-0"
140
1.0
141
12.0
290
     0
  0
SCALE
  5
55
102
{ACAD_REACTORS
330
47
102
}
330
47
100
AcDbScale
 70
     0
300
1-1/2" = 1'-0"
140
1.5
141
12.0
290
     0
  0
SCALE
  5
56
102
{ACAD_REACTORS
330
47
102
}
330
47
100
AcDbScale
 70
     0
300
3" = 1'-0"
140
3.0
141
12.0
290
     0
  0
SCALE
  5
57
102
{ACAD_REACTORS
330
47
102
}
330
47
100
AcDbScale
 70
     0
300
6" = 1'-0"
140
6.0
141
12.0
290
     0
  0
SCALE
  5
58
102
{ACAD_REACTORS
330
47
102
}
330
47
100
AcDbScale
 70
     0
300
1'-0" = 1'-0"
140
12.0
141
12.0
290
     0
  0
ENDSEC
  0
EOF
