  0
SECTION
  2
HEADER
  9
$ACADVER
  1
AC1015
  9
$ACADMAINTVER
 70
     6
  9
$DWGCODEPAGE
  3
ANSI_1252
  9
$INSBASE
 10
0.0
 20
0.0
 30
0.0
  9
$EXTMIN
 10
-11.6557303397
 20
-4.9165195277
 30
0.0
  9
$EXTMAX
 10
11.8527855849
 20
4.4155648841
 30
0.0
  9
$LIMMIN
 10
0.0
 20
0.0
  9
$LIMMAX
 10
12.0
 20
9.0
  9
$ORTHOMODE
 70
     0
  9
$REGENMODE
 70
     1
  9
$FILLMODE
 70
     1
  9
$QTEXTMODE
 70
     0
  9
$MIRRTEXT
 70
     1
  9
$LTSCALE
 40
1.0
  9
$ATTMODE
 70
     1
  9
$TEXTSIZE
 40
0.1377952756
  9
$TRACEWID
 40
0.05
  9
$TEXTSTYLE
  7
Standard
  9
$CLAYER
  8
0
  9
$CELTYPE
  6
ByLayer
  9
$CECOLOR
 62
   256
  9
$CELTSCALE
 40
1.0
  9
$DISPSILH
 70
     0
  9
$DIMSCALE
 40
1.0
  9
$DIMASZ
 40
0.13
  9
$DIMEXO
 40
0.0
  9
$DIMDLI
 40
0.38
  9
$DIMRND
 40
0.0
  9
$DIMDLE
 40
0.0
  9
$DIMEXE
 40
0.125
  9
$DIMTP
 40
0.0
  9
$DIMTM
 40
0.0
  9
$DIMTXT
 40
0.1377952756
  9
$DIMCEN
 40
0.09
  9
$DIMTSZ
 40
0.0
  9
$DIMTOL
 70
     0
  9
$DIMLIM
 70
     0
  9
$DIMTIH
 70
     1
  9
$DIMTOH
 70
     1
  9
$DIMSE1
 70
     0
  9
$DIMSE2
 70
     0
  9
$DIMTAD
 70
     1
  9
$DIMZIN
 70
     1
  9
$DIMBLK
  1

  9
$DIMASO
 70
     1
  9
$DIMSHO
 70
     1
  9
$DIMPOST
  1

  9
$DIMAPOST
  1

  9
$DIMALT
 70
     0
  9
$DIMALTD
 70
     2
  9
$DIMALTF
 40
25.4
  9
$DIMLFAC
 40
1.0
  9
$DIMTOFL
 70
     0
  9
$DIMTVP
 40
0.0
  9
$DIMTIX
 70
     0
  9
$DIMSOXD
 70
     0
  9
$DIMSAH
 70
     0
  9
$DIMBLK1
  1

  9
$DIMBLK2
  1

  9
$DIMSTYLE
  2
Standard
  9
$DIMCLRD
 70
     0
  9
$DIMCLRE
 70
     0
  9
$DIMCLRT
 70
     0
  9
$DIMTFAC
 40
1.0
  9
$DIMGAP
 40
0.06
  9
$DIMJUST
 70
     0
  9
$DIMSD1
 70
     0
  9
$DIMSD2
 70
     0
  9
$DIMTOLJ
 70
     1
  9
$DIMTZIN
 70
     1
  9
$DIMALTZ
 70
     0
  9
$DIMALTTZ
 70
     0
  9
$DIMUPT
 70
     0
  9
$DIMDEC
 70
     2
  9
$DIMTDEC
 70
     2
  9
$DIMALTU
 70
     2
  9
$DIMALTTD
 70
     2
  9
$DIMTXSTY
  7
Standard
  9
$DIMAUNIT
 70
     0
  9
$DIMADEC
 70
     2
  9
$DIMALTRND
 40
0.0
  9
$DIMAZIN
 70
     0
  9
$DIMDSEP
 70
    46
  9
$DIMATFIT
 70
     3
  9
$DIMFRAC
 70
     0
  9
$DIMLDRBLK
  1

  9
$DIMLUNIT
 70
     2
  9
$DIMLWD
 70
    -2
  9
$DIMLWE
 70
    -2
  9
$DIMTMOVE
 70
     0
  9
$LUNITS
 70
     2
  9
$LUPREC
 70
     2
  9
$SKETCHINC
 40
0.1
  9
$FILLETRAD
 40
0.0
  9
$AUNITS
 70
     0
  9
$AUPREC
 70
     2
  9
$MENU
  1
.
  9
$ELEVATION
 40
0.0
  9
$PELEVATION
 40
0.0
  9
$THICKNESS
 40
0.0
  9
$LIMCHECK
 70
     0
  9
$CHAMFERA
 40
0.0
  9
$CHAMFERB
 40
0.0
  9
$CHAMFERC
 40
0.0
  9
$CHAMFERD
 40
0.0
  9
$SKPOLY
 70
     0
  9
$TDCREATE
 40
2461203.721888125
  9
$TDUCREATE
 40
2461204.013554792
  9
$TDUPDATE
 40
2461203.722242928
  9
$TDUUPDATE
 40
2461204.013909595
  9
$TDINDWG
 40
0.0000000116
  9
$TDUSRTIMER
 40
0.0000000116
  9
$USRTIMER
 70
     1
  9
$ANGBASE
 50
0.0
  9
$ANGDIR
 70
     0
  9
$PDMODE
 70
     0
  9
$PDSIZE
 40
-1.0
  9
$PLINEWID
 40
0.0
  9
$SPLFRAME
 70
     0
  9
$SPLINETYPE
 70
     6
  9
$SPLINESEGS
 70
     8
  9
$HANDSEED
  5
5FB
  9
$SURFTAB1
 70
     6
  9
$SURFTAB2
 70
     6
  9
$SURFTYPE
 70
     6
  9
$SURFU
 70
     6
  9
$SURFV
 70
     6
  9
$UCSBASE
  2

  9
$UCSNAME
  2

  9
$UCSORG
 10
0.0
 20
0.0
 30
0.0
  9
$UCSXDIR
 10
1.0
 20
0.0
 30
0.0
  9
$UCSYDIR
 10
0.0
 20
1.0
 30
0.0
  9
$UCSORTHOREF
  2

  9
$UCSORTHOVIEW
 70
     0
  9
$UCSORGTOP
 10
0.0
 20
0.0
 30
0.0
  9
$UCSORGBOTTOM
 10
0.0
 20
0.0
 30
0.0
  9
$UCSORGLEFT
 10
0.0
 20
0.0
 30
0.0
  9
$UCSORGRIGHT
 10
0.0
 20
0.0
 30
0.0
  9
$UCSORGFRONT
 10
0.0
 20
0.0
 30
0.0
  9
$UCSORGBACK
 10
0.0
 20
0.0
 30
0.0
  9
$PUCSBASE
  2

  9
$PUCSNAME
  2

  9
$PUCSORG
 10
0.0
 20
0.0
 30
0.0
  9
$PUCSXDIR
 10
1.0
 20
0.0
 30
0.0
  9
$PUCSYDIR
 10
0.0
 20
1.0
 30
0.0
  9
$PUCSORTHOREF
  2

  9
$PUCSORTHOVIEW
 70
     0
  9
$PUCSORGTOP
 10
0.0
 20
0.0
 30
0.0
  9
$PUCSORGBOTTOM
 10
0.0
 20
0.0
 30
0.0
  9
$PUCSORGLEFT
 10
0.0
 20
0.0
 30
0.0
  9
$PUCSORGRIGHT
 10
0.0
 20
0.0
 30
0.0
  9
$PUCSORGFRONT
 10
0.0
 20
0.0
 30
0.0
  9
$PUCSORGBACK
 10
0.0
 20
0.0
 30
0.0
  9
$USERI1
 70
     0
  9
$USERI2
 70
     0
  9
$USERI3
 70
     0
  9
$USERI4
 70
     0
  9
$USERI5
 70
     0
  9
$USERR1
 40
0.0
  9
$USERR2
 40
0.0
  9
$USERR3
 40
0.0
  9
$USERR4
 40
0.0
  9
$USERR5
 40
0.0
  9
$WORLDVIEW
 70
     1
  9
$SHADEDGE
 70
     3
  9
$SHADEDIF
 70
    70
  9
$TILEMODE
 70
     1
  9
$MAXACTVP
 70
    64
  9
$PINSBASE
 10
0.0
 20
0.0
 30
0.0
  9
$PLIMCHECK
 70
     0
  9
$PEXTMIN
 10
1.0000000000E+20
 20
1.0000000000E+20
 30
1.0000000000E+20
  9
$PEXTMAX
 10
-1.0000000000E+20
 20
-1.0000000000E+20
 30
-1.0000000000E+20
  9
$PLIMMIN
 10
0.0
 20
0.0
  9
$PLIMMAX
 10
12.0
 20
9.0
  9
$UNITMODE
 70
     0
  9
$VISRETAIN
 70
     1
  9
$PLINEGEN
 70
     0
  9
$PSLTSCALE
 70
     1
  9
$TREEDEPTH
 70
  3020
  9
$CMLSTYLE
  2
Standard
  9
$CMLJUST
 70
     0
  9
$CMLSCALE
 40
1.0
  9
$PROXYGRAPHICS
 70
     1
  9
$MEASUREMENT
 70
     0
  9
$CELWEIGHT
370
    -1
  9
$ENDCAPS
280
     0
  9
$JOINSTYLE
280
     0
  9
$LWDISPLAY
290
     1
  9
$INSUNITS
 70
     1
  9
$HYPERLINKBASE
  1

  9
$STYLESHEET
  1

  9
$XEDIT
290
     1
  9
$CEPSNTYPE
380
     0
  9
$PSTYLEMODE
290
     1
  9
$FINGERPRINTGUID
  2
{20a5f32f-5353-497f-be24-5335a60b0df5}
  9
$VERSIONGUID
  2
{FAEB1C32-E019-11D5-929B-00C0DF256EC4}
  9
$EXTNAMES
290
     1
  9
$PSVPSCALE
 40
0.0
  9
$OLESTARTUP
290
     0
  0
ENDSEC
  0
SECTION
  2
CLASSES
  0
CLASS
  1
ACDBDICTIONARYWDFLT
  2
AcDbDictionaryWithDefault
  3
ObjectDBX Classes
 90
        0
280
     0
281
     0
  0
CLASS
  1
VISUALSTYLE
  2
AcDbVisualStyle
  3
ObjectDBX Classes
 90
     4095
280
     0
281
     0
  0
CLASS
  1
MATERIAL
  2
AcDbMaterial
  3
ObjectDBX Classes
 90
     1153
280
     0
281
     0
  0
CLASS
  1
SCALE
  2
AcDbScale
  3
ObjectDBX Classes
 90
     1153
280
     0
281
     0
  0
CLASS
  1
TABLESTYLE
  2
AcDbTableStyle
  3
ObjectDBX Classes
 90
     4095
280
     0
281
     0
  0
CLASS
  1
MLEADERSTYLE
  2
AcDbMLeaderStyle
  3
ACDB_MLEADERSTYLE_CLASS
 90
     4095
280
     0
281
     0
  0
CLASS
  1
SUN
  2
AcDbSun
  3
SCENEOE
 90
     1153
280
     0
281
     0
  0
CLASS
  1
ACDBPLACEHOLDER
  2
AcDbPlaceHolder
  3
ObjectDBX Classes
 90
        0
280
     0
281
     0
  0
CLASS
  1
LAYOUT
  2
AcDbLayout
  3
ObjectDBX Classes
 90
        0
280
     0
281
     0
  0
ENDSEC
  0
SECTION
  2
TABLES
  0
TABLE
  2
VPORT
  5
8
330
0
100
AcDbSymbolTable
 70
     1
  0
VPORT
  5
29
330
8
100
AcDbSymbolTableRecord
100
AcDbViewportTableRecord
  2
*Active
 70
     0
 10
0.0
 20
0.0
 11
1.0
 21
1.0
 12
0.0985276226
 22
-0.2504773218
 13
0.0
 23
0.0
 14
0.5
 24
0.5
 15
0.5
 25
0.5
 16
0.0
 26
0.0
 36
1.0
 17
0.0
 27
0.0
 37
0.0
 40
9.5187260999
 41
2.5191066526
 42
50.0
 43
0.0
 44
0.0
 50
0.0
 51
0.0
 71
     0
 72
   100
 73
     1
 74
     3
 75
     0
 76
     0
 77
     0
 78
     0
281
     0
 65
     1
110
0.0
120
0.0
130
0.0
111
1.0
121
0.0
131
0.0
112
0.0
122
1.0
132
0.0
 79
     0
146
0.0
  0
ENDTAB
  0
TABLE
  2
LTYPE
  5
5
330
0
100
AcDbSymbolTable
 70
     6
  0
LTYPE
  5
14
330
5
100
AcDbSymbolTableRecord
100
AcDbLinetypeTableRecord
  2
ByBlock
 70
     0
  3

 72
    65
 73
     0
 40
0.0
  0
LTYPE
  5
15
330
5
100
AcDbSymbolTableRecord
100
AcDbLinetypeTableRecord
  2
ByLayer
 70
     0
  3

 72
    65
 73
     0
 40
0.0
  0
LTYPE
  5
16
330
5
100
AcDbSymbolTableRecord
100
AcDbLinetypeTableRecord
  2
Continuous
 70
     0
  3
Solid line
 72
    65
 73
     0
 40
0.0
  0
LTYPE
  5
5E
330
5
100
AcDbSymbolTableRecord
100
AcDbLinetypeTableRecord
  2
HIDDEN
 70
     0
  3
Hidden __ __ __ __ __ __ __ __ __ __ __ __ __ __
 72
    65
 73
     2
 40
0.075
 49
0.05
 74
     0
 49
-0.025
 74
     0
  0
LTYPE
  5
5F
330
5
100
AcDbSymbolTableRecord
100
AcDbLinetypeTableRecord
  2
PHANTOM
 70
     0
  3
Phantom ______  __  __  ______  __  __  ______
 72
    65
 73
     6
 40
0.5
 49
0.25
 74
     0
 49
-0.05
 74
     0
 49
0.05
 74
     0
 49
-0.05
 74
     0
 49
0.05
 74
     0
 49
-0.05
 74
     0
  0
LTYPE
  5
60
330
5
100
AcDbSymbolTableRecord
100
AcDbLinetypeTableRecord
  2
CENTER
 70
     0
  3
Center ____ _ ____ _ ____ _ ____ _ ____ _ ____
 72
    65
 73
     4
 40
0.4
 49
0.25
 74
     0
 49
-0.05
 74
     0
 49
0.05
 74
     0
 49
-0.05
 74
     0
  0
LTYPE
  5
61
330
5
100
AcDbSymbolTableRecord
100
AcDbLinetypeTableRecord
  2
CENTERX2
 70
     0
  3
Center (2x) ________  __  ________  __  _____
 72
    65
 73
     4
 40
0.8
 49
0.5
 74
     0
 49
-0.1
 74
     0
 49
0.1
 74
     0
 49
-0.1
 74
     0
  0
LTYPE
  5
62
330
5
100
AcDbSymbolTableRecord
100
AcDbLinetypeTableRecord
  2
DOT2
 70
     0
  3
Dot (.5x) ........................................
 72
    65
 73
     2
 40
0.025
 49
0.0
 74
     0
 49
-0.025
 74
     0
  0
ENDTAB
  0
TABLE
  2
LAYER
  5
2
330
0
100
AcDbSymbolTable
 70
     1
  0
LAYER
  5
10
330
2
100
AcDbSymbolTableRecord
100
AcDbLayerTableRecord
  2
0
 70
     0
 62
     7
  6
Continuous
370
    -3
390
F
  0
ENDTAB
  0
TABLE
  2
STYLE
  5
3
330
0
100
AcDbSymbolTable
 70
     2
  0
STYLE
  5
11
330
3
100
AcDbSymbolTableRecord
100
AcDbTextStyleTableRecord
  2
Standard
 70
     0
 40
0.0
 41
1.0
 50
0.0
 71
     0
 42
0.1377952756
  3
txt
  4

  0
STYLE
  5
5F7
330
3
100
AcDbSymbolTableRecord
100
AcDbTextStyleTableRecord
  2
SLDTEXTSTYLE0
 70
     0
 40
0.0
 41
0.7
 50
0.0
 71
     0
 42
0.1377952756
  3
TXT
  4

  0
ENDTAB
  0
TABLE
  2
VIEW
  5
6
330
0
100
AcDbSymbolTable
 70
     0
  0
ENDTAB
  0
TABLE
  2
UCS
  5
7
330
0
100
AcDbSymbolTable
 70
     0
  0
ENDTAB
  0
TABLE
  2
APPID
  5
9
330
0
100
AcDbSymbolTable
 70
     1
  0
APPID
  5
12
330
9
100
AcDbSymbolTableRecord
100
AcDbRegAppTableRecord
  2
ACAD
 70
     0
  0
ENDTAB
  0
TABLE
  2
DIMSTYLE
  5
A
330
0
100
AcDbSymbolTable
 70
     1
100
AcDbDimStyleTable
  0
DIMSTYLE
105
27
330
A
100
AcDbSymbolTableRecord
100
AcDbDimStyleTableRecord
  2
Standard
 70
     0
178
     0
340
11
  0
ENDTAB
  0
TABLE
  2
BLOCK_RECORD
  5
1
330
0
100
AcDbSymbolTable
 70
     1
  0
BLOCK_RECORD
  5
1F
330
1
100
AcDbSymbolTableRecord
100
AcDbBlockTableRecord
  2
*Model_Space
340
22
  0
BLOCK_RECORD
  5
1B
330
1
100
AcDbSymbolTableRecord
100
AcDbBlockTableRecord
  2
*Paper_Space
340
1E
  0
BLOCK_RECORD
  5
23
330
1
100
AcDbSymbolTableRecord
100
AcDbBlockTableRecord
  2
*Paper_Space0
340
26
  0
ENDTAB
  0
ENDSEC
  0
SECTION
  2
BLOCKS
  0
BLOCK
  5
20
330
1F
100
AcDbEntity
  8
0
100
AcDbBlockBegin
  2
*Model_Space
 70
     0
 10
0.0
 20
0.0
 30
0.0
  3
*Model_Space
  1

  0
ENDBLK
  5
21
330
1F
100
AcDbEntity
  8
0
100
AcDbBlockEnd
  0
BLOCK
  5
1C
330
1B
100
AcDbEntity
 67
     1
  8
0
100
AcDbBlockBegin
  2
*Paper_Space
 70
     0
 10
0.0
 20
0.0
 30
0.0
  3
*Paper_Space
  1

  0
ENDBLK
  5
1D
330
1B
100
AcDbEntity
 67
     1
  8
0
100
AcDbBlockEnd
  0
BLOCK
  5
24
330
23
100
AcDbEntity
  8
0
100
AcDbBlockBegin
  2
*Paper_Space0
 70
     0
 10
0.0
 20
0.0
 30
0.0
  3
*Paper_Space0
  1

  0
ENDBLK
  5
25
330
23
100
AcDbEntity
  8
0
100
AcDbBlockEnd
  0
ENDSEC
  0
SECTION
  2
ENTITIES
  0
SPLINE
  5
68
330
1F
100
AcDbEntity
  8
0
  6
Continuous
 62
     7
370
    25
100
AcDbSpline
210
0.0
220
0.0
230
1.0
 70
     8
 71
     3
 72
    10
 73
     6
 74
     0
 42
0.00000001
 43
0.00000001
 40
0.0
 40
0.0
 40
0.0
 40
0.0
 40
0.3344125491347458
 40
0.6677053124600774
 40
1.0
 40
1.0
 40
1.0
 40
1.0
 10
2.641118022388405
 20
3.96949973476226
 30
0.0
 10
2.411875523133737
 20
3.90917352643063
 30
0.0
 10
1.954158146827112
 20
3.788723113048049
 30
0.0
 10
1.278411423456906
 20
3.573657614185571
 30
0.0
 10
0.835719645886832
 20
3.410570476573794
 30
0.0
 10
0.6147056743750385
 20
3.329149185706552
 30
0.0
  0
SPLINE
  5
6C
330
1F
100
AcDbEntity
  8
0
  6
Continuous
 62
     7
370
    25
100
AcDbSpline
210
0.0
220
0.0
230
1.0
 70
     8
 71
     3
 72
    10
 73
     6
 74
     0
 42
0.00000001
 43
0.00000001
 40
0.0
 40
0.0
 40
0.0
 40
0.0
 40
0.3340008855489813
 40
0.6665136185795332
 40
1.0
 40
1.0
 40
1.0
 40
1.0
 10
0.665529368296398
 20
2.967819111773389
 30
0.0
 10
0.8934790313246577
 20
2.973057431990646
 30
0.0
 10
1.34836271975928
 20
2.983510732907928
 30
0.0
 10
2.030991924550654
 20
2.973381434865299
 30
0.0
 10
2.485477534548097
 20
2.963162308710445
 30
0.0
 10
2.713052554089459
 20
2.958045275776444
 30
0.0
  0
SPLINE
  5
70
330
1F
100
AcDbEntity
  8
0
  6
Continuous
 62
     7
370
    25
100
AcDbSpline
210
0.0
220
0.0
230
1.0
 70
     8
 71
     3
 72
    19
 73
    15
 74
     0
 42
0.00000001
 43
0.00000001
 40
0.0
 40
0.0
 40
0.0
 40
0.0
 40
0.1301445324709939
 40
0.2556147447423932
 40
0.3185347350074406
 40
0.3678121316702016
 40
0.4017106865793028
 40
0.4704256405087434
 40
0.5368986000605307
 40
0.580913725784554
 40
0.6374970660269876
 40
0.7058905790103821
 40
0.8548929662720086
 40
1.0
 40
1.0
 40
1.0
 40
1.0
 10
9.385224874498688
 20
2.571495315752994
 30
0.0
 10
9.433502799099443
 20
2.572775095881129
 30
0.0
 10
9.528324680120575
 20
2.57528869107079
 30
0.0
 10
9.646064753517651
 20
2.588605916639763
 30
0.0
 10
9.732459604141479
 20
2.605933214298229
 30
0.0
 10
9.78505570603992
 20
2.620348577314089
 30
0.0
 10
9.834151044919242
 20
2.649643443994071
 30
0.0
 10
9.870628038854946
 20
2.703395714187863
 30
0.0
 10
9.888720425903223
 20
2.769452599406975
 30
0.0
 10
9.877766290652996
 20
2.831495150650616
 30
0.0
 10
9.853428600375494
 20
2.889583835039395
 30
0.0
 10
9.799832758053563
 20
2.97627068362913
 30
0.0
 10
9.715504339743312
 20
3.08152639587789
 30
0.0
 10
9.640195276096822
 20
3.160515262976525
 30
0.0
 10
9.603039462448267
 20
3.199486609639445
 30
0.0
  0
CIRCLE
  5
79
330
1F
100
AcDbEntity
  8
0
  6
Continuous
 62
     7
370
    25
100
AcDbCircle
 10
7.9184116578
 20
3.2064239135
 30
0.0
 40
0.0590551199999833
  0
CIRCLE
  5
7A
330
1F
100
AcDbEntity
  8
0
  6
Continuous
 62
     7
370
    25
100
AcDbCircle
 10
7.9028983607
 20
3.4559421245
 30
0.0
 40
0.0590551199999847
  0
CIRCLE
  5
7B
330
1F
100
AcDbEntity
  8
0
  6
Continuous
 62
     7
370
    25
100
AcDbCircle
 10
7.2453919294
 20
3.5564899593
 30
0.0
 40
0.0590551200000024
  0
CIRCLE
  5
7C
330
1F
100
AcDbEntity
  8
0
  6
Continuous
 62
     7
370
    25
100
AcDbCircle
 10
7.2658242294
 20
3.2278537654
 30
0.0
 40
0.0590551199999838
  0
CIRCLE
  5
7D
330
1F
100
AcDbEntity
  8
0
  6
Continuous
 62
     7
370
    25
100
AcDbCircle
 10
5.4744649724
 20
3.8080288264
 30
0.0
 40
0.0590551199999841
  0
CIRCLE
  5
7E
330
1F
100
AcDbEntity
  8
0
  6
Continuous
 62
     7
370
    25
100
AcDbCircle
 10
5.5062727288
 20
3.2964280766
 30
0.0
 40
0.05905512
  0
CIRCLE
  5
7F
330
1F
100
AcDbEntity
  8
0
  6
Continuous
 62
     7
370
    25
100
AcDbCircle
 10
3.8030624221
 20
3.7667723785
 30
0.0
 40
0.0590551199999851
  0
CIRCLE
  5
80
330
1F
100
AcDbEntity
  8
0
  6
Continuous
 62
     7
370
    25
100
AcDbCircle
 10
3.8251007703
 20
3.4123042629
 30
0.0
 40
0.0590551199999848
  0
CIRCLE
  5
81
330
1F
100
AcDbEntity
  8
0
  6
Continuous
 62
     7
370
    25
100
AcDbCircle
 10
3.2258253785
 20
3.716270681
 30
0.0
 40
0.0590551199999839
  0
CIRCLE
  5
82
330
1F
100
AcDbEntity
  8
0
  6
Continuous
 62
     7
370
    25
100
AcDbCircle
 10
3.2478637267
 20
3.3618025654
 30
0.0
 40
0.0590551199999835
  0
CIRCLE
  5
83
330
1F
100
AcDbEntity
  8
0
  6
Continuous
 62
     7
370
    25
100
AcDbCircle
 10
6.4635836051
 20
3.4620008303
 30
0.0
 40
0.4549999999999678
  0
SPLINE
  5
84
330
1F
100
AcDbEntity
  8
0
  6
Continuous
 62
     7
370
    25
100
AcDbSpline
210
0.0
220
0.0
230
1.0
 70
     8
 71
     3
 72
    55
 73
    51
 74
     0
 42
0.00000001
 43
0.00000001
 40
0.0
 40
0.0
 40
0.0
 40
0.0
 40
0.0188262787386043
 40
0.0390381900319165
 40
0.0596942791746278
 40
0.0799758069448025
 40
0.0999432623244312
 40
0.1198414268171923
 40
0.139819362882792
 40
0.1948381073448063
 40
0.2497998271880855
 40
0.2880659259170854
 40
0.3263018103589977
 40
0.3645395409928937
 40
0.4027908056747343
 40
0.4409742295559965
 40
0.4509267572912455
 40
0.4607630951501059
 40
0.4658590057643949
 40
0.4708661746080627
 40
0.4752754176871881
 40
0.4791359957262278
 40
0.4830934363121972
 40
0.4868247803731685
 40
0.4906586769519785
 40
0.4948821301522923
 40
0.4993871671178065
 40
0.512590930675379
 40
0.5257442188302451
 40
0.5390031131771961
 40
0.5522537141232793
 40
0.5655544903250342
 40
0.5788705363531972
 40
0.6008357701119229
 40
0.622839459893095
 40
0.6448776575308173
 40
0.6669408941158672
 40
0.6890131817023161
 40
0.7110809988095695
 40
0.7370935594378745
 40
0.7630966263287667
 40
0.7890815100957472
 40
0.815087885489324
 40
0.8498427295086481
 40
0.8844799951524678
 40
0.9190105545013071
 40
0.9398213010845902
 40
0.9609072921755214
 40
0.981273562729483
 40
1.0
 40
1.0
 40
1.0
 40
1.0
 10
-1.147724430625264
 20
2.587239401951265
 30
0.0
 10
-1.005614194598298
 20
2.622107985068263
 30
0.0
 10
-0.7109342699817967
 20
2.694411513171978
 30
0.0
 10
-0.2543725834947665
 20
2.777940471105588
 30
0.0
 10
0.2168238953996691
 20
2.841419993765438
 30
0.0
 10
0.6894178968634838
 20
2.872534699461344
 30
0.0
 10
1.156826492298531
 20
2.880714547828511
 30
0.0
 10
1.621876859899305
 20
2.878253192345663
 30
0.0
 10
2.359240358151359
 20
2.868501288040715
 30
0.0
 10
3.368897361183798
 20
2.842434534786117
 30
0.0
 10
4.519597668835708
 20
2.784767992145639
 30
0.0
 10
5.538801337020796
 20
2.714586658033726
 30
0.0
 10
6.428166191532798
 20
2.650948257541665
 30
0.0
 10
7.317902363967699
 20
2.594083927314601
 30
0.0
 10
8.206964290396193
 20
2.5346427503851
 30
0.0
 10
8.876536370292985
 20
2.483153707145334
 30
0.0
 10
9.326824577802231
 20
2.469067162908306
 30
0.0
 10
9.52045999684037
 20
2.473493517167022
 30
0.0
 10
9.674449339156224
 20
2.492183005806311
 30
0.0
 10
9.785277642757343
 20
2.512687456963981
 30
0.0
 10
9.882372775499348
 20
2.555144140383012
 30
0.0
 10
9.944595509819614
 20
2.630054476665168
 30
0.0
 10
9.980983372399626
 20
2.713347587878792
 30
0.0
 10
9.988168963533509
 20
2.804586333145824
 30
0.0
 10
9.963017252381874
 20
2.894020333518354
 30
0.0
 10
9.917127119935952
 20
2.980648003194983
 30
0.0
 10
9.817083542694307
 20
3.118895502519162
 30
0.0
 10
9.656299859572323
 20
3.29825422557604
 30
0.0
 10
9.417286670924597
 20
3.493711170305687
 30
0.0
 10
9.158824344006543
 20
3.662418453892754
 30
0.0
 10
8.885566870515571
 20
3.808198108589047
 30
0.0
 10
8.601910433853362
 20
3.933376420602372
 30
0.0
 10
8.247326450068451
 20
4.063625049817639
 30
0.0
 10
7.818288938014403
 20
4.18463232934725
 30
0.0
 10
7.314977163206335
 20
4.285513835391229
 30
0.0
 10
6.805735085986019
 20
4.35509684205145
 30
0.0
 10
6.293167467106214
 20
4.398707623312919
 30
0.0
 10
5.77898395740362
 20
4.419857108639785
 30
0.0
 10
5.233686399769828
 20
4.419913417590323
 30
0.0
 10
4.65830251718883
 20
4.394829288848499
 30
0.0
 10
4.054538900232724
 20
4.338200084619408
 30
0.0
 10
3.45469030406935
 20
4.249359090349311
 30
0.0
 10
2.793724279646952
 20
4.115526663623393
 30
0.0
 10
2.075828959971323
 20
3.92889720608069
 30
0.0
 10
1.30483436489199
 20
3.687916594846348
 30
0.0
 10
0.6457864781586503
 20
3.453471471310323
 30
0.0
 10
0.0957731345907833
 20
3.229027945046338
 30
0.0
 10
-0.3459505675415349
 20
3.031450817116982
 30
0.0
 10
-0.7687007442265389
 20
2.831360302283385
 30
0.0
 10
-1.039283895095605
 20
2.693225209979301
 30
0.0
 10
-1.168900355125923
 20
2.627054860447521
 30
0.0
  0
SPLINE
  5
91
330
1F
100
AcDbEntity
  8
0
  6
Continuous
 62
     7
370
    25
100
AcDbSpline
210
0.0
220
0.0
230
1.0
 70
     8
 71
     3
 72
     9
 73
     5
 74
     0
 42
0.00000001
 43
0.00000001
 40
0.0
 40
0.0
 40
0.0
 40
0.0
 40
0.497934049107965
 40
1.0
 40
1.0
 40
1.0
 40
1.0
 10
9.343402801484691
 20
3.416986232902979
 30
0.0
 10
9.234962088085947
 20
3.489553072992519
 30
0.0
 10
9.017180810438806
 20
3.635288919375267
 30
0.0
 10
8.778513758143388
 20
3.743493359384139
 30
0.0
 10
8.658687157586087
 20
3.797819124447932
 30
0.0
  0
SPLINE
  5
95
330
1F
100
AcDbEntity
  8
0
  6
Continuous
 62
     7
370
    25
100
AcDbSpline
210
0.0
220
0.0
230
1.0
 70
     8
 71
     3
 72
    10
 73
     6
 74
     0
 42
0.00000001
 43
0.00000001
 40
0.0
 40
0.0
 40
0.0
 40
0.0
 40
0.3344125491347473
 40
0.6677053124600756
 40
1.0
 40
1.0
 40
1.0
 40
1.0
 10
7.542313043423325
 20
1.256710960696627
 30
0.0
 10
7.771555542677991
 20
1.317037169028264
 30
0.0
 10
8.229272918984611
 20
1.437487582410856
 30
0.0
 10
8.90501964235483
 20
1.652553081273291
 30
0.0
 10
9.347711419924899
 20
1.815640218885079
 30
0.0
 10
9.56872539143669
 20
1.897061509752326
 30
0.0
  0
SPLINE
  5
99
330
1F
100
AcDbEntity
  8
0
  6
Continuous
 62
     7
370
    25
100
AcDbSpline
210
0.0
220
0.0
230
1.0
 70
     8
 71
     3
 72
    10
 73
     6
 74
     0
 42
0.00000001
 43
0.00000001
 40
0.0
 40
0.0
 40
0.0
 40
0.0
 40
0.3340008855489726
 40
0.666513618579533
 40
1.0
 40
1.0
 40
1.0
 40
1.0
 10
9.517901697515313
 20
2.25839158368549
 30
0.0
 10
9.28995203448706
 20
2.253153263468232
 30
0.0
 10
8.835068346052438
 20
2.242699962550949
 30
0.0
 10
8.15243914126106
 20
2.252829260593588
 30
0.0
 10
7.697953531263614
 20
2.263048386748447
 30
0.0
 10
7.470378511722253
 20
2.268165419682452
 30
0.0
  0
SPLINE
  5
9D
330
1F
100
AcDbEntity
  8
0
  6
Continuous
 62
     7
370
    25
100
AcDbSpline
210
0.0
220
0.0
230
1.0
 70
     8
 71
     3
 72
    19
 73
    15
 74
     0
 42
0.00000001
 43
0.00000001
 40
0.0
 40
0.0
 40
0.0
 40
0.0
 40
0.1301445324709935
 40
0.2556147447423924
 40
0.3185347350074396
 40
0.367812131670198
 40
0.4017106865793166
 40
0.4704256405087476
 40
0.5368986000605347
 40
0.5809137257845579
 40
0.6374970660269886
 40
0.7058905790103787
 40
0.8548929662720144
 40
1.0
 40
1.0
 40
1.0
 40
1.0
 10
0.7982061913130519
 20
2.654715379705947
 30
0.0
 10
0.7499282667122948
 20
2.65343559957781
 30
0.0
 10
0.6551063856911661
 20
2.650922004388149
 30
0.0
 10
0.5373663122940824
 20
2.637604778819179
 30
0.0
 10
0.4509714616702614
 20
2.620277481160708
 30
0.0
 10
0.3983753597718115
 20
2.605862118144857
 30
0.0
 10
0.3492800208924816
 20
2.576567251464877
 30
0.0
 10
0.3128030269567993
 20
2.522814981271072
 30
0.0
 10
0.2947106399085106
 20
2.456758096051965
 30
0.0
 10
0.3056647751587488
 20
2.394715544808326
 30
0.0
 10
0.3300024654362341
 20
2.336626860419547
 30
0.0
 10
0.3835983077581543
 20
2.249940011829801
 30
0.0
 10
0.4679267260684288
 20
2.14468429958106
 30
0.0
 10
0.5432357897149124
 20
2.065695432482419
 30
0.0
 10
0.5803916033634623
 20
2.026724085819495
 30
0.0
  0
CIRCLE
  5
A6
330
1F
100
AcDbEntity
  8
0
  6
Continuous
 62
     7
370
    25
100
AcDbCircle
 10
2.265019408
 20
2.0197867819
 30
0.0
 40
0.0590551200000015
  0
CIRCLE
  5
A7
330
1F
100
AcDbEntity
  8
0
  6
Continuous
 62
     7
370
    25
100
AcDbCircle
 10
2.2805327051
 20
1.7702685709
 30
0.0
 40
0.0590551200000007
  0
CIRCLE
  5
A8
330
1F
100
AcDbEntity
  8
0
  6
Continuous
 62
     7
370
    25
100
AcDbCircle
 10
2.9380391364
 20
1.6697207362
 30
0.0
 40
0.0590551199999836
  0
CIRCLE
  5
A9
330
1F
100
AcDbEntity
  8
0
  6
Continuous
 62
     7
370
    25
100
AcDbCircle
 10
2.9176068364
 20
1.9983569301
 30
0.0
 40
0.0590551200000016
  0
CIRCLE
  5
AA
330
1F
100
AcDbEntity
  8
0
  6
Continuous
 62
     7
370
    25
100
AcDbCircle
 10
4.7089660934
 20
1.418181869
 30
0.0
 40
0.05905512
  0
CIRCLE
  5
AB
330
1F
100
AcDbEntity
  8
0
  6
Continuous
 62
     7
370
    25
100
AcDbCircle
 10
4.6771583371
 20
1.9297826189
 30
0.0
 40
0.0590551200000019
  0
CIRCLE
  5
AC
330
1F
100
AcDbEntity
  8
0
  6
Continuous
 62
     7
370
    25
100
AcDbCircle
 10
6.3803686437
 20
1.459438317
 30
0.0
 40
0.0590551199999849
  0
CIRCLE
  5
AD
330
1F
100
AcDbEntity
  8
0
  6
Continuous
 62
     7
370
    25
100
AcDbCircle
 10
6.3583302955
 20
1.8139064326
 30
0.0
 40
0.0590551200000025
  0
CIRCLE
  5
AE
330
1F
100
AcDbEntity
  8
0
  6
Continuous
 62
     7
370
    25
100
AcDbCircle
 10
6.9576056873
 20
1.5099400145
 30
0.0
 40
0.0590551200000008
  0
CIRCLE
  5
AF
330
1F
100
AcDbEntity
  8
0
  6
Continuous
 62
     7
370
    25
100
AcDbCircle
 10
6.9355673392
 20
1.8644081301
 30
0.0
 40
0.0590551200000008
  0
CIRCLE
  5
B0
330
1F
100
AcDbEntity
  8
0
  6
Continuous
 62
     7
370
    25
100
AcDbCircle
 10
3.7198474608
 20
1.7642098652
 30
0.0
 40
0.4549999999999482
  0
SPLINE
  5
BD
330
1F
100
AcDbEntity
  8
0
  6
Continuous
 62
     7
370
    25
100
AcDbSpline
210
0.0
220
0.0
230
1.0
 70
     8
 71
     3
 72
     9
 73
     5
 74
     0
 42
0.00000001
 43
0.00000001
 40
0.0
 40
0.0
 40
0.0
 40
0.0
 40
0.4979340491079605
 40
0.9999999999999999
 40
0.9999999999999999
 40
0.9999999999999999
 40
0.9999999999999999
 10
0.8400282643270389
 20
1.809224462555961
 30
0.0
 10
0.9484689777257802
 20
1.736657622466418
 30
0.0
 10
1.166250255372911
 20
1.590921776083658
 30
0.0
 10
1.404917307668338
 20
1.482717336074797
 30
0.0
 10
1.524743908225642
 20
1.428391571011008
 30
0.0
  0
SPLINE
  5
BE
330
1F
100
AcDbEntity
  8
0
  6
Continuous
 62
     7
370
    25
100
AcDbSpline
210
0.0
220
0.0
230
1.0
 70
     8
 71
     3
 72
    55
 73
    51
 74
     0
 42
0.00000001
 43
0.00000001
 40
0.0
 40
0.0
 40
0.0
 40
0.0
 40
0.0188262787386036
 40
0.0390381900319157
 40
0.059694279174627
 40
0.0799758069448024
 40
0.0999432623244304
 40
0.1198414268171916
 40
0.1398193628827912
 40
0.1948381073448048
 40
0.2497998271880847
 40
0.2880659259170847
 40
0.3263018103589962
 40
0.3645395409928935
 40
0.402790805674733
 40
0.4409742295559959
 40
0.4509267572912446
 40
0.4607630951501053
 40
0.4658590057643943
 40
0.4708661746080621
 40
0.4752754176871875
 40
0.4791359957262269
 40
0.483093436312196
 40
0.4868247803731676
 40
0.4906586769519777
 40
0.4948821301522913
 40
0.4993871671178055
 40
0.5125909306753781
 40
0.5257442188302441
 40
0.539003113177195
 40
0.5522537141232783
 40
0.5655544903250334
 40
0.5788705363531962
 40
0.6008357701119216
 40
0.6228394598930944
 40
0.644877657530816
 40
0.6669408941158659
 40
0.6890131817023156
 40
0.7110809988095691
 40
0.737093559437874
 40
0.7630966263287663
 40
0.789081510095746
 40
0.8150878854893235
 40
0.8498427295086477
 40
0.8844799951524666
 40
0.9190105545013065
 40
0.9398213010845896
 40
0.9609072921755216
 40
0.9812735627294831
 40
1.0
 40
1.0
 40
1.0
 40
1.0
 10
11.33115549643698
 20
2.638971293507605
 30
0.0
 10
11.18904526041002
 20
2.604102710390605
 30
0.0
 10
10.89436533579352
 20
2.531799182286886
 30
0.0
 10
10.4378036493065
 20
2.448270224353296
 30
0.0
 10
9.966607170412052
 20
2.384790701693438
 30
0.0
 10
9.494013168948241
 20
2.353675995997536
 30
0.0
 10
9.026604573513193
 20
2.345496147630366
 30
0.0
 10
8.561554205912424
 20
2.347957503113227
 30
0.0
 10
7.824190707660374
 20
2.357709407418169
 30
0.0
 10
6.814533704627937
 20
2.383776160672785
 30
0.0
 10
5.663833396976028
 20
2.441442703313253
 30
0.0
 10
4.644629728790938
 20
2.511624037425178
 30
0.0
 10
3.755264874278933
 20
2.575262437917251
 30
0.0
 10
2.865528701844042
 20
2.632126768144317
 30
0.0
 10
1.976466775415534
 20
2.691567945073839
 30
0.0
 10
1.306894695518758
 20
2.743056988313585
 30
0.0
 10
0.8566064880094969
 20
2.757143532550634
 30
0.0
 10
0.662971068971366
 20
2.75271717829192
 30
0.0
 10
0.5089817266555019
 20
2.734027689652627
 30
0.0
 10
0.3981534230543913
 20
2.713523238494959
 30
0.0
 10
0.3010582903123796
 20
2.671066555075931
 30
0.0
 10
0.2388355559921283
 20
2.596156218793771
 30
0.0
 10
0.2024476934121119
 20
2.512863107580151
 30
0.0
 10
0.1952621022782176
 20
2.421624362313119
 30
0.0
 10
0.2204138134298644
 20
2.332190361940591
 30
0.0
 10
0.2663039458757773
 20
2.245562692263952
 30
0.0
 10
0.3663475231174244
 20
2.10731519293978
 30
0.0
 10
0.5271312062394017
 20
1.927956469882901
 30
0.0
 10
0.7661443948871349
 20
1.732499525153253
 30
0.0
 10
1.02460672180518
 20
1.563792241566189
 30
0.0
 10
1.297864195296149
 20
1.418012586869883
 30
0.0
 10
1.581520631958356
 20
1.292834274856558
 30
0.0
 10
1.936104615743266
 20
1.162585645641307
 30
0.0
 10
2.365142127797319
 20
1.041578366111676
 30
0.0
 10
2.868453902605385
 20
0.9406968600676965
 30
0.0
 10
3.377695979825697
 20
0.8711138534074702
 30
0.0
 10
3.890263598705508
 20
0.8275030721460058
 30
0.0
 10
4.404447108408101
 20
0.8063535868191307
 30
0.0
 10
4.9497446660419
 20
0.8062972778685789
 30
0.0
 10
5.5251285486229
 20
0.8313814066104044
 30
0.0
 10
6.128892165579002
 20
0.8880106108394995
 30
0.0
 10
6.728740761742373
 20
0.9768516051095861
 30
0.0
 10
7.38970678616477
 20
1.110684031835503
 30
0.0
 10
8.1076021058404
 20
1.297313489378192
 30
0.0
 10
8.878596700919731
 20
1.538294100612539
 30
0.0
 10
9.537644587653075
 20
1.772739224148542
 30
0.0
 10
10.08765793122095
 20
1.997182750412536
 30
0.0
 10
10.52938163335328
 20
2.194759878341882
 30
0.0
 10
10.95213181003829
 20
2.394850393175489
 30
0.0
 10
11.22271496090735
 20
2.532985485479564
 30
0.0
 10
11.35233142093767
 20
2.59915583501134
 30
0.0
  0
SPLINE
  5
C0
330
1F
100
AcDbEntity
  8
0
  6
Continuous
 62
     7
370
    25
100
AcDbSpline
210
0.0
220
0.0
230
1.0
 70
     8
 71
     3
 72
    14
 73
    10
 74
     0
 42
0.00000001
 43
0.00000001
 40
0.0
 40
0.0
 40
0.0
 40
0.0
 40
0.1160781187521113
 40
0.2209888979368833
 40
0.3254921144220134
 40
0.4354121102795939
 40
0.5493991998220371
 40
0.7777945681895142
 40
0.9999999999999999
 40
0.9999999999999999
 40
0.9999999999999999
 40
0.9999999999999999
 10
-1.638269599176291
 20
4.043637651012583
 30
0.0
 10
-1.557070806196057
 20
4.04443607982303
 30
0.0
 10
-1.402484980999947
 20
4.045956124296515
 30
0.0
 10
-1.174815096276756
 20
4.049612604369635
 30
0.0
 10
-0.9514615099242956
 20
4.053642845652706
 30
0.0
 10
-0.7217623064005253
 20
4.058003664000692
 30
0.0
 10
-0.4054372457557654
 20
4.06514208682156
 30
0.0
 10
-0.0105989642720315
 20
4.075983173421507
 30
0.0
 10
0.304203431280618
 20
4.092380251544583
 30
0.0
 10
0.4594423971482441
 20
4.100466166667966
 30
0.0
  0
SPLINE
  5
C4
330
1F
100
AcDbEntity
  8
0
  6
Continuous
 62
     7
370
    25
100
AcDbSpline
210
0.0
220
0.0
230
1.0
 70
     8
 71
     3
 72
     9
 73
     5
 74
     0
 42
0.00000001
 43
0.00000001
 40
0.0
 40
0.0
 40
0.0
 40
0.0
 40
0.4997237150160849
 40
1.0
 40
1.0
 40
1.0
 40
1.0
 10
0.4875865069844003
 20
3.841891070789964
 30
0.0
 10
0.1392299777628167
 20
3.771707076185414
 30
0.0
 10
-0.5578682762401395
 20
3.631261480958274
 30
0.0
 10
-1.260709675128855
 20
3.52316380397001
 30
0.0
 10
-1.6123245590978
 20
3.46908509971093
 30
0.0
  0
SPLINE
  5
C7
330
1F
100
AcDbEntity
  8
0
  6
Continuous
 62
     7
370
    25
100
AcDbSpline
210
0.0
220
0.0
230
1.0
 70
     8
 71
     3
 72
    13
 73
     9
 74
     0
 42
0.00000001
 43
0.00000001
 40
0.0
 40
0.0
 40
0.0
 40
0.0
 40
0.1400055923962301
 40
0.2799955208871539
 40
0.4199993768585833
 40
0.5600017925973488
 40
0.7800055064700419
 40
1.0
 40
1.0
 40
1.0
 40
1.0
 10
-7.646407328321787
 20
4.231174511025874
 30
0.0
 10
-7.418723233152991
 20
4.236493949288865
 30
0.0
 10
-6.963380516241461
 20
4.247132230673065
 30
0.0
 10
-6.280071362570096
 20
4.246213912631702
 30
0.0
 10
-5.597158071870931
 20
4.225429693451673
 30
0.0
 10
-4.784249119293603
 20
4.199060453235799
 30
0.0
 10
-3.841290021176383
 20
4.167763153313025
 30
0.0
 10
-3.12576083563328
 20
4.150694860865335
 30
0.0
 10
-2.768003739965372
 20
4.142160893478022
 30
0.0
  0
SPLINE
  5
C8
330
1F
100
AcDbEntity
  8
0
  6
Continuous
 62
     7
370
    25
100
AcDbSpline
210
0.0
220
0.0
230
1.0
 70
     8
 71
     3
 72
    19
 73
    15
 74
     0
 42
0.00000001
 43
0.00000001
 40
0.0
 40
0.0
 40
0.0
 40
0.0
 40
0.092739282055609
 40
0.1726417761615645
 40
0.2415899269570669
 40
0.3014662264281235
 40
0.3541531791488742
 40
0.4015332292451406
 40
0.469792708122212
 40
0.5368780975110381
 40
0.6074088178502445
 40
0.7393772308776689
 40
0.8727123900766707
 40
1.0
 40
1.0
 40
1.0
 40
1.0
 10
-2.768003739965372
 20
4.142160893478022
 30
0.0
 10
-2.665217791351784
 20
4.141883442669259
 30
0.0
 10
-2.473873321783207
 20
4.141366945243781
 30
0.0
 10
-2.206110257240756
 20
4.141245358600798
 30
0.0
 10
-1.974770777052582
 20
4.141651204701056
 30
0.0
 10
-1.773596888169795
 20
4.142561815816036
 30
0.0
 10
-1.596330857636586
 20
4.143922509803358
 30
0.0
 10
-1.409779465310277
 20
4.14597373527231
 30
0.0
 10
-1.207281383183791
 20
4.149040358681496
 30
0.0
 10
-0.979139391080444
 20
4.153160458295766
 30
0.0
 10
-0.6804004524611927
 20
4.158757597102625
 30
0.0
 10
-0.3082912149702948
 20
4.167570992646744
 30
0.0
 10
0.1266420283771561
 20
4.181610919228419
 30
0.0
 10
0.415012929282612
 20
4.19857383553991
 30
0.0
 10
0.5558526681561701
 20
4.206858488035509
 30
0.0
  0
SPLINE
  5
C9
330
1F
100
AcDbEntity
  8
0
  6
Continuous
 62
     7
370
    25
100
AcDbSpline
210
0.0
220
0.0
230
1.0
 70
     8
 71
     3
 72
    11
 73
     7
 74
     0
 42
0.00000001
 43
0.00000001
 40
0.0
 40
0.0
 40
0.0
 40
0.0
 40
0.2800127809470833
 40
0.5600037821462462
 40
0.7800057018668303
 40
1.0
 40
1.0
 40
1.0
 40
1.0
 10
0.5558526681561701
 20
4.206858488035509
 30
0.0
 10
0.7658651001175115
 20
4.218880776523277
 30
0.0
 10
1.185873629007869
 20
4.242924418390023
 30
0.0
 10
1.770055612894973
 20
4.288806905068324
 30
0.0
 10
2.307775778372744
 20
4.349999296154394
 30
0.0
 10
2.638324042122459
 20
4.359623924158299
 30
0.0
 10
2.803595311128972
 20
4.364436154801645
 30
0.0
  0
SPLINE
  5
CB
330
1F
100
AcDbEntity
  8
0
  6
Continuous
 62
     7
370
    25
100
AcDbSpline
210
0.0
220
0.0
230
1.0
 70
     8
 71
     3
 72
    30
 73
    26
 74
     0
 42
0.00000001
 43
0.00000001
 40
0.0
 40
0.0
 40
0.0
 40
0.0
 40
0.0199852284469482
 40
0.0399909945833433
 40
0.0599918104368613
 40
0.08003597156731
 40
0.1000540317088942
 40
0.1200488676976997
 40
0.1400385570815848
 40
0.1767147924726662
 40
0.2134054529626995
 40
0.2500636414427698
 40
0.3125503299101384
 40
0.3750555749010195
 40
0.4375288821493169
 40
0.5000326630592005
 40
0.5933607559114179
 40
0.6866890396101901
 40
0.7799683617885697
 40
0.8166215652424349
 40
0.8533036665723441
 40
0.8900234411976632
 40
0.9267225213551158
 40
0.9633496652920417
 40
1.0
 40
1.0
 40
1.0
 40
1.0
 10
-7.784223935806352
 20
3.897813726063157
 30
0.0
 10
-7.734842178606685
 20
3.844164159294864
 30
0.0
 10
-7.636027917367183
 20
3.736809893131491
 30
0.0
 10
-7.454678284505251
 20
3.612548799122172
 30
0.0
 10
-7.260068660166327
 20
3.512730739127953
 30
0.0
 10
-7.056674276469225
 20
3.432168956117613
 30
0.0
 10
-6.849589677323338
 20
3.362278181150871
 30
0.0
 10
-6.63929007740268
 20
3.303323158670413
 30
0.0
 10
-6.367341564594182
 20
3.240993862303846
 30
0.0
 10
-6.032178549700975
 20
3.184559149081985
 30
0.0
 10
-5.634890097341204
 20
3.135157244392955
 30
0.0
 10
-5.142635094436109
 20
3.090032725529908
 30
0.0
 10
-4.554411336239774
 20
3.069908445940871
 30
0.0
 10
-3.872194568479748
 20
3.085649695641241
 30
0.0
 10
-3.192066279180336
 20
3.142839468004536
 30
0.0
 10
-2.404988246365889
 20
3.250156300541125
 30
0.0
 10
-1.508084320551337
 20
3.381415405249543
 30
0.0
 10
-0.5021592554263965
 20
3.541642306211819
 30
0.0
 10
0.2950212943826165
 20
3.698293564774872
 30
0.0
 10
0.8879722930538916
 20
3.824224587430308
 30
0.0
 10
1.279462076779426
 20
3.908230245108453
 30
0.0
 10
1.671713002505864
 20
3.989571517918167
 30
0.0
 10
2.062456371282624
 20
4.076584163970001
 30
0.0
 10
2.44995365021633
 20
4.178330940063507
 30
0.0
 10
2.699681465777372
 20
4.272137169672925
 30
0.0
 10
2.824584890341892
 20
4.319055128320739
 30
0.0
  0
SPLINE
  5
CC
330
1F
100
AcDbEntity
  8
0
  6
Continuous
 62
     7
370
    25
100
AcDbSpline
210
0.0
220
0.0
230
1.0
 70
     8
 71
     3
 72
    15
 73
    11
 74
     0
 42
0.00000001
 43
0.00000001
 40
0.0
 40
0.0
 40
0.0
 40
0.0
 40
0.2493506067843465
 40
0.3130204017095691
 40
0.3756083666697952
 40
0.4372454478611921
 40
0.5011722410328954
 40
0.6246132795294345
 40
0.750451972892971
 40
1.0
 40
1.0
 40
1.0
 40
1.0
 10
-7.646407328321787
 20
4.231174511025874
 30
0.0
 10
-7.692212331464431
 20
4.229956865501119
 30
0.0
 10
-7.749713296346452
 20
4.228428303384449
 30
0.0
 10
-7.816790348827301
 20
4.214073209684188
 30
0.0
 10
-7.849442460677476
 20
4.200878654699034
 30
0.0
 10
-7.872054089746332
 20
4.173470729955945
 30
0.0
 10
-7.89003028587413
 20
4.131513590327666
 30
0.0
 10
-7.895304200821806
 20
4.071659999209832
 30
0.0
 10
-7.854614494319068
 20
3.987593798729647
 30
0.0
 10
-7.812332190423173
 20
3.933664573042451
 30
0.0
 10
-7.784223935806352
 20
3.897813726063157
 30
0.0
  0
CIRCLE
  5
CD
330
1F
100
AcDbEntity
  8
0
  6
Continuous
 62
     7
370
    25
100
AcDbCircle
 10
-3.6799385909
 20
3.6405875075
 30
0.0
 40
0.4549999999999841
  0
CIRCLE
  5
CE
330
1F
100
AcDbEntity
  8
0
  6
Continuous
 62
     7
370
    25
100
AcDbCircle
 10
-5.1828326571
 20
3.6565306971
 30
0.0
 40
0.4550000000000203
  0
CIRCLE
  5
CF
330
1F
100
AcDbEntity
  8
0
  6
Continuous
 62
     7
370
    25
100
AcDbCircle
 10
-2.7551982893
 20
3.50605594
 30
0.0
 40
0.0590551181102467
  0
CIRCLE
  5
D0
330
1F
100
AcDbEntity
  8
0
  6
Continuous
 62
     7
370
    25
100
AcDbCircle
 10
-2.7648524534
 20
3.8610772498
 30
0.0
 40
0.0590551181102294
  0
CIRCLE
  5
D1
330
1F
100
AcDbEntity
  8
0
  6
Continuous
 62
     7
370
    25
100
AcDbCircle
 10
-6.8415378465
 20
3.9542242607
 30
0.0
 40
0.059055118110246
  0
CIRCLE
  5
D2
330
1F
100
AcDbEntity
  8
0
  6
Continuous
 62
     7
370
    25
100
AcDbCircle
 10
-6.8333803177
 20
3.6542400749
 30
0.0
 40
0.059055118110246
  0
CIRCLE
  5
D3
330
1F
100
AcDbEntity
  8
0
  6
Continuous
 62
     7
370
    25
100
AcDbCircle
 10
-6.1905249443
 20
3.9258120479
 30
0.0
 40
0.0590551181102303
  0
CIRCLE
  5
D4
330
1F
100
AcDbEntity
  8
0
  6
Continuous
 62
     7
370
    25
100
AcDbCircle
 10
-6.1796482392
 20
3.5258331334
 30
0.0
 40
0.0590551181102301
  0
CIRCLE
  5
D5
330
1F
100
AcDbEntity
  8
0
  6
Continuous
 62
     7
370
    25
100
AcDbCircle
 10
-4.4367955076
 20
3.8825475432
 30
0.0
 40
0.059055118110246
  0
CIRCLE
  5
D6
330
1F
100
AcDbEntity
  8
0
  6
Continuous
 62
     7
370
    25
100
AcDbCircle
 10
-4.4231996262
 20
3.3825739002
 30
0.0
 40
0.059055118110248
  0
CIRCLE
  5
D7
330
1F
100
AcDbEntity
  8
0
  6
Continuous
 62
     7
370
    25
100
AcDbCircle
 10
-2.1861360396
 20
3.8888830209
 30
0.0
 40
0.0590551181102288
  0
CIRCLE
  5
D8
330
1F
100
AcDbEntity
  8
0
  6
Continuous
 62
     7
370
    25
100
AcDbCircle
 10
-2.1766189226
 20
3.5389014708
 30
0.0
 40
0.0590551181102293
  0
SPLINE
  5
DC
330
1F
100
AcDbEntity
  8
0
  6
Continuous
 62
     7
370
    25
100
AcDbSpline
210
0.0
220
0.0
230
1.0
 70
     8
 71
     3
 72
     9
 73
     5
 74
     0
 42
0.00000001
 43
0.00000001
 40
0.0
 40
0.0
 40
0.0
 40
0.0
 40
0.5606570928571049
 40
0.9999999999999999
 40
0.9999999999999999
 40
0.9999999999999999
 40
0.9999999999999999
 10
-7.644878419814064
 20
4.1311839222833
 30
0.0
 10
-7.561030415322404
 20
4.132299092475251
 30
0.0
 10
-7.411477318501007
 20
4.134288133916372
 30
0.0
 10
-7.261952490378412
 20
4.137797735089896
 30
0.0
 10
-7.196259817700989
 20
4.139339653472385
 30
0.0
  0
SPLINE
  5
DE
330
1F
100
AcDbEntity
  8
0
  6
Continuous
 62
     7
370
    25
100
AcDbSpline
210
0.0
220
0.0
230
1.0
 70
     8
 71
     3
 72
    18
 73
    14
 74
     0
 42
0.00000001
 43
0.00000001
 40
0.0
 40
0.0
 40
0.0
 40
0.0
 40
0.2010100264873672
 40
0.3737356905472977
 40
0.4392779816638837
 40
0.487856914299399
 40
0.5127539199821214
 40
0.5338067955282669
 40
0.5532882361936158
 40
0.5922002881617374
 40
0.6397892832843213
 40
0.736332912387131
 40
1.0
 40
1.0
 40
1.0
 40
1.0
 10
-7.706847131660202
 20
3.961159940913854
 30
0.0
 10
-7.720540570002668
 20
3.978183957995901
 30
0.0
 10
-7.74600062651985
 20
4.00983652225467
 30
0.0
 10
-7.773491971054725
 20
4.049043743896481
 30
0.0
 10
-7.788211395210035
 20
4.076578518083132
 30
0.0
 10
-7.793118248315084
 20
4.09103218541486
 30
0.0
 10
-7.793862324138879
 20
4.10137659966773
 30
0.0
 10
-7.792370866710334
 20
4.108450745177749
 30
0.0
 10
-7.787795063063374
 20
4.115976810826157
 30
0.0
 10
-7.777675714296461
 20
4.122359896732757
 30
0.0
 10
-7.758377468502041
 20
4.127479877406302
 30
0.0
 10
-7.71400587962878
 20
4.130923304543195
 30
0.0
 10
-7.674869599966997
 20
4.13106191459319
 30
0.0
 10
-7.646222620852905
 20
4.131163374395745
 30
0.0
  0
SPLINE
  5
E0
330
1F
100
AcDbEntity
  8
0
  6
Continuous
 62
     7
370
    25
100
AcDbSpline
210
0.0
220
0.0
230
1.0
 70
     8
 71
     3
 72
    10
 73
     6
 74
     0
 42
0.00000001
 43
0.00000001
 40
0.0
 40
0.0
 40
0.0
 40
0.0
 40
0.3392906296950327
 40
0.6724618601023898
 40
1.0
 40
1.0
 40
1.0
 40
1.0
 10
-7.226416274250986
 20
3.611167367347317
 30
0.0
 10
-7.287171856270652
 20
3.641125722035919
 30
0.0
 10
-7.407587240960972
 20
3.700502106634609
 30
0.0
 10
-7.572653267536842
 20
3.815522746279914
 30
0.0
 10
-7.662232748163062
 20
3.912722326862999
 30
0.0
 10
-7.706640619121156
 20
3.960907763991457
 30
0.0
  0
SPLINE
  5
E2
330
1F
100
AcDbEntity
  8
0
  6
Continuous
 62
     7
370
    25
100
AcDbSpline
210
0.0
220
0.0
230
1.0
 70
     8
 71
     3
 72
    14
 73
    10
 74
     0
 42
0.00000001
 43
0.00000001
 40
0.0
 40
0.0
 40
0.0
 40
0.0
 40
0.1160781187521113
 40
0.2209888979368833
 40
0.3254921144220134
 40
0.4354121102795939
 40
0.5493991998220371
 40
0.7777945681895142
 40
0.9999999999999999
 40
0.9999999999999999
 40
0.9999999999999999
 40
0.9999999999999999
 10
-4.965129330719289
 20
2.841568268361097
 30
0.0
 10
-4.883930537739054
 20
2.842366697171543
 30
0.0
 10
-4.729344712542944
 20
2.843886741645028
 30
0.0
 10
-4.501674827819751
 20
2.84754322171815
 30
0.0
 10
-4.278321241467292
 20
2.85157346300122
 30
0.0
 10
-4.04862203794352
 20
2.855934281349205
 30
0.0
 10
-3.732296977298763
 20
2.863072704170074
 30
0.0
 10
-3.337458695815027
 20
2.873913790770021
 30
0.0
 10
-3.022656300262378
 20
2.890310868893096
 30
0.0
 10
-2.867417334394752
 20
2.89839678401648
 30
0.0
  0
SPLINE
  5
E6
330
1F
100
AcDbEntity
  8
0
  6
Continuous
 62
     7
370
    25
100
AcDbSpline
210
0.0
220
0.0
230
1.0
 70
     8
 71
     3
 72
     9
 73
     5
 74
     0
 42
0.00000001
 43
0.00000001
 40
0.0
 40
0.0
 40
0.0
 40
0.0
 40
0.4997237150160849
 40
1.0
 40
1.0
 40
1.0
 40
1.0
 10
-2.839273224558596
 20
2.639821688138477
 30
0.0
 10
-3.187629753780181
 20
2.569637693533926
 30
0.0
 10
-3.884728007783136
 20
2.429192098306788
 30
0.0
 10
-4.587569406671851
 20
2.321094421318524
 30
0.0
 10
-4.939184290640796
 20
2.267015717059444
 30
0.0
  0
SPLINE
  5
E9
330
1F
100
AcDbEntity
  8
0
  6
Continuous
 62
     7
370
    25
100
AcDbSpline
210
0.0
220
0.0
230
1.0
 70
     8
 71
     3
 72
    13
 73
     9
 74
     0
 42
0.00000001
 43
0.00000001
 40
0.0
 40
0.0
 40
0.0
 40
0.0
 40
0.1400055923962301
 40
0.2799955208871539
 40
0.4199993768585833
 40
0.5600017925973488
 40
0.7800055064700419
 40
1.0
 40
1.0
 40
1.0
 40
1.0
 10
-10.97326705986478
 20
3.029105128374388
 30
0.0
 10
-10.74558296469599
 20
3.034424566637378
 30
0.0
 10
-10.29024024778446
 20
3.045062848021578
 30
0.0
 10
-9.606931094113092
 20
3.044144529980215
 30
0.0
 10
-8.924017803413928
 20
3.023360310800187
 30
0.0
 10
-8.1111088508366
 20
2.996991070584312
 30
0.0
 10
-7.168149752719381
 20
2.965693770661539
 30
0.0
 10
-6.452620567176277
 20
2.948625478213849
 30
0.0
 10
-6.094863471508368
 20
2.940091510826536
 30
0.0
  0
SPLINE
  5
EA
330
1F
100
AcDbEntity
  8
0
  6
Continuous
 62
     7
370
    25
100
AcDbSpline
210
0.0
220
0.0
230
1.0
 70
     8
 71
     3
 72
    19
 73
    15
 74
     0
 42
0.00000001
 43
0.00000001
 40
0.0
 40
0.0
 40
0.0
 40
0.0
 40
0.092739282055609
 40
0.1726417761615645
 40
0.2415899269570669
 40
0.3014662264281235
 40
0.3541531791488742
 40
0.4015332292451406
 40
0.469792708122212
 40
0.5368780975110381
 40
0.6074088178502445
 40
0.7393772308776689
 40
0.8727123900766707
 40
1.0
 40
1.0
 40
1.0
 40
1.0
 10
-6.094863471508368
 20
2.940091510826536
 30
0.0
 10
-5.99207752289478
 20
2.939814060017772
 30
0.0
 10
-5.800733053326203
 20
2.939297562592294
 30
0.0
 10
-5.532969988783753
 20
2.939175975949312
 30
0.0
 10
-5.301630508595577
 20
2.939581822049569
 30
0.0
 10
-5.100456619712792
 20
2.940492433164548
 30
0.0
 10
-4.923190589179582
 20
2.941853127151872
 30
0.0
 10
-4.736639196853273
 20
2.943904352620824
 30
0.0
 10
-4.534141114726787
 20
2.946970976030009
 30
0.0
 10
-4.305999122623441
 20
2.951091075644279
 30
0.0
 10
-4.007260184004187
 20
2.956688214451138
 30
0.0
 10
-3.635150946513291
 20
2.965501609995258
 30
0.0
 10
-3.200217703165839
 20
2.979541536576932
 30
0.0
 10
-2.911846802260384
 20
2.996504452888424
 30
0.0
 10
-2.771007063386826
 20
3.004789105384023
 30
0.0
  0
SPLINE
  5
EB
330
1F
100
AcDbEntity
  8
0
  6
Continuous
 62
     7
370
    25
100
AcDbSpline
210
0.0
220
0.0
230
1.0
 70
     8
 71
     3
 72
    11
 73
     7
 74
     0
 42
0.00000001
 43
0.00000001
 40
0.0
 40
0.0
 40
0.0
 40
0.0
 40
0.2800127809470833
 40
0.5600037821462462
 40
0.7800057018668303
 40
1.0
 40
1.0
 40
1.0
 40
1.0
 10
-2.771007063386826
 20
3.004789105384023
 30
0.0
 10
-2.560994631425485
 20
3.01681139387179
 30
0.0
 10
-2.140986102535127
 20
3.040855035738537
 30
0.0
 10
-1.556804118648022
 20
3.086737522416838
 30
0.0
 10
-1.019083953170253
 20
3.147929913502908
 30
0.0
 10
-0.6885356894205377
 20
3.157554541506813
 30
0.0
 10
-0.5232644204140234
 20
3.162366772150158
 30
0.0
  0
SPLINE
  5
ED
330
1F
100
AcDbEntity
  8
0
  6
Continuous
 62
     7
370
    25
100
AcDbSpline
210
0.0
220
0.0
230
1.0
 70
     8
 71
     3
 72
    30
 73
    26
 74
     0
 42
0.00000001
 43
0.00000001
 40
0.0
 40
0.0
 40
0.0
 40
0.0
 40
0.0199852284469482
 40
0.0399909945833433
 40
0.0599918104368613
 40
0.08003597156731
 40
0.1000540317088942
 40
0.1200488676976997
 40
0.1400385570815848
 40
0.1767147924726662
 40
0.2134054529626995
 40
0.2500636414427698
 40
0.3125503299101384
 40
0.3750555749010195
 40
0.4375288821493169
 40
0.5000326630592005
 40
0.5933607559114179
 40
0.6866890396101901
 40
0.7799683617885697
 40
0.8166215652424349
 40
0.8533036665723441
 40
0.8900234411976632
 40
0.9267225213551158
 40
0.9633496652920417
 40
1.0
 40
1.0
 40
1.0
 40
1.0
 10
-11.11108366734935
 20
2.695744343411671
 30
0.0
 10
-11.06170191014968
 20
2.642094776643377
 30
0.0
 10
-10.96288764891018
 20
2.534740510480003
 30
0.0
 10
-10.78153801604825
 20
2.410479416470686
 30
0.0
 10
-10.58692839170932
 20
2.310661356476468
 30
0.0
 10
-10.38353400801222
 20
2.230099573466125
 30
0.0
 10
-10.17644940886633
 20
2.160208798499384
 30
0.0
 10
-9.966149808945675
 20
2.101253776018927
 30
0.0
 10
-9.694201296137178
 20
2.038924479652359
 30
0.0
 10
-9.35903828124397
 20
1.982489766430498
 30
0.0
 10
-8.961749828884201
 20
1.933087861741468
 30
0.0
 10
-8.469494825979105
 20
1.887963342878422
 30
0.0
 10
-7.88127106778277
 20
1.867839063289385
 30
0.0
 10
-7.199054300022744
 20
1.883580312989755
 30
0.0
 10
-6.51892601072333
 20
1.94077008535305
 30
0.0
 10
-5.731847977908887
 20
2.048086917889638
 30
0.0
 10
-4.834944052094331
 20
2.179346022598058
 30
0.0
 10
-3.829018986969393
 20
2.339572923560332
 30
0.0
 10
-3.031838437160379
 20
2.496224182123386
 30
0.0
 10
-2.438887438489104
 20
2.622155204778822
 30
0.0
 10
-2.04739765476357
 20
2.706160862456967
 30
0.0
 10
-1.655146729037133
 20
2.78750213526668
 30
0.0
 10
-1.264403360260371
 20
2.874514781318516
 30
0.0
 10
-0.8769060813266664
 20
2.97626155741202
 30
0.0
 10
-0.6271782657656235
 20
3.070067787021439
 30
0.0
 10
-0.5022748412011038
 20
3.116985745669254
 30
0.0
  0
SPLINE
  5
EE
330
1F
100
AcDbEntity
  8
0
  6
Continuous
 62
     7
370
    25
100
AcDbSpline
210
0.0
220
0.0
230
1.0
 70
     8
 71
     3
 72
    15
 73
    11
 74
     0
 42
0.00000001
 43
0.00000001
 40
0.0
 40
0.0
 40
0.0
 40
0.0
 40
0.2493506067843465
 40
0.3130204017095691
 40
0.3756083666697952
 40
0.4372454478611921
 40
0.5011722410328954
 40
0.6246132795294345
 40
0.750451972892971
 40
1.0
 40
1.0
 40
1.0
 40
1.0
 10
-10.97326705986478
 20
3.029105128374388
 30
0.0
 10
-11.01907206300743
 20
3.027887482849632
 30
0.0
 10
-11.07657302788945
 20
3.026358920732963
 30
0.0
 10
-11.1436500803703
 20
3.012003827032701
 30
0.0
 10
-11.17630219222047
 20
2.998809272047546
 30
0.0
 10
-11.19891382128933
 20
2.971401347304458
 30
0.0
 10
-11.21689001741713
 20
2.929444207676179
 30
0.0
 10
-11.2221639323648
 20
2.869590616558345
 30
0.0
 10
-11.18147422586206
 20
2.785524416078161
 30
0.0
 10
-11.13919192196617
 20
2.731595190390965
 30
0.0
 10
-11.11108366734935
 20
2.695744343411671
 30
0.0
  0
CIRCLE
  5
EF
330
1F
100
AcDbEntity
  8
0
  6
Continuous
 62
     7
370
    25
100
AcDbCircle
 10
-7.0067983225
 20
2.4385181248
 30
0.0
 40
0.4549999999999847
  0
CIRCLE
  5
F0
330
1F
100
AcDbEntity
  8
0
  6
Continuous
 62
     7
370
    25
100
AcDbCircle
 10
-8.5096923886
 20
2.4544613144
 30
0.0
 40
0.4550000000000184
  0
CIRCLE
  5
F1
330
1F
100
AcDbEntity
  8
0
  6
Continuous
 62
     7
370
    25
100
AcDbCircle
 10
-6.0820580208
 20
2.3039865573
 30
0.0
 40
0.059055118110247
  0
CIRCLE
  5
F2
330
1F
100
AcDbEntity
  8
0
  6
Continuous
 62
     7
370
    25
100
AcDbCircle
 10
-6.091712185
 20
2.6590078672
 30
0.0
 40
0.0590551181102293
  0
CIRCLE
  5
F3
330
1F
100
AcDbEntity
  8
0
  6
Continuous
 62
     7
370
    25
100
AcDbCircle
 10
-10.1683975781
 20
2.752154878
 30
0.0
 40
0.0590551181102479
  0
CIRCLE
  5
F4
330
1F
100
AcDbEntity
  8
0
  6
Continuous
 62
     7
370
    25
100
AcDbCircle
 10
-10.1602400492
 20
2.4521706922
 30
0.0
 40
0.0590551181102479
  0
CIRCLE
  5
F5
330
1F
100
AcDbEntity
  8
0
  6
Continuous
 62
     7
370
    25
100
AcDbCircle
 10
-9.5173846759
 20
2.7237426652
 30
0.0
 40
0.0590551181102282
  0
CIRCLE
  5
F6
330
1F
100
AcDbEntity
  8
0
  6
Continuous
 62
     7
370
    25
100
AcDbCircle
 10
-9.5065079708
 20
2.3237637508
 30
0.0
 40
0.0590551181102287
  0
CIRCLE
  5
F7
330
1F
100
AcDbEntity
  8
0
  6
Continuous
 62
     7
370
    25
100
AcDbCircle
 10
-7.7636552392
 20
2.6804781606
 30
0.0
 40
0.059055118110248
  0
CIRCLE
  5
F8
330
1F
100
AcDbEntity
  8
0
  6
Continuous
 62
     7
370
    25
100
AcDbCircle
 10
-7.7500593578
 20
2.1805045175
 30
0.0
 40
0.0590551181102461
  0
CIRCLE
  5
F9
330
1F
100
AcDbEntity
  8
0
  6
Continuous
 62
     7
370
    25
100
AcDbCircle
 10
-5.5129957711
 20
2.6868136382
 30
0.0
 40
0.0590551181102293
  0
CIRCLE
  5
FA
330
1F
100
AcDbEntity
  8
0
  6
Continuous
 62
     7
370
    25
100
AcDbCircle
 10
-5.5034786542
 20
2.3368320881
 30
0.0
 40
0.0590551181102302
  0
SPLINE
  5
FE
330
1F
100
AcDbEntity
  8
0
  6
Continuous
 62
     7
370
    25
100
AcDbSpline
210
0.0
220
0.0
230
1.0
 70
     8
 71
     3
 72
     9
 73
     5
 74
     0
 42
0.00000001
 43
0.00000001
 40
0.0
 40
0.0
 40
0.0
 40
0.0
 40
0.5606570928571049
 40
0.9999999999999999
 40
0.9999999999999999
 40
0.9999999999999999
 40
0.9999999999999999
 10
-10.97173815135706
 20
2.929114539631814
 30
0.0
 10
-10.8878901468654
 20
2.930229709823764
 30
0.0
 10
-10.738337050044
 20
2.932218751264885
 30
0.0
 10
-10.58881222192141
 20
2.93572835243841
 30
0.0
 10
-10.52311954924398
 20
2.937270270820898
 30
0.0
  0
SPLINE
  5
100
330
1F
100
AcDbEntity
  8
0
  6
Continuous
 62
     7
370
    25
100
AcDbSpline
210
0.0
220
0.0
230
1.0
 70
     8
 71
     3
 72
    18
 73
    14
 74
     0
 42
0.00000001
 43
0.00000001
 40
0.0
 40
0.0
 40
0.0
 40
0.0
 40
0.2010100264873672
 40
0.3737356905472977
 40
0.4392779816638837
 40
0.487856914299399
 40
0.5127539199821214
 40
0.5338067955282669
 40
0.5532882361936158
 40
0.5922002881617374
 40
0.6397892832843213
 40
0.736332912387131
 40
1.0
 40
1.0
 40
1.0
 40
1.0
 10
-11.0337068632032
 20
2.759090558262367
 30
0.0
 10
-11.04740030154566
 20
2.776114575344415
 30
0.0
 10
-11.07286035806285
 20
2.807767139603183
 30
0.0
 10
-11.10035170259772
 20
2.846974361244995
 30
0.0
 10
-11.11507112675303
 20
2.874509135431646
 30
0.0
 10
-11.11997797985808
 20
2.888962802763374
 30
0.0
 10
-11.12072205568188
 20
2.899307217016243
 30
0.0
 10
-11.11923059825333
 20
2.906381362526262
 30
0.0
 10
-11.11465479460637
 20
2.91390742817467
 30
0.0
 10
-11.10453544583946
 20
2.920290514081271
 30
0.0
 10
-11.08523720004504
 20
2.925410494754814
 30
0.0
 10
-11.04086561117177
 20
2.928853921891711
 30
0.0
 10
-11.00172933150999
 20
2.928992531941704
 30
0.0
 10
-10.9730823523959
 20
2.929093991744258
 30
0.0
  0
SPLINE
  5
102
330
1F
100
AcDbEntity
  8
0
  6
Continuous
 62
     7
370
    25
100
AcDbSpline
210
0.0
220
0.0
230
1.0
 70
     8
 71
     3
 72
    10
 73
     6
 74
     0
 42
0.00000001
 43
0.00000001
 40
0.0
 40
0.0
 40
0.0
 40
0.0
 40
0.3392906296950327
 40
0.6724618601023898
 40
1.0
 40
1.0
 40
1.0
 40
1.0
 10
-10.55327600579398
 20
2.409097984695831
 30
0.0
 10
-10.61403158781365
 20
2.439056339384433
 30
0.0
 10
-10.73444697250397
 20
2.498432723983123
 30
0.0
 10
-10.89951299907984
 20
2.613453363628428
 30
0.0
 10
-10.98909247970606
 20
2.710652944211514
 30
0.0
 10
-11.03350035066415
 20
2.758838381339971
 30
0.0
  0
SPLINE
  5
103
330
1F
100
AcDbEntity
  8
0
  6
Continuous
 62
     7
370
    25
100
AcDbSpline
210
0.0
220
0.0
230
1.0
 70
     8
 71
     3
 72
    14
 73
    10
 74
     0
 42
0.00000001
 43
0.00000001
 40
0.0
 40
0.0
 40
0.0
 40
0.0
 40
0.1410297955591121
 40
0.2818753607524517
 40
0.422618721423343
 40
0.5633370663268853
 40
0.710447063116854
 40
0.8560893655250676
 40
1.0
 40
1.0
 40
1.0
 40
1.0
 10
-7.476189142918419
 20
1.731326887142971
 30
0.0
 10
-7.591053798812998
 20
1.690751947623089
 30
0.0
 10
-7.820633060341599
 20
1.609655072531315
 30
0.0
 10
-8.176440685179786
 20
1.526289416039903
 30
0.0
 10
-8.536192220336906
 20
1.466430207133453
 30
0.0
 10
-8.904755394785127
 20
1.430294774311933
 30
0.0
 10
-9.279062578814496
 20
1.422075092130051
 30
0.0
 10
-9.656134680933933
 20
1.431643241369362
 30
0.0
 10
-9.905649858303684
 20
1.414578908859197
 30
0.0
 10
-10.02966133569683
 20
1.406097769124047
 30
0.0
  0
SPLINE
  5
105
330
1F
100
AcDbEntity
  8
0
  6
Continuous
 62
     7
370
    25
100
AcDbSpline
210
0.0
220
0.0
230
1.0
 70
     8
 71
     3
 72
    17
 73
    13
 74
     0
 42
0.00000001
 43
0.00000001
 40
0.0
 40
0.0
 40
0.0
 40
0.0
 40
0.0777504184766907
 40
0.1561923543650609
 40
0.2354546932805466
 40
0.3153159739395983
 40
0.3955146565098733
 40
0.4759056415805041
 40
0.556374606580909
 40
0.7039743663759144
 40
0.8519118101407603
 40
1.0
 40
1.0
 40
1.0
 40
1.0
 10
-9.961707287354802
 20
1.108652765430236
 30
0.0
 10
-9.89653333651101
 20
1.086153740409282
 30
0.0
 10
-9.765605773354341
 20
1.040955582537053
 30
0.0
 10
-9.557306599201773
 20
1.017599235987585
 30
0.0
 10
-9.347032535764663
 20
1.018286993931635
 30
0.0
 10
-9.136184673379688
 20
1.040156011470868
 30
0.0
 10
-8.92675281844932
 20
1.077707593378093
 30
0.0
 10
-8.71939302075741
 20
1.127700330729437
 30
0.0
 10
-8.458049835301413
 20
1.206383689291501
 30
0.0
 10
-8.147800666445113
 20
1.327385906317731
 30
0.0
 10
-7.794350804637629
 20
1.498671474147263
 30
0.0
 10
-7.568374508561693
 20
1.630999383644357
 30
0.0
 10
-7.455328823202307
 20
1.697197031278367
 30
0.0
  0
SPLINE
  5
106
330
1F
100
AcDbEntity
  8
0
  6
Continuous
 62
     7
370
    25
100
AcDbSpline
210
0.0
220
0.0
230
1.0
 70
     8
 71
     3
 72
    20
 73
    16
 74
     0
 42
0.00000001
 43
0.00000001
 40
0.0
 40
0.0
 40
0.0
 40
0.0
 40
0.1392005106672987
 40
0.278901476485553
 40
0.4191075240222162
 40
0.5420411612668767
 40
0.5970657093603419
 40
0.6193117162847172
 40
0.6386887834812787
 40
0.6569884638283984
 40
0.6754946973260966
 40
0.7216344160078833
 40
0.824869351410417
 40
0.9278854279940844
 40
1.0
 40
1.0
 40
1.0
 40
1.0
 10
-9.961707287354802
 20
1.108652765430236
 30
0.0
 10
-9.98652235835882
 20
1.120244808589152
 30
0.0
 10
-10.03624171577308
 20
1.14347057074338
 30
0.0
 10
-10.10740509118648
 20
1.185426753911319
 30
0.0
 10
-10.17008533096546
 20
1.234446221251767
 30
0.0
 10
-10.20936307304646
 20
1.284699500017702
 30
0.0
 10
-10.22385440187709
 20
1.321567997792781
 30
0.0
 10
-10.22878994641301
 20
1.339918427988017
 30
0.0
 10
-10.22995019352065
 20
1.351820516602134
 30
0.0
 10
-10.22605412096419
 20
1.362723716802776
 30
0.0
 10
-10.21306776860413
 20
1.373427826566243
 30
0.0
 10
-10.18045537085164
 20
1.381653873938213
 30
0.0
 10
-10.13194210304456
 20
1.390441395456858
 30
0.0
 10
-10.0778156095692
 20
1.399397279933061
 30
0.0
 10
-10.04370660153533
 20
1.404143422305636
 30
0.0
 10
-10.02966133569683
 20
1.406097769124047
 30
0.0
  0
SPLINE
  5
107
330
1F
100
AcDbEntity
  8
0
  6
Continuous
 62
     7
370
    25
100
AcDbSpline
210
0.0
220
0.0
230
1.0
 70
     8
 71
     3
 72
     9
 73
     5
 74
     0
 42
0.00000001
 43
0.00000001
 40
0.0
 40
0.0
 40
0.0
 40
0.0
 40
0.4881028496547376
 40
1.0
 40
1.0
 40
1.0
 40
1.0
 10
-8.473547706920785
 20
1.279463465142621
 30
0.0
 10
-8.409821270751864
 20
1.302838662755267
 30
0.0
 10
-8.279261827769725
 20
1.350728564707655
 30
0.0
 10
-8.152471652391696
 20
1.407862203554689
 30
0.0
 10
-8.08756812292391
 20
1.437108750469342
 30
0.0
  0
SPLINE
  5
10B
330
1F
100
AcDbEntity
  8
0
  6
Continuous
 62
     7
370
    25
100
AcDbSpline
210
0.0
220
0.0
230
1.0
 70
     8
 71
     3
 72
    10
 73
     6
 74
     0
 42
0.00000001
 43
0.00000001
 40
0.0
 40
0.0
 40
0.0
 40
0.0
 40
0.2957661269279756
 40
0.6274282949600783
 40
1.0
 40
1.0
 40
1.0
 40
1.0
 10
-9.711160788838463
 20
1.109567747208926
 30
0.0
 10
-9.637548014720165
 20
1.10066557987696
 30
0.0
 10
-9.481388356303388
 20
1.081780822083499
 30
0.0
 10
-9.230183912671201
 20
1.096498864982829
 30
0.0
 10
-9.056586715900398
 20
1.127221083173293
 30
0.0
 10
-8.964745914052976
 20
1.143474531994065
 30
0.0
  0
SPLINE
  5
10D
330
1F
100
AcDbEntity
  8
0
  6
Continuous
 62
     7
370
    25
100
AcDbSpline
210
0.0
220
0.0
230
1.0
 70
     8
 71
     3
 72
    12
 73
     8
 74
     0
 42
0.00000001
 43
0.00000001
 40
0.0
 40
0.0
 40
0.0
 40
0.0
 40
0.1795797026918437
 40
0.389562062229659
 40
0.6054961619925515
 40
0.8038854573822966
 40
1.0
 40
1.0
 40
1.0
 40
1.0
 10
-8.991185030139254
 20
1.360500700137874
 30
0.0
 10
-9.03310507043831
 20
1.359077814145836
 30
0.0
 10
-9.124042170248938
 20
1.355991149043558
 30
0.0
 10
-9.265470949657919
 20
1.354893405002632
 30
0.0
 10
-9.411281640369532
 20
1.35524513164362
 30
0.0
 10
-9.55385380950732
 20
1.356722591659421
 30
0.0
 10
-9.645991838997514
 20
1.355769580114577
 30
0.0
 10
-9.691795214707192
 20
1.355295821927153
 30
0.0
  0
CIRCLE
  5
10F
330
1F
100
AcDbEntity
  8
0
  6
Continuous
 62
     7
370
    25
100
AcDbCircle
 10
-8.7392338117
 20
1.287351714
 30
0.0
 40
0.0590551181102534
  0
CIRCLE
  5
110
330
1F
100
AcDbEntity
  8
0
  6
Continuous
 62
     7
370
    25
100
AcDbCircle
 10
-9.9387714925
 20
1.2540447741
 30
0.0
 40
0.0590551181102719
  0
SPLINE
  5
111
330
1F
100
AcDbEntity
  8
0
  6
Continuous
 62
     7
370
    25
100
AcDbSpline
210
0.0
220
0.0
230
1.0
 70
     8
 71
     3
 72
    14
 73
    10
 74
     0
 42
0.00000001
 43
0.00000001
 40
0.0
 40
0.0
 40
0.0
 40
0.0
 40
0.1410297955591121
 40
0.2818753607524517
 40
0.422618721423343
 40
0.5633370663268853
 40
0.710447063116854
 40
0.8560893655250676
 40
1.0
 40
1.0
 40
1.0
 40
1.0
 10
-3.306190252829464
 20
-3.563422464777668
 30
0.0
 10
-3.421054908724042
 20
-3.60399740429755
 30
0.0
 10
-3.65063417025264
 20
-3.685094279389324
 30
0.0
 10
-4.006441795090834
 20
-3.768459935880733
 30
0.0
 10
-4.366193330247951
 20
-3.828319144787186
 30
0.0
 10
-4.73475650469617
 20
-3.864454577608704
 30
0.0
 10
-5.109063688725541
 20
-3.872674259790588
 30
0.0
 10
-5.48613579084498
 20
-3.863106110551278
 30
0.0
 10
-5.735650968214726
 20
-3.880170443061442
 30
0.0
 10
-5.85966244560788
 20
-3.888651582796591
 30
0.0
  0
SPLINE
  5
113
330
1F
100
AcDbEntity
  8
0
  6
Continuous
 62
     7
370
    25
100
AcDbSpline
210
0.0
220
0.0
230
1.0
 70
     8
 71
     3
 72
    17
 73
    13
 74
     0
 42
0.00000001
 43
0.00000001
 40
0.0
 40
0.0
 40
0.0
 40
0.0
 40
0.0777504184766907
 40
0.1561923543650609
 40
0.2354546932805466
 40
0.3153159739395983
 40
0.3955146565098733
 40
0.4759056415805041
 40
0.556374606580909
 40
0.7039743663759144
 40
0.8519118101407603
 40
1.0
 40
1.0
 40
1.0
 40
1.0
 10
-5.791708397265847
 20
-4.186096586490402
 30
0.0
 10
-5.726534446422057
 20
-4.208595611511357
 30
0.0
 10
-5.595606883265385
 20
-4.253793769383585
 30
0.0
 10
-5.387307709112816
 20
-4.277150115933056
 30
0.0
 10
-5.177033645675711
 20
-4.276462357989002
 30
0.0
 10
-4.966185783290732
 20
-4.254593340449772
 30
0.0
 10
-4.756753928360364
 20
-4.217041758542545
 30
0.0
 10
-4.549394130668456
 20
-4.167049021191199
 30
0.0
 10
-4.288050945212456
 20
-4.088365662629139
 30
0.0
 10
-3.977801776356158
 20
-3.967363445602908
 30
0.0
 10
-3.624351914548672
 20
-3.796077877773375
 30
0.0
 10
-3.398375618472737
 20
-3.663749968276282
 30
0.0
 10
-3.285329933113351
 20
-3.597552320642271
 30
0.0
  0
SPLINE
  5
114
330
1F
100
AcDbEntity
  8
0
  6
Continuous
 62
     7
370
    25
100
AcDbSpline
210
0.0
220
0.0
230
1.0
 70
     8
 71
     3
 72
    20
 73
    16
 74
     0
 42
0.00000001
 43
0.00000001
 40
0.0
 40
0.0
 40
0.0
 40
0.0
 40
0.1392005106672987
 40
0.278901476485553
 40
0.4191075240222162
 40
0.5420411612668767
 40
0.5970657093603419
 40
0.6193117162847172
 40
0.6386887834812787
 40
0.6569884638283984
 40
0.6754946973260966
 40
0.7216344160078833
 40
0.824869351410417
 40
0.9278854279940844
 40
1.0
 40
1.0
 40
1.0
 40
1.0
 10
-5.791708397265847
 20
-4.186096586490402
 30
0.0
 10
-5.816523468269866
 20
-4.174504543331487
 30
0.0
 10
-5.866242825684122
 20
-4.151278781177259
 30
0.0
 10
-5.937406201097521
 20
-4.109322598009319
 30
0.0
 10
-6.000086440876509
 20
-4.060303130668869
 30
0.0
 10
-6.039364182957495
 20
-4.010049851902941
 30
0.0
 10
-6.05385551178814
 20
-3.973181354127854
 30
0.0
 10
-6.058791056324059
 20
-3.954830923932624
 30
0.0
 10
-6.059951303431693
 20
-3.942928835318502
 30
0.0
 10
-6.056055230875234
 20
-3.932025635117864
 30
0.0
 10
-6.04306887851518
 20
-3.921321525354391
 30
0.0
 10
-6.010456480762683
 20
-3.913095477982428
 30
0.0
 10
-5.961943212955604
 20
-3.904307956463779
 30
0.0
 10
-5.907816719480245
 20
-3.89535207198758
 30
0.0
 10
-5.873707711446374
 20
-3.890605929615003
 30
0.0
 10
-5.85966244560788
 20
-3.888651582796591
 30
0.0
  0
SPLINE
  5
115
330
1F
100
AcDbEntity
  8
0
  6
Continuous
 62
     7
370
    25
100
AcDbSpline
210
0.0
220
0.0
230
1.0
 70
     8
 71
     3
 72
     9
 73
     5
 74
     0
 42
0.00000001
 43
0.00000001
 40
0.0
 40
0.0
 40
0.0
 40
0.0
 40
0.4881028496547376
 40
1.0
 40
1.0
 40
1.0
 40
1.0
 10
-4.30354881683183
 20
-4.015285886778017
 30
0.0
 10
-4.23982238066291
 20
-3.99191068916537
 30
0.0
 10
-4.109262937680769
 20
-3.944020787212984
 30
0.0
 10
-3.982472762302742
 20
-3.886887148365949
 30
0.0
 10
-3.917569232834955
 20
-3.857640601451296
 30
0.0
  0
SPLINE
  5
119
330
1F
100
AcDbEntity
  8
0
  6
Continuous
 62
     7
370
    25
100
AcDbSpline
210
0.0
220
0.0
230
1.0
 70
     8
 71
     3
 72
    10
 73
     6
 74
     0
 42
0.00000001
 43
0.00000001
 40
0.0
 40
0.0
 40
0.0
 40
0.0
 40
0.2957661269279756
 40
0.6274282949600783
 40
1.0
 40
1.0
 40
1.0
 40
1.0
 10
-5.541161898749508
 20
-4.185181604711712
 30
0.0
 10
-5.467549124631209
 20
-4.19408377204368
 30
0.0
 10
-5.311389466214431
 20
-4.212968529837141
 30
0.0
 10
-5.060185022582248
 20
-4.198250486937808
 30
0.0
 10
-4.886587825811443
 20
-4.167528268747344
 30
0.0
 10
-4.794747023964021
 20
-4.151274819926574
 30
0.0
  0
SPLINE
  5
11B
330
1F
100
AcDbEntity
  8
0
  6
Continuous
 62
     7
370
    25
100
AcDbSpline
210
0.0
220
0.0
230
1.0
 70
     8
 71
     3
 72
    12
 73
     8
 74
     0
 42
0.00000001
 43
0.00000001
 40
0.0
 40
0.0
 40
0.0
 40
0.0
 40
0.1795797026918437
 40
0.389562062229659
 40
0.6054961619925515
 40
0.8038854573822966
 40
1.0
 40
1.0
 40
1.0
 40
1.0
 10
-4.8211861400503
 20
-3.934248651782764
 30
0.0
 10
-4.863106180349357
 20
-3.935671537774802
 30
0.0
 10
-4.954043280159986
 20
-3.938758202877078
 30
0.0
 10
-5.095472059568965
 20
-3.939855946918006
 30
0.0
 10
-5.241282750280575
 20
-3.93950422027702
 30
0.0
 10
-5.383854919418365
 20
-3.938026760261216
 30
0.0
 10
-5.475992948908559
 20
-3.938979771806062
 30
0.0
 10
-5.521796324618236
 20
-3.939453529993486
 30
0.0
  0
CIRCLE
  5
11D
330
1F
100
AcDbEntity
  8
0
  6
Continuous
 62
     7
370
    25
100
AcDbCircle
 10
-4.5692349216
 20
-4.0073976379
 30
0.0
 40
0.0590551181102526
  0
CIRCLE
  5
11E
330
1F
100
AcDbEntity
  8
0
  6
Continuous
 62
     7
370
    25
100
AcDbCircle
 10
-5.7687726024
 20
-4.0407045778
 30
0.0
 40
0.0590551181102696
  0
SPLINE
  5
11F
330
1F
100
AcDbEntity
  8
0
  6
Continuous
 62
     7
370
    25
100
AcDbSpline
210
0.0
220
0.0
230
1.0
 70
     8
 71
     3
 72
    14
 73
    10
 74
     0
 42
0.00000001
 43
0.00000001
 40
0.0
 40
0.0
 40
0.0
 40
0.0
 40
0.1410297955591189
 40
0.2818753607524518
 40
0.4226187214233434
 40
0.5633370663268925
 40
0.7104470631168611
 40
0.8560893655250745
 40
1.0
 40
1.0
 40
1.0
 40
1.0
 10
-7.03150641704648
 20
-4.099139356161078
 30
0.0
 10
-6.916641761151896
 20
-4.058564416641194
 30
0.0
 10
-6.687062499623296
 20
-3.97746754154942
 30
0.0
 10
-6.331254874785106
 20
-3.894101885058008
 30
0.0
 10
-5.971503339627988
 20
-3.834242676151543
 30
0.0
 10
-5.602940165179761
 20
-3.79810724333002
 30
0.0
 10
-5.228632981150385
 20
-3.789887561148148
 30
0.0
 10
-4.851560879030956
 20
-3.79945571038745
 30
0.0
 10
-4.602045701661212
 20
-3.782391377877283
 30
0.0
 10
-4.478034224268065
 20
-3.773910238142132
 30
0.0
  0
SPLINE
  5
121
330
1F
100
AcDbEntity
  8
0
  6
Continuous
 62
     7
370
    25
100
AcDbSpline
210
0.0
220
0.0
230
1.0
 70
     8
 71
     3
 72
    17
 73
    13
 74
     0
 42
0.00000001
 43
0.00000001
 40
0.0
 40
0.0
 40
0.0
 40
0.0
 40
0.0777504184766974
 40
0.1561923543650546
 40
0.2354546932805473
 40
0.3153159739395929
 40
0.395514656509881
 40
0.4759056415805062
 40
0.5563746065809052
 40
0.7039743663759247
 40
0.8519118101407653
 40
1.0
 40
1.0
 40
1.0
 40
1.0
 10
-4.545988272610098
 20
-3.476465234448321
 30
0.0
 10
-4.611162223453895
 20
-3.453966209427366
 30
0.0
 10
-4.742089786610561
 20
-3.408768051555144
 30
0.0
 10
-4.950388960763132
 20
-3.385411705005674
 30
0.0
 10
-5.160663024200219
 20
-3.38609946294972
 30
0.0
 10
-5.371510886585213
 20
-3.40796848048897
 30
0.0
 10
-5.580942741515583
 20
-3.445520062396171
 30
0.0
 10
-5.788302539207487
 20
-3.495512799747533
 30
0.0
 10
-6.049645724663487
 20
-3.574196158309603
 30
0.0
 10
-6.359894893519792
 20
-3.695198375335822
 30
0.0
 10
-6.713344755327271
 20
-3.866483943165365
 30
0.0
 10
-6.939321051403196
 20
-3.998811852662459
 30
0.0
 10
-7.052366736762576
 20
-4.06500950029647
 30
0.0
  0
SPLINE
  5
122
330
1F
100
AcDbEntity
  8
0
  6
Continuous
 62
     7
370
    25
100
AcDbSpline
210
0.0
220
0.0
230
1.0
 70
     8
 71
     3
 72
    20
 73
    16
 74
     0
 42
0.00000001
 43
0.00000001
 40
0.0
 40
0.0
 40
0.0
 40
0.0
 40
0.1392005106672985
 40
0.2789014764855711
 40
0.4191075240222032
 40
0.5420411612668609
 40
0.5970657093603247
 40
0.6193117162846994
 40
0.6386887834812558
 40
0.6569884638283822
 40
0.6754946973261067
 40
0.7216344160078593
 40
0.8248693514104224
 40
0.927885427994086
 40
1.0
 40
1.0
 40
1.0
 40
1.0
 10
-4.545988272610098
 20
-3.476465234448321
 30
0.0
 10
-4.521173201606081
 20
-3.488057277607239
 30
0.0
 10
-4.471453844191822
 20
-3.511283039761475
 30
0.0
 10
-4.400290468778413
 20
-3.553239222929393
 30
0.0
 10
-4.337610228999421
 20
-3.602258690269853
 30
0.0
 10
-4.298332486918475
 20
-3.652511969035786
 30
0.0
 10
-4.283841158087776
 20
-3.689380466810858
 30
0.0
 10
-4.278905613551923
 20
-3.707730897006102
 30
0.0
 10
-4.27774536644422
 20
-3.719632985620217
 30
0.0
 10
-4.281641439000698
 20
-3.730536185820866
 30
0.0
 10
-4.294627791360756
 20
-3.741240295584322
 30
0.0
 10
-4.327240189113255
 20
-3.749466342956298
 30
0.0
 10
-4.375753456920334
 20
-3.758253864474949
 30
0.0
 10
-4.429879950395704
 20
-3.767209748951145
 30
0.0
 10
-4.46398895842957
 20
-3.771955891323719
 30
0.0
 10
-4.478034224268065
 20
-3.773910238142132
 30
0.0
  0
SPLINE
  5
123
330
1F
100
AcDbEntity
  8
0
  6
Continuous
 62
     7
370
    25
100
AcDbSpline
210
0.0
220
0.0
230
1.0
 70
     8
 71
     3
 72
     9
 73
     5
 74
     0
 42
0.00000001
 43
0.00000001
 40
0.0
 40
0.0
 40
0.0
 40
0.0
 40
0.4881028496547375
 40
1.0
 40
1.0
 40
1.0
 40
1.0
 10
-6.034147853044114
 20
-3.647275934160715
 30
0.0
 10
-6.097874289213034
 20
-3.670651131773362
 30
0.0
 10
-6.228433732195177
 20
-3.718541033725753
 30
0.0
 10
-6.355223907573201
 20
-3.77567467257279
 30
0.0
 10
-6.42012743704099
 20
-3.804921219487444
 30
0.0
  0
SPLINE
  5
127
330
1F
100
AcDbEntity
  8
0
  6
Continuous
 62
     7
370
    25
100
AcDbSpline
210
0.0
220
0.0
230
1.0
 70
     8
 71
     3
 72
    10
 73
     6
 74
     0
 42
0.00000001
 43
0.00000001
 40
0.0
 40
0.0
 40
0.0
 40
0.0
 40
0.2957661269279755
 40
0.6274282949600785
 40
1.0
 40
1.0
 40
1.0
 40
1.0
 10
-4.796534771126437
 20
-3.477380216227011
 30
0.0
 10
-4.870147545244737
 20
-3.468478048895044
 30
0.0
 10
-5.026307203661514
 20
-3.449593291101582
 30
0.0
 10
-5.277511647293695
 20
-3.46431133400092
 30
0.0
 10
-5.451108844064501
 20
-3.495033552191383
 30
0.0
 10
-5.542949645911924
 20
-3.511287001012154
 30
0.0
  0
SPLINE
  5
129
330
1F
100
AcDbEntity
  8
0
  6
Continuous
 62
     7
370
    25
100
AcDbSpline
210
0.0
220
0.0
230
1.0
 70
     8
 71
     3
 72
    12
 73
     8
 74
     0
 42
0.00000001
 43
0.00000001
 40
0.0
 40
0.0
 40
0.0
 40
0.0
 40
0.1795797026918435
 40
0.3895620622296588
 40
0.6054961619925513
 40
0.8038854573823213
 40
1.0
 40
1.0
 40
1.0
 40
1.0
 10
-5.516510529825646
 20
-3.728313169155964
 30
0.0
 10
-5.474590489526586
 20
-3.726890283163927
 30
0.0
 10
-5.383653389715957
 20
-3.723803618061655
 30
0.0
 10
-5.24222461030698
 20
-3.722705874020721
 30
0.0
 10
-5.096413919595363
 20
-3.723057600661708
 30
0.0
 10
-4.953841750457575
 20
-3.724535060677513
 30
0.0
 10
-4.861703720967382
 20
-3.723582049132663
 30
0.0
 10
-4.81590034525771
 20
-3.723108290945237
 30
0.0
  0
CIRCLE
  5
12B
330
1F
100
AcDbEntity
  8
0
  6
Continuous
 62
     7
370
    25
100
AcDbCircle
 10
-5.7684617483
 20
-3.655164183
 30
0.0
 40
0.0590551181102348
  0
CIRCLE
  5
12C
330
1F
100
AcDbEntity
  8
0
  6
Continuous
 62
     7
370
    25
100
AcDbCircle
 10
-4.5689240675
 20
-3.6218572431
 30
0.0
 40
0.0590551181102355
  0
SPLINE
  5
12D
330
1F
100
AcDbEntity
  8
0
  6
Continuous
 62
     7
370
    25
100
AcDbSpline
210
0.0
220
0.0
230
1.0
 70
     8
 71
     3
 72
    14
 73
    10
 74
     0
 42
0.00000001
 43
0.00000001
 40
0.0
 40
0.0
 40
0.0
 40
0.0
 40
0.1410297955591189
 40
0.2818753607524518
 40
0.4226187214233434
 40
0.5633370663268925
 40
0.7104470631168611
 40
0.8560893655250745
 40
1.0
 40
1.0
 40
1.0
 40
1.0
 10
-11.63487001993658
 20
-0.7746889952231233
 30
0.0
 10
-11.520005364042
 20
-0.7341140557032397
 30
0.0
 10
-11.2904261025134
 20
-0.6530171806114674
 30
0.0
 10
-10.93461847767521
 20
-0.5696515241200524
 30
0.0
 10
-10.57486694251809
 20
-0.5097923152135904
 30
0.0
 10
-10.20630376806986
 20
-0.4736568823920672
 30
0.0
 10
-9.831996584040489
 20
-0.4654372002101932
 30
0.0
 10
-9.454924481921058
 20
-0.4750053494494965
 30
0.0
 10
-9.205409304551315
 20
-0.4579410169393289
 30
0.0
 10
-9.081397827158169
 20
-0.4494598772041779
 30
0.0
  0
SPLINE
  5
12F
330
1F
100
AcDbEntity
  8
0
  6
Continuous
 62
     7
370
    25
100
AcDbSpline
210
0.0
220
0.0
230
1.0
 70
     8
 71
     3
 72
    17
 73
    13
 74
     0
 42
0.00000001
 43
0.00000001
 40
0.0
 40
0.0
 40
0.0
 40
0.0
 40
0.0777504184766974
 40
0.1561923543650546
 40
0.2354546932805473
 40
0.3153159739395929
 40
0.395514656509881
 40
0.4759056415805062
 40
0.5563746065809052
 40
0.7039743663759247
 40
0.8519118101407653
 40
1.0
 40
1.0
 40
1.0
 40
1.0
 10
-9.149351875500201
 20
-0.1520148735103672
 30
0.0
 10
-9.214525826343998
 20
-0.1295158484894126
 30
0.0
 10
-9.345453389500664
 20
-0.0843176906171895
 30
0.0
 10
-9.553752563653235
 20
-0.0609613440677198
 30
0.0
 10
-9.764026627090322
 20
-0.061649102011767
 30
0.0
 10
-9.974874489475315
 20
-0.0835181195510163
 30
0.0
 10
-10.18430634440569
 20
-0.1210697014582183
 30
0.0
 10
-10.39166614209759
 20
-0.1710624388095795
 30
0.0
 10
-10.65300932755359
 20
-0.2497457973716482
 30
0.0
 10
-10.9632584964099
 20
-0.3707480143978681
 30
0.0
 10
-11.31670835821738
 20
-0.5420335822274123
 30
0.0
 10
-11.5426846542933
 20
-0.6743614917245053
 30
0.0
 10
-11.65573033965268
 20
-0.7405591393585158
 30
0.0
  0
SPLINE
  5
130
330
1F
100
AcDbEntity
  8
0
  6
Continuous
 62
     7
370
    25
100
AcDbSpline
210
0.0
220
0.0
230
1.0
 70
     8
 71
     3
 72
    20
 73
    16
 74
     0
 42
0.00000001
 43
0.00000001
 40
0.0
 40
0.0
 40
0.0
 40
0.0
 40
0.1392005106672985
 40
0.2789014764855711
 40
0.4191075240222032
 40
0.5420411612668609
 40
0.5970657093603247
 40
0.6193117162846994
 40
0.6386887834812558
 40
0.6569884638283822
 40
0.6754946973261067
 40
0.7216344160078593
 40
0.8248693514104224
 40
0.927885427994086
 40
1.0
 40
1.0
 40
1.0
 40
1.0
 10
-9.149351875500201
 20
-0.1520148735103672
 30
0.0
 10
-9.124536804496183
 20
-0.1636069166692858
 30
0.0
 10
-9.074817447081923
 20
-0.1868326788235215
 30
0.0
 10
-9.003654071668517
 20
-0.2287888619914381
 30
0.0
 10
-8.940973831889524
 20
-0.2778083293318996
 30
0.0
 10
-8.90169608980858
 20
-0.3280616080978315
 30
0.0
 10
-8.88720476097788
 20
-0.3649301058729038
 30
0.0
 10
-8.882269216442026
 20
-0.3832805360681483
 30
0.0
 10
-8.881108969334324
 20
-0.3951826246822624
 30
0.0
 10
-8.885005041890802
 20
-0.4060858248829123
 30
0.0
 10
-8.897991394250859
 20
-0.4167899346463674
 30
0.0
 10
-8.930603792003357
 20
-0.425015982018345
 30
0.0
 10
-8.979117059810438
 20
-0.4338035035369946
 30
0.0
 10
-9.033243553285809
 20
-0.4427593880131901
 30
0.0
 10
-9.067352561319673
 20
-0.447505530385766
 30
0.0
 10
-9.081397827158169
 20
-0.4494598772041779
 30
0.0
  0
SPLINE
  5
131
330
1F
100
AcDbEntity
  8
0
  6
Continuous
 62
     7
370
    25
100
AcDbSpline
210
0.0
220
0.0
230
1.0
 70
     8
 71
     3
 72
     9
 73
     5
 74
     0
 42
0.00000001
 43
0.00000001
 40
0.0
 40
0.0
 40
0.0
 40
0.0
 40
0.4881028496547375
 40
1.0
 40
1.0
 40
1.0
 40
1.0
 10
-10.63751145593422
 20
-0.322825573222761
 30
0.0
 10
-10.70123789210314
 20
-0.3462007708354088
 30
0.0
 10
-10.83179733508528
 20
-0.3940906727877993
 30
0.0
 10
-10.9585875104633
 20
-0.4512243116348365
 30
0.0
 10
-11.02349103993109
 20
-0.4804708585494902
 30
0.0
  0
SPLINE
  5
135
330
1F
100
AcDbEntity
  8
0
  6
Continuous
 62
     7
370
    25
100
AcDbSpline
210
0.0
220
0.0
230
1.0
 70
     8
 71
     3
 72
    10
 73
     6
 74
     0
 42
0.00000001
 43
0.00000001
 40
0.0
 40
0.0
 40
0.0
 40
0.0
 40
0.2957661269279755
 40
0.6274282949600785
 40
1.0
 40
1.0
 40
1.0
 40
1.0
 10
-9.399898374016539
 20
-0.1529298552890573
 30
0.0
 10
-9.47351114813484
 20
-0.1440276879570903
 30
0.0
 10
-9.629670806551617
 20
-0.1251429301636278
 30
0.0
 10
-9.880875250183797
 20
-0.1398609730629661
 30
0.0
 10
-10.0544724469546
 20
-0.1705831912534292
 30
0.0
 10
-10.14631324880203
 20
-0.1868366400742001
 30
0.0
  0
SPLINE
  5
137
330
1F
100
AcDbEntity
  8
0
  6
Continuous
 62
     7
370
    25
100
AcDbSpline
210
0.0
220
0.0
230
1.0
 70
     8
 71
     3
 72
    12
 73
     8
 74
     0
 42
0.00000001
 43
0.00000001
 40
0.0
 40
0.0
 40
0.0
 40
0.0
 40
0.1795797026918435
 40
0.3895620622296588
 40
0.6054961619925513
 40
0.8038854573823213
 40
1.0
 40
1.0
 40
1.0
 40
1.0
 10
-10.11987413271575
 20
-0.4038628082180095
 30
0.0
 10
-10.07795409241669
 20
-0.4024399222259732
 30
0.0
 10
-9.987016992606062
 20
-0.3993532571237013
 30
0.0
 10
-9.845588213197082
 20
-0.3982555130827652
 30
0.0
 10
-9.699777522485467
 20
-0.3986072397237554
 30
0.0
 10
-9.55720535334768
 20
-0.4000846997395578
 30
0.0
 10
-9.465067323857484
 20
-0.3991316881947098
 30
0.0
 10
-9.419263948147812
 20
-0.3986579300072833
 30
0.0
  0
CIRCLE
  5
138
330
1F
100
AcDbEntity
  8
0
  6
Continuous
 62
     7
370
    25
100
AcDbCircle
 10
-10.3718253512
 20
-0.3307138221
 30
0.0
 40
0.0590551181102355
  0
CIRCLE
  5
139
330
1F
100
AcDbEntity
  8
0
  6
Continuous
 62
     7
370
    25
100
AcDbCircle
 10
-9.1722876704
 20
-0.2974068822
 30
0.0
 40
0.0590551181102335
  0
SPLINE
  5
13B
330
1F
100
AcDbEntity
  8
0
  6
Continuous
 62
     7
370
    25
100
AcDbSpline
210
0.0
220
0.0
230
1.0
 70
     8
 71
     3
 72
    14
 73
    10
 74
     0
 42
0.00000001
 43
0.00000001
 40
0.0
 40
0.0
 40
0.0
 40
0.0
 40
0.1410297955591189
 40
0.2818753607524518
 40
0.4226187214233434
 40
0.5633370663268925
 40
0.7104470631168611
 40
0.8560893655250745
 40
1.0
 40
1.0
 40
1.0
 40
1.0
 10
-11.55463166473113
 20
1.197617899213903
 30
0.0
 10
-11.43976700883655
 20
1.238192838733786
 30
0.0
 10
-11.21018774730795
 20
1.319289713825558
 30
0.0
 10
-10.85438012246976
 20
1.402655370316974
 30
0.0
 10
-10.49462858731264
 20
1.462514579223436
 30
0.0
 10
-10.12606541286441
 20
1.498650012044959
 30
0.0
 10
-9.751758228835037
 20
1.506869694226832
 30
0.0
 10
-9.374686126715606
 20
1.49730154498753
 30
0.0
 10
-9.125170949345865
 20
1.514365877497697
 30
0.0
 10
-9.001159471952716
 20
1.522847017232848
 30
0.0
  0
SPLINE
  5
13D
330
1F
100
AcDbEntity
  8
0
  6
Continuous
 62
     7
370
    25
100
AcDbSpline
210
0.0
220
0.0
230
1.0
 70
     8
 71
     3
 72
    17
 73
    13
 74
     0
 42
0.00000001
 43
0.00000001
 40
0.0
 40
0.0
 40
0.0
 40
0.0
 40
0.0777504184766974
 40
0.1561923543650546
 40
0.2354546932805473
 40
0.3153159739395929
 40
0.395514656509881
 40
0.4759056415805062
 40
0.5563746065809052
 40
0.7039743663759247
 40
0.8519118101407653
 40
1.0
 40
1.0
 40
1.0
 40
1.0
 10
-9.06911352029475
 20
1.820292020926659
 30
0.0
 10
-9.134287471138546
 20
1.842791045947614
 30
0.0
 10
-9.265215034295212
 20
1.887989203819836
 30
0.0
 10
-9.473514208447783
 20
1.911345550369306
 30
0.0
 10
-9.68378827188487
 20
1.910657792425259
 30
0.0
 10
-9.894636134269863
 20
1.88878877488601
 30
0.0
 10
-10.10406798920023
 20
1.851237192978807
 30
0.0
 10
-10.31142778689214
 20
1.801244455627446
 30
0.0
 10
-10.57277097234814
 20
1.722561097065378
 30
0.0
 10
-10.88302014120444
 20
1.601558880039158
 30
0.0
 10
-11.23647000301193
 20
1.430273312209614
 30
0.0
 10
-11.46244629908785
 20
1.29794540271252
 30
0.0
 10
-11.57549198444723
 20
1.23174775507851
 30
0.0
  0
SPLINE
  5
13E
330
1F
100
AcDbEntity
  8
0
  6
Continuous
 62
     7
370
    25
100
AcDbSpline
210
0.0
220
0.0
230
1.0
 70
     8
 71
     3
 72
    20
 73
    16
 74
     0
 42
0.00000001
 43
0.00000001
 40
0.0
 40
0.0
 40
0.0
 40
0.0
 40
0.1392005106672985
 40
0.2789014764855711
 40
0.4191075240222032
 40
0.5420411612668609
 40
0.5970657093603247
 40
0.6193117162846994
 40
0.6386887834812558
 40
0.6569884638283822
 40
0.6754946973261067
 40
0.7216344160078593
 40
0.8248693514104224
 40
0.927885427994086
 40
1.0
 40
1.0
 40
1.0
 40
1.0
 10
-9.06911352029475
 20
1.820292020926659
 30
0.0
 10
-9.044298449290732
 20
1.80869997776774
 30
0.0
 10
-8.99457909187647
 20
1.785474215613504
 30
0.0
 10
-8.923415716463065
 20
1.743518032445589
 30
0.0
 10
-8.86073547668407
 20
1.694498565105126
 30
0.0
 10
-8.821457734603129
 20
1.644245286339195
 30
0.0
 10
-8.806966405772428
 20
1.607376788564123
 30
0.0
 10
-8.802030861236574
 20
1.589026358368877
 30
0.0
 10
-8.800870614128874
 20
1.577124269754764
 30
0.0
 10
-8.80476668668535
 20
1.566221069554114
 30
0.0
 10
-8.817753039045407
 20
1.555516959790658
 30
0.0
 10
-8.850365436797905
 20
1.547290912418681
 30
0.0
 10
-8.898878704604986
 20
1.538503390900031
 30
0.0
 10
-8.953005198080355
 20
1.529547506423836
 30
0.0
 10
-8.98711420611422
 20
1.52480136405126
 30
0.0
 10
-9.001159471952716
 20
1.522847017232848
 30
0.0
  0
SPLINE
  5
13F
330
1F
100
AcDbEntity
  8
0
  6
Continuous
 62
     7
370
    25
100
AcDbSpline
210
0.0
220
0.0
230
1.0
 70
     8
 71
     3
 72
     9
 73
     5
 74
     0
 42
0.00000001
 43
0.00000001
 40
0.0
 40
0.0
 40
0.0
 40
0.0
 40
0.4881028496547375
 40
1.0
 40
1.0
 40
1.0
 40
1.0
 10
-10.55727310072877
 20
1.649481321214265
 30
0.0
 10
-10.62099953689768
 20
1.626106123601617
 30
0.0
 10
-10.75155897987983
 20
1.578216221649226
 30
0.0
 10
-10.87834915525785
 20
1.521082582802189
 30
0.0
 10
-10.94325268472564
 20
1.491836035887536
 30
0.0
  0
SPLINE
  5
143
330
1F
100
AcDbEntity
  8
0
  6
Continuous
 62
     7
370
    25
100
AcDbSpline
210
0.0
220
0.0
230
1.0
 70
     8
 71
     3
 72
    10
 73
     6
 74
     0
 42
0.00000001
 43
0.00000001
 40
0.0
 40
0.0
 40
0.0
 40
0.0
 40
0.2957661269279755
 40
0.6274282949600785
 40
1.0
 40
1.0
 40
1.0
 40
1.0
 10
-9.319660018811089
 20
1.819377039147969
 30
0.0
 10
-9.393272792929388
 20
1.828279206479936
 30
0.0
 10
-9.549432451346165
 20
1.847163964273398
 30
0.0
 10
-9.800636894978345
 20
1.83244592137406
 30
0.0
 10
-9.974234091749153
 20
1.801723703183597
 30
0.0
 10
-10.06607489359657
 20
1.785470254362826
 30
0.0
  0
SPLINE
  5
145
330
1F
100
AcDbEntity
  8
0
  6
Continuous
 62
     7
370
    25
100
AcDbSpline
210
0.0
220
0.0
230
1.0
 70
     8
 71
     3
 72
    12
 73
     8
 74
     0
 42
0.00000001
 43
0.00000001
 40
0.0
 40
0.0
 40
0.0
 40
0.0
 40
0.1795797026918435
 40
0.3895620622296588
 40
0.6054961619925513
 40
0.8038854573823213
 40
1.0
 40
1.0
 40
1.0
 40
1.0
 10
-10.0396357775103
 20
1.568444086219017
 30
0.0
 10
-9.997715737211239
 20
1.569866972211053
 30
0.0
 10
-9.906778637400608
 20
1.572953637313325
 30
0.0
 10
-9.765349857991632
 20
1.574051381354261
 30
0.0
 10
-9.619539167280012
 20
1.57369965471327
 30
0.0
 10
-9.476966998142228
 20
1.572222194697469
 30
0.0
 10
-9.384828968652032
 20
1.573175206242316
 30
0.0
 10
-9.339025592942361
 20
1.573648964429743
 30
0.0
  0
CIRCLE
  5
147
330
1F
100
AcDbEntity
  8
0
  6
Continuous
 62
     7
370
    25
100
AcDbCircle
 10
-10.291586996
 20
1.6415930724
 30
0.0
 40
0.0590551181102348
  0
CIRCLE
  5
148
330
1F
100
AcDbEntity
  8
0
  6
Continuous
 62
     7
370
    25
100
AcDbCircle
 10
-9.0920493151
 20
1.6749000122
 30
0.0
 40
0.0590551181102348
  0
SPLINE
  5
149
330
1F
100
AcDbEntity
  8
0
  6
Continuous
 62
     7
370
    25
100
AcDbSpline
210
0.0
220
0.0
230
1.0
 70
     8
 71
     3
 72
    14
 73
    10
 74
     0
 42
0.00000001
 43
0.00000001
 40
0.0
 40
0.0
 40
0.0
 40
0.0
 40
0.1410297955591121
 40
0.2818753607524517
 40
0.422618721423343
 40
0.5633370663268853
 40
0.710447063116854
 40
0.8560893655250676
 40
1.0
 40
1.0
 40
1.0
 40
1.0
 10
-8.424184820334627
 20
-0.4611843552250264
 30
0.0
 10
-8.539049476229204
 20
-0.5017592947449085
 30
0.0
 10
-8.768628737757805
 20
-0.5828561698366822
 30
0.0
 10
-9.124436362595995
 20
-0.6662218263280929
 30
0.0
 10
-9.484187897753113
 20
-0.7260810352345441
 30
0.0
 10
-9.85275107220133
 20
-0.7622164680560632
 30
0.0
 10
-10.22705825623071
 20
-0.7704361502379462
 30
0.0
 10
-10.60413035835014
 20
-0.7608680009986355
 30
0.0
 10
-10.85364553571989
 20
-0.7779323335088002
 30
0.0
 10
-10.97765701311304
 20
-0.78641347324395
 30
0.0
  0
SPLINE
  5
14B
330
1F
100
AcDbEntity
  8
0
  6
Continuous
 62
     7
370
    25
100
AcDbSpline
210
0.0
220
0.0
230
1.0
 70
     8
 71
     3
 72
    17
 73
    13
 74
     0
 42
0.00000001
 43
0.00000001
 40
0.0
 40
0.0
 40
0.0
 40
0.0
 40
0.0777504184766907
 40
0.1561923543650609
 40
0.2354546932805466
 40
0.3153159739395983
 40
0.3955146565098733
 40
0.4759056415805041
 40
0.556374606580909
 40
0.7039743663759144
 40
0.8519118101407603
 40
1.0
 40
1.0
 40
1.0
 40
1.0
 10
-10.90970296477101
 20
-1.083858476937761
 30
0.0
 10
-10.84452901392722
 20
-1.106357501958715
 30
0.0
 10
-10.71360145077055
 20
-1.151555659830944
 30
0.0
 10
-10.50530227661798
 20
-1.174912006380413
 30
0.0
 10
-10.29502821318087
 20
-1.174224248436361
 30
0.0
 10
-10.0841803507959
 20
-1.152355230897129
 30
0.0
 10
-9.874748495865525
 20
-1.114803648989904
 30
0.0
 10
-9.667388698173617
 20
-1.064810911638559
 30
0.0
 10
-9.406045512717618
 20
-0.9861275530764962
 30
0.0
 10
-9.095796343861322
 20
-0.8651253360502665
 30
0.0
 10
-8.742346482053835
 20
-0.6938397682207342
 30
0.0
 10
-8.5163701859779
 20
-0.5615118587236403
 30
0.0
 10
-8.403324500618513
 20
-0.4953142110896296
 30
0.0
  0
SPLINE
  5
14C
330
1F
100
AcDbEntity
  8
0
  6
Continuous
 62
     7
370
    25
100
AcDbSpline
210
0.0
220
0.0
230
1.0
 70
     8
 71
     3
 72
    20
 73
    16
 74
     0
 42
0.00000001
 43
0.00000001
 40
0.0
 40
0.0
 40
0.0
 40
0.0
 40
0.1392005106672987
 40
0.278901476485553
 40
0.4191075240222162
 40
0.5420411612668767
 40
0.5970657093603419
 40
0.6193117162847172
 40
0.6386887834812787
 40
0.6569884638283984
 40
0.6754946973260966
 40
0.7216344160078833
 40
0.824869351410417
 40
0.9278854279940844
 40
1.0
 40
1.0
 40
1.0
 40
1.0
 10
-10.90970296477101
 20
-1.083858476937761
 30
0.0
 10
-10.93451803577503
 20
-1.072266433778845
 30
0.0
 10
-10.98423739318929
 20
-1.049040671624618
 30
0.0
 10
-11.05540076860268
 20
-1.007084488456679
 30
0.0
 10
-11.11808100838167
 20
-0.958065021116229
 30
0.0
 10
-11.15735875046266
 20
-0.9078117423502966
 30
0.0
 10
-11.1718500792933
 20
-0.8709432445752144
 30
0.0
 10
-11.17678562382922
 20
-0.8525928143799807
 30
0.0
 10
-11.17794587093685
 20
-0.8406907257658618
 30
0.0
 10
-11.1740497983804
 20
-0.8297875255652217
 30
0.0
 10
-11.16106344602034
 20
-0.8190834158017523
 30
0.0
 10
-11.12845104826785
 20
-0.8108573684297852
 30
0.0
 10
-11.07993778046077
 20
-0.8020698469111386
 30
0.0
 10
-11.02581128698541
 20
-0.7931139624349373
 30
0.0
 10
-10.99170227895154
 20
-0.7883678200623616
 30
0.0
 10
-10.97765701311304
 20
-0.78641347324395
 30
0.0
  0
SPLINE
  5
14D
330
1F
100
AcDbEntity
  8
0
  6
Continuous
 62
     7
370
    25
100
AcDbSpline
210
0.0
220
0.0
230
1.0
 70
     8
 71
     3
 72
     9
 73
     5
 74
     0
 42
0.00000001
 43
0.00000001
 40
0.0
 40
0.0
 40
0.0
 40
0.0
 40
0.4881028496547376
 40
1.0
 40
1.0
 40
1.0
 40
1.0
 10
-9.421543384336992
 20
-0.9130477772253757
 30
0.0
 10
-9.357816948168075
 20
-0.8896725796127294
 30
0.0
 10
-9.227257505185934
 20
-0.8417826776603416
 30
0.0
 10
-9.100467329807906
 20
-0.7846490388133074
 30
0.0
 10
-9.035563800340118
 20
-0.7554024918986552
 30
0.0
  0
SPLINE
  5
151
330
1F
100
AcDbEntity
  8
0
  6
Continuous
 62
     7
370
    25
100
AcDbSpline
210
0.0
220
0.0
230
1.0
 70
     8
 71
     3
 72
    10
 73
     6
 74
     0
 42
0.00000001
 43
0.00000001
 40
0.0
 40
0.0
 40
0.0
 40
0.0
 40
0.2957661269279756
 40
0.6274282949600783
 40
1.0
 40
1.0
 40
1.0
 40
1.0
 10
-10.65915646625467
 20
-1.082943495159071
 30
0.0
 10
-10.58554369213637
 20
-1.091845662491037
 30
0.0
 10
-10.4293840337196
 20
-1.110730420284499
 30
0.0
 10
-10.17817959008741
 20
-1.096012377385167
 30
0.0
 10
-10.00458239331661
 20
-1.065290159194704
 30
0.0
 10
-9.912741591469185
 20
-1.049036710373932
 30
0.0
  0
SPLINE
  5
153
330
1F
100
AcDbEntity
  8
0
  6
Continuous
 62
     7
370
    25
100
AcDbSpline
210
0.0
220
0.0
230
1.0
 70
     8
 71
     3
 72
    12
 73
     8
 74
     0
 42
0.00000001
 43
0.00000001
 40
0.0
 40
0.0
 40
0.0
 40
0.0
 40
0.1795797026918437
 40
0.389562062229659
 40
0.6054961619925515
 40
0.8038854573822966
 40
1.0
 40
1.0
 40
1.0
 40
1.0
 10
-9.939180707555463
 20
-0.8320105422301228
 30
0.0
 10
-9.98110074785452
 20
-0.8334334282221613
 30
0.0
 10
-10.07203784766515
 20
-0.8365200933244378
 30
0.0
 10
-10.21346662707413
 20
-0.8376178373653651
 30
0.0
 10
-10.35927731778574
 20
-0.8372661107243772
 30
0.0
 10
-10.50184948692353
 20
-0.8357886507085757
 30
0.0
 10
-10.59398751641372
 20
-0.8367416622534201
 30
0.0
 10
-10.6397908921234
 20
-0.8372154204408446
 30
0.0
  0
CIRCLE
  5
155
330
1F
100
AcDbEntity
  8
0
  6
Continuous
 62
     7
370
    25
100
AcDbCircle
 10
-9.6872294891
 20
-0.9051595284
 30
0.0
 40
0.0590551181102507
  0
CIRCLE
  5
156
330
1F
100
AcDbEntity
  8
0
  6
Continuous
 62
     7
370
    25
100
AcDbCircle
 10
-10.8867671699
 20
-0.9384664682
 30
0.0
 40
0.0590551181102703
  0
SPLINE
  5
158
330
1F
100
AcDbEntity
  8
0
  6
Continuous
 62
     7
370
    25
100
AcDbSpline
210
0.0
220
0.0
230
1.0
 70
     8
 71
     3
 72
    36
 73
    32
 74
     0
 42
0.00000001
 43
0.00000001
 40
0.0
 40
0.0
 40
0.0
 40
0.0
 40
0.0774582263678648
 40
0.1547646431350735
 40
0.2320361202111992
 40
0.3092767603809846
 40
0.3859046630270915
 40
0.4095356506631189
 40
0.4330183322370522
 40
0.4560564853826482
 40
0.47816864665968
 40
0.4817056496769683
 40
0.4836664080017918
 40
0.4838681216287809
 40
0.4840133880606934
 40
0.4843934591401198
 40
0.48650229926416
 40
0.4897529926664408
 40
0.4938252211284961
 40
0.4979403531218157
 40
0.5158767446310031
 40
0.5343459075792122
 40
0.5642786349993562
 40
0.5914070877437512
 40
0.6188195385811834
 40
0.6606859065485522
 40
0.7028590433155807
 40
0.7452009924439494
 40
0.8299852296688758
 40
0.9149279552190945
 40
1.0
 40
1.0
 40
1.0
 40
1.0
 10
-11.59770805041986
 20
3.618733331981169
 30
0.0
 10
-11.45764564447686
 20
3.651286472853499
 30
0.0
 10
-11.17779533949492
 20
3.716328954023997
 30
0.0
 10
-10.7509399795789
 20
3.776084092231848
 30
0.0
 10
-10.32243303233264
 20
3.815249534937601
 30
0.0
 10
-9.893698892284318
 20
3.831192159397219
 30
0.0
 10
-9.564158507263851
 20
3.831765226399005
 30
0.0
 10
-9.335048785554664
 20
3.847935016347224
 30
0.0
 10
-9.205857287629366
 20
3.865442347366746
 30
0.0
 10
-9.081745926770404
 20
3.893815720422501
 30
0.0
 10
-8.996374552803205
 20
3.927134889025596
 30
0.0
 10
-8.953733893136775
 20
3.95547242377345
 30
0.0
 10
-8.945114911102424
 20
3.96169127721907
 30
0.0
 10
-8.942236788896306
 20
3.964910571763787
 30
0.0
 10
-8.941691121630784
 20
3.966162780366024
 30
0.0
 10
-8.941265327504643
 20
3.971090362575188
 30
0.0
 10
-8.942452837680705
 20
3.981682763754915
 30
0.0
 10
-8.943518732236152
 20
3.999145413298389
 30
0.0
 10
-8.948551253288027
 20
4.020054793565284
 30
0.0
 10
-8.973186273413663
 20
4.062225987205011
 30
0.0
 10
-9.028832892107737
 20
4.114981976056467
 30
0.0
 10
-9.134450426014537
 20
4.179017090124545
 30
0.0
 10
-9.268607021846055
 20
4.224149345638788
 30
0.0
 10
-9.42364917972509
 20
4.249324418573761
 30
0.0
 10
-9.602750956343547
 20
4.256694595299432
 30
0.0
 10
-9.809463424759231
 20
4.241530199008659
 30
0.0
 10
-10.04108938122956
 20
4.203801246242585
 30
0.0
 10
-10.34793034957889
 20
4.135963811380857
 30
0.0
 10
-10.72642440343207
 20
4.026537630357078
 30
0.0
 10
-11.16935298921592
 20
3.860003090481429
 30
0.0
 10
-11.45771591739895
 20
3.731959175614795
 30
0.0
 10
-11.60200705099729
 20
3.667888520822619
 30
0.0
  0
SPLINE
  5
15A
330
1F
100
AcDbEntity
  8
0
  6
Continuous
 62
     7
370
    25
100
AcDbSpline
210
0.0
220
0.0
230
1.0
 70
     8
 71
     3
 72
     9
 73
     5
 74
     0
 42
0.00000001
 43
0.00000001
 40
0.0
 40
0.0
 40
0.0
 40
0.0
 40
0.5559131818896752
 40
1.0
 40
1.0
 40
1.0
 40
1.0
 10
-9.683515751737623
 20
4.179471078148458
 30
0.0
 10
-9.774927939905663
 20
4.170233423186109
 30
0.0
 10
-9.93936402659335
 20
4.153616341124938
 30
0.0
 10
-10.10076249210426
 20
4.11822694241927
 30
0.0
 10
-10.17243742310089
 20
4.102510976953231
 30
0.0
  0
SPLINE
  5
15C
330
1F
100
AcDbEntity
  8
0
  6
Continuous
 62
     7
370
    25
100
AcDbSpline
210
0.0
220
0.0
230
1.0
 70
     8
 71
     3
 72
     9
 73
     5
 74
     0
 42
0.00000001
 43
0.00000001
 40
0.0
 40
0.0
 40
0.0
 40
0.0
 40
0.5628454781263573
 40
1.0
 40
1.0
 40
1.0
 40
1.0
 10
-10.14409725321311
 20
3.891250264834731
 30
0.0
 10
-10.05547522783048
 20
3.89410731640622
 30
0.0
 10
-9.898021665837529
 20
3.89918340155307
 30
0.0
 10
-9.74050437009204
 20
3.901501483222482
 30
0.0
 10
-9.671644971983593
 20
3.902514843106339
 30
0.0
  0
SPLINE
  5
15E
330
1F
100
AcDbEntity
  8
0
  6
Continuous
 62
     7
370
    25
100
AcDbSpline
210
0.0
220
0.0
230
1.0
 70
     8
 71
     3
 72
     9
 73
     5
 74
     0
 42
0.00000001
 43
0.00000001
 40
0.0
 40
0.0
 40
0.0
 40
0.0
 40
0.5590960637894185
 40
1.0
 40
1.0
 40
1.0
 40
1.0
 10
-10.61145744739465
 20
3.983868133436194
 30
0.0
 10
-10.68196296267215
 20
3.960759175524941
 30
0.0
 10
-10.80806922569898
 20
3.9194264611527
 30
0.0
 10
-10.93217677173392
 20
3.872446825253973
 30
0.0
 10
-10.98689627729417
 20
3.851733318864486
 30
0.0
  0
SPLINE
  5
160
330
1F
100
AcDbEntity
  8
0
  6
Continuous
 62
     7
370
    25
100
AcDbSpline
210
0.0
220
0.0
230
1.0
 70
     8
 71
     3
 72
     9
 73
     5
 74
     0
 42
0.00000001
 43
0.00000001
 40
0.0
 40
0.0
 40
0.0
 40
0.0
 40
0.5602772183836413
 40
1.0
 40
1.0
 40
1.0
 40
1.0
 10
-10.97681069685443
 20
3.813274218465293
 30
0.0
 10
-10.90405645804119
 20
3.823430372697276
 30
0.0
 10
-10.77420245643975
 20
3.841557388929139
 30
0.0
 10
-10.64374608788994
 20
3.854624249069991
 30
0.0
 10
-10.58638145063165
 20
3.860370045158117
 30
0.0
  0
CIRCLE
  5
162
330
1F
100
AcDbEntity
  8
0
  6
Continuous
 62
     7
370
    25
100
AcDbCircle
 10
-10.3962753653
 20
3.9627703408
 30
0.0
 40
0.0590551181102388
  0
CIRCLE
  5
163
330
1F
100
AcDbEntity
  8
0
  6
Continuous
 62
     7
370
    25
100
AcDbCircle
 10
-9.3995470241
 20
4.0435949279
 30
0.0
 40
0.059055118110237
  0
SPLINE
  5
165
330
1F
100
AcDbEntity
  8
0
  6
Continuous
 62
     7
370
    25
100
AcDbSpline
210
0.0
220
0.0
230
1.0
 70
     8
 71
     3
 72
    36
 73
    32
 74
     0
 42
0.00000001
 43
0.00000001
 40
0.0
 40
0.0
 40
0.0
 40
0.0
 40
0.0774582263678646
 40
0.1547646431350734
 40
0.2320361202111992
 40
0.3092767603809847
 40
0.3859046630270918
 40
0.4095356506631191
 40
0.4330183322370523
 40
0.4560564853826484
 40
0.4781686466596802
 40
0.4817056496769686
 40
0.4836664080017921
 40
0.4838681216287811
 40
0.4840133880606937
 40
0.4843934591401199
 40
0.4865022992641602
 40
0.489752992666441
 40
0.4938252211284963
 40
0.4979403531218158
 40
0.5158767446310032
 40
0.5343459075792124
 40
0.5642786349993566
 40
0.5914070877437516
 40
0.618819538581184
 40
0.6606859065485527
 40
0.7028590433155811
 40
0.74520099244395
 40
0.8299852296688761
 40
0.9149279552190948
 40
0.9999999999999999
 40
0.9999999999999999
 40
0.9999999999999999
 40
0.9999999999999999
 10
-8.287017322602528
 20
3.899896790374663
 30
0.0
 10
-8.427079728545525
 20
3.867343649502336
 30
0.0
 10
-8.706930033527476
 20
3.802301168331845
 30
0.0
 10
-9.133785393443487
 20
3.74254603012399
 30
0.0
 10
-9.562292340689746
 20
3.70338058741824
 30
0.0
 10
-9.99102648073807
 20
3.687437962958626
 30
0.0
 10
-10.32056686575854
 20
3.686864895956845
 30
0.0
 10
-10.54967658746772
 20
3.670695106008624
 30
0.0
 10
-10.67886808539302
 20
3.653187774989107
 30
0.0
 10
-10.80297944625198
 20
3.624814401933356
 30
0.0
 10
-10.88835082021918
 20
3.591495233330247
 30
0.0
 10
-10.93099147988561
 20
3.563157698582407
 30
0.0
 10
-10.93961046191997
 20
3.556938845136782
 30
0.0
 10
-10.94248858412609
 20
3.553719550592068
 30
0.0
 10
-10.9430342513916
 20
3.552467341989828
 30
0.0
 10
-10.94346004551775
 20
3.547539759780667
 30
0.0
 10
-10.94227253534167
 20
3.536947358600936
 30
0.0
 10
-10.94120664078624
 20
3.519484709057467
 30
0.0
 10
-10.93617411973436
 20
3.49857532879057
 30
0.0
 10
-10.91153909960872
 20
3.45640413515084
 30
0.0
 10
-10.85589248091465
 20
3.403648146299386
 30
0.0
 10
-10.75027494700785
 20
3.339613032231309
 30
0.0
 10
-10.61611835117633
 20
3.294480776717059
 30
0.0
 10
-10.4610761932973
 20
3.269305703782087
 30
0.0
 10
-10.28197441667884
 20
3.261935527056417
 30
0.0
 10
-10.07526194826316
 20
3.27709992334719
 30
0.0
 10
-9.843635991792826
 20
3.314828876113256
 30
0.0
 10
-9.536795023443501
 20
3.382666310974991
 30
0.0
 10
-9.158300969590313
 20
3.49209249199876
 30
0.0
 10
-8.715372383806468
 20
3.658627031874407
 30
0.0
 10
-8.427009455623441
 20
3.786670946741037
 30
0.0
 10
-8.282718322025097
 20
3.850741601533212
 30
0.0
  0
SPLINE
  5
167
330
1F
100
AcDbEntity
  8
0
  6
Continuous
 62
     7
370
    25
100
AcDbSpline
210
0.0
220
0.0
230
1.0
 70
     8
 71
     3
 72
     9
 73
     5
 74
     0
 42
0.00000001
 43
0.00000001
 40
0.0
 40
0.0
 40
0.0
 40
0.0
 40
0.5559131818896748
 40
1.0
 40
1.0
 40
1.0
 40
1.0
 10
-10.20120962128476
 20
3.339159044207391
 30
0.0
 10
-10.10979743311673
 20
3.348396699169737
 30
0.0
 10
-9.945361346429037
 20
3.365013781230906
 30
0.0
 10
-9.783962880918127
 20
3.400403179936574
 30
0.0
 10
-9.712287949921498
 20
3.416119145402613
 30
0.0
  0
SPLINE
  5
169
330
1F
100
AcDbEntity
  8
0
  6
Continuous
 62
     7
370
    25
100
AcDbSpline
210
0.0
220
0.0
230
1.0
 70
     8
 71
     3
 72
     9
 73
     5
 74
     0
 42
0.00000001
 43
0.00000001
 40
0.0
 40
0.0
 40
0.0
 40
0.0
 40
0.5628454781263572
 40
0.9999999999999999
 40
0.9999999999999999
 40
0.9999999999999999
 40
0.9999999999999999
 10
-9.740628119809278
 20
3.627379857521113
 30
0.0
 10
-9.8292501451919
 20
3.624522805949627
 30
0.0
 10
-9.986703707184855
 20
3.61944672080278
 30
0.0
 10
-10.14422100293035
 20
3.617128639133367
 30
0.0
 10
-10.21308040103879
 20
3.61611527924951
 30
0.0
  0
SPLINE
  5
16B
330
1F
100
AcDbEntity
  8
0
  6
Continuous
 62
     7
370
    25
100
AcDbSpline
210
0.0
220
0.0
230
1.0
 70
     8
 71
     3
 72
     9
 73
     5
 74
     0
 42
0.00000001
 43
0.00000001
 40
0.0
 40
0.0
 40
0.0
 40
0.0
 40
0.5590960637894185
 40
1.0
 40
1.0
 40
1.0
 40
1.0
 10
-9.273267925627739
 20
3.534761988919646
 30
0.0
 10
-9.20276241035024
 20
3.557870946830898
 30
0.0
 10
-9.076656147323408
 20
3.599203661203142
 30
0.0
 10
-8.95254860128846
 20
3.646183297101866
 30
0.0
 10
-8.897829095728216
 20
3.666896803491354
 30
0.0
  0
SPLINE
  5
16D
330
1F
100
AcDbEntity
  8
0
  6
Continuous
 62
     7
370
    25
100
AcDbSpline
210
0.0
220
0.0
230
1.0
 70
     8
 71
     3
 72
     9
 73
     5
 74
     0
 42
0.00000001
 43
0.00000001
 40
0.0
 40
0.0
 40
0.0
 40
0.0
 40
0.5602772183836413
 40
1.0
 40
1.0
 40
1.0
 40
1.0
 10
-8.907914676167959
 20
3.705355903890547
 30
0.0
 10
-8.9806689149812
 20
3.695199749658564
 30
0.0
 10
-9.110522916582644
 20
3.677072733426702
 30
0.0
 10
-9.240979285132449
 20
3.66400587328585
 30
0.0
 10
-9.29834392239074
 20
3.658260077197723
 30
0.0
  0
CIRCLE
  5
16F
330
1F
100
AcDbEntity
  8
0
  6
Continuous
 62
     7
370
    25
100
AcDbCircle
 10
-9.4884500078
 20
3.5558597816
 30
0.0
 40
0.0590551181102388
  0
CIRCLE
  5
170
330
1F
100
AcDbEntity
  8
0
  6
Continuous
 62
     7
370
    25
100
AcDbCircle
 10
-10.4851783489
 20
3.4750351944
 30
0.0
 40
0.0590551181102388
  0
SPLINE
  5
171
330
1F
100
AcDbEntity
  8
0
  6
Continuous
 62
     7
370
    25
100
AcDbSpline
210
0.0
220
0.0
230
1.0
 70
     8
 71
     3
 72
    13
 73
     9
 74
     0
 42
0.00000001
 43
0.00000001
 40
0.0
 40
0.0
 40
0.0
 40
0.0
 40
0.2486472222400154
 40
0.4980795612796817
 40
0.6272264383402477
 40
0.748751110690563
 40
0.876819955715926
 40
1.0
 40
1.0
 40
1.0
 40
1.0
 10
-9.235914937303734
 20
-3.422784777439502
 30
0.0
 10
-9.23572167951168
 20
-3.479557831136019
 30
0.0
 10
-9.235334553705835
 20
-3.593283202458981
 30
0.0
 10
-9.282999154954139
 20
-3.730924514081341
 30
0.0
 10
-9.3449580374521
 20
-3.826898846623694
 30
0.0
 10
-9.406528190942915
 20
-3.887642055858571
 30
0.0
 10
-9.47983329462267
 20
-3.933482788587324
 30
0.0
 10
-9.536451211250924
 20
-3.94366382162147
 30
0.0
 10
-9.564209333870727
 20
-3.94865528687113
 30
0.0
  0
SPLINE
  5
176
330
1F
100
AcDbEntity
  8
0
  6
Continuous
 62
     7
370
    25
100
AcDbSpline
210
0.0
220
0.0
230
1.0
 70
     8
 71
     3
 72
     9
 73
     5
 74
     0
 42
0.00000001
 43
0.00000001
 40
0.0
 40
0.0
 40
0.0
 40
0.0
 40
0.5600014346079799
 40
1.0
 40
1.0
 40
1.0
 40
1.0
 10
-8.528243168554427
 20
-3.776284384528007
 30
0.0
 10
-8.526604201895925
 20
-3.775865317961502
 30
0.0
 10
-8.523677483217694
 20
-3.775116986724104
 30
0.0
 10
-8.520751427800125
 20
-3.7743660664421
 30
0.0
 10
-8.519463967614135
 20
-3.774035662595293
 30
0.0
  0
SPLINE
  5
179
330
1F
100
AcDbEntity
  8
0
  6
Continuous
 62
     7
370
    25
100
AcDbSpline
210
0.0
220
0.0
230
1.0
 70
     8
 71
     3
 72
    32
 73
    28
 74
     0
 42
0.00000001
 43
0.00000001
 40
0.0
 40
0.0
 40
0.0
 40
0.0
 40
0.1001895639802074
 40
0.2003009569819306
 40
0.2999570837560885
 40
0.355696281394457
 40
0.4115999043818422
 40
0.4679558774614474
 40
0.4945169264594978
 40
0.5210880814959744
 40
0.5477901930291325
 40
0.5744693789482989
 40
0.6010864941652756
 40
0.6138111307460659
 40
0.626501892705331
 40
0.632946145984218
 40
0.6362100695742545
 40
0.6370214517099494
 40
0.6378094236089717
 40
0.6394619791871455
 40
0.652399809816676
 40
0.6908639820688
 40
0.7293822779327513
 40
0.7677510496458363
 40
0.806123432877357
 40
0.9031273339105143
 40
0.9999999999999999
 40
0.9999999999999999
 40
0.9999999999999999
 40
0.9999999999999999
 10
-8.515164967034572
 20
-3.823190851436666
 30
0.0
 10
-8.652679904636686
 20
-3.884397143138753
 30
0.0
 10
-8.92760248645824
 20
-4.006761971512147
 30
0.0
 10
-9.34921226062399
 20
-4.166644339089315
 30
0.0
 10
-9.717023780876708
 20
-4.277692148341673
 30
0.0
 10
-10.02629229933698
 20
-4.349693952457865
 30
0.0
 10
-10.27506453849152
 20
-4.392975328934077
 30
0.0
 10
-10.48336918169829
 20
-4.410835904314749
 30
0.0
 10
-10.64796989845701
 20
-4.407245848861741
 30
0.0
 10
-10.76734029144613
 20
-4.394060146901978
 30
0.0
 10
-10.88493130889566
 20
-4.367870859993148
 30
0.0
 10
-10.99772334139743
 20
-4.325834831557335
 30
0.0
 10
-11.08409246113907
 20
-4.273714917343801
 30
0.0
 10
-11.13896317180248
 20
-4.218788129576669
 30
0.0
 10
-11.17007718788597
 20
-4.17970701621043
 30
0.0
 10
-11.17417866011395
 20
-4.145724357693478
 30
0.0
 10
-11.17567011942363
 20
-4.130029695854596
 30
0.0
 10
-11.17577612357087
 20
-4.122718526144413
 30
0.0
 10
-11.1742396931895
 20
-4.117856203952897
 30
0.0
 10
-11.15313166135984
 20
-4.105709241746789
 30
0.0
 10
-11.08823090820114
 20
-4.062763306151926
 30
0.0
 10
-10.95316190837637
 20
-4.027838107888047
 30
0.0
 10
-10.78294874966857
 20
-4.0021834475877
 30
0.0
 10
-10.60964108297182
 20
-3.991489290116952
 30
0.0
 10
-10.3488701482534
 20
-3.985234462462739
 30
0.0
 10
-9.99975178314428
 20
-3.98281758980072
 30
0.0
 10
-9.709324620298638
 20
-3.960037581255829
 30
0.0
 10
-9.564209333870727
 20
-3.94865528687113
 30
0.0
  0
CIRCLE
  5
17E
330
1F
100
AcDbEntity
  8
0
  6
Continuous
 62
     7
370
    25
100
AcDbCircle
 10
-10.718221279
 20
-4.198925496
 30
0.0
 40
0.0590551181102388
  0
SPLINE
  5
17F
330
1F
100
AcDbEntity
  8
0
  6
Continuous
 62
     7
370
    25
100
AcDbSpline
210
0.0
220
0.0
230
1.0
 70
     8
 71
     3
 72
     9
 73
     5
 74
     0
 42
0.00000001
 43
0.00000001
 40
0.0
 40
0.0
 40
0.0
 40
0.0
 40
0.5612826096125386
 40
0.9999999999999999
 40
0.9999999999999999
 40
0.9999999999999999
 40
0.9999999999999999
 10
-9.973651230801067
 20
-4.046570483934802
 30
0.0
 10
-10.06202336909991
 20
-4.049377515530799
 30
0.0
 10
-10.21947014686457
 20
-4.054378617556628
 30
0.0
 10
-10.37697721872269
 20
-4.056775258379955
 30
0.0
 10
-10.44607831025585
 20
-4.057826706387661
 30
0.0
  0
SPLINE
  5
181
330
1F
100
AcDbEntity
  8
0
  6
Continuous
 62
     7
370
    25
100
AcDbSpline
210
0.0
220
0.0
230
1.0
 70
     8
 71
     3
 72
     9
 73
     5
 74
     0
 42
0.00000001
 43
0.00000001
 40
0.0
 40
0.0
 40
0.0
 40
0.0
 40
0.5593529695396922
 40
1.0
 40
1.0
 40
1.0
 40
1.0
 10
-10.43429323516812
 20
-4.334812447807519
 30
0.0
 10
-10.34234633054402
 20
-4.3254075447268
 30
0.0
 10
-10.17796550192382
 20
-4.308593647969518
 30
0.0
 10
-10.01649060480217
 20
-4.273717041463941
 30
0.0
 10
-9.945337170891632
 20
-4.258348768374725
 30
0.0
  0
CIRCLE
  5
183
330
1F
100
AcDbEntity
  8
0
  6
Continuous
 62
     7
370
    25
100
AcDbCircle
 10
-9.7214804736
 20
-4.118254765
 30
0.0
 40
0.0590551181102379
  0
SPLINE
  5
193
330
1F
100
AcDbEntity
  8
0
  6
Continuous
 62
     7
370
    25
100
AcDbSpline
210
0.0
220
0.0
230
1.0
 70
     8
 71
     3
 72
    13
 73
     9
 74
     0
 42
0.00000001
 43
0.00000001
 40
0.0
 40
0.0
 40
0.0
 40
0.0
 40
0.2486472222400154
 40
0.4980795612796817
 40
0.6272264383402477
 40
0.748751110690563
 40
0.876819955715926
 40
1.0
 40
1.0
 40
1.0
 40
1.0
 10
-10.56976253463656
 20
-2.301191825106454
 30
0.0
 10
-10.56995579242862
 20
-2.244418771409937
 30
0.0
 10
-10.57034291823446
 20
-2.130693400086975
 30
0.0
 10
-10.52267831698617
 20
-1.993052088464618
 30
0.0
 10
-10.4607194344882
 20
-1.897077755922262
 30
0.0
 10
-10.39914928099738
 20
-1.836334546687385
 30
0.0
 10
-10.32584417731763
 20
-1.790493813958632
 30
0.0
 10
-10.26922626068937
 20
-1.780312780924485
 30
0.0
 10
-10.24146813806957
 20
-1.775321315674826
 30
0.0
  0
SPLINE
  5
198
330
1F
100
AcDbEntity
  8
0
  6
Continuous
 62
     7
370
    25
100
AcDbSpline
210
0.0
220
0.0
230
1.0
 70
     8
 71
     3
 72
     9
 73
     5
 74
     0
 42
0.00000001
 43
0.00000001
 40
0.0
 40
0.0
 40
0.0
 40
0.0
 40
0.5600014346079799
 40
1.0
 40
1.0
 40
1.0
 40
1.0
 10
-11.27743430338587
 20
-1.947692218017958
 30
0.0
 10
-11.27907327004437
 20
-1.948111284584463
 30
0.0
 10
-11.2819999887226
 20
-1.94885961582186
 30
0.0
 10
-11.28492604414017
 20
-1.949610536103865
 30
0.0
 10
-11.28621350432616
 20
-1.949940939950672
 30
0.0
  0
SPLINE
  5
19B
330
1F
100
AcDbEntity
  8
0
  6
Continuous
 62
     7
370
    25
100
AcDbSpline
210
0.0
220
0.0
230
1.0
 70
     8
 71
     3
 72
    32
 73
    28
 74
     0
 42
0.00000001
 43
0.00000001
 40
0.0
 40
0.0
 40
0.0
 40
0.0
 40
0.1001895639802078
 40
0.2003009569819312
 40
0.2999570837560891
 40
0.3556962813944577
 40
0.4115999043818429
 40
0.4679558774614481
 40
0.4945169264594985
 40
0.5210880814959751
 40
0.5477901930291331
 40
0.5744693789482995
 40
0.6010864941652758
 40
0.6138111307460661
 40
0.6265018927053312
 40
0.6329461459842182
 40
0.6362100695742546
 40
0.6370214517099496
 40
0.637809423608972
 40
0.6394619791871458
 40
0.6523998098166762
 40
0.6908639820688003
 40
0.7293822779327517
 40
0.7677510496458366
 40
0.8061234328773573
 40
0.9031273339105145
 40
1.0
 40
1.0
 40
1.0
 40
1.0
 10
-11.29051250490573
 20
-1.900785751109299
 30
0.0
 10
-11.15299756730361
 20
-1.839579459407211
 30
0.0
 10
-10.87807498548206
 20
-1.717214631033815
 30
0.0
 10
-10.45646521131631
 20
-1.55733226345664
 30
0.0
 10
-10.08865369106359
 20
-1.446284454204285
 30
0.0
 10
-9.77938517260332
 20
-1.374282650088086
 30
0.0
 10
-9.530612933448776
 20
-1.331001273611877
 30
0.0
 10
-9.32230829024201
 20
-1.313140698231199
 30
0.0
 10
-9.157707573483288
 20
-1.316730753684207
 30
0.0
 10
-9.038337180494166
 20
-1.329916455643968
 30
0.0
 10
-8.920746163044639
 20
-1.356105742552799
 30
0.0
 10
-8.807954130542871
 20
-1.398141770988614
 30
0.0
 10
-8.72158501080123
 20
-1.450261685202143
 30
0.0
 10
-8.666714300137812
 20
-1.505188472969273
 30
0.0
 10
-8.635600284054322
 20
-1.544269586335515
 30
0.0
 10
-8.631498811826358
 20
-1.578252244852465
 30
0.0
 10
-8.630007352516662
 20
-1.593946906691349
 30
0.0
 10
-8.629901348369428
 20
-1.60125807640153
 30
0.0
 10
-8.631437778750795
 20
-1.606120398593045
 30
0.0
 10
-8.652545810580467
 20
-1.618267360799157
 30
0.0
 10
-8.717446563739136
 20
-1.661213296394013
 30
0.0
 10
-8.852515563563939
 20
-1.696138494657904
 30
0.0
 10
-9.022728722271728
 20
-1.721793154958247
 30
0.0
 10
-9.196036388968476
 20
-1.732487312428995
 30
0.0
 10
-9.4568073236869
 20
-1.738742140083208
 30
0.0
 10
-9.805925688796016
 20
-1.741159012745239
 30
0.0
 10
-10.09635285164166
 20
-1.763939021290127
 30
0.0
 10
-10.24146813806957
 20
-1.775321315674826
 30
0.0
  0
CIRCLE
  5
1A0
330
1F
100
AcDbEntity
  8
0
  6
Continuous
 62
     7
370
    25
100
AcDbCircle
 10
-9.0874561929
 20
-1.5250511065
 30
0.0
 40
0.0590551181102386
  0
SPLINE
  5
1A1
330
1F
100
AcDbEntity
  8
0
  6
Continuous
 62
     7
370
    25
100
AcDbSpline
210
0.0
220
0.0
230
1.0
 70
     8
 71
     3
 72
     9
 73
     5
 74
     0
 42
0.00000001
 43
0.00000001
 40
0.0
 40
0.0
 40
0.0
 40
0.0
 40
0.5612826096125386
 40
0.9999999999999999
 40
0.9999999999999999
 40
0.9999999999999999
 40
0.9999999999999999
 10
-9.832026241139229
 20
-1.677406118611149
 30
0.0
 10
-9.743654102840392
 20
-1.674599087015153
 30
0.0
 10
-9.586207325075721
 20
-1.669597984989324
 30
0.0
 10
-9.42870025321761
 20
-1.667201344165994
 30
0.0
 10
-9.35959916168445
 20
-1.666149896158287
 30
0.0
  0
SPLINE
  5
1A3
330
1F
100
AcDbEntity
  8
0
  6
Continuous
 62
     7
370
    25
100
AcDbSpline
210
0.0
220
0.0
230
1.0
 70
     8
 71
     3
 72
     9
 73
     5
 74
     0
 42
0.00000001
 43
0.00000001
 40
0.0
 40
0.0
 40
0.0
 40
0.0
 40
0.5593529695396927
 40
1.0
 40
1.0
 40
1.0
 40
1.0
 10
-9.371384236772176
 20
-1.389164154738429
 30
0.0
 10
-9.46333114139628
 20
-1.39856905781915
 30
0.0
 10
-9.627711970016476
 20
-1.415382954576435
 30
0.0
 10
-9.789186867138127
 20
-1.450259561082012
 30
0.0
 10
-9.860340301048668
 20
-1.465627834171227
 30
0.0
  0
CIRCLE
  5
1A5
330
1F
100
AcDbEntity
  8
0
  6
Continuous
 62
     7
370
    25
100
AcDbCircle
 10
-10.0841969983
 20
-1.6057218375
 30
0.0
 40
0.0590551181102381
  0
CIRCLE
  5
1CE
330
1F
100
AcDbEntity
  8
0
  6
Continuous
 62
     7
370
    25
100
AcDbCircle
 10
-3.4142580699
 20
-0.6256106055
 30
0.0
 40
0.0590551181102373
  0
CIRCLE
  5
1CF
330
1F
100
AcDbEntity
  8
0
  6
Continuous
 62
     7
370
    25
100
AcDbCircle
 10
-6.4101466742
 20
-0.4686027368
 30
0.0
 40
0.0590551181102365
  0
CIRCLE
  5
1D0
330
1F
100
AcDbEntity
  8
0
  6
Continuous
 62
     7
370
    25
100
AcDbCircle
 10
-4.9122023721
 20
-0.5471066711
 30
0.0
 40
0.4549999999999595
  0
SPLINE
  5
206
330
1F
100
AcDbEntity
  8
0
  6
Continuous
 62
     7
370
    25
100
AcDbSpline
210
0.0
220
0.0
230
1.0
 70
     8
 71
     3
 72
    55
 73
    51
 74
     0
 42
0.00000001
 43
0.00000001
 40
0.0
 40
0.0
 40
0.0
 40
0.0
 40
0.0190136358875783
 40
0.0394311578822573
 40
0.0602807673586437
 40
0.0807414835354872
 40
0.1008911534488375
 40
0.1209815928087886
 40
0.1411548651644126
 40
0.1966956792566838
 40
0.2521819736969202
 40
0.2900078264790376
 40
0.3278042987931131
 40
0.365604472428028
 40
0.4034169728383467
 40
0.4411608714670017
 40
0.4509984658853112
 40
0.4607219328702203
 40
0.4657594483853405
 40
0.4707176570746289
 40
0.475093285537675
 40
0.4788933329767591
 40
0.4828154126548225
 40
0.4865167811554742
 40
0.4902777200286225
 40
0.4944157852317409
 40
0.4988488473699143
 40
0.5119336339534666
 40
0.5249184137892401
 40
0.5380278774876941
 40
0.5511230862291386
 40
0.5642685982350384
 40
0.577430843175187
 40
0.5994690182379278
 40
0.6215456245088866
 40
0.6436577374074695
 40
0.6657956357196215
 40
0.6879435672395602
 40
0.710087240352492
 40
0.7361887456047101
 40
0.7622817683490659
 40
0.7883559044229493
 40
0.8144501508365024
 40
0.8493233617882913
 40
0.8840832622201064
 40
0.9187287698130342
 40
0.9396046553379614
 40
0.9607637775860937
 40
0.9812062280180758
 40
1.0
 40
1.0
 40
1.0
 40
1.0
 10
2.66394032683771
 20
0.5927526958347629
 30
0.0
 10
2.521725220415706
 20
0.5525720205484999
 30
0.0
 10
2.226794448220178
 20
0.4692438995938207
 30
0.0
 10
1.768899875065313
 20
0.3691493359431036
 30
0.0
 10
1.295646085192484
 20
0.2892036107809764
 30
0.0
 10
0.8200324652373073
 20
0.2421571657196891
 30
0.0
 10
0.3488614376398214
 20
0.218210074274217
 30
0.0
 10
-0.1204256551806846
 20
0.2045770105603666
 30
0.0
 10
-0.8647570679941209
 20
0.1887848294315351
 30
0.0
 10
-1.884371648044004
 20
0.180011673961466
 30
0.0
 10
-3.041079579441424
 20
0.1988540291799424
 30
0.0
 10
-4.059334877011628
 20
0.2338641161633336
 30
0.0
 10
-4.940162466477194
 20
0.2657726812327256
 30
0.0
 10
-5.821123945483912
 20
0.2911920694921158
 30
0.0
 10
-6.701497365838796
 20
0.3194144602907866
 30
0.0
 10
-7.364745430102889
 20
0.3470787732037817
 30
0.0
 10
-7.81007772523048
 20
0.3452142805301464
 30
0.0
 10
-8.00118900585785
 20
0.3340621467599283
 30
0.0
 10
-8.152796655103932
 20
0.3105049588725726
 30
0.0
 10
-8.26171606182393
 20
0.2864008144232415
 30
0.0
 10
-8.356857291842884
 20
0.242677736614729
 30
0.0
 10
-8.417312608414946
 20
0.1676478667340535
 30
0.0
 10
-8.451880385416542
 20
0.084720724720208
 30
0.0
 10
-8.458509469559644
 20
-0.0054107833073962
 30
0.0
 10
-8.432978192638767
 20
-0.0932599591003469
 30
0.0
 10
-8.38648508399677
 20
-0.177569677266944
 30
0.0
 10
-8.284458076913365
 20
-0.3117065590902068
 30
0.0
 10
-8.120244559156806
 20
-0.4841071771225176
 30
0.0
 10
-7.878876603855466
 20
-0.6710798733455462
 30
0.0
 10
-7.618791491885258
 20
-0.8303823107466809
 30
0.0
 10
-7.344743167853463
 20
-0.9668002923309272
 30
0.0
 10
-7.060949031282212
 20
-1.082420899742819
 30
0.0
 10
-6.70452992589648
 20
-1.201898214249551
 30
0.0
 10
-6.272160046044933
 20
-1.31024181477555
 30
0.0
 10
-5.764289142549293
 20
-1.39590890090308
 30
0.0
 10
-5.251374328893086
 20
-1.449490970987647
 30
0.0
 10
-4.735916360430851
 20
-1.476554687368965
 30
0.0
 10
-4.219554717917226
 20
-1.480852324741801
 30
0.0
 10
-3.672681785515551
 20
-1.462843554111602
 30
0.0
 10
-3.09646962116571
 20
-1.418540076138667
 30
0.0
 10
-2.492846111451823
 20
-1.341656899238977
 30
0.0
 10
-1.894241455799082
 20
-1.232518411675182
 30
0.0
 10
-1.235904048365183
 20
-1.076026870921342
 30
0.0
 10
-0.522302300566822
 20
-0.8643911120949134
 30
0.0
 10
0.2425639447217317
 20
-0.5961209155907445
 30
0.0
 10
0.8953404645484384
 20
-0.3382614448989311
 30
0.0
 10
1.439088595936943
 20
-0.0941863482631638
 30
0.0
 10
1.875195552282688
 20
0.1193201391392181
 30
0.0
 10
2.292226655972978
 20
0.3347692366171224
 30
0.0
 10
2.558804618781094
 20
0.482796763670605
 30
0.0
 10
2.686492890999827
 20
0.5537005209473316
 30
0.0
  0
CIRCLE
  5
220
330
1F
100
AcDbEntity
  8
0
  6
Continuous
 62
     7
370
    25
100
AcDbCircle
 10
0.656886981
 20
-3.5922626001
 30
0.0
 40
0.0590551181102366
  0
CIRCLE
  5
221
330
1F
100
AcDbEntity
  8
0
  6
Continuous
 62
     7
370
    25
100
AcDbCircle
 10
3.6550594621
 20
-3.6969610902
 30
0.0
 40
0.0590551181102366
  0
CIRCLE
  5
222
330
1F
100
AcDbEntity
  8
0
  6
Continuous
 62
     7
370
    25
100
AcDbCircle
 10
2.1559732216
 20
-3.6446118452
 30
0.0
 40
0.4549999999999602
  0
SPLINE
  5
258
330
1F
100
AcDbEntity
  8
0
  6
Continuous
 62
     7
370
    25
100
AcDbSpline
210
0.0
220
0.0
230
1.0
 70
     8
 71
     3
 72
    55
 73
    51
 74
     0
 42
0.00000001
 43
0.00000001
 40
0.0
 40
0.0
 40
0.0
 40
0.0
 40
0.0190136358875783
 40
0.0394311578822573
 40
0.0602807673586437
 40
0.0807414835354872
 40
0.1008911534488375
 40
0.1209815928087886
 40
0.1411548651644126
 40
0.1966956792566837
 40
0.2521819736969202
 40
0.2900078264790376
 40
0.3278042987931131
 40
0.365604472428028
 40
0.4034169728383467
 40
0.4411608714670016
 40
0.4509984658853112
 40
0.4607219328702203
 40
0.4657594483853403
 40
0.4707176570746287
 40
0.4750932855376749
 40
0.4788933329767588
 40
0.4828154126548222
 40
0.486516781155474
 40
0.4902777200286224
 40
0.4944157852317407
 40
0.4988488473699141
 40
0.5119336339534665
 40
0.52491841378924
 40
0.5380278774876941
 40
0.5511230862291386
 40
0.5642685982350383
 40
0.577430843175187
 40
0.5994690182379279
 40
0.6215456245088867
 40
0.6436577374074697
 40
0.6657956357196217
 40
0.6879435672395604
 40
0.7100872403524922
 40
0.7361887456047101
 40
0.762281768349066
 40
0.7883559044229494
 40
0.8144501508365025
 40
0.8493233617882915
 40
0.8840832622201066
 40
0.9187287698130344
 40
0.9396046553379617
 40
0.9607637775860938
 40
0.9812062280180759
 40
1.0
 40
1.0
 40
1.0
 40
1.0
 10
-5.39912230513714
 20
-4.916519527660633
 30
0.0
 10
-5.2576301082407
 20
-4.873862976247035
 30
0.0
 10
-4.964198531664863
 20
-4.785400294861566
 30
0.0
 10
-4.508120589078348
 20
-4.677329613901583
 30
0.0
 10
-4.036334123338428
 20
-4.589136647371777
 30
0.0
 10
-3.561614015321894
 20
-4.533796765509376
 30
0.0
 10
-3.090932683726977
 20
-4.501630253046816
 30
0.0
 10
-2.621954995372671
 20
-4.479809076634925
 30
0.0
 10
-1.878012559402246
 20
-4.451028926391304
 30
0.0
 10
-0.8587063842665227
 20
-4.424462379054894
 30
0.0
 10
0.2981542193518127
 20
-4.423114527543419
 30
0.0
 10
1.316865441975608
 20
-4.440348277010868
 30
0.0
 10
2.198115758379332
 20
-4.456879421158716
 30
0.0
 10
3.079386692181056
 20
-4.466920040134928
 30
0.0
 10
3.960118576034684
 20
-4.479773497778163
 30
0.0
 10
4.623748433238845
 20
-4.495858322496024
 30
0.0
 10
5.068980362216929
 20
-4.486221993579434
 30
0.0
 10
5.259867904099389
 20
-4.471736206588949
 30
0.0
 10
5.411041333148636
 20
-4.445536688261763
 30
0.0
 10
5.519523475589674
 20
-4.419535309235396
 30
0.0
 10
5.613887142213865
 20
-4.374158447248178
 30
0.0
 10
5.673023799364297
 20
-4.298084914023991
 30
0.0
 10
5.706139033338918
 20
-4.214567111321672
 30
0.0
 10
5.711194096129486
 20
-4.124333637288532
 30
0.0
 10
5.684133528224633
 20
-4.036943423572248
 30
0.0
 10
5.63617609324022
 20
-3.953457962812643
 30
0.0
 10
5.531823613984362
 20
-3.82112212748139
 30
0.0
 10
5.364626301086002
 20
-3.651613687952631
 30
0.0
 10
5.120031983806185
 20
-3.468881920233713
 30
0.0
 10
4.85720627317431
 20
-3.31414285644779
 30
0.0
 10
4.580818865969682
 20
-3.182528454717354
 30
0.0
 10
4.295050094786936
 20
-3.071878347499954
 30
0.0
 10
3.936600107104507
 20
-2.958639601056129
 30
0.0
 10
3.502405222728632
 20
-2.857858396659678
 30
0.0
 10
2.993116573626124
 20
-2.781067927469781
 30
0.0
 10
2.479344743315535
 20
-2.736445615989654
 30
0.0
 10
1.963492954620576
 20
-2.71838200351037
 30
0.0
 10
1.447134952372013
 20
-2.723096773942297
 30
0.0
 10
0.9006596077512516
 20
-2.750647050435329
 30
0.0
 10
0.3253084056091566
 20
-2.805000069660324
 30
0.0
 10
-0.2768813728690371
 20
-2.89240621970641
 30
0.0
 10
-0.8734901288904012
 20
-3.011975176695631
 30
0.0
 10
-1.52899611437519
 20
-3.17993245503724
 30
0.0
 10
-2.238795623891244
 20
-3.403990048449454
 30
0.0
 10
-2.998863415841528
 20
-3.68556814268624
 30
0.0
 10
-3.647040246356253
 20
-3.954780861268435
 30
0.0
 10
-4.186445864482932
 20
-4.208308497473286
 30
0.0
 10
-4.618760197631754
 20
-4.429393582655771
 30
0.0
 10
-5.031967680249277
 20
-4.652088062511172
 30
0.0
 10
-5.295921605376417
 20
-4.804745471209452
 30
0.0
 10
-5.422352988862896
 20
-4.877866897124551
 30
0.0
  0
SPLINE
  5
25A
330
1F
100
AcDbEntity
  8
0
  6
Continuous
 62
     7
370
    25
100
AcDbSpline
210
0.0
220
0.0
230
1.0
 70
     8
 71
     3
 72
    55
 73
    51
 74
     0
 42
0.00000001
 43
0.00000001
 40
0.0
 40
0.0
 40
0.0
 40
0.0
 40
0.0190136358875783
 40
0.0394311578822573
 40
0.0602807673586437
 40
0.0807414835354872
 40
0.1008911534488375
 40
0.1209815928087886
 40
0.1411548651644126
 40
0.1966956792566837
 40
0.2521819736969202
 40
0.2900078264790376
 40
0.3278042987931131
 40
0.365604472428028
 40
0.4034169728383467
 40
0.4411608714670016
 40
0.4509984658853112
 40
0.4607219328702202
 40
0.4657594483853404
 40
0.4707176570746288
 40
0.475093285537675
 40
0.478893332976759
 40
0.4828154126548224
 40
0.4865167811554741
 40
0.4902777200286223
 40
0.4944157852317407
 40
0.4988488473699141
 40
0.5119336339534664
 40
0.5249184137892399
 40
0.5380278774876939
 40
0.5511230862291384
 40
0.564268598235038
 40
0.5774308431751868
 40
0.5994690182379276
 40
0.6215456245088865
 40
0.6436577374074693
 40
0.6657956357196214
 40
0.6879435672395602
 40
0.7100872403524919
 40
0.73618874560471
 40
0.7622817683490658
 40
0.7883559044229492
 40
0.8144501508365024
 40
0.8493233617882915
 40
0.8840832622201065
 40
0.9187287698130343
 40
0.9396046553379614
 40
0.9607637775860937
 40
0.9812062280180758
 40
1.0
 40
1.0
 40
1.0
 40
1.0
 10
-9.498991757958247
 20
0.1333976037248207
 30
0.0
 10
-9.356776651536245
 20
0.1735782790110848
 30
0.0
 10
-9.061845879340718
 20
0.2569063999657661
 30
0.0
 10
-8.60395130618585
 20
0.3570009636164854
 30
0.0
 10
-8.130697516313026
 20
0.4369466887786166
 30
0.0
 10
-7.655083896357848
 20
0.4839931338399069
 30
0.0
 10
-7.183912868760365
 20
0.5079402252853826
 30
0.0
 10
-6.714625775939856
 20
0.5215732889992358
 30
0.0
 10
-5.970294363126421
 20
0.5373654701280739
 30
0.0
 10
-4.950679783076538
 20
0.5461386255981481
 30
0.0
 10
-3.79397185167912
 20
0.5272962703796807
 30
0.0
 10
-2.775716554108912
 20
0.4922861833962965
 30
0.0
 10
-1.89488896464335
 20
0.4603776183269103
 30
0.0
 10
-1.013927485636629
 20
0.4349582300675268
 30
0.0
 10
-0.1335540652817475
 20
0.4067358392688624
 30
0.0
 10
0.5296939989823473
 20
0.3790715263558729
 30
0.0
 10
0.9750262941099376
 20
0.3809360190295097
 30
0.0
 10
1.166137574737307
 20
0.3920881527997291
 30
0.0
 10
1.317745223983391
 20
0.4156453406870864
 30
0.0
 10
1.426664630703387
 20
0.4397494851364183
 30
0.0
 10
1.521805860722343
 20
0.48347256294493
 30
0.0
 10
1.582261177294402
 20
0.5585024328256079
 30
0.0
 10
1.616828954296
 20
0.6414295748394545
 30
0.0
 10
1.623458038439097
 20
0.7315610828670541
 30
0.0
 10
1.597926761518224
 20
0.8194102586600102
 30
0.0
 10
1.551433652876227
 20
0.9037199768266042
 30
0.0
 10
1.449406645792819
 20
1.037856858649866
 30
0.0
 10
1.285193128036258
 20
1.210257476682177
 30
0.0
 10
1.043825172734918
 20
1.397230172905202
 30
0.0
 10
0.7837400607647087
 20
1.556532610306336
 30
0.0
 10
0.5096917367329167
 20
1.692950591890579
 30
0.0
 10
0.2258976001616565
 20
1.80857119930247
 30
0.0
 10
-0.1305215052240698
 20
1.928048513809199
 30
0.0
 10
-0.5628913850756191
 20
2.036392114335195
 30
0.0
 10
-1.070762288571258
 20
2.122059200462722
 30
0.0
 10
-1.583677102227465
 20
2.175641270547286
 30
0.0
 10
-2.099135070689706
 20
2.2027049869286
 30
0.0
 10
-2.615496713203325
 20
2.207002624301432
 30
0.0
 10
-3.162369645605007
 20
2.188993853671228
 30
0.0
 10
-3.738581809954844
 20
2.144690375698291
 30
0.0
 10
-4.34220531966873
 20
2.067807198798596
 30
0.0
 10
-4.94080997532147
 20
1.958668711234796
 30
0.0
 10
-5.599147382755373
 20
1.802177170480952
 30
0.0
 10
-6.312749130553722
 20
1.59054141165452
 30
0.0
 10
-7.077615375842286
 20
1.322271215150344
 30
0.0
 10
-7.730391895668983
 20
1.064411744458527
 30
0.0
 10
-8.274140027057486
 20
0.8203366478227555
 30
0.0
 10
-8.710246983403229
 20
0.6068301604203707
 30
0.0
 10
-9.127278087093517
 20
0.3913810629424642
 30
0.0
 10
-9.393856049901634
 20
0.2433535358889792
 30
0.0
 10
-9.521544322120365
 20
0.1724497786122515
 30
0.0
  0
CIRCLE
  5
273
330
1F
100
AcDbEntity
  8
0
  6
Continuous
 62
     7
370
    25
100
AcDbCircle
 10
-3.4207933612
 20
1.3517609051
 30
0.0
 40
0.0590551181102359
  0
CIRCLE
  5
274
330
1F
100
AcDbEntity
  8
0
  6
Continuous
 62
     7
370
    25
100
AcDbCircle
 10
-0.4249047569
 20
1.1947530363
 30
0.0
 40
0.0590551181102364
  0
CIRCLE
  5
275
330
1F
100
AcDbEntity
  8
0
  6
Continuous
 62
     7
370
    25
100
AcDbCircle
 10
-1.9228490591
 20
1.2732569707
 30
0.0
 40
0.4549999999999593
  0
SPLINE
  5
2AC
330
1F
100
AcDbEntity
  8
0
  6
Continuous
 62
     7
370
    25
100
AcDbSpline
210
0.0
220
0.0
230
1.0
 70
     8
 71
     3
 72
    55
 73
    51
 74
     0
 42
0.00000001
 43
0.00000001
 40
0.0
 40
0.0
 40
0.0
 40
0.0
 40
0.0190136358875783
 40
0.0394311578822573
 40
0.0602807673586437
 40
0.0807414835354872
 40
0.1008911534488375
 40
0.1209815928087886
 40
0.1411548651644127
 40
0.1966956792566838
 40
0.2521819736969202
 40
0.2900078264790377
 40
0.3278042987931132
 40
0.365604472428028
 40
0.4034169728383468
 40
0.4411608714670018
 40
0.4509984658853113
 40
0.4607219328702203
 40
0.4657594483853404
 40
0.4707176570746289
 40
0.475093285537675
 40
0.4788933329767589
 40
0.4828154126548224
 40
0.4865167811554741
 40
0.4902777200286224
 40
0.4944157852317408
 40
0.498848847369914
 40
0.5119336339534665
 40
0.52491841378924
 40
0.5380278774876939
 40
0.5511230862291385
 40
0.5642685982350382
 40
0.5774308431751868
 40
0.5994690182379276
 40
0.6215456245088865
 40
0.6436577374074695
 40
0.6657956357196215
 40
0.6879435672395602
 40
0.710087240352492
 40
0.73618874560471
 40
0.7622817683490658
 40
0.7883559044229492
 40
0.8144501508365024
 40
0.8493233617882914
 40
0.8840832622201065
 40
0.9187287698130343
 40
0.9396046553379616
 40
0.9607637775860937
 40
0.9812062280180758
 40
0.9999999999999999
 40
0.9999999999999999
 40
0.9999999999999999
 40
0.9999999999999999
 10
2.708326215720164
 20
-1.125998759502156
 30
0.0
 10
2.566834018823723
 20
-1.168655310915752
 30
0.0
 10
2.273402442247887
 20
-1.257117992301219
 30
0.0
 10
1.81732449966137
 20
-1.365188673261198
 30
0.0
 10
1.345538033921449
 20
-1.453381639791003
 30
0.0
 10
0.8708179259049161
 20
-1.508721521653398
 30
0.0
 10
0.4001365943099982
 20
-1.540888034115957
 30
0.0
 10
-0.0688410940443086
 20
-1.562709210527844
 30
0.0
 10
-0.812783530014731
 20
-1.591489360771458
 30
0.0
 10
-1.832089705150457
 20
-1.618055908107863
 30
0.0
 10
-2.988950308768792
 20
-1.61940375961933
 30
0.0
 10
-4.007661531392587
 20
-1.602170010151874
 30
0.0
 10
-4.888911847796312
 20
-1.58563886600402
 30
0.0
 10
-5.770182781598034
 20
-1.5755982470278
 30
0.0
 10
-6.650914665451665
 20
-1.56274478938456
 30
0.0
 10
-7.314544522655815
 20
-1.546659964666695
 30
0.0
 10
-7.759776451633911
 20
-1.556296293583281
 30
0.0
 10
-7.950663993516366
 20
-1.570782080573767
 30
0.0
 10
-8.101837422565618
 20
-1.59698159890095
 30
0.0
 10
-8.210319565006653
 20
-1.622982977927316
 30
0.0
 10
-8.304683231630843
 20
-1.668359839914533
 30
0.0
 10
-8.363819888781283
 20
-1.744433373138725
 30
0.0
 10
-8.396935122755893
 20
-1.827951175841036
 30
0.0
 10
-8.401990185546472
 20
-1.918184649874179
 30
0.0
 10
-8.374929617641614
 20
-2.005574863590463
 30
0.0
 10
-8.326972182657203
 20
-2.089060324350068
 30
0.0
 10
-8.222619703401344
 20
-2.221396159681325
 30
0.0
 10
-8.055422390502988
 20
-2.390904599210081
 30
0.0
 10
-7.810828073223174
 20
-2.573636366928998
 30
0.0
 10
-7.54800236259129
 20
-2.728375430714931
 30
0.0
 10
-7.271614955386674
 20
-2.859989832445363
 30
0.0
 10
-6.985846184203925
 20
-2.970639939662767
 30
0.0
 10
-6.627396196521494
 20
-3.083878686106593
 30
0.0
 10
-6.193201312145624
 20
-3.184659890503049
 30
0.0
 10
-5.683912663043115
 20
-3.261450359692949
 30
0.0
 10
-5.170140832732525
 20
-3.306072671173079
 30
0.0
 10
-4.654289044037568
 20
-3.324136283652367
 30
0.0
 10
-4.137931041789002
 20
-3.319421513220444
 30
0.0
 10
-3.591455697168245
 20
-3.291871236727416
 30
0.0
 10
-3.016104495026149
 20
-3.237518217502424
 30
0.0
 10
-2.413914716547952
 20
-3.150112067456342
 30
0.0
 10
-1.817305960526586
 20
-3.030543110467126
 30
0.0
 10
-1.1617999750418
 20
-2.862585832125522
 30
0.0
 10
-0.452000465525742
 20
-2.638528238713314
 30
0.0
 10
0.3080673264245424
 20
-2.356950144476532
 30
0.0
 10
0.956244156939271
 20
-2.087737425894344
 30
0.0
 10
1.495649775065953
 20
-1.834209789689494
 30
0.0
 10
1.927964108214774
 20
-1.613124704507011
 30
0.0
 10
2.341171590832299
 20
-1.390430224651614
 30
0.0
 10
2.605125515959441
 20
-1.237772815953337
 30
0.0
 10
2.731556899445919
 20
-1.164651390038238
 30
0.0
  0
CIRCLE
  5
2C5
330
1F
100
AcDbEntity
  8
0
  6
Continuous
 62
     7
370
    25
100
AcDbCircle
 10
-3.3476830705
 20
-2.450255687
 30
0.0
 40
0.0590551181102358
  0
CIRCLE
  5
2C6
330
1F
100
AcDbEntity
  8
0
  6
Continuous
 62
     7
370
    25
100
AcDbCircle
 10
-6.3458555515
 20
-2.3455571969
 30
0.0
 40
0.0590551181102363
  0
CIRCLE
  5
2C7
330
1F
100
AcDbEntity
  8
0
  6
Continuous
 62
     7
370
    25
100
AcDbCircle
 10
-4.846769311
 20
-2.397906442
 30
0.0
 40
0.4549999999999585
  0
CIRCLE
  5
2FD
330
1F
100
AcDbEntity
  8
0
  6
Continuous
 62
     7
370
    25
100
AcDbCircle
 10
5.483247774
 20
-1.2420390728
 30
0.0
 40
0.1181102362204767
  0
CIRCLE
  5
2FE
330
1F
100
AcDbEntity
  8
0
  6
Continuous
 62
     7
370
    25
100
AcDbCircle
 10
4.2839696992
 20
-1.2004205756
 30
0.0
 40
0.1181102362204771
  0
CIRCLE
  5
2FF
330
1F
100
AcDbEntity
  8
0
  6
Continuous
 62
     7
370
    25
100
AcDbCircle
 10
4.6837290575
 20
-1.214293408
 30
0.0
 40
0.1181102362204778
  0
SPLINE
  5
303
330
1F
100
AcDbEntity
  8
0
  6
Continuous
 62
     7
370
    25
100
AcDbSpline
210
0.0
220
0.0
230
1.0
 70
     8
 71
     3
 72
     9
 73
     5
 74
     0
 42
0.00000001
 43
0.00000001
 40
0.0
 40
0.0
 40
0.0
 40
0.0
 40
0.5600109275204058
 40
1.0
 40
1.0
 40
1.0
 40
1.0
 10
8.74662838936373
 20
-1.962338338059969
 30
0.0
 10
8.385779475872072
 20
-1.993365729716134
 30
0.0
 10
7.741418989748321
 20
-2.048770705103931
 30
0.0
 10
7.096568483492331
 20
-2.098131629548365
 30
0.0
 10
6.812841307356758
 20
-2.119849896911406
 30
0.0
  0
SPLINE
  5
309
330
1F
100
AcDbEntity
  8
0
  6
Continuous
 62
     7
370
    25
100
AcDbSpline
210
0.0
220
0.0
230
1.0
 70
     8
 71
     3
 72
     9
 73
     5
 74
     0
 42
0.00000001
 43
0.00000001
 40
0.0
 40
0.0
 40
0.0
 40
0.0
 40
0.560019890877808
 40
1.0
 40
1.0
 40
1.0
 40
1.0
 10
11.60106198663061
 20
-1.780739353492175
 30
0.0
 10
11.32898357567605
 20
-1.787857691176441
 30
0.0
 10
10.84314652705249
 20
-1.800568556987133
 30
0.0
 10
10.35824493748849
 20
-1.833033961669583
 30
0.0
 10
10.1448978831986
 20
-1.847318093964463
 30
0.0
  0
SPLINE
  5
30A
330
1F
100
AcDbEntity
  8
0
  6
Continuous
 62
     7
370
    25
100
AcDbSpline
210
0.0
220
0.0
230
1.0
 70
     8
 71
     3
 72
    15
 73
    11
 74
     0
 42
0.00000001
 43
0.00000001
 40
0.0
 40
0.0
 40
0.0
 40
0.0
 40
0.2495480271070805
 40
0.3753867204706224
 40
0.4988277589671697
 40
0.5627545521388725
 40
0.6243916333303194
 40
0.6869795982904792
 40
0.7506493932156968
 40
1.0
 40
1.0
 40
1.0
 40
1.0
 10
11.75613647669927
 20
-2.106430515146057
 30
0.0
 10
11.78232992157126
 20
-2.069157728122872
 30
0.0
 10
11.82173184144339
 20
-2.013089525758645
 30
0.0
 10
11.85796609912768
 20
-1.92700900038546
 30
0.0
 10
11.84956691697142
 20
-1.867513451916
 30
0.0
 10
11.82941948957198
 20
-1.826554614503332
 30
0.0
 10
11.8054044290048
 20
-1.800367652598124
 30
0.0
 10
11.77210651608678
 20
-1.788900059789025
 30
0.0
 10
11.70437010281939
 20
-1.778075180929292
 30
0.0
 10
11.64686794225128
 20
-1.779558081635875
 30
0.0
 10
11.60106198663061
 20
-1.780739353492175
 30
0.0
  0
SPLINE
  5
30B
330
1F
100
AcDbEntity
  8
0
  6
Continuous
 62
     7
370
    25
100
AcDbSpline
210
0.0
220
0.0
230
1.0
 70
     8
 71
     3
 72
    29
 73
    25
 74
     0
 42
0.00000001
 43
0.00000001
 40
0.0
 40
0.0
 40
0.0
 40
0.0
 40
0.0399765752787236
 40
0.0799431971424771
 40
0.1199921236293617
 40
0.1600395355949479
 40
0.2000425213618214
 40
0.2400194739777733
 40
0.2799934181665936
 40
0.3899811994734598
 40
0.4999753756382174
 40
0.5624805493632754
 40
0.6249552487476848
 40
0.6874618865863655
 40
0.7499499674880258
 40
0.7849422824950917
 40
0.8199643196192488
 40
0.8549801308813788
 40
0.8899589172769794
 40
0.911964484637294
 40
0.9340091500865699
 40
0.9560213094892901
 40
0.9780212294198615
 40
1.0
 40
1.0
 40
1.0
 40
1.0
 10
1.139820582746312
 20
-2.240988564105368
 30
0.0
 10
1.278681232885968
 20
-2.284583666303161
 30
0.0
 10
1.556367959476459
 20
-2.371763016338666
 30
0.0
 10
1.985210638519866
 20
-2.456637180191694
 30
0.0
 10
2.416346432942309
 20
-2.526176733853822
 30
0.0
 10
2.848131269156106
 20
-2.59326949696529
 30
0.0
 10
3.279284558976281
 20
-2.662461043718769
 30
0.0
 10
3.710542209755324
 20
-2.729348512839656
 30
0.0
 10
4.394520393183138
 20
-2.827957490909486
 30
0.0
 10
5.334510915610644
 20
-2.934191640433485
 30
0.0
 10
6.357758132218738
 20
-3.029553936618048
 30
0.0
 10
7.209781472924806
 20
-3.100733216895665
 30
0.0
 10
7.891974598415759
 20
-3.122212823788823
 30
0.0
 10
8.574079247697936
 20
-3.10224226239905
 30
0.0
 10
9.15439819965481
 20
-3.05186761218994
 30
0.0
 10
9.631659725969232
 20
-2.98327570956753
 30
0.0
 10
10.0080502439287
 20
-2.91704086281968
 30
0.0
 10
10.38164335217827
 20
-2.836297892118911
 30
0.0
 10
10.70358922716439
 20
-2.743213208357643
 30
0.0
 10
10.97330275362871
 20
-2.643310658033039
 30
0.0
 10
11.19410715589805
 20
-2.54775928883332
 30
0.0
 10
11.40556214016012
 20
-2.433178181822002
 30
0.0
 10
11.60148247640551
 20
-2.290962727267486
 30
0.0
 10
11.70460167327384
 20
-2.167921529017496
 30
0.0
 10
11.75613647669927
 20
-2.106430515146057
 30
0.0
  0
SPLINE
  5
30D
330
1F
100
AcDbEntity
  8
0
  6
Continuous
 62
     7
370
    25
100
AcDbSpline
210
0.0
220
0.0
230
1.0
 70
     8
 71
     3
 72
    11
 73
     7
 74
     0
 42
0.00000001
 43
0.00000001
 40
0.0
 40
0.0
 40
0.0
 40
0.0
 40
0.2800142820111642
 40
0.5600060902271902
 40
0.7800038232918178
 40
1.0
 40
1.0
 40
1.0
 40
1.0
 10
3.333339239974827
 20
-2.233530855099653
 30
0.0
 10
3.130257160906865
 20
-2.232652277078937
 30
0.0
 10
2.724109302028996
 20
-2.230895191551702
 30
0.0
 10
2.158678627299098
 20
-2.213666023924321
 30
0.0
 10
1.637128205320903
 20
-2.183100442604347
 30
0.0
 10
1.317979916843675
 20
-2.190747637247934
 30
0.0
 10
1.158406337054346
 20
-2.194571221044813
 30
0.0
  0
CIRCLE
  5
312
330
1F
100
AcDbEntity
  8
0
  6
Continuous
 62
     7
370
    25
100
AcDbCircle
 10
9.405886477
 20
-1.3781662404
 30
0.0
 40
0.1181102362204771
  0
CIRCLE
  5
313
330
1F
100
AcDbEntity
  8
0
  6
Continuous
 62
     7
370
    25
100
AcDbCircle
 10
5.0834884158
 20
-1.2281662404
 30
0.0
 40
0.1181102362204771
  0
CIRCLE
  5
314
330
1F
100
AcDbEntity
  8
0
  6
Continuous
 62
     7
370
    25
100
AcDbCircle
 10
5.8830071323
 20
-1.2559119051
 30
0.0
 40
0.1181102362204769
  0
CIRCLE
  5
315
330
1F
100
AcDbEntity
  8
0
  6
Continuous
 62
     7
370
    25
100
AcDbCircle
 10
7.6709380924
 20
-2.5781059123
 30
0.0
 40
0.4550000000000036
  0
CIRCLE
  5
347
330
1F
100
AcDbEntity
  8
0
  6
Continuous
 62
     7
370
    25
100
AcDbCircle
 10
9.1709380924
 20
-2.4835291743
 30
0.0
 40
0.455000000000001
  0
CIRCLE
  5
348
330
1F
100
AcDbEntity
  8
0
  6
Continuous
 62
     7
370
    25
100
AcDbCircle
 10
7.2661677684
 20
-1.4796498818
 30
0.0
 40
0.1181102362204769
  0
CIRCLE
  5
349
330
1F
100
AcDbEntity
  8
0
  6
Continuous
 62
     7
370
    25
100
AcDbCircle
 10
8.4654458432
 20
-1.5212683789
 30
0.0
 40
0.1181102362204767
  0
CIRCLE
  5
34A
330
1F
100
AcDbEntity
  8
0
  6
Continuous
 62
     7
370
    25
100
AcDbCircle
 10
8.0656864849
 20
-1.5073955465
 30
0.0
 40
0.1181102362204767
  0
SPLINE
  5
34E
330
1F
100
AcDbEntity
  8
0
  6
Continuous
 62
     7
370
    25
100
AcDbSpline
210
0.0
220
0.0
230
1.0
 70
     8
 71
     3
 72
     9
 73
     5
 74
     0
 42
0.00000001
 43
0.00000001
 40
0.0
 40
0.0
 40
0.0
 40
0.0
 40
0.5600109275204022
 40
1.0
 40
1.0
 40
1.0
 40
1.0
 10
4.002787153079422
 20
-0.7593506164896138
 30
0.0
 10
4.363636066571075
 20
-0.7283232248334428
 30
0.0
 10
5.007996552694816
 20
-0.6729182494456357
 30
0.0
 10
5.652847058950804
 20
-0.6235573250012039
 30
0.0
 10
5.936574235086375
 20
-0.6018390576381627
 30
0.0
  0
SPLINE
  5
354
330
1F
100
AcDbEntity
  8
0
  6
Continuous
 62
     7
370
    25
100
AcDbSpline
210
0.0
220
0.0
230
1.0
 70
     8
 71
     3
 72
     9
 73
     5
 74
     0
 42
0.00000001
 43
0.00000001
 40
0.0
 40
0.0
 40
0.0
 40
0.0
 40
0.560019890877808
 40
1.0
 40
1.0
 40
1.0
 40
1.0
 10
1.148353555812538
 20
-0.9409496010574245
 30
0.0
 10
1.420431966767101
 20
-0.9338312633731568
 30
0.0
 10
1.906269015390662
 20
-0.9211203975624627
 30
0.0
 10
2.391170604954657
 20
-0.8886549928800099
 30
0.0
 10
2.604517659244548
 20
-0.8743708605851283
 30
0.0
  0
SPLINE
  5
355
330
1F
100
AcDbEntity
  8
0
  6
Continuous
 62
     7
370
    25
100
AcDbSpline
210
0.0
220
0.0
230
1.0
 70
     8
 71
     3
 72
    15
 73
    11
 74
     0
 42
0.00000001
 43
0.00000001
 40
0.0
 40
0.0
 40
0.0
 40
0.0
 40
0.2495480271070614
 40
0.3753867204706056
 40
0.4988277589671551
 40
0.562754552138859
 40
0.6243916333303128
 40
0.6869795982904737
 40
0.7506493932156925
 40
1.0
 40
1.0
 40
1.0
 40
1.0
 10
0.9932790657438633
 20
-0.6152584394035479
 30
0.0
 10
0.9670856208718851
 20
-0.6525312264267319
 30
0.0
 10
0.9276837009997597
 20
-0.7085994287909596
 30
0.0
 10
0.8914494433154727
 20
-0.7946799541641403
 30
0.0
 10
0.8998486254717322
 20
-0.8541755026335994
 30
0.0
 10
0.9199960528711754
 20
-0.8951343400462681
 30
0.0
 10
0.9440111134383458
 20
-0.9213213019514803
 30
0.0
 10
0.977309026356371
 20
-0.9327888947605792
 30
0.0
 10
1.045045439623764
 20
-0.943613773620313
 30
0.0
 10
1.102547600191877
 20
-0.9421308729137274
 30
0.0
 10
1.148353555812538
 20
-0.9409496010574245
 30
0.0
  0
SPLINE
  5
356
330
1F
100
AcDbEntity
  8
0
  6
Continuous
 62
     7
370
    25
100
AcDbSpline
210
0.0
220
0.0
230
1.0
 70
     8
 71
     3
 72
    29
 73
    25
 74
     0
 42
0.00000001
 43
0.00000001
 40
0.0
 40
0.0
 40
0.0
 40
0.0
 40
0.0399765752787235
 40
0.0799431971424769
 40
0.1199921236293615
 40
0.1600395355949476
 40
0.200042521361821
 40
0.2400194739777713
 40
0.2799934181665915
 40
0.3899811994734576
 40
0.4999753756382167
 40
0.5624805493632747
 40
0.624955248747684
 40
0.6874618865863649
 40
0.749949967488025
 40
0.7849422824950893
 40
0.8199643196192465
 40
0.8549801308813766
 40
0.8899589172769773
 40
0.9119644846372934
 40
0.9340091500865694
 40
0.9560213094892897
 40
0.978021229419861
 40
1.0
 40
1.0
 40
1.0
 40
1.0
 10
11.60959495969682
 20
-0.4807003904441579
 30
0.0
 10
11.47073430955716
 20
-0.4371052882463665
 30
0.0
 10
11.19304758296667
 20
-0.3499259382108636
 30
0.0
 10
10.76420490392327
 20
-0.2650517743578412
 30
0.0
 10
10.33306910950082
 20
-0.1955122206957116
 30
0.0
 10
9.901284273287029
 20
-0.128419457584249
 30
0.0
 10
9.470130983466857
 20
-0.0592279108307763
 30
0.0
 10
9.038873332687823
 20
0.0076595582901149
 30
0.0
 10
8.354895149260011
 20
0.1062685363599348
 30
0.0
 10
7.414904626832502
 20
0.212502685883931
 30
0.0
 10
6.391657410224399
 20
0.3078649820684821
 30
0.0
 10
5.539634069518327
 20
0.3790442623460961
 30
0.0
 10
4.857440944027372
 20
0.4005238692392484
 30
0.0
 10
4.175336294745201
 20
0.3805533078494732
 30
0.0
 10
3.595017342788326
 20
0.3301786576403517
 30
0.0
 10
3.117755816473913
 20
0.2615867550179439
 30
0.0
 10
2.741365298514455
 20
0.1953519082700868
 30
0.0
 10
2.367772190264881
 20
0.1146089375693223
 30
0.0
 10
2.045826315278754
 20
0.0215242538080414
 30
0.0
 10
1.776112788814433
 20
-0.0783782965165527
 30
0.0
 10
1.55530838654508
 20
-0.1739296657162755
 30
0.0
 10
1.343853402283021
 20
-0.2885107727275988
 30
0.0
 10
1.14793306603762
 20
-0.4307262272821153
 30
0.0
 10
1.044813869169291
 20
-0.5537674255321058
 30
0.0
 10
0.9932790657438632
 20
-0.6152584394035476
 30
0.0
  0
SPLINE
  5
358
330
1F
100
AcDbEntity
  8
0
  6
Continuous
 62
     7
370
    25
100
AcDbSpline
210
0.0
220
0.0
230
1.0
 70
     8
 71
     3
 72
    11
 73
     7
 74
     0
 42
0.00000001
 43
0.00000001
 40
0.0
 40
0.0
 40
0.0
 40
0.0
 40
0.2800142820111642
 40
0.56000609022719
 40
0.7800038232918176
 40
0.9999999999999999
 40
0.9999999999999999
 40
0.9999999999999999
 40
0.9999999999999999
 10
9.416076302468309
 20
-0.4881580994498899
 30
0.0
 10
9.619158381536268
 20
-0.4890366774706046
 30
0.0
 10
10.02530624041414
 20
-0.4907937629978362
 30
0.0
 10
10.59073691514404
 20
-0.508022930625215
 30
0.0
 10
11.11228733712223
 20
-0.5385885119451832
 30
0.0
 10
11.43143562559946
 20
-0.5309413173015928
 30
0.0
 10
11.59100920538879
 20
-0.5271177335047128
 30
0.0
  0
CIRCLE
  5
35D
330
1F
100
AcDbEntity
  8
0
  6
Continuous
 62
     7
370
    25
100
AcDbCircle
 10
3.3435290654
 20
-1.3435227142
 30
0.0
 40
0.1181102362204764
  0
CIRCLE
  5
35E
330
1F
100
AcDbEntity
  8
0
  6
Continuous
 62
     7
370
    25
100
AcDbCircle
 10
7.6659271267
 20
-1.4935227142
 30
0.0
 40
0.1181102362204773
  0
CIRCLE
  5
35F
330
1F
100
AcDbEntity
  8
0
  6
Continuous
 62
     7
370
    25
100
AcDbCircle
 10
6.8664084101
 20
-1.4657770494
 30
0.0
 40
0.1181102362204773
  0
CIRCLE
  5
360
330
1F
100
AcDbEntity
  8
0
  6
Continuous
 62
     7
370
    25
100
AcDbCircle
 10
5.0784774501
 20
-0.1435830422
 30
0.0
 40
0.4550000000000011
  0
CIRCLE
  5
392
330
1F
100
AcDbEntity
  8
0
  6
Continuous
 62
     7
370
    25
100
AcDbCircle
 10
3.5784774501
 20
-0.2381597803
 30
0.0
 40
0.4550000000000016
  0
LINE
  5
393
330
1F
100
AcDbEntity
  8
0
  6
Continuous
 62
     7
370
    25
100
AcDbLine
 10
-9.1498767512
 20
-1.8310146807
 30
0.0
 11
-9.1498767688
 21
-1.8310146807
 31
0.0
  0
LINE
  5
394
330
1F
100
AcDbEntity
  8
0
  6
Continuous
 62
     7
370
    25
100
AcDbLine
 10
-10.6558007207
 20
-3.8929619218
 30
0.0
 11
-10.6558007032
 21
-3.8929619218
 31
0.0
  0
LINE
  5
395
330
1F
100
AcDbEntity
  8
0
  6
Continuous
 62
     7
370
    25
100
AcDbLine
 10
2.7648632091
 20
3.8786124337
 30
0.0
 11
2.8154966941
 21
3.0642158236
 31
0.0
  0
LINE
  5
396
330
1F
100
AcDbEntity
  8
0
  6
Continuous
 62
     7
370
    25
100
AcDbLine
 10
0.5508675058
 20
3.2296367251
 30
0.0
 11
0.5613200234
 21
3.0615168552
 31
0.0
  0
LINE
  5
397
330
1F
100
AcDbEntity
  8
0
  6
Continuous
 62
     7
370
    25
100
AcDbLine
 10
9.2887200101
 20
2.7024647411
 30
0.0
 11
9.4376022255
 21
3.1594035101
 31
0.0
  0
LINE
  5
398
330
1F
100
AcDbEntity
  8
0
  6
Continuous
 62
     7
370
    25
100
AcDbLine
 10
5.0763623366
 20
2.9593283608
 30
0.0
 11
4.9986135283
 21
4.2098519184
 31
0.0
  0
LINE
  5
399
330
1F
100
AcDbEntity
  8
0
  6
Continuous
 62
     7
370
    25
100
AcDbLine
 10
4.8938442541
 20
4.303523417
 30
0.0
 11
4.319781474
 21
4.2612290949
 31
0.0
  0
LINE
  5
39A
330
1F
100
AcDbEntity
  8
0
  6
Continuous
 62
     7
370
    25
100
AcDbLine
 10
4.3026983807
 20
2.9823955687
 30
0.0
 11
4.2297627033
 21
4.1555040041
 31
0.0
  0
LINE
  5
39B
330
1F
100
AcDbEntity
  8
0
  6
Continuous
 62
     7
370
    25
100
AcDbLine
 10
4.3967745691
 20
2.8887652499
 30
0.0
 11
4.9700040158
 21
2.8533378531
 31
0.0
  0
LINE
  5
39C
330
1F
100
AcDbEntity
  8
0
  6
Continuous
 62
     7
370
    25
100
AcDbLine
 10
-1.1689003551
 20
2.6270548604
 30
0.0
 11
-1.1477244306
 21
2.587239402
 31
0.0
  0
LINE
  5
39D
330
1F
100
AcDbEntity
  8
0
  6
Continuous
 62
     7
370
    25
100
AcDbLine
 10
8.9343501086
 20
2.7399414398
 30
0.0
 11
8.4649663941
 21
3.572256812
 31
0.0
  0
LINE
  5
39E
330
1F
100
AcDbEntity
  8
0
  6
Continuous
 62
     7
370
    25
100
AcDbLine
 10
8.2780555524
 20
3.5169295027
 30
0.0
 11
8.3280885602
 21
2.7121905333
 31
0.0
  0
LINE
  5
39F
330
1F
100
AcDbEntity
  8
0
  6
Continuous
 62
     7
370
    25
100
AcDbLine
 10
8.4210774531
 20
2.6186285712
 30
0.0
 11
8.841116811
 21
2.5910074907
 31
0.0
  0
LINE
  5
3A0
330
1F
100
AcDbEntity
  8
0
  6
Continuous
 62
     7
370
    25
100
AcDbLine
 10
9.0303495495
 20
2.7732891741
 30
0.0
 11
8.5320759793
 21
3.6568322952
 31
0.0
  0
LINE
  5
3A1
330
1F
100
AcDbEntity
  8
0
  6
Continuous
 62
     7
370
    25
100
AcDbLine
 10
9.2125334204
 20
2.7914315961
 30
0.0
 11
9.3798636314
 21
3.3049896491
 31
0.0
  0
LINE
  5
3A2
330
1F
100
AcDbEntity
  8
0
  6
Continuous
 62
     7
370
    25
100
AcDbLine
 10
7.4185678568
 20
1.3475982617
 30
0.0
 11
7.3679343717
 21
2.1619948719
 31
0.0
  0
LINE
  5
3A3
330
1F
100
AcDbEntity
  8
0
  6
Continuous
 62
     7
370
    25
100
AcDbLine
 10
9.63256356
 20
1.9965739704
 30
0.0
 11
9.6221110424
 21
2.1646938402
 31
0.0
  0
LINE
  5
3A4
330
1F
100
AcDbEntity
  8
0
  6
Continuous
 62
     7
370
    25
100
AcDbLine
 10
0.8947110558
 20
2.5237459543
 30
0.0
 11
0.7458288404
 21
2.0668071853
 31
0.0
  0
LINE
  5
3A5
330
1F
100
AcDbEntity
  8
0
  6
Continuous
 62
     7
370
    25
100
AcDbLine
 10
5.1070687292
 20
2.2668823346
 30
0.0
 11
5.1848175375
 21
1.016358777
 31
0.0
  0
LINE
  5
3A6
330
1F
100
AcDbEntity
  8
0
  6
Continuous
 62
     7
370
    25
100
AcDbLine
 10
5.2895868117
 20
0.9226872785
 30
0.0
 11
5.8636495918
 21
0.9649816006
 31
0.0
  0
LINE
  5
3A7
330
1F
100
AcDbEntity
  8
0
  6
Continuous
 62
     7
370
    25
100
AcDbLine
 10
5.8807326851
 20
2.2438151268
 30
0.0
 11
5.9536683625
 21
1.0707066914
 31
0.0
  0
LINE
  5
3A8
330
1F
100
AcDbEntity
  8
0
  6
Continuous
 62
     7
370
    25
100
AcDbLine
 10
5.7866564967
 20
2.3374454455
 30
0.0
 11
5.21342705
 21
2.3728728424
 31
0.0
  0
LINE
  5
3A9
330
1F
100
AcDbEntity
  8
0
  6
Continuous
 62
     7
370
    25
100
AcDbLine
 10
11.3523314209
 20
2.599155835
 30
0.0
 11
11.3311554964
 21
2.6389712935
 31
0.0
  0
LINE
  5
3AA
330
1F
100
AcDbEntity
  8
0
  6
Continuous
 62
     7
370
    25
100
AcDbLine
 10
1.2490809572
 20
2.4862692557
 30
0.0
 11
1.7184646717
 21
1.6539538835
 31
0.0
  0
LINE
  5
3AB
330
1F
100
AcDbEntity
  8
0
  6
Continuous
 62
     7
370
    25
100
AcDbLine
 10
1.9053755134
 20
1.7092811928
 30
0.0
 11
1.8553425056
 21
2.5140201622
 31
0.0
  0
LINE
  5
3AC
330
1F
100
AcDbEntity
  8
0
  6
Continuous
 62
     7
370
    25
100
AcDbLine
 10
1.7623536127
 20
2.6075821242
 30
0.0
 11
1.3423142548
 21
2.6352032048
 31
0.0
  0
LINE
  5
3AD
330
1F
100
AcDbEntity
  8
0
  6
Continuous
 62
     7
370
    25
100
AcDbLine
 10
1.1530815163
 20
2.4529215213
 30
0.0
 11
1.6513550865
 21
1.5693784003
 31
0.0
  0
LINE
  5
3AE
330
1F
100
AcDbEntity
  8
0
  6
Continuous
 62
     7
370
    25
100
AcDbLine
 10
0.9708976454
 20
2.4347790994
 30
0.0
 11
0.8035674344
 21
1.9212210464
 31
0.0
  0
LINE
  5
3AF
330
1F
100
AcDbEntity
  8
0
  6
Continuous
 62
     7
370
    25
100
AcDbLine
 10
-1.7373848211
 20
3.9409229304
 30
0.0
 11
-1.7271691626
 21
3.5652532819
 31
0.0
  0
LINE
  5
3B0
330
1F
100
AcDbEntity
  8
0
  6
Continuous
 62
     7
370
    25
100
AcDbLine
 10
0.565452808
 20
4.003367502
 30
0.0
 11
0.5671080493
 21
3.9424978164
 31
0.0
  0
LINE
  5
3B1
330
1F
100
AcDbEntity
  8
0
  6
Continuous
 62
     7
370
    25
100
AcDbLine
 10
2.8245848903
 20
4.3190551283
 30
0.0
 11
2.8035953111
 21
4.3644361548
 31
0.0
  0
LINE
  5
3B2
330
1F
100
AcDbEntity
  8
0
  6
Continuous
 62
     7
370
    25
100
AcDbLine
 10
-7.0940194477
 20
4.0420839026
 30
0.0
 11
-7.0848481594
 21
3.7048198249
 31
0.0
  0
LINE
  5
3B3
330
1F
100
AcDbEntity
  8
0
  6
Continuous
 62
     7
370
    25
100
AcDbLine
 10
-7.7066406191
 20
3.960907764
 30
0.0
 11
-7.7068471317
 21
3.9611599409
 31
0.0
  0
LINE
  5
3B4
330
1F
100
AcDbEntity
  8
0
  6
Continuous
 62
     7
370
    25
100
AcDbLine
 10
-5.0642445526
 20
2.7388535477
 30
0.0
 11
-5.0540288941
 21
2.3631838992
 31
0.0
  0
LINE
  5
3B5
330
1F
100
AcDbEntity
  8
0
  6
Continuous
 62
     7
370
    25
100
AcDbLine
 10
-2.7614069235
 20
2.8012981193
 30
0.0
 11
-2.7597516822
 21
2.7404284337
 31
0.0
  0
LINE
  5
3B6
330
1F
100
AcDbEntity
  8
0
  6
Continuous
 62
     7
370
    25
100
AcDbLine
 10
-0.5022748412
 20
3.1169857457
 30
0.0
 11
-0.5232644204
 21
3.1623667722
 31
0.0
  0
LINE
  5
3B7
330
1F
100
AcDbEntity
  8
0
  6
Continuous
 62
     7
370
    25
100
AcDbLine
 10
-10.4208791792
 20
2.8400145199
 30
0.0
 11
-10.411707891
 21
2.5027504423
 31
0.0
  0
LINE
  5
3B8
330
1F
100
AcDbEntity
  8
0
  6
Continuous
 62
     7
370
    25
100
AcDbLine
 10
-11.0335003507
 20
2.7588383813
 30
0.0
 11
-11.0337068632
 21
2.7590905583
 31
0.0
  0
LINE
  5
3B9
330
1F
100
AcDbEntity
  8
0
  6
Continuous
 62
     7
370
    25
100
AcDbLine
 10
-7.4761891429
 20
1.7313268871
 30
0.0
 11
-7.4553288232
 21
1.6971970313
 31
0.0
  0
LINE
  5
3BA
330
1F
100
AcDbEntity
  8
0
  6
Continuous
 62
     7
370
    25
100
AcDbLine
 10
-8.1001641848
 20
1.4747510449
 30
0.0
 11
-8.5036015139
 21
1.4042710804
 31
0.0
  0
LINE
  5
3BB
330
1F
100
AcDbEntity
  8
0
  6
Continuous
 62
     7
370
    25
100
AcDbLine
 10
-3.3061902528
 20
-3.5634224648
 30
0.0
 11
-3.2853299331
 21
-3.5975523206
 31
0.0
  0
LINE
  5
3BC
330
1F
100
AcDbEntity
  8
0
  6
Continuous
 62
     7
370
    25
100
AcDbLine
 10
-3.9301652948
 20
-3.8199983071
 30
0.0
 11
-4.3336026238
 21
-3.8904782715
 31
0.0
  0
LINE
  5
3BD
330
1F
100
AcDbEntity
  8
0
  6
Continuous
 62
     7
370
    25
100
AcDbLine
 10
-7.031506417
 20
-4.0991393562
 30
0.0
 11
-7.0523667368
 21
-4.0650095003
 31
0.0
  0
LINE
  5
3BE
330
1F
100
AcDbEntity
  8
0
  6
Continuous
 62
     7
370
    25
100
AcDbLine
 10
-6.4075313751
 20
-3.8425635139
 30
0.0
 11
-6.0040940461
 21
-3.7720835495
 31
0.0
  0
LINE
  5
3BF
330
1F
100
AcDbEntity
  8
0
  6
Continuous
 62
     7
370
    25
100
AcDbLine
 10
-11.6348700199
 20
-0.7746889952
 30
0.0
 11
-11.6557303397
 21
-0.7405591394
 31
0.0
  0
LINE
  5
3C0
330
1F
100
AcDbEntity
  8
0
  6
Continuous
 62
     7
370
    25
100
AcDbLine
 10
-11.010894978
 20
-0.5181131529
 30
0.0
 11
-10.607457649
 21
-0.4476331885
 31
0.0
  0
LINE
  5
3C1
330
1F
100
AcDbEntity
  8
0
  6
Continuous
 62
     7
370
    25
100
AcDbLine
 10
-11.5546316647
 20
1.1976178992
 30
0.0
 11
-11.5754919844
 21
1.2317477551
 31
0.0
  0
LINE
  5
3C2
330
1F
100
AcDbEntity
  8
0
  6
Continuous
 62
     7
370
    25
100
AcDbLine
 10
-10.9306566228
 20
1.4541937415
 30
0.0
 11
-10.5272192938
 21
1.5246737059
 31
0.0
  0
LINE
  5
3C3
330
1F
100
AcDbEntity
  8
0
  6
Continuous
 62
     7
370
    25
100
AcDbLine
 10
-8.4241848203
 20
-0.4611843552
 30
0.0
 11
-8.4033245006
 21
-0.4953142111
 31
0.0
  0
LINE
  5
3C4
330
1F
100
AcDbEntity
  8
0
  6
Continuous
 62
     7
370
    25
100
AcDbLine
 10
-9.0481598623
 20
-0.7177601975
 30
0.0
 11
-9.4515971913
 21
-0.7882401619
 31
0.0
  0
LINE
  5
3C5
330
1F
100
AcDbEntity
  8
0
  6
Continuous
 62
     7
370
    25
100
AcDbLine
 10
-11.602007051
 20
3.6678885208
 30
0.0
 11
-11.6091192491
 21
3.6646124398
 31
0.0
  0
LINE
  5
3C6
330
1F
100
AcDbEntity
  8
0
  6
Continuous
 62
     7
370
    25
100
AcDbLine
 10
-11.6091192491
 20
3.6646124398
 30
0.0
 11
-11.5977080504
 21
3.618733332
 31
0.0
  0
LINE
  5
3C7
330
1F
100
AcDbEntity
  8
0
  6
Continuous
 62
     7
370
    25
100
AcDbLine
 10
-8.282718322
 20
3.8507416015
 30
0.0
 11
-8.2756061239
 21
3.8540176826
 31
0.0
  0
LINE
  5
3C8
330
1F
100
AcDbEntity
  8
0
  6
Continuous
 62
     7
370
    25
100
AcDbLine
 10
-8.2756061239
 20
3.8540176826
 30
0.0
 11
-8.2870173226
 21
3.8998967904
 31
0.0
  0
LINE
  5
3C9
330
1F
100
AcDbEntity
  8
0
  6
Continuous
 62
     7
370
    25
100
AcDbLine
 10
-8.5194639676
 20
-3.7740356626
 30
0.0
 11
-8.5080527514
 21
-3.8199147704
 31
0.0
  0
LINE
  5
3CA
330
1F
100
AcDbEntity
  8
0
  6
Continuous
 62
     7
370
    25
100
AcDbLine
 10
-8.5080527514
 20
-3.8199147704
 30
0.0
 11
-8.5151649671
 21
-3.8231908515
 31
0.0
  0
LINE
  5
3CB
330
1F
100
AcDbEntity
  8
0
  6
Continuous
 62
     7
370
    25
100
AcDbLine
 10
-8.6840415786
 20
-3.6612203495
 30
0.0
 11
-8.6840415611
 21
-3.6612203495
 31
0.0
  0
LINE
  5
3CC
330
1F
100
AcDbEntity
  8
0
  6
Continuous
 62
     7
370
    25
100
AcDbLine
 10
-8.8872058584
 20
-2.0453932537
 30
0.0
 11
-8.8872058409
 21
-2.0453932537
 31
0.0
  0
LINE
  5
3CD
330
1F
100
AcDbEntity
  8
0
  6
Continuous
 62
     7
370
    25
100
AcDbLine
 10
-9.0775988241
 20
-3.5391069738
 30
0.0
 11
-9.0775988066
 21
-3.5391069738
 31
0.0
  0
LINE
  5
3CE
330
1F
100
AcDbEntity
  8
0
  6
Continuous
 62
     7
370
    25
100
AcDbLine
 10
-9.2655908202
 20
-2.1227952825
 30
0.0
 11
-9.2655908027
 21
-2.1227952825
 31
0.0
  0
LINE
  5
3CF
330
1F
100
AcDbEntity
  8
0
  6
Continuous
 62
     7
370
    25
100
AcDbLine
 10
-11.2862135043
 20
-1.94994094
 30
0.0
 11
-11.2976247205
 21
-1.9040618322
 31
0.0
  0
LINE
  5
3D0
330
1F
100
AcDbEntity
  8
0
  6
Continuous
 62
     7
370
    25
100
AcDbLine
 10
-11.2976247205
 20
-1.9040618322
 30
0.0
 11
-11.2905125049
 21
-1.9007857511
 31
0.0
  0
LINE
  5
3D1
330
1F
100
AcDbEntity
  8
0
  6
Continuous
 62
     7
370
    25
100
AcDbLine
 10
-10.9184716135
 20
-3.6785833488
 30
0.0
 11
-10.918471631
 21
-3.6785833488
 31
0.0
  0
LINE
  5
3D2
330
1F
100
AcDbEntity
  8
0
  6
Continuous
 62
     7
370
    25
100
AcDbLine
 10
-10.5400866518
 20
-3.6011813201
 30
0.0
 11
-10.5400866693
 21
-3.6011813201
 31
0.0
  0
LINE
  5
3D3
330
1F
100
AcDbEntity
  8
0
  6
Continuous
 62
     7
370
    25
100
AcDbLine
 10
-10.7280786478
 20
-2.1848696288
 30
0.0
 11
-10.7280786654
 21
-2.1848696288
 31
0.0
  0
LINE
  5
3D4
330
1F
100
AcDbEntity
  8
0
  6
Continuous
 62
     7
370
    25
100
AcDbLine
 10
-11.1216358933
 20
-2.062756253
 30
0.0
 11
-11.1216359108
 21
-2.062756253
 31
0.0
  0
LINE
  5
3D5
330
1F
100
AcDbEntity
  8
0
  6
Continuous
 62
     7
370
    25
100
AcDbLine
 10
2.686492891
 20
0.5537005209
 30
0.0
 11
2.6639403268
 21
0.5927526958
 31
0.0
  0
LINE
  5
3D6
330
1F
100
AcDbEntity
  8
0
  6
Continuous
 62
     7
370
    25
100
AcDbLine
 10
0.0898719826
 20
-0.0118866007
 30
0.0
 11
-0.0424294329
 21
-0.5045891205
 31
0.0
  0
LINE
  5
3D7
330
1F
100
AcDbEntity
  8
0
  6
Continuous
 62
     7
370
    25
100
AcDbLine
 10
-0.029827454
 20
0.0243437138
 30
0.0
 11
-0.1874972334
 21
-0.5628329038
 31
0.0
  0
LINE
  5
3D8
330
1F
100
AcDbEntity
  8
0
  6
Continuous
 62
     7
370
    25
100
AcDbLine
 10
-1.0257914692
 20
-0.024508177
 30
0.0
 11
-0.2656294451
 21
-0.5899835385
 31
0.0
  0
LINE
  5
3D9
330
1F
100
AcDbEntity
  8
0
  6
Continuous
 62
     7
370
    25
100
AcDbLine
 10
-1.3730011667
 20
-0.0188596084
 30
0.0
 11
-1.4205316499
 21
-0.9257952556
 31
0.0
  0
LINE
  5
3DA
330
1F
100
AcDbEntity
  8
0
  6
Continuous
 62
     7
370
    25
100
AcDbLine
 10
-1.2932268488
 20
0.0186409819
 30
0.0
 11
-0.4180157221
 21
-0.6324180194
 31
0.0
  0
LINE
  5
3DB
330
1F
100
AcDbEntity
  8
0
  6
Continuous
 62
     7
370
    25
100
AcDbLine
 10
-4.2210825431
 20
-0.5796937684
 30
0.0
 11
-3.6807017399
 21
-1.2628750219
 31
0.0
  0
LINE
  5
3DC
330
1F
100
AcDbEntity
  8
0
  6
Continuous
 62
     7
370
    25
100
AcDbLine
 10
-5.166574622
 20
-1.251951477
 30
0.0
 11
-6.222325043
 21
0.0237178255
 31
0.0
  0
LINE
  5
3DD
330
1F
100
AcDbEntity
  8
0
  6
Continuous
 62
     7
370
    25
100
AcDbLine
 10
-6.3107758783
 20
-0.0055441943
 30
0.0
 11
-6.3279086942
 21
-0.3324577947
 31
0.0
  0
LINE
  5
3DE
330
1F
100
AcDbEntity
  8
0
  6
Continuous
 62
     7
370
    25
100
AcDbLine
 10
-6.3705874478
 20
-1.146816926
 30
0.0
 11
-6.342590224
 21
-0.6125980722
 31
0.0
  0
LINE
  5
3DF
330
1F
100
AcDbEntity
  8
0
  6
Continuous
 62
     7
370
    25
100
AcDbLine
 10
-3.304305628
 20
0.039357772
 30
0.0
 11
-3.3320200899
 21
-0.4894656635
 31
0.0
  0
LINE
  5
3E0
330
1F
100
AcDbEntity
  8
0
  6
Continuous
 62
     7
370
    25
100
AcDbLine
 10
-3.3673530223
 20
-1.1636581762
 30
0.0
 11
-3.3467016197
 21
-0.769605941
 31
0.0
  0
LINE
  5
3E1
330
1F
100
AcDbEntity
  8
0
  6
Continuous
 62
     7
370
    25
100
AcDbLine
 10
-1.7830945368
 20
-0.0262248315
 30
0.0
 11
-3.2865612983
 21
-1.2056150953
 31
0.0
  0
LINE
  5
3E2
330
1F
100
AcDbEntity
  8
0
  6
Continuous
 62
     7
370
    25
100
AcDbLine
 10
-1.5007996193
 20
-0.0689840264
 30
0.0
 11
-1.5447704781
 21
-0.9079979932
 31
0.0
  0
LINE
  5
3E3
330
1F
100
AcDbEntity
  8
0
  6
Continuous
 62
     7
370
    25
100
AcDbLine
 10
-3.0615928974
 20
-1.1880101553
 30
0.0
 11
-1.5815913433
 21
-0.0270271073
 31
0.0
  0
LINE
  5
3E4
330
1F
100
AcDbEntity
  8
0
  6
Continuous
 62
     7
370
    25
100
AcDbLine
 10
-7.5599740465
 20
-0.6113391523
 30
0.0
 11
-6.6685529501
 21
0.1264054936
 31
0.0
  0
LINE
  5
3E5
330
1F
100
AcDbEntity
  8
0
  6
Continuous
 62
     7
370
    25
100
AcDbLine
 10
-4.5148966512
 20
0.1258161393
 30
0.0
 11
-3.5024234555
 21
0.0939583923
 31
0.0
  0
LINE
  5
3E6
330
1F
100
AcDbEntity
  8
0
  6
Continuous
 62
     7
370
    25
100
AcDbLine
 10
-4.5556845823
 20
0.0448223486
 30
0.0
 11
-3.5881266707
 21
-1.1784213768
 31
0.0
  0
LINE
  5
3E7
330
1F
100
AcDbEntity
  8
0
  6
Continuous
 62
     7
370
    25
100
AcDbLine
 10
-3.4964960499
 20
-0.7617555475
 30
0.0
 11
-3.5171474525
 21
-1.1558077828
 31
0.0
  0
LINE
  5
3E8
330
1F
100
AcDbEntity
  8
0
  6
Continuous
 62
     7
370
    25
100
AcDbLine
 10
-3.4541000582
 20
0.0472081655
 30
0.0
 11
-3.4818145201
 21
-0.48161527
 31
0.0
  0
LINE
  5
3E9
330
1F
100
AcDbEntity
  8
0
  6
Continuous
 62
     7
370
    25
100
AcDbLine
 10
-7.3604424259
 20
-0.6084618421
 30
0.0
 11
-6.5410039959
 21
0.0697095819
 31
0.0
  0
LINE
  5
3EA
330
1F
100
AcDbEntity
  8
0
  6
Continuous
 62
     7
370
    25
100
AcDbLine
 10
-6.5091114305
 20
-0.9629199693
 30
0.0
 11
-6.4904021522
 21
-0.6059256731
 31
0.0
  0
LINE
  5
3EB
330
1F
100
AcDbEntity
  8
0
  6
Continuous
 62
     7
370
    25
100
AcDbLine
 10
-6.4591937016
 20
0.0285734255
 30
0.0
 11
-6.4777031244
 21
-0.3246074013
 31
0.0
  0
LINE
  5
3EC
330
1F
100
AcDbEntity
  8
0
  6
Continuous
 62
     7
370
    25
100
AcDbLine
 10
-6.0774207613
 20
0.1749813892
 30
0.0
 11
-5.4230365238
 21
0.1543910096
 31
0.0
  0
LINE
  5
3ED
330
1F
100
AcDbEntity
  8
0
  6
Continuous
 62
     7
370
    25
100
AcDbLine
 10
-5.6037110217
 20
-0.5277021023
 30
0.0
 11
-6.1175126054
 21
0.0931273048
 31
0.0
  0
LINE
  5
3EE
330
1F
100
AcDbEntity
  8
0
  6
Continuous
 62
     7
370
    25
100
AcDbLine
 10
-5.4223529889
 20
-4.8778668971
 30
0.0
 11
-5.3991223051
 21
-4.9165195277
 31
0.0
  0
LINE
  5
3EF
330
1F
100
AcDbEntity
  8
0
  6
Continuous
 62
     7
370
    25
100
AcDbLine
 10
-2.8359984147
 20
-4.2670486337
 30
0.0
 11
-2.712315994
 21
-3.7721121768
 31
0.0
  0
LINE
  5
3F0
330
1F
100
AcDbEntity
  8
0
  6
Continuous
 62
     7
370
    25
100
AcDbLine
 10
-2.7156849028
 20
-4.3011843869
 30
0.0
 11
-2.5682867822
 21
-3.7113454821
 31
0.0
  0
LINE
  5
3F1
330
1F
100
AcDbEntity
  8
0
  6
Continuous
 62
     7
370
    25
100
AcDbLine
 10
-1.7207251607
 20
-4.2349579677
 30
0.0
 11
-2.4906403143
 21
-3.6828353874
 31
0.0
  0
LINE
  5
3F2
330
1F
100
AcDbEntity
  8
0
  6
Continuous
 62
     7
370
    25
100
AcDbLine
 10
-1.3734697639
 20
-4.2345460312
 30
0.0
 11
-1.3417747293
 21
-3.3269189934
 31
0.0
  0
LINE
  5
3F3
330
1F
100
AcDbEntity
  8
0
  6
Continuous
 62
     7
370
    25
100
AcDbLine
 10
-1.4525774562
 20
-4.2734331638
 30
0.0
 11
-2.3390178303
 21
-3.6377478623
 31
0.0
  0
LINE
  5
3F4
330
1F
100
AcDbEntity
  8
0
  6
Continuous
 62
     7
370
    25
100
AcDbLine
 10
1.4643899303
 20
-3.6240914152
 30
0.0
 11
0.9121682728
 21
-2.950445159
 31
0.0
  0
LINE
  5
3F5
330
1F
100
AcDbEntity
  8
0
  6
Continuous
 62
     7
370
    25
100
AcDbLine
 10
2.3980054914
 20
-2.9354349827
 30
0.0
 11
3.4758586156
 21
-4.1924846092
 31
0.0
  0
LINE
  5
3F6
330
1F
100
AcDbEntity
  8
0
  6
Continuous
 62
     7
370
    25
100
AcDbLine
 10
3.5637852868
 20
-4.1616833662
 30
0.0
 11
3.5752100642
 21
-3.8345205474
 31
0.0
  0
LINE
  5
3F7
330
1F
100
AcDbEntity
  8
0
  6
Continuous
 62
     7
370
    25
100
AcDbLine
 10
3.6036697911
 20
-3.0195406
 30
0.0
 11
3.585000236
 21
-3.5541667086
 31
0.0
  0
LINE
  5
3F8
330
1F
100
AcDbEntity
  8
0
  6
Continuous
 62
     7
370
    25
100
AcDbLine
 10
0.5585565838
 20
-4.2590486345
 30
0.0
 11
0.5770375831
 21
-3.7298220573
 31
0.0
  0
LINE
  5
3F9
330
1F
100
AcDbEntity
  8
0
  6
Continuous
 62
     7
370
    25
100
AcDbLine
 10
0.6005988524
 20
-3.0551155826
 30
0.0
 11
0.5868277549
 21
-3.4494682185
 31
0.0
  0
LINE
  5
3FA
330
1F
100
AcDbEntity
  8
0
  6
Continuous
 62
     7
370
    25
100
AcDbLine
 10
-0.9635673939
 20
-4.2200248137
 30
0.0
 11
0.5190871842
 21
-3.0145750638
 31
0.0
  0
LINE
  5
3FB
330
1F
100
AcDbEntity
  8
0
  6
Continuous
 62
     7
370
    25
100
AcDbLine
 10
-1.2465655673
 20
-4.1821988569
 30
0.0
 11
-1.2172442182
 21
-3.3425452786
 31
0.0
  0
LINE
  5
3FC
330
1F
100
AcDbEntity
  8
0
  6
Continuous
 62
     7
370
    25
100
AcDbLine
 10
0.2944602956
 20
-3.0361035624
 30
0.0
 11
-1.1650538991
 21
-4.2227393757
 31
0.0
  0
LINE
  5
3FD
330
1F
100
AcDbEntity
  8
0
  6
Continuous
 62
     7
370
    25
100
AcDbLine
 10
4.8022206162
 20
-3.5341791595
 30
0.0
 11
3.9238107069
 21
-4.2873688866
 31
0.0
  0
LINE
  5
3FE
330
1F
100
AcDbEntity
  8
0
  6
Continuous
 62
     7
370
    25
100
AcDbLine
 10
1.7704721347
 20
-4.3243661071
 30
0.0
 11
0.7575971492
 21
-4.3101833059
 31
0.0
  0
LINE
  5
3FF
330
1F
100
AcDbEntity
  8
0
  6
Continuous
 62
     7
370
    25
100
AcDbLine
 10
1.8098403171
 20
-4.2426728047
 30
0.0
 11
0.8210812225
 21
-3.0365015991
 31
0.0
  0
LINE
  5
400
330
1F
100
AcDbEntity
  8
0
  6
Continuous
 62
     7
370
    25
100
AcDbLine
 10
0.736736379
 20
-3.454703143
 30
0.0
 11
0.7505074765
 21
-3.0603505071
 31
0.0
  0
LINE
  5
401
330
1F
100
AcDbEntity
  8
0
  6
Continuous
 62
     7
370
    25
100
AcDbLine
 10
0.7084652079
 20
-4.264283559
 30
0.0
 11
0.7269462072
 21
-3.7350569818
 31
0.0
  0
LINE
  5
402
330
1F
100
AcDbEntity
  8
0
  6
Continuous
 62
     7
370
    25
100
AcDbLine
 10
4.6027696012
 20
-3.5405383385
 30
0.0
 11
3.795291699
 21
-4.2329076462
 31
0.0
  0
LINE
  5
403
330
1F
100
AcDbEntity
  8
0
  6
Continuous
 62
     7
370
    25
100
AcDbLine
 10
3.7453821204
 20
-3.2009919715
 30
0.0
 11
3.7329061011
 21
-3.5582584176
 31
0.0
  0
LINE
  5
404
330
1F
100
AcDbEntity
  8
0
  6
Continuous
 62
     7
370
    25
100
AcDbLine
 10
3.7127759398
 20
-4.1932055415
 30
0.0
 11
3.7251186882
 21
-3.8397554719
 31
0.0
  0
LINE
  5
405
330
1F
100
AcDbEntity
  8
0
  6
Continuous
 62
     7
370
    25
100
AcDbLine
 10
3.3336163168
 20
-4.3462540631
 30
0.0
 11
2.6789723935
 21
-4.3370873992
 31
0.0
  0
LINE
  5
406
330
1F
100
AcDbEntity
  8
0
  6
Continuous
 62
     7
370
    25
100
AcDbLine
 10
2.8477152076
 20
-3.6519449686
 30
0.0
 11
3.3722735039
 21
-4.2637127463
 31
0.0
  0
LINE
  5
407
330
1F
100
AcDbEntity
  8
0
  6
Continuous
 62
     7
370
    25
100
AcDbLine
 10
-9.5215443221
 20
0.1724497786
 30
0.0
 11
-9.498991758
 21
0.1333976037
 31
0.0
  0
LINE
  5
408
330
1F
100
AcDbEntity
  8
0
  6
Continuous
 62
     7
370
    25
100
AcDbLine
 10
-6.9249234137
 20
0.7380369003
 30
0.0
 11
-6.7926219983
 21
1.2307394201
 31
0.0
  0
LINE
  5
409
330
1F
100
AcDbEntity
  8
0
  6
Continuous
 62
     7
370
    25
100
AcDbLine
 10
-6.8052239771
 20
0.7018065858
 30
0.0
 11
-6.6475541977
 21
1.2889832033
 31
0.0
  0
LINE
  5
40A
330
1F
100
AcDbEntity
  8
0
  6
Continuous
 62
     7
370
    25
100
AcDbLine
 10
-5.8092599619
 20
0.7506584766
 30
0.0
 11
-6.569421986
 21
1.3161338381
 31
0.0
  0
LINE
  5
40B
330
1F
100
AcDbEntity
  8
0
  6
Continuous
 62
     7
370
    25
100
AcDbLine
 10
-5.4620502645
 20
0.745009908
 30
0.0
 11
-5.4145197812
 21
1.6519455552
 31
0.0
  0
LINE
  5
40C
330
1F
100
AcDbEntity
  8
0
  6
Continuous
 62
     7
370
    25
100
AcDbLine
 10
-5.5418245824
 20
0.7075093177
 30
0.0
 11
-6.417035709
 21
1.3585683189
 31
0.0
  0
LINE
  5
40D
330
1F
100
AcDbEntity
  8
0
  6
Continuous
 62
     7
370
    25
100
AcDbLine
 10
-2.613968888
 20
1.305844068
 30
0.0
 11
-3.1543496912
 21
1.9890253214
 31
0.0
  0
LINE
  5
40E
330
1F
100
AcDbEntity
  8
0
  6
Continuous
 62
     7
370
    25
100
AcDbLine
 10
-1.6684768091
 20
1.9781017765
 30
0.0
 11
-0.6127263881
 21
0.702432474
 31
0.0
  0
LINE
  5
40F
330
1F
100
AcDbEntity
  8
0
  6
Continuous
 62
     7
370
    25
100
AcDbLine
 10
-0.5242755528
 20
0.7316944938
 30
0.0
 11
-0.507142737
 21
1.0586080943
 31
0.0
  0
LINE
  5
410
330
1F
100
AcDbEntity
  8
0
  6
Continuous
 62
     7
370
    25
100
AcDbLine
 10
-0.4644639833
 20
1.8729672255
 30
0.0
 11
-0.4924612071
 21
1.3387483718
 31
0.0
  0
LINE
  5
411
330
1F
100
AcDbEntity
  8
0
  6
Continuous
 62
     7
370
    25
100
AcDbLine
 10
-3.5307458031
 20
0.6867925275
 30
0.0
 11
-3.5030313412
 21
1.215615963
 31
0.0
  0
LINE
  5
412
330
1F
100
AcDbEntity
  8
0
  6
Continuous
 62
     7
370
    25
100
AcDbLine
 10
-3.4676984088
 20
1.8898084758
 30
0.0
 11
-3.4883498114
 21
1.4957562405
 31
0.0
  0
LINE
  5
413
330
1F
100
AcDbEntity
  8
0
  6
Continuous
 62
     7
370
    25
100
AcDbLine
 10
-5.0519568943
 20
0.7523751311
 30
0.0
 11
-3.5484901328
 21
1.9317653949
 31
0.0
  0
LINE
  5
414
330
1F
100
AcDbEntity
  8
0
  6
Continuous
 62
     7
370
    25
100
AcDbLine
 10
-5.3342518118
 20
0.795134326
 30
0.0
 11
-5.290280953
 21
1.6341482928
 31
0.0
  0
LINE
  5
415
330
1F
100
AcDbEntity
  8
0
  6
Continuous
 62
     7
370
    25
100
AcDbLine
 10
-3.7734585337
 20
1.9141604549
 30
0.0
 11
-5.2534600878
 21
0.7531774069
 31
0.0
  0
LINE
  5
416
330
1F
100
AcDbEntity
  8
0
  6
Continuous
 62
     7
370
    25
100
AcDbLine
 10
0.7249226154
 20
1.3374894519
 30
0.0
 11
-0.1664984811
 21
0.599744806
 31
0.0
  0
LINE
  5
417
330
1F
100
AcDbEntity
  8
0
  6
Continuous
 62
     7
370
    25
100
AcDbLine
 10
-2.3201547799
 20
0.6003341603
 30
0.0
 11
-3.3326279756
 21
0.6321919073
 31
0.0
  0
LINE
  5
418
330
1F
100
AcDbEntity
  8
0
  6
Continuous
 62
     7
370
    25
100
AcDbLine
 10
-2.2793668488
 20
0.6813279509
 30
0.0
 11
-3.2469247604
 21
1.9045716764
 31
0.0
  0
LINE
  5
419
330
1F
100
AcDbEntity
  8
0
  6
Continuous
 62
     7
370
    25
100
AcDbLine
 10
-3.3385553812
 20
1.4879058471
 30
0.0
 11
-3.3179039786
 21
1.8819580824
 31
0.0
  0
LINE
  5
41A
330
1F
100
AcDbEntity
  8
0
  6
Continuous
 62
     7
370
    25
100
AcDbLine
 10
-3.3809513729
 20
0.6789421341
 30
0.0
 11
-3.353236911
 21
1.2077655696
 31
0.0
  0
LINE
  5
41B
330
1F
100
AcDbEntity
  8
0
  6
Continuous
 62
     7
370
    25
100
AcDbLine
 10
0.5253909948
 20
1.3346121416
 30
0.0
 11
-0.2940474352
 21
0.6564407176
 31
0.0
  0
LINE
  5
41C
330
1F
100
AcDbEntity
  8
0
  6
Continuous
 62
     7
370
    25
100
AcDbLine
 10
-0.3259400006
 20
1.6890702688
 30
0.0
 11
-0.3446492789
 21
1.3320759727
 31
0.0
  0
LINE
  5
41D
330
1F
100
AcDbEntity
  8
0
  6
Continuous
 62
     7
370
    25
100
AcDbLine
 10
-0.3758577296
 20
0.697576874
 30
0.0
 11
-0.3573483067
 21
1.0507577009
 31
0.0
  0
LINE
  5
41E
330
1F
100
AcDbEntity
  8
0
  6
Continuous
 62
     7
370
    25
100
AcDbLine
 10
-0.7576306698
 20
0.5511689103
 30
0.0
 11
-1.4120149073
 21
0.57175929
 31
0.0
  0
LINE
  5
41F
330
1F
100
AcDbEntity
  8
0
  6
Continuous
 62
     7
370
    25
100
AcDbLine
 10
-1.2313404094
 20
1.2538524018
 30
0.0
 11
-0.7175388257
 21
0.6330229948
 31
0.0
  0
LINE
  5
420
330
1F
100
AcDbEntity
  8
0
  6
Continuous
 62
     7
370
    25
100
AcDbLine
 10
2.7315568994
 20
-1.16465139
 30
0.0
 11
2.7083262157
 21
-1.1259987595
 31
0.0
  0
LINE
  5
421
330
1F
100
AcDbEntity
  8
0
  6
Continuous
 62
     7
370
    25
100
AcDbLine
 10
0.1452023253
 20
-1.7754696535
 30
0.0
 11
0.0215199046
 21
-2.2704061104
 31
0.0
  0
LINE
  5
422
330
1F
100
AcDbEntity
  8
0
  6
Continuous
 62
     7
370
    25
100
AcDbLine
 10
0.0248888133
 20
-1.7413339003
 30
0.0
 11
-0.1225093072
 21
-2.3311728051
 31
0.0
  0
LINE
  5
423
330
1F
100
AcDbEntity
  8
0
  6
Continuous
 62
     7
370
    25
100
AcDbLine
 10
-0.9700709287
 20
-1.8075603195
 30
0.0
 11
-0.2001557751
 21
-2.3596828997
 31
0.0
  0
LINE
  5
424
330
1F
100
AcDbEntity
  8
0
  6
Continuous
 62
     7
370
    25
100
AcDbLine
 10
-1.3173263255
 20
-1.807972256
 30
0.0
 11
-1.3490213601
 21
-2.7155992938
 31
0.0
  0
LINE
  5
425
330
1F
100
AcDbEntity
  8
0
  6
Continuous
 62
     7
370
    25
100
AcDbLine
 10
-1.2382186332
 20
-1.7690851234
 30
0.0
 11
-0.3517782591
 21
-2.4047704249
 31
0.0
  0
LINE
  5
426
330
1F
100
AcDbEntity
  8
0
  6
Continuous
 62
     7
370
    25
100
AcDbLine
 10
-4.1551860197
 20
-2.4184268719
 30
0.0
 11
-3.6029643622
 21
-3.0920731282
 31
0.0
  0
LINE
  5
427
330
1F
100
AcDbEntity
  8
0
  6
Continuous
 62
     7
370
    25
100
AcDbLine
 10
-5.0888015808
 20
-3.1070833044
 30
0.0
 11
-6.166654705
 21
-1.850033678
 31
0.0
  0
LINE
  5
428
330
1F
100
AcDbEntity
  8
0
  6
Continuous
 62
     7
370
    25
100
AcDbLine
 10
-6.2545813762
 20
-1.880834921
 30
0.0
 11
-6.2660061536
 21
-2.2079977398
 31
0.0
  0
LINE
  5
429
330
1F
100
AcDbEntity
  8
0
  6
Continuous
 62
     7
370
    25
100
AcDbLine
 10
-6.2944658805
 20
-3.0229776871
 30
0.0
 11
-6.2757963254
 21
-2.4883515786
 31
0.0
  0
LINE
  5
42A
330
1F
100
AcDbEntity
  8
0
  6
Continuous
 62
     7
370
    25
100
AcDbLine
 10
-3.2493526732
 20
-1.7834696527
 30
0.0
 11
-3.2678336725
 21
-2.3126962299
 31
0.0
  0
LINE
  5
42B
330
1F
100
AcDbEntity
  8
0
  6
Continuous
 62
     7
370
    25
100
AcDbLine
 10
-3.2913949418
 20
-2.9874027046
 30
0.0
 11
-3.2776238443
 21
-2.5930500687
 31
0.0
  0
LINE
  5
42C
330
1F
100
AcDbEntity
  8
0
  6
Continuous
 62
     7
370
    25
100
AcDbLine
 10
-1.7272286956
 20
-1.8224934734
 30
0.0
 11
-3.2098832736
 21
-3.0279432234
 31
0.0
  0
LINE
  5
42D
330
1F
100
AcDbEntity
  8
0
  6
Continuous
 62
     7
370
    25
100
AcDbLine
 10
-1.4442305221
 20
-1.8603194303
 30
0.0
 11
-1.4735518712
 21
-2.6999730085
 31
0.0
  0
LINE
  5
42E
330
1F
100
AcDbEntity
  8
0
  6
Continuous
 62
     7
370
    25
100
AcDbLine
 10
-2.985256385
 20
-3.0064147247
 30
0.0
 11
-1.5257421904
 21
-1.8197789115
 31
0.0
  0
LINE
  5
42F
330
1F
100
AcDbEntity
  8
0
  6
Continuous
 62
     7
370
    25
100
AcDbLine
 10
-7.4930167057
 20
-2.5083391277
 30
0.0
 11
-6.6146067963
 21
-1.7551494006
 31
0.0
  0
LINE
  5
430
330
1F
100
AcDbEntity
  8
0
  6
Continuous
 62
     7
370
    25
100
AcDbLine
 10
-4.4612682241
 20
-1.7181521801
 30
0.0
 11
-3.4483932386
 21
-1.7323349812
 31
0.0
  0
LINE
  5
431
330
1F
100
AcDbEntity
  8
0
  6
Continuous
 62
     7
370
    25
100
AcDbLine
 10
-4.5006364065
 20
-1.7998454825
 30
0.0
 11
-3.5118773119
 21
-3.0060166881
 31
0.0
  0
LINE
  5
432
330
1F
100
AcDbEntity
  8
0
  6
Continuous
 62
     7
370
    25
100
AcDbLine
 10
-3.4275324684
 20
-2.5878151442
 30
0.0
 11
-3.4413035659
 21
-2.98216778
 31
0.0
  0
LINE
  5
433
330
1F
100
AcDbEntity
  8
0
  6
Continuous
 62
     7
370
    25
100
AcDbLine
 10
-3.3992612973
 20
-1.7782347282
 30
0.0
 11
-3.4177422966
 21
-2.3074613054
 31
0.0
  0
LINE
  5
434
330
1F
100
AcDbEntity
  8
0
  6
Continuous
 62
     7
370
    25
100
AcDbLine
 10
-7.2935656906
 20
-2.5019799487
 30
0.0
 11
-6.4860877884
 21
-1.809610641
 31
0.0
  0
LINE
  5
435
330
1F
100
AcDbEntity
  8
0
  6
Continuous
 62
     7
370
    25
100
AcDbLine
 10
-6.4361782098
 20
-2.8415263156
 30
0.0
 11
-6.4237021906
 21
-2.4842598695
 31
0.0
  0
LINE
  5
436
330
1F
100
AcDbEntity
  8
0
  6
Continuous
 62
     7
370
    25
100
AcDbLine
 10
-6.4035720292
 20
-1.8493127456
 30
0.0
 11
-6.4159147777
 21
-2.2027628153
 31
0.0
  0
LINE
  5
437
330
1F
100
AcDbEntity
  8
0
  6
Continuous
 62
     7
370
    25
100
AcDbLine
 10
-6.0244124062
 20
-1.6962642241
 30
0.0
 11
-5.3697684829
 21
-1.705430888
 31
0.0
  0
LINE
  5
438
330
1F
100
AcDbEntity
  8
0
  6
Continuous
 62
     7
370
    25
100
AcDbLine
 10
-5.538511297
 20
-2.3905733185
 30
0.0
 11
-6.0630695933
 21
-1.7788055408
 31
0.0
  0
LINE
  5
439
330
1F
100
AcDbEntity
  8
0
  6
Continuous
 62
     7
370
    25
100
AcDbLine
 10
6.6955091072
 20
-2.0561774496
 30
0.0
 11
6.1074697914
 21
-1.005635192
 31
0.0
  0
LINE
  5
43A
330
1F
100
AcDbEntity
  8
0
  6
Continuous
 62
     7
370
    25
100
AcDbLine
 10
9.0841798907
 20
-1.2588787453
 30
0.0
 11
8.8534141028
 21
-1.8812312711
 31
0.0
  0
LINE
  5
43B
330
1F
100
AcDbEntity
  8
0
  6
Continuous
 62
     7
370
    25
100
AcDbLine
 10
10.0268716797
 20
-1.7845198094
 30
0.0
 11
9.7275930634
 21
-1.2588787453
 31
0.0
  0
LINE
  5
43C
330
1F
100
AcDbEntity
  8
0
  6
Continuous
 62
     7
370
    25
100
AcDbLine
 10
1.1584063371
 20
-2.194571221
 30
0.0
 11
1.1398205827
 21
-2.2409885641
 31
0.0
  0
LINE
  5
43D
330
1F
100
AcDbEntity
  8
0
  6
Continuous
 62
     7
370
    25
100
AcDbLine
 10
4.0549179911
 20
-0.9472189788
 30
0.0
 11
3.446245628
 21
-2.1644419152
 31
0.0
  0
LINE
  5
43E
330
1F
100
AcDbEntity
  8
0
  6
Continuous
 62
     7
370
    25
100
AcDbLine
 10
6.0027301008
 20
-0.9417649184
 30
0.0
 11
4.1710544127
 21
-0.8782003532
 31
0.0
  0
LINE
  5
43F
330
1F
100
AcDbEntity
  8
0
  6
Continuous
 62
     7
370
    25
100
AcDbLine
 10
7.0262185176
 20
-2.8517304735
 30
0.0
 11
6.706192458
 21
-2.2799984649
 31
0.0
  0
LINE
  5
440
330
1F
100
AcDbEntity
  8
0
  6
Continuous
 62
     7
370
    25
100
AcDbLine
 10
6.615643319
 20
-2.2288961937
 30
0.0
 11
6.2806646315
 21
-2.2399202051
 31
0.0
  0
LINE
  5
441
330
1F
100
AcDbEntity
  8
0
  6
Continuous
 62
     7
370
    25
100
AcDbLine
 10
6.1990427176
 20
-2.392687555
 30
0.0
 11
6.5109747771
 21
-2.8941218748
 31
0.0
  0
LINE
  5
442
330
1F
100
AcDbEntity
  8
0
  6
Continuous
 62
     7
370
    25
100
AcDbLine
 10
6.6208282452
 20
-2.9638638094
 30
0.0
 11
6.9272831102
 21
-2.9998901752
 31
0.0
  0
LINE
  5
443
330
1F
100
AcDbEntity
  8
0
  6
Continuous
 62
     7
370
    25
100
AcDbLine
 10
11.0313666077
 20
-2.0131732492
 30
0.0
 11
10.8369330464
 21
-2.4862026792
 31
0.0
  0
LINE
  5
444
330
1F
100
AcDbEntity
  8
0
  6
Continuous
 62
     7
370
    25
100
AcDbLine
 10
10.1987325467
 20
-2.0863694039
 30
0.0
 11
10.5005719677
 21
-2.6165081636
 31
0.0
  0
LINE
  5
445
330
1F
100
AcDbEntity
  8
0
  6
Continuous
 62
     7
370
    25
100
AcDbLine
 10
10.6799650616
 20
-2.6050474759
 30
0.0
 11
10.9111163783
 21
-2.0426889262
 31
0.0
  0
LINE
  5
446
330
1F
100
AcDbEntity
  8
0
  6
Continuous
 62
     7
370
    25
100
AcDbLine
 10
9.9471246296
 20
-1.9634648513
 30
0.0
 11
9.7409068331
 21
-1.980491716
 31
0.0
  0
LINE
  5
447
330
1F
100
AcDbEntity
  8
0
  6
Continuous
 62
     7
370
    25
100
AcDbLine
 10
10.3803425279
 20
-2.6074508691
 30
0.0
 11
10.0422550383
 21
-2.0136474428
 31
0.0
  0
LINE
  5
448
330
1F
100
AcDbEntity
  8
0
  6
Continuous
 62
     7
370
    25
100
AcDbLine
 10
3.5315054139
 20
-2.6006877363
 30
0.0
 11
6.1522055285
 21
-2.9087732386
 31
0.0
  0
LINE
  5
449
330
1F
100
AcDbEntity
  8
0
  6
Continuous
 62
     7
370
    25
100
AcDbLine
 10
6.2487920675
 20
-2.7566356996
 30
0.0
 11
5.9801866304
 21
-2.3248494161
 31
0.0
  0
LINE
  5
44A
330
1F
100
AcDbEntity
  8
0
  6
Continuous
 62
     7
370
    25
100
AcDbLine
 10
5.8478862246
 20
-2.2541627653
 30
0.0
 11
3.5315054139
 21
-2.3303939092
 31
0.0
  0
LINE
  5
44B
330
1F
100
AcDbEntity
  8
0
  6
Continuous
 62
     7
370
    25
100
AcDbLine
 10
7.0950183688
 20
-2.2131201571
 30
0.0
 11
6.8711099043
 21
-2.2204888929
 31
0.0
  0
LINE
  5
44C
330
1F
100
AcDbEntity
  8
0
  6
Continuous
 62
     7
370
    25
100
AcDbLine
 10
6.8291245132
 20
-2.2948836492
 30
0.0
 11
6.9741148423
 21
-2.5539113428
 31
0.0
  0
LINE
  5
44D
330
1F
100
AcDbEntity
  8
0
  6
Continuous
 62
     7
370
    25
100
AcDbLine
 10
8.3066458556
 20
-2.9944375861
 30
0.0
 11
8.5924789846
 21
-2.9779932279
 31
0.0
  0
LINE
  5
44E
330
1F
100
AcDbEntity
  8
0
  6
Continuous
 62
     7
370
    25
100
AcDbLine
 10
8.5261816099
 20
-2.0807884038
 30
0.0
 11
8.2593107724
 21
-2.1028232315
 31
0.0
  0
LINE
  5
44F
330
1F
100
AcDbEntity
  8
0
  6
Continuous
 62
     7
370
    25
100
AcDbLine
 10
6.0539064353
 20
-0.665511505
 30
0.0
 11
6.641945751
 21
-1.7160537625
 31
0.0
  0
LINE
  5
450
330
1F
100
AcDbEntity
  8
0
  6
Continuous
 62
     7
370
    25
100
AcDbLine
 10
3.6652356518
 20
-1.4628102093
 30
0.0
 11
3.8960014397
 21
-0.8404576835
 31
0.0
  0
LINE
  5
451
330
1F
100
AcDbEntity
  8
0
  6
Continuous
 62
     7
370
    25
100
AcDbLine
 10
2.7225438627
 20
-0.9371691452
 30
0.0
 11
3.021822479
 21
-1.4628102093
 31
0.0
  0
LINE
  5
452
330
1F
100
AcDbEntity
  8
0
  6
Continuous
 62
     7
370
    25
100
AcDbLine
 10
11.5910092054
 20
-0.5271177335
 30
0.0
 11
11.6095949597
 21
-0.4807003904
 31
0.0
  0
LINE
  5
453
330
1F
100
AcDbEntity
  8
0
  6
Continuous
 62
     7
370
    25
100
AcDbLine
 10
8.6944975513
 20
-1.7744699758
 30
0.0
 11
9.3031699145
 21
-0.5572470393
 31
0.0
  0
LINE
  5
454
330
1F
100
AcDbEntity
  8
0
  6
Continuous
 62
     7
370
    25
100
AcDbLine
 10
6.7466854416
 20
-1.7799240362
 30
0.0
 11
8.5783611297
 21
-1.8434886013
 31
0.0
  0
LINE
  5
455
330
1F
100
AcDbEntity
  8
0
  6
Continuous
 62
     7
370
    25
100
AcDbLine
 10
5.7231970249
 20
0.130041519
 30
0.0
 11
6.0432230845
 21
-0.4416904897
 31
0.0
  0
LINE
  5
456
330
1F
100
AcDbEntity
  8
0
  6
Continuous
 62
     7
370
    25
100
AcDbLine
 10
6.1337722234
 20
-0.4927927609
 30
0.0
 11
6.468750911
 21
-0.4817687495
 31
0.0
  0
LINE
  5
457
330
1F
100
AcDbEntity
  8
0
  6
Continuous
 62
     7
370
    25
100
AcDbLine
 10
6.5503728248
 20
-0.3290013996
 30
0.0
 11
6.2384407654
 21
0.1724329203
 31
0.0
  0
LINE
  5
458
330
1F
100
AcDbEntity
  8
0
  6
Continuous
 62
     7
370
    25
100
AcDbLine
 10
6.1285872973
 20
0.2421748548
 30
0.0
 11
5.8221324322
 21
0.2782012206
 31
0.0
  0
LINE
  5
459
330
1F
100
AcDbEntity
  8
0
  6
Continuous
 62
     7
370
    25
100
AcDbLine
 10
1.7180489347
 20
-0.7085157053
 30
0.0
 11
1.9124824961
 21
-0.2354862753
 31
0.0
  0
LINE
  5
45A
330
1F
100
AcDbEntity
  8
0
  6
Continuous
 62
     7
370
    25
100
AcDbLine
 10
2.5506829958
 20
-0.6353195507
 30
0.0
 11
2.2488435747
 21
-0.105180791
 31
0.0
  0
LINE
  5
45B
330
1F
100
AcDbEntity
  8
0
  6
Continuous
 62
     7
370
    25
100
AcDbLine
 10
2.0694504808
 20
-0.1166414787
 30
0.0
 11
1.8382991642
 21
-0.6790000284
 31
0.0
  0
LINE
  5
45C
330
1F
100
AcDbEntity
  8
0
  6
Continuous
 62
     7
370
    25
100
AcDbLine
 10
2.8022909129
 20
-0.7582241032
 30
0.0
 11
3.0085087094
 21
-0.7411972386
 31
0.0
  0
LINE
  5
45D
330
1F
100
AcDbEntity
  8
0
  6
Continuous
 62
     7
370
    25
100
AcDbLine
 10
2.3690730146
 20
-0.1142380854
 30
0.0
 11
2.7071605042
 21
-0.7080415118
 31
0.0
  0
LINE
  5
45E
330
1F
100
AcDbEntity
  8
0
  6
Continuous
 62
     7
370
    25
100
AcDbLine
 10
9.2179101285
 20
-0.1210012183
 30
0.0
 11
6.5972100139
 21
0.1870842841
 31
0.0
  0
LINE
  5
45F
330
1F
100
AcDbEntity
  8
0
  6
Continuous
 62
     7
370
    25
100
AcDbLine
 10
6.500623475
 20
0.0349467451
 30
0.0
 11
6.769228912
 21
-0.3968395384
 31
0.0
  0
LINE
  5
460
330
1F
100
AcDbEntity
  8
0
  6
Continuous
 62
     7
370
    25
100
AcDbLine
 10
6.9015293179
 20
-0.4675261893
 30
0.0
 11
9.2179101285
 21
-0.3912950454
 31
0.0
  0
LINE
  5
461
330
1F
100
AcDbEntity
  8
0
  6
Continuous
 62
     7
370
    25
100
AcDbLine
 10
5.6543971736
 20
-0.5085687975
 30
0.0
 11
5.8783056381
 21
-0.5012000616
 31
0.0
  0
LINE
  5
462
330
1F
100
AcDbEntity
  8
0
  6
Continuous
 62
     7
370
    25
100
AcDbLine
 10
5.9202910292
 20
-0.4268053053
 30
0.0
 11
5.7753007001
 21
-0.1677776118
 31
0.0
  0
LINE
  5
463
330
1F
100
AcDbEntity
  8
0
  6
Continuous
 62
     7
370
    25
100
AcDbLine
 10
4.4427696869
 20
0.2727486316
 30
0.0
 11
4.1569365578
 21
0.2563042733
 31
0.0
  0
LINE
  5
464
330
1F
100
AcDbEntity
  8
0
  6
Continuous
 62
     7
370
    25
100
AcDbLine
 10
4.2232339325
 20
-0.6409005508
 30
0.0
 11
4.4901047701
 21
-0.618865723
 31
0.0
  0
ARC
  5
465
330
1F
100
AcDbEntity
  8
0
  6
Continuous
 62
     7
370
    25
100
AcDbCircle
 10
2.7156894097
 20
3.0580105047
 30
0.0
 40
0.0999999999999531
100
AcDbArc
 50
268.4890178799
 51
3.5576715008
  0
ARC
  5
466
330
1F
100
AcDbEntity
  8
0
  6
Continuous
 62
     7
370
    25
100
AcDbCircle
 10
2.6650559247
 20
3.8724071149
 30
0.0
 40
0.1000000000000503
100
AcDbArc
 50
3.5576715008
 51
103.8498926897
  0
ARC
  5
467
330
1F
100
AcDbEntity
  8
0
  6
Continuous
 62
     7
370
    25
100
AcDbCircle
 10
0.6506747902
 20
3.2358420439
 30
0.0
 40
0.1000000000001206
100
AcDbArc
 50
111.0812302213
 51
183.5576715008
  0
ARC
  5
468
330
1F
100
AcDbEntity
  8
0
  6
Continuous
 62
     7
370
    25
100
AcDbCircle
 10
0.6611273078
 20
3.0677221741
 30
0.0
 40
0.1000000000000425
100
AcDbArc
 50
183.5576715009
 51
272.523010157
  0
ARC
  5
469
330
1F
100
AcDbEntity
  8
0
  6
Continuous
 62
     7
370
    25
100
AcDbCircle
 10
9.5326825393
 20
3.1284239375
 30
0.0
 40
0.0999999999999915
100
AcDbArc
 50
45.2859299681
 51
161.9530795774
  0
ARC
  5
46A
330
1F
100
AcDbEntity
  8
0
  6
Continuous
 62
     7
370
    25
100
AcDbCircle
 10
9.3838003239
 20
2.6714851685
 30
0.0
 40
0.1000000000000225
100
AcDbArc
 50
161.9530795774
 51
270.8162349726
  0
ARC
  5
46B
330
1F
100
AcDbEntity
  8
0
  6
Continuous
 62
     7
370
    25
100
AcDbCircle
 10
4.9765550522
 20
2.953123042
 30
0.0
 40
0.0999999999999653
100
AcDbArc
 50
266.2438427243
 51
3.5576715008
  0
ARC
  5
46C
330
1F
100
AcDbEntity
  8
0
  6
Continuous
 62
     7
370
    25
100
AcDbCircle
 10
4.8988062439
 20
4.2036465996
 30
0.0
 40
0.1000000000001082
100
AcDbArc
 50
3.5576715009
 51
92.8441787168
  0
ARC
  5
46D
330
1F
100
AcDbEntity
  8
0
  6
Continuous
 62
     7
370
    25
100
AcDbCircle
 10
4.3295699877
 20
4.161709323
 30
0.0
 40
0.1000000000000025
100
AcDbArc
 50
95.6174002121
 51
183.5576715008
  0
ARC
  5
46E
330
1F
100
AcDbEntity
  8
0
  6
Continuous
 62
     7
370
    25
100
AcDbCircle
 10
4.4025056651
 20
2.9886008875
 30
0.0
 40
0.0999999999999716
100
AcDbArc
 50
183.5576715008
 51
266.7145236469
  0
ARC
  5
46F
330
1F
100
AcDbEntity
  8
0
  6
Continuous
 62
     7
370
    25
100
AcDbCircle
 10
8.8472465515
 20
2.6908194453
 30
0.0
 40
0.1000000000000053
100
AcDbArc
 50
266.485714283
 51
29.4207966178
  0
ARC
  5
470
330
1F
100
AcDbEntity
  8
0
  6
Continuous
 62
     7
370
    25
100
AcDbCircle
 10
8.3778628371
 20
3.5231348175
 30
0.0
 40
0.1000000000000179
100
AcDbArc
 50
29.4207966178
 51
183.5576691779
  0
ARC
  5
471
330
1F
100
AcDbEntity
  8
0
  6
Continuous
 62
     7
370
    25
100
AcDbCircle
 10
8.4278958448
 20
2.7183958481
 30
0.0
 40
0.09999999999991
100
AcDbArc
 50
183.5576691779
 51
266.0903159363
  0
ARC
  5
472
330
1F
100
AcDbEntity
  8
0
  6
Continuous
 62
     7
370
    25
100
AcDbCircle
 10
8.6191795363
 20
3.7059542897
 30
0.0
 40
0.0999999999999884
100
AcDbArc
 50
66.7292726795
 51
209.4207966179
  0
ARC
  5
473
330
1F
100
AcDbEntity
  8
0
  6
Continuous
 62
     7
370
    25
100
AcDbCircle
 10
9.1174531065
 20
2.8224111687
 30
0.0
 40
0.1000000000000238
100
AcDbArc
 50
209.4207966179
 51
341.9530795773
  0
ARC
  5
474
330
1F
100
AcDbEntity
  8
0
  6
Continuous
 62
     7
370
    25
100
AcDbCircle
 10
9.2847833176
 20
3.3359692217
 30
0.0
 40
0.1000000000000799
100
AcDbArc
 50
341.9530795774
 51
54.1125551728
  0
ARC
  5
475
330
1F
100
AcDbEntity
  8
0
  6
Continuous
 62
     7
370
    25
100
AcDbCircle
 10
7.4677416561
 20
2.1682001908
 30
0.0
 40
0.0999999999999245
100
AcDbArc
 50
88.4890178799
 51
183.5576715009
  0
ARC
  5
476
330
1F
100
AcDbEntity
  8
0
  6
Continuous
 62
     7
370
    25
100
AcDbCircle
 10
7.5183751412
 20
1.3538035806
 30
0.0
 40
0.1000000000000161
100
AcDbArc
 50
183.5576715008
 51
283.8498926897
  0
ARC
  5
477
330
1F
100
AcDbEntity
  8
0
  6
Continuous
 62
     7
370
    25
100
AcDbCircle
 10
9.5327562756
 20
1.9903686515
 30
0.0
 40
0.1000000000001173
100
AcDbArc
 50
291.0812302213
 51
3.5576715008
  0
ARC
  5
478
330
1F
100
AcDbEntity
  8
0
  6
Continuous
 62
     7
370
    25
100
AcDbCircle
 10
9.522303758
 20
2.1584885214
 30
0.0
 40
0.1000000000000432
100
AcDbArc
 50
3.5576715009
 51
92.523010157
  0
ARC
  5
479
330
1F
100
AcDbEntity
  8
0
  6
Continuous
 62
     7
370
    25
100
AcDbCircle
 10
0.6507485265
 20
2.0977867579
 30
0.0
 40
0.0999999999999991
100
AcDbArc
 50
225.2859299682
 51
341.9530795774
  0
ARC
  5
47A
330
1F
100
AcDbEntity
  8
0
  6
Continuous
 62
     7
370
    25
100
AcDbCircle
 10
0.7996307419
 20
2.5547255269
 30
0.0
 40
0.1000000000000251
100
AcDbArc
 50
341.9530795774
 51
90.8162349725
  0
ARC
  5
47B
330
1F
100
AcDbEntity
  8
0
  6
Continuous
 62
     7
370
    25
100
AcDbCircle
 10
5.2068760136
 20
2.2730876535
 30
0.0
 40
0.0999999999999642
100
AcDbArc
 50
86.2438427243
 51
183.5576715008
  0
ARC
  5
47C
330
1F
100
AcDbEntity
  8
0
  6
Continuous
 62
     7
370
    25
100
AcDbCircle
 10
5.2846248219
 20
1.0225640959
 30
0.0
 40
0.1000000000001025
100
AcDbArc
 50
183.5576715009
 51
272.8441787168
  0
ARC
  5
47D
330
1F
100
AcDbEntity
  8
0
  6
Continuous
 62
     7
370
    25
100
AcDbCircle
 10
5.8538610781
 20
1.0645013725
 30
0.0
 40
0.1000000000000376
100
AcDbArc
 50
275.6174002121
 51
3.5576715008
  0
ARC
  5
47E
330
1F
100
AcDbEntity
  8
0
  6
Continuous
 62
     7
370
    25
100
AcDbCircle
 10
5.7809254007
 20
2.2376098079
 30
0.0
 40
0.0999999999999698
100
AcDbArc
 50
3.5576715008
 51
86.7145236469
  0
ARC
  5
47F
330
1F
100
AcDbEntity
  8
0
  6
Continuous
 62
     7
370
    25
100
AcDbCircle
 10
1.3361845143
 20
2.5353912502
 30
0.0
 40
0.1000000000000058
100
AcDbArc
 50
86.485714283
 51
209.4207966178
  0
ARC
  5
480
330
1F
100
AcDbEntity
  8
0
  6
Continuous
 62
     7
370
    25
100
AcDbCircle
 10
1.8055682287
 20
1.703075878
 30
0.0
 40
0.1000000000000272
100
AcDbArc
 50
209.4207966178
 51
3.5576691779
  0
ARC
  5
481
330
1F
100
AcDbEntity
  8
0
  6
Continuous
 62
     7
370
    25
100
AcDbCircle
 10
1.755535221
 20
2.5078148474
 30
0.0
 40
0.0999999999998584
100
AcDbArc
 50
3.5576691778
 51
86.0903159364
  0
ARC
  5
482
330
1F
100
AcDbEntity
  8
0
  6
Continuous
 62
     7
370
    25
100
AcDbCircle
 10
1.5642515295
 20
1.5202564058
 30
0.0
 40
0.0999999999999869
100
AcDbArc
 50
246.7292726795
 51
29.4207966179
  0
ARC
  5
483
330
1F
100
AcDbEntity
  8
0
  6
Continuous
 62
     7
370
    25
100
AcDbCircle
 10
1.0659779593
 20
2.4037995268
 30
0.0
 40
0.1000000000000282
100
AcDbArc
 50
29.4207966179
 51
161.9530795773
  0
ARC
  5
484
330
1F
100
AcDbEntity
  8
0
  6
Continuous
 62
     7
370
    25
100
AcDbCircle
 10
0.8986477482
 20
1.8902414738
 30
0.0
 40
0.1000000000000716
100
AcDbArc
 50
161.9530795774
 51
234.1125551728
  0
ARC
  5
485
330
1F
100
AcDbEntity
  8
0
  6
Continuous
 62
     7
370
    25
100
AcDbCircle
 10
0.465489761
 20
4.0006491872
 30
0.0
 40
0.0999999999998959
100
AcDbArc
 50
1.5576715008
 51
93.4669996323
  0
ARC
  5
486
330
1F
100
AcDbEntity
  8
0
  6
Continuous
 62
     7
370
    25
100
AcDbCircle
 10
-1.6374217741
 20
3.9436412451
 30
0.0
 40
0.1000000000000285
100
AcDbArc
 50
90.4857738184
 51
181.5576715008
  0
ARC
  5
487
330
1F
100
AcDbEntity
  8
0
  6
Continuous
 62
     7
370
    25
100
AcDbCircle
 10
-1.6272061156
 20
3.5679715966
 30
0.0
 40
0.1000000000001068
100
AcDbArc
 50
181.5576715009
 51
278.5582930691
  0
ARC
  5
488
330
1F
100
AcDbEntity
  8
0
  6
Continuous
 62
     7
370
    25
100
AcDbCircle
 10
0.4671450023
 20
3.9397795016
 30
0.0
 40
0.1000000000000314
100
AcDbArc
 50
281.7952585862
 51
1.5576715008
  0
ARC
  5
489
330
1F
100
AcDbEntity
  8
0
  6
Continuous
 62
     7
370
    25
100
AcDbCircle
 10
-7.1848112064
 20
3.7021015102
 30
0.0
 40
0.1000000000000206
100
AcDbArc
 50
245.414499852
 51
1.5576715008
  0
ARC
  5
48A
330
1F
100
AcDbEntity
  8
0
  6
Continuous
 62
     7
370
    25
100
AcDbCircle
 10
-7.1939824947
 20
4.0393655878
 30
0.0
 40
0.1000000000000102
100
AcDbArc
 50
1.5576715008
 51
91.3049228003
  0
ARC
  5
48B
330
1F
100
AcDbEntity
  8
0
  6
Continuous
 62
     7
370
    25
100
AcDbCircle
 10
-7.6440221014
 20
4.0311875895
 30
0.0
 40
0.0999999992711955
100
AcDbArc
 50
90.4906403003
 51
91.2609065481
  0
ARC
  5
48C
330
1F
100
AcDbEntity
  8
0
  6
Continuous
 62
     7
370
    25
100
AcDbCircle
 10
-2.8613699705
 20
2.7985798045
 30
0.0
 40
0.0999999999998964
100
AcDbArc
 50
1.5576715008
 51
93.4669996323
  0
ARC
  5
48D
330
1F
100
AcDbEntity
  8
0
  6
Continuous
 62
     7
370
    25
100
AcDbCircle
 10
-4.9642815056
 20
2.7415718625
 30
0.0
 40
0.1000000000000288
100
AcDbArc
 50
90.4857738184
 51
181.5576715008
  0
ARC
  5
48E
330
1F
100
AcDbEntity
  8
0
  6
Continuous
 62
     7
370
    25
100
AcDbCircle
 10
-4.9540658472
 20
2.365902214
 30
0.0
 40
0.1000000000001078
100
AcDbArc
 50
181.5576715009
 51
278.5582930691
  0
ARC
  5
48F
330
1F
100
AcDbEntity
  8
0
  6
Continuous
 62
     7
370
    25
100
AcDbCircle
 10
-2.8597147292
 20
2.737710119
 30
0.0
 40
0.1000000000000328
100
AcDbArc
 50
281.7952585862
 51
1.5576715008
  0
ARC
  5
490
330
1F
100
AcDbEntity
  8
0
  6
Continuous
 62
     7
370
    25
100
AcDbCircle
 10
-10.511670938
 20
2.5000321275
 30
0.0
 40
0.1000000000000202
100
AcDbArc
 50
245.414499852
 51
1.5576715008
  0
ARC
  5
491
330
1F
100
AcDbEntity
  8
0
  6
Continuous
 62
     7
370
    25
100
AcDbCircle
 10
-10.5208422262
 20
2.8372962052
 30
0.0
 40
0.100000000000008
100
AcDbArc
 50
1.5576715008
 51
91.3049228003
  0
ARC
  5
492
330
1F
100
AcDbEntity
  8
0
  6
Continuous
 62
     7
370
    25
100
AcDbCircle
 10
-10.970881833
 20
2.8291182069
 30
0.0
 40
0.0999999992523897
100
AcDbArc
 50
90.4906403003
 51
91.2609065482
  0
ARC
  5
493
330
1F
100
AcDbEntity
  8
0
  6
Continuous
 62
     7
370
    25
100
AcDbCircle
 10
-8.0959531563
 20
1.4552014151
 30
0.0
 40
0.0199999999999975
100
AcDbArc
 50
294.8651873781
 51
102.1558916164
  0
ARC
  5
494
330
1F
100
AcDbEntity
  8
0
  6
Continuous
 62
     7
370
    25
100
AcDbCircle
 10
-8.4949140143
 20
1.3403407376
 30
0.0
 40
0.0645179152575496
100
AcDbArc
 50
97.7385270169
 51
289.3397198357
  0
ARC
  5
495
330
1F
100
AcDbEntity
  8
0
  6
Continuous
 62
     7
370
    25
100
AcDbCircle
 10
-8.9865679175
 20
1.250939627
 30
0.0
 40
0.1096583169580279
100
AcDbArc
 50
281.4784869968
 51
92.4131255974
  0
ARC
  5
496
330
1F
100
AcDbEntity
  8
0
  6
Continuous
 62
     7
370
    25
100
AcDbCircle
 10
-9.6897891419
 20
1.2315105977
 30
0.0
 40
0.1238014784685689
100
AcDbArc
 50
90.9284584871
 51
260.0593269083
  0
ARC
  5
497
330
1F
100
AcDbEntity
  8
0
  6
Continuous
 62
     7
370
    25
100
AcDbCircle
 10
-3.9259542662
 20
-3.8395479368
 30
0.0
 40
0.0199999999999981
100
AcDbArc
 50
294.8651873781
 51
102.1558916164
  0
ARC
  5
498
330
1F
100
AcDbEntity
  8
0
  6
Continuous
 62
     7
370
    25
100
AcDbCircle
 10
-4.3249151242
 20
-3.9544086144
 30
0.0
 40
0.0645179152575485
100
AcDbArc
 50
97.7385270169
 51
289.3397198357
  0
ARC
  5
499
330
1F
100
AcDbEntity
  8
0
  6
Continuous
 62
     7
370
    25
100
AcDbCircle
 10
-4.8165690274
 20
-4.0438097249
 30
0.0
 40
0.1096583169580281
100
AcDbArc
 50
281.4784869968
 51
92.4131255974
  0
ARC
  5
49A
330
1F
100
AcDbEntity
  8
0
  6
Continuous
 62
     7
370
    25
100
AcDbCircle
 10
-5.5197902519
 20
-4.0632387542
 30
0.0
 40
0.1238014784685691
100
AcDbArc
 50
90.9284584871
 51
260.0593269083
  0
ARC
  5
49B
330
1F
100
AcDbEntity
  8
0
  6
Continuous
 62
     7
370
    25
100
AcDbCircle
 10
-6.4117424037
 20
-3.8230138842
 30
0.0
 40
0.0199999999999965
100
AcDbArc
 50
114.8651873781
 51
282.1558916164
  0
ARC
  5
49C
330
1F
100
AcDbEntity
  8
0
  6
Continuous
 62
     7
370
    25
100
AcDbCircle
 10
-6.0127815457
 20
-3.7081532066
 30
0.0
 40
0.0645179152575486
100
AcDbArc
 50
277.7385270169
 51
109.3397198357
  0
ARC
  5
49D
330
1F
100
AcDbEntity
  8
0
  6
Continuous
 62
     7
370
    25
100
AcDbCircle
 10
-5.5211276424
 20
-3.618752096
 30
0.0
 40
0.1096583169580296
100
AcDbArc
 50
101.4784869968
 51
272.4131255974
  0
ARC
  5
49E
330
1F
100
AcDbEntity
  8
0
  6
Continuous
 62
     7
370
    25
100
AcDbCircle
 10
-4.817906418
 20
-3.5993230667
 30
0.0
 40
0.1238014784685648
100
AcDbArc
 50
270.9284584871
 51
80.0593269083
  0
ARC
  5
49F
330
1F
100
AcDbEntity
  8
0
  6
Continuous
 62
     7
370
    25
100
AcDbCircle
 10
-11.0151060066
 20
-0.4985635232
 30
0.0
 40
0.0199999999999959
100
AcDbArc
 50
114.8651873781
 51
282.1558916164
  0
ARC
  5
4A0
330
1F
100
AcDbEntity
  8
0
  6
Continuous
 62
     7
370
    25
100
AcDbCircle
 10
-10.6161451485
 20
-0.3837028456
 30
0.0
 40
0.0645179152575492
100
AcDbArc
 50
277.7385270169
 51
109.3397198357
  0
ARC
  5
4A1
330
1F
100
AcDbEntity
  8
0
  6
Continuous
 62
     7
370
    25
100
AcDbCircle
 10
-10.1244912453
 20
-0.2943017351
 30
0.0
 40
0.1096583169580299
100
AcDbArc
 50
101.4784869968
 51
272.4131255974
  0
ARC
  5
4A2
330
1F
100
AcDbEntity
  8
0
  6
Continuous
 62
     7
370
    25
100
AcDbCircle
 10
-9.4212700209
 20
-0.2748727058
 30
0.0
 40
0.1238014784685647
100
AcDbArc
 50
270.9284584871
 51
80.0593269083
  0
ARC
  5
4A3
330
1F
100
AcDbEntity
  8
0
  6
Continuous
 62
     7
370
    25
100
AcDbCircle
 10
-10.9348676514
 20
1.4737433712
 30
0.0
 40
0.0199999999999969
100
AcDbArc
 50
114.8651873781
 51
282.1558916164
  0
ARC
  5
4A4
330
1F
100
AcDbEntity
  8
0
  6
Continuous
 62
     7
370
    25
100
AcDbCircle
 10
-10.5359067933
 20
1.5886040488
 30
0.0
 40
0.0645179152575486
100
AcDbArc
 50
277.7385270169
 51
109.3397198357
  0
ARC
  5
4A5
330
1F
100
AcDbEntity
  8
0
  6
Continuous
 62
     7
370
    25
100
AcDbCircle
 10
-10.0442528901
 20
1.6780051594
 30
0.0
 40
0.10965831695803
100
AcDbArc
 50
101.4784869968
 51
272.4131255974
  0
ARC
  5
4A6
330
1F
100
AcDbEntity
  8
0
  6
Continuous
 62
     7
370
    25
100
AcDbCircle
 10
-9.3410316657
 20
1.6974341887
 30
0.0
 40
0.1238014784685646
100
AcDbArc
 50
270.9284584871
 51
80.0593269083
  0
ARC
  5
4A7
330
1F
100
AcDbEntity
  8
0
  6
Continuous
 62
     7
370
    25
100
AcDbCircle
 10
-9.0439488337
 20
-0.7373098272
 30
0.0
 40
0.0199999999999974
100
AcDbArc
 50
294.8651873781
 51
102.1558916164
  0
ARC
  5
4A8
330
1F
100
AcDbEntity
  8
0
  6
Continuous
 62
     7
370
    25
100
AcDbCircle
 10
-9.4429096917
 20
-0.8521705048
 30
0.0
 40
0.064517915257549
100
AcDbArc
 50
97.7385270169
 51
289.3397198357
  0
ARC
  5
4A9
330
1F
100
AcDbEntity
  8
0
  6
Continuous
 62
     7
370
    25
100
AcDbCircle
 10
-9.9345635949
 20
-0.9415716154
 30
0.0
 40
0.1096583169580276
100
AcDbArc
 50
281.4784869968
 51
92.4131255974
  0
ARC
  5
4AA
330
1F
100
AcDbEntity
  8
0
  6
Continuous
 62
     7
370
    25
100
AcDbCircle
 10
-10.6377848194
 20
-0.9610006447
 30
0.0
 40
0.1238014784685692
100
AcDbArc
 50
90.9284584871
 51
260.0593269083
  0
ARC
  5
4AB
330
1F
100
AcDbEntity
  8
0
  6
Continuous
 62
     7
370
    25
100
AcDbCircle
 10
-10.1487917183
 20
3.9981517549
 30
0.0
 40
0.1070045166464815
100
AcDbArc
 50
102.7665154859
 51
272.5144676155
  0
ARC
  5
4AC
330
1F
100
AcDbEntity
  8
0
  6
Continuous
 62
     7
370
    25
100
AcDbCircle
 10
-9.6745470241
 20
4.0411229743
 30
0.0
 40
0.1386385080950689
100
AcDbArc
 50
271.199432137
 51
93.7091378837
  0
ARC
  5
4AD
330
1F
100
AcDbEntity
  8
0
  6
Continuous
 62
     7
370
    25
100
AcDbCircle
 10
-10.9797354337
 20
3.8330592106
 30
0.0
 40
0.020000000000003
100
AcDbArc
 50
110.9800082073
 51
278.4089085046
  0
ARC
  5
4AE
330
1F
100
AcDbEntity
  8
0
  6
Continuous
 62
     7
370
    25
100
AcDbCircle
 10
-10.592371768
 20
3.9234485805
 30
0.0
 40
0.0633623352552503
100
AcDbArc
 50
275.4248829282
 51
107.5305873583
  0
ARC
  5
4AF
330
1F
100
AcDbEntity
  8
0
  6
Continuous
 62
     7
370
    25
100
AcDbCircle
 10
-9.7359336548
 20
3.5204783674
 30
0.0
 40
0.107004516646482
100
AcDbArc
 50
282.7665154859
 51
92.5144676155
  0
ARC
  5
4B0
330
1F
100
AcDbEntity
  8
0
  6
Continuous
 62
     7
370
    25
100
AcDbCircle
 10
-10.2101783489
 20
3.4775071481
 30
0.0
 40
0.1386385080950688
100
AcDbArc
 50
91.199432137
 51
273.7091378837
  0
ARC
  5
4B1
330
1F
100
AcDbEntity
  8
0
  6
Continuous
 62
     7
370
    25
100
AcDbCircle
 10
-8.9049899393
 20
3.6855709117
 30
0.0
 40
0.0200000000000017
100
AcDbArc
 50
290.9800082073
 51
98.4089085046
  0
ARC
  5
4B2
330
1F
100
AcDbEntity
  8
0
  6
Continuous
 62
     7
370
    25
100
AcDbCircle
 10
-9.292353605
 20
3.5951815418
 30
0.0
 40
0.063362335255251
100
AcDbArc
 50
95.4248829282
 51
287.5305873583
  0
ARC
  5
4B3
330
1F
100
AcDbEntity
  8
0
  6
Continuous
 62
     7
370
    25
100
AcDbCircle
 10
-19.2986953305
 20
-4.1751565392
 30
0.0
 40
10.09086777782382
100
AcDbArc
 50
4.2759223603
 51
11.5608726031
  0
ARC
  5
4B4
330
1F
100
AcDbEntity
  8
0
  6
Continuous
 62
     7
370
    25
100
AcDbCircle
 10
-9.1498767688
 20
-2.0991249169
 30
0.0
 40
0.2681102362204827
100
AcDbArc
 50
11.560868279
 51
191.5608771632
  0
ARC
  5
4B5
330
1F
100
AcDbEntity
  8
0
  6
Continuous
 62
     7
370
    25
100
AcDbCircle
 10
-19.2986953305
 20
-4.1751565392
 30
0.0
 40
10.62708825026549
100
AcDbArc
 50
2.7719601195
 51
11.560872609
  0
ARC
  5
4B6
330
1F
100
AcDbEntity
  8
0
  6
Continuous
 62
     7
370
    25
100
AcDbCircle
 10
-8.5591878381
 20
-3.6551752295
 30
0.0
 40
0.1250000000001717
100
AcDbArc
 50
182.7719601196
 51
284.3330160679
  0
ARC
  5
4B7
330
1F
100
AcDbEntity
  8
0
  6
Continuous
 62
     7
370
    25
100
AcDbCircle
 10
-8.9597166148
 20
-3.5317712643
 30
0.0
 40
0.1181102362204783
100
AcDbArc
 50
183.5608758461
 51
3.5608695961
  0
ARC
  5
4B8
330
1F
100
AcDbEntity
  8
0
  6
Continuous
 62
     7
370
    25
100
AcDbCircle
 10
-19.2986953305
 20
-4.1751565392
 30
0.0
 40
10.4770882502641
100
AcDbArc
 50
3.5608726859
 51
11.5608726074
  0
ARC
  5
4B9
330
1F
100
AcDbEntity
  8
0
  6
Continuous
 62
     7
370
    25
100
AcDbCircle
 10
-9.1498767688
 20
-2.0991249169
 30
0.0
 40
0.1181102362204646
100
AcDbArc
 50
11.5608626376
 51
191.5608828046
  0
ARC
  5
4BA
330
1F
100
AcDbEntity
  8
0
  6
Continuous
 62
     7
370
    25
100
AcDbCircle
 10
-19.2986953305
 20
-4.1751565392
 30
0.0
 40
10.24086777782886
100
AcDbArc
 50
3.5608726851
 51
11.5608726048
  0
ARC
  5
4BB
330
1F
100
AcDbEntity
  8
0
  6
Continuous
 62
     7
370
    25
100
AcDbCircle
 10
-10.443221279
 20
-4.1964487306
 30
0.0
 40
0.1386514630836649
100
AcDbArc
 50
91.1807118048
 51
273.6919436872
  0
ARC
  5
4BC
330
1F
100
AcDbEntity
  8
0
  6
Continuous
 62
     7
370
    25
100
AcDbCircle
 10
-9.9689515434
 20
-4.1537240417
 30
0.0
 40
0.1072565709543526
100
AcDbArc
 50
282.7188501564
 51
92.5113472119
  0
ARC
  5
4BD
330
1F
100
AcDbEntity
  8
0
  6
Continuous
 62
     7
370
    25
100
AcDbCircle
 10
-8.5591878206
 20
-3.6551752295
 30
0.0
 40
0.1249999999997637
100
AcDbArc
 50
182.7719601194
 51
270.0000000002
  0
ARC
  5
4BE
330
1F
100
AcDbEntity
  8
0
  6
Continuous
 62
     7
370
    25
100
AcDbCircle
 10
-19.298695313
 20
-4.1751565392
 30
0.0
 40
10.62708825026549
100
AcDbArc
 50
2.7719601195
 51
11.560872609
  0
ARC
  5
4BF
330
1F
100
AcDbEntity
  8
0
  6
Continuous
 62
     7
370
    25
100
AcDbCircle
 10
-9.1498767512
 20
-2.0991249169
 30
0.0
 40
0.2681102362204764
100
AcDbArc
 50
11.560868279
 51
90.0
  0
ARC
  5
4C0
330
1F
100
AcDbEntity
  8
0
  6
Continuous
 62
     7
370
    25
100
AcDbCircle
 10
-8.9597165973
 20
-3.5317712643
 30
0.0
 40
0.1181102362204527
100
AcDbArc
 50
183.5608758461
 51
270.0
  0
ARC
  5
4C1
330
1F
100
AcDbEntity
  8
0
  6
Continuous
 62
     7
370
    25
100
AcDbCircle
 10
-19.298695313
 20
-4.1751565392
 30
0.0
 40
10.24086777782886
100
AcDbArc
 50
3.5608726851
 51
11.5608726048
  0
ARC
  5
4C2
330
1F
100
AcDbEntity
  8
0
  6
Continuous
 62
     7
370
    25
100
AcDbCircle
 10
-9.1498767512
 20
-2.0991249169
 30
0.0
 40
0.1181102362200862
100
AcDbArc
 50
89.9999999998
 51
191.5608828048
  0
ARC
  5
4C3
330
1F
100
AcDbEntity
  8
0
  6
Continuous
 62
     7
370
    25
100
AcDbCircle
 10
-0.5069821414
 20
-1.5488200633
 30
0.0
 40
10.09086777782709
100
AcDbArc
 50
184.2759223603
 51
191.5608726031
  0
ARC
  5
4C4
330
1F
100
AcDbEntity
  8
0
  6
Continuous
 62
     7
370
    25
100
AcDbCircle
 10
-10.6558007032
 20
-3.6248516856
 30
0.0
 40
0.2681102362204806
100
AcDbArc
 50
191.560868279
 51
11.5608771632
  0
ARC
  5
4C5
330
1F
100
AcDbEntity
  8
0
  6
Continuous
 62
     7
370
    25
100
AcDbCircle
 10
-0.5069821414
 20
-1.5488200633
 30
0.0
 40
10.62708825026736
100
AcDbArc
 50
182.7719601195
 51
191.560872609
  0
ARC
  5
4C6
330
1F
100
AcDbEntity
  8
0
  6
Continuous
 62
     7
370
    25
100
AcDbCircle
 10
-11.2464896338
 20
-2.068801373
 30
0.0
 40
0.1250000000001739
100
AcDbArc
 50
2.7719601196
 51
104.3330160679
  0
ARC
  5
4C7
330
1F
100
AcDbEntity
  8
0
  6
Continuous
 62
     7
370
    25
100
AcDbCircle
 10
-10.8459608571
 20
-2.1922053383
 30
0.0
 40
0.1181102362204779
100
AcDbArc
 50
3.5608758461
 51
183.5608695961
  0
ARC
  5
4C8
330
1F
100
AcDbEntity
  8
0
  6
Continuous
 62
     7
370
    25
100
AcDbCircle
 10
-0.5069821414
 20
-1.5488200633
 30
0.0
 40
10.47708825026659
100
AcDbArc
 50
183.5608726859
 51
191.5608726074
  0
ARC
  5
4C9
330
1F
100
AcDbEntity
  8
0
  6
Continuous
 62
     7
370
    25
100
AcDbCircle
 10
-10.6558007032
 20
-3.6248516856
 30
0.0
 40
0.1181102362204657
100
AcDbArc
 50
191.5608626376
 51
11.5608828046
  0
ARC
  5
4CA
330
1F
100
AcDbEntity
  8
0
  6
Continuous
 62
     7
370
    25
100
AcDbCircle
 10
-0.5069821414
 20
-1.5488200633
 30
0.0
 40
10.24086777783166
100
AcDbArc
 50
183.5608726851
 51
191.5608726048
  0
ARC
  5
4CB
330
1F
100
AcDbEntity
  8
0
  6
Continuous
 62
     7
370
    25
100
AcDbCircle
 10
-9.3624561929
 20
-1.527527872
 30
0.0
 40
0.1386514630836653
100
AcDbArc
 50
271.1807118048
 51
93.6919436872
  0
ARC
  5
4CC
330
1F
100
AcDbEntity
  8
0
  6
Continuous
 62
     7
370
    25
100
AcDbCircle
 10
-9.8367259285
 20
-1.5702525608
 30
0.0
 40
0.1072565709543526
100
AcDbArc
 50
102.7188501564
 51
272.5113472119
  0
ARC
  5
4CD
330
1F
100
AcDbEntity
  8
0
  6
Continuous
 62
     7
370
    25
100
AcDbCircle
 10
-10.6558007207
 20
-3.6248516856
 30
0.0
 40
0.2681102362204757
100
AcDbArc
 50
191.560868279
 51
270.0
  0
ARC
  5
4CE
330
1F
100
AcDbEntity
  8
0
  6
Continuous
 62
     7
370
    25
100
AcDbCircle
 10
-10.6558007207
 20
-3.6248516856
 30
0.0
 40
0.1181102362200875
100
AcDbArc
 50
269.9999999998
 51
11.5608828048
  0
ARC
  5
4CF
330
1F
100
AcDbEntity
  8
0
  6
Continuous
 62
     7
370
    25
100
AcDbCircle
 10
-0.506982159
 20
-1.5488200633
 30
0.0
 40
10.24086777783122
100
AcDbArc
 50
183.5608726851
 51
191.5608726048
  0
ARC
  5
4D0
330
1F
100
AcDbEntity
  8
0
  6
Continuous
 62
     7
370
    25
100
AcDbCircle
 10
-10.8459608747
 20
-2.1922053383
 30
0.0
 40
0.1181102362204541
100
AcDbArc
 50
3.5608758461
 51
90.0
  0
ARC
  5
4D1
330
1F
100
AcDbEntity
  8
0
  6
Continuous
 62
     7
370
    25
100
AcDbCircle
 10
-0.506982159
 20
-1.5488200633
 30
0.0
 40
10.62708825026762
100
AcDbArc
 50
182.7719601195
 51
191.560872609
  0
ARC
  5
4D2
330
1F
100
AcDbEntity
  8
0
  6
Continuous
 62
     7
370
    25
100
AcDbCircle
 10
-11.2464896514
 20
-2.068801373
 30
0.0
 40
0.1249999999997653
100
AcDbArc
 50
2.7719601194
 51
90.0000000002
  0
ARC
  5
4D3
330
1F
100
AcDbEntity
  8
0
  6
Continuous
 62
     7
370
    25
100
AcDbCircle
 10
0.0058599377
 20
-0.5175558739
 30
0.0
 40
0.0499999999999969
100
AcDbArc
 50
164.9693889014
 51
290.4077181179
  0
ARC
  5
4D4
330
1F
100
AcDbEntity
  8
0
  6
Continuous
 62
     7
370
    25
100
AcDbCircle
 10
-4.0881327076
 20
10.486321344
 30
0.0
 40
11.79078743559485
100
AcDbArc
 50
290.4077181179
 51
296.2970623953
  0
ARC
  5
4D5
330
1F
100
AcDbEntity
  8
0
  6
Continuous
 62
     7
370
    25
100
AcDbCircle
 10
1.0869310068
 20
0.0245632103
 30
0.0
 40
0.1191333468268537
100
AcDbArc
 50
294.0508987849
 51
93.5678176843
  0
ARC
  5
4D6
330
1F
100
AcDbEntity
  8
0
  6
Continuous
 62
     7
370
    25
100
AcDbCircle
 10
-1.5289603072
 20
41.9789936539
 30
0.0
 40
41.91676941752728
100
AcDbArc
 50
272.4028994699
 51
273.5678176847
  0
ARC
  5
4D7
330
1F
100
AcDbEntity
  8
0
  6
Continuous
 62
     7
370
    25
100
AcDbCircle
 10
0.2347400942
 20
-0.0507868609
 30
0.0
 40
0.1499999999999927
100
AcDbArc
 50
92.4028994699
 51
164.9693889014
  0
ARC
  5
4D8
330
1F
100
AcDbEntity
  8
0
  6
Continuous
 62
     7
370
    25
100
AcDbCircle
 10
-0.0781168245
 20
0.0373104672
 30
0.0
 40
0.0499999999999993
100
AcDbArc
 50
344.9693889053
 51
91.9811812273
  0
ARC
  5
4D9
330
1F
100
AcDbEntity
  8
0
  6
Continuous
 62
     7
370
    25
100
AcDbCircle
 10
-1.5289603071
 20
41.9789936534
 30
0.0
 40
41.91676941709021
100
AcDbArc
 50
270.7277219852
 51
271.9811812273
  0
ARC
  5
4DA
330
1F
100
AcDbEntity
  8
0
  6
Continuous
 62
     7
370
    25
100
AcDbCircle
 10
-0.9959486281
 20
0.0156092111
 30
0.0
 40
0.0500000000000006
100
AcDbArc
 50
90.7277219852
 51
233.3548856608
  0
ARC
  5
4DB
330
1F
100
AcDbEntity
  8
0
  6
Continuous
 62
     7
370
    25
100
AcDbCircle
 10
-0.2357866039
 20
-0.5498661504
 30
0.0
 40
0.0499999999999976
100
AcDbArc
 50
233.3548856608
 51
344.9693889053
  0
ARC
  5
4DC
330
1F
100
AcDbEntity
  8
0
  6
Continuous
 62
     7
370
    25
100
AcDbCircle
 10
-1.3706001732
 20
-0.9284120534
 30
0.0
 40
0.0500000000000009
100
AcDbArc
 50
177.0
 51
283.5185828479
  0
ARC
  5
4DD
330
1F
100
AcDbEntity
  8
0
  6
Continuous
 62
     7
370
    25
100
AcDbCircle
 10
-4.6096892747
 20
12.5441139283
 30
0.0
 40
13.90643007907216
100
AcDbArc
 50
283.5185828479
 51
287.4788512947
  0
ARC
  5
4DE
330
1F
100
AcDbEntity
  8
0
  6
Continuous
 62
     7
370
    25
100
AcDbCircle
 10
-0.4478585633
 20
-0.6725354075
 30
0.0
 40
0.0500000000000006
100
AcDbArc
 50
287.4788512947
 51
53.3548856608
  0
ARC
  5
4DF
330
1F
100
AcDbEntity
  8
0
  6
Continuous
 62
     7
370
    25
100
AcDbCircle
 10
-1.3230696899
 20
-0.0214764063
 30
0.0
 40
0.0500000000000013
100
AcDbArc
 50
53.3548856608
 51
177.0
  0
ARC
  5
4E0
330
1F
100
AcDbEntity
  8
0
  6
Continuous
 62
     7
370
    25
100
AcDbCircle
 10
-4.9122023721
 20
-0.5471066711
 30
0.0
 40
0.604999999999957
100
AcDbArc
 50
297.3434231609
 51
354.427350043
  0
ARC
  5
4E1
330
1F
100
AcDbEntity
  8
0
  6
Continuous
 62
     7
370
    25
100
AcDbCircle
 10
-4.5654135936
 20
-1.2177500511
 30
0.0
 40
0.1500000000000006
100
AcDbArc
 50
117.3434231609
 51
268.9534332213
  0
ARC
  5
4E2
330
1F
100
AcDbEntity
  8
0
  6
Continuous
 62
     7
370
    25
100
AcDbCircle
 10
-4.4003217068
 20
7.8194337314
 30
0.0
 40
9.188691611668812
100
AcDbArc
 50
268.9534332213
 51
274.2698031635
  0
ARC
  5
4E3
330
1F
100
AcDbEntity
  8
0
  6
Continuous
 62
     7
370
    25
100
AcDbCircle
 10
-3.7199171856
 20
-1.2938935457
 30
0.0
 40
0.0500000000000005
100
AcDbArc
 50
274.2698031635
 51
38.3431937413
  0
ARC
  5
4E4
330
1F
100
AcDbEntity
  8
0
  6
Continuous
 62
     7
370
    25
100
AcDbCircle
 10
-4.2602979888
 20
-0.6107122923
 30
0.0
 40
0.0499999999999996
100
AcDbArc
 50
38.3431937413
 51
174.427350043
  0
ARC
  5
4E5
330
1F
100
AcDbEntity
  8
0
  6
Continuous
 62
     7
370
    25
100
AcDbCircle
 10
-5.2050939806
 20
-1.2838302946
 30
0.0
 40
0.0499999999999982
100
AcDbArc
 50
264.7773432858
 51
39.6113307116
  0
ARC
  5
4E6
330
1F
100
AcDbEntity
  8
0
  6
Continuous
 62
     7
370
    25
100
AcDbCircle
 10
-6.2608444016
 20
-0.0081609921
 30
0.0
 40
0.0499999999999999
100
AcDbArc
 50
39.6113307116
 51
177.0
  0
ARC
  5
4E7
330
1F
100
AcDbEntity
  8
0
  6
Continuous
 62
     7
370
    25
100
AcDbCircle
 10
-6.4101466742
 20
-0.4686027368
 30
0.0
 40
0.1590551181102347
100
AcDbArc
 50
295.133960405
 51
58.866039595
  0
ARC
  5
4E8
330
1F
100
AcDbEntity
  8
0
  6
Continuous
 62
     7
370
    25
100
AcDbCircle
 10
-6.320655971
 20
-1.1494337238
 30
0.0
 40
0.050000000000009
100
AcDbArc
 50
177.0
 51
261.4835315449
  0
ARC
  5
4E9
330
1F
100
AcDbEntity
  8
0
  6
Continuous
 62
     7
370
    25
100
AcDbCircle
 10
-3.4256935989
 20
18.1831986021
 30
0.0
 40
19.59818354181883
100
AcDbArc
 50
261.4835315449
 51
264.7773432858
  0
ARC
  5
4EA
330
1F
100
AcDbEntity
  8
0
  6
Continuous
 62
     7
370
    25
100
AcDbCircle
 10
-1.813954784
 20
0.0131152898
 30
0.0
 40
0.0500000000000064
100
AcDbArc
 50
308.1123107958
 51
89.6777124647
  0
ARC
  5
4EB
330
1F
100
AcDbEntity
  8
0
  6
Continuous
 62
     7
370
    25
100
AcDbCircle
 10
-1.4379382424
 20
66.8600493955
 30
0.0
 40
66.79799165103941
100
AcDbArc
 50
268.44293119
 51
269.6777124646
  0
ARC
  5
4EC
330
1F
100
AcDbEntity
  8
0
  6
Continuous
 62
     7
370
    25
100
AcDbCircle
 10
-3.2543741513
 20
0.0367409742
 30
0.0
 40
0.049999999999986
100
AcDbArc
 50
88.44293119
 51
177.0
  0
ARC
  5
4ED
330
1F
100
AcDbEntity
  8
0
  6
Continuous
 62
     7
370
    25
100
AcDbCircle
 10
-3.4142580699
 20
-0.6256106055
 30
0.0
 40
0.1590551181102361
100
AcDbArc
 50
295.133960405
 51
58.866039595
  0
ARC
  5
4EE
330
1F
100
AcDbEntity
  8
0
  6
Continuous
 62
     7
370
    25
100
AcDbCircle
 10
-3.3174215456
 20
-1.166274974
 30
0.0
 40
0.0500000000000017
100
AcDbArc
 50
177.0
 51
308.1123107958
  0
ARC
  5
4EF
330
1F
100
AcDbEntity
  8
0
  6
Continuous
 62
     7
370
    25
100
AcDbCircle
 10
-1.6945649083
 20
-0.9001475998
 30
0.0
 40
0.1499999999999961
100
AcDbArc
 50
282.308733403
 51
357.0
  0
ARC
  5
4F0
330
1F
100
AcDbEntity
  8
0
  6
Continuous
 62
     7
370
    25
100
AcDbCircle
 10
-1.5507310961
 20
-0.0663672286
 30
0.0
 40
0.0500000000000005
100
AcDbArc
 50
357.0
 51
128.1123107958
  0
ARC
  5
4F1
330
1F
100
AcDbEntity
  8
0
  6
Continuous
 62
     7
370
    25
100
AcDbCircle
 10
-3.0307326502
 20
-1.2273502766
 30
0.0
 40
0.0500000000000016
100
AcDbArc
 50
128.1123107958
 51
276.8830476768
  0
ARC
  5
4F2
330
1F
100
AcDbEntity
  8
0
  6
Continuous
 62
     7
370
    25
100
AcDbCircle
 10
-4.7737356787
 20
13.2118697985
 30
0.0
 40
14.5940412517326
100
AcDbArc
 50
276.8830476768
 51
282.308733403
  0
ARC
  5
4F3
330
1F
100
AcDbEntity
  8
0
  6
Continuous
 62
     7
370
    25
100
AcDbCircle
 10
-7.5104114855
 20
-7.2659089824
 30
0.0
 40
7.510792424180555
100
AcDbArc
 50
88.9792104201
 51
91.3157190707
  0
ARC
  5
4F4
330
1F
100
AcDbEntity
  8
0
  6
Continuous
 62
     7
370
    25
100
AcDbCircle
 10
-7.5847634586
 20
-4.0286636574
 30
0.0
 40
4.272693366078816
100
AcDbArc
 50
91.3157190707
 51
97.7901836446
  0
ARC
  5
4F5
330
1F
100
AcDbEntity
  8
0
  6
Continuous
 62
     7
370
    25
100
AcDbCircle
 10
-8.1363886671
 20
0.0034361198
 30
0.0
 40
0.2030350285402526
100
AcDbArc
 50
97.7901836446
 51
213.2797179312
  0
ARC
  5
4F6
330
1F
100
AcDbEntity
  8
0
  6
Continuous
 62
     7
370
    25
100
AcDbCircle
 10
-7.1561469704
 20
0.6468379597
 30
0.0
 40
1.375570619237327
100
AcDbArc
 50
213.2797179312
 51
233.8465907868
  0
ARC
  5
4F7
330
1F
100
AcDbEntity
  8
0
  6
Continuous
 62
     7
370
    25
100
AcDbCircle
 10
-5.2754897267
 20
3.2208193193
 30
0.0
 40
4.563399301573937
100
AcDbArc
 50
233.8465907868
 51
237.3643931411
  0
ARC
  5
4F8
330
1F
100
AcDbEntity
  8
0
  6
Continuous
 62
     7
370
    25
100
AcDbCircle
 10
-7.6556104994
 20
-0.4957810766
 30
0.0
 40
0.1499999999999954
100
AcDbArc
 50
237.3643931411
 51
309.6113307116
  0
ARC
  5
4F9
330
1F
100
AcDbEntity
  8
0
  6
Continuous
 62
     7
370
    25
100
AcDbCircle
 10
-6.7004317677
 20
0.1649248522
 30
0.0
 40
0.0499999999999983
100
AcDbArc
 50
309.6113307116
 51
86.1536942953
  0
ARC
  5
4FA
330
1F
100
AcDbEntity
  8
0
  6
Continuous
 62
     7
370
    25
100
AcDbCircle
 10
-7.6223353373
 20
-13.5474051328
 30
0.0
 40
13.7932856264225
100
AcDbArc
 50
86.1536942953
 51
88.9792104201
  0
ARC
  5
4FB
330
1F
100
AcDbEntity
  8
0
  6
Continuous
 62
     7
370
    25
100
AcDbCircle
 10
-3.503995941
 20
0.0439831255
 30
0.0
 40
0.0500000000000013
100
AcDbArc
 50
3.6981908685
 51
88.1977671914
  0
ARC
  5
4FC
330
1F
100
AcDbEntity
  8
0
  6
Continuous
 62
     7
370
    25
100
AcDbCircle
 10
-4.5164691367
 20
0.0758408725
 30
0.0
 40
0.0500000000000017
100
AcDbArc
 50
88.1977671914
 51
218.3431937413
  0
ARC
  5
4FD
330
1F
100
AcDbEntity
  8
0
  6
Continuous
 62
     7
370
    25
100
AcDbCircle
 10
-3.5569031399
 20
-1.1537242755
 30
0.0
 40
0.0398102459850139
100
AcDbArc
 50
218.3431937413
 51
357.0
  0
ARC
  5
4FE
330
1F
100
AcDbEntity
  8
0
  6
Continuous
 62
     7
370
    25
100
AcDbCircle
 10
-3.4142580699
 20
-0.6256106055
 30
0.0
 40
0.1590551181102353
100
AcDbArc
 50
115.133960405
 51
238.866039595
  0
ARC
  5
4FF
330
1F
100
AcDbEntity
  8
0
  6
Continuous
 62
     7
370
    25
100
AcDbCircle
 10
-6.5091251783
 20
0.0311902233
 30
0.0
 40
0.0500000000000022
100
AcDbArc
 50
357.0
 51
129.6113307116
  0
ARC
  5
500
330
1F
100
AcDbEntity
  8
0
  6
Continuous
 62
     7
370
    25
100
AcDbCircle
 10
-7.264805973
 20
-0.7240199179
 30
0.0
 40
0.1499999999999985
100
AcDbArc
 50
129.6113307116
 51
240.585248563
  0
ARC
  5
501
330
1F
100
AcDbEntity
  8
0
  6
Continuous
 62
     7
370
    25
100
AcDbCircle
 10
-6.1926504258
 20
1.1776047158
 30
0.0
 40
2.333046899378246
100
AcDbArc
 50
240.585248563
 51
257.6677601726
  0
ARC
  5
502
330
1F
100
AcDbEntity
  8
0
  6
Continuous
 62
     7
370
    25
100
AcDbCircle
 10
-6.6589058607
 20
-0.9550695758
 30
0.0
 40
0.1500000000000073
100
AcDbArc
 50
257.6677601726
 51
357.0
  0
ARC
  5
503
330
1F
100
AcDbEntity
  8
0
  6
Continuous
 62
     7
370
    25
100
AcDbCircle
 10
-6.4101466742
 20
-0.4686027368
 30
0.0
 40
0.1590551181102383
100
AcDbArc
 50
115.133960405
 51
239.6967551274
  0
ARC
  5
504
330
1F
100
AcDbEntity
  8
0
  6
Continuous
 62
     7
370
    25
100
AcDbCircle
 10
-6.0789932468
 20
0.1250061224
 30
0.0
 40
0.0499999999999998
100
AcDbArc
 50
88.1977671914
 51
219.6113307116
  0
ARC
  5
505
330
1F
100
AcDbEntity
  8
0
  6
Continuous
 62
     7
370
    25
100
AcDbCircle
 10
-5.5651916631
 20
-0.4958232846
 30
0.0
 40
0.0500000000000013
100
AcDbArc
 50
219.6113307116
 51
355.5094168344
  0
ARC
  5
506
330
1F
100
AcDbEntity
  8
0
  6
Continuous
 62
     7
370
    25
100
AcDbCircle
 10
-4.9122023721
 20
-0.5471066711
 30
0.0
 40
0.6049999999999639
100
AcDbArc
 50
133.0667408086
 51
175.5094168344
  0
ARC
  5
507
330
1F
100
AcDbEntity
  8
0
  6
Continuous
 62
     7
370
    25
100
AcDbCircle
 10
-5.4277539803
 20
0.0044652093
 30
0.0
 40
0.1500000000000011
100
AcDbArc
 50
313.0667408086
 51
88.1977671914
  0
ARC
  5
508
330
1F
100
AcDbEntity
  8
0
  6
Continuous
 62
     7
370
    25
100
AcDbCircle
 10
-2.7608243109
 20
-3.759990164
 30
0.0
 40
0.0499999999999961
100
AcDbArc
 50
345.9693889014
 51
111.4077181179
  0
ARC
  5
509
330
1F
100
AcDbEntity
  8
0
  6
Continuous
 62
     7
370
    25
100
AcDbCircle
 10
1.5245889371
 20
-14.6907414146
 30
0.0
 40
11.79078743559498
100
AcDbArc
 50
111.4077181179
 51
117.2970623953
  0
ARC
  5
50A
330
1F
100
AcDbEntity
  8
0
  6
Continuous
 62
     7
370
    25
100
AcDbCircle
 10
-3.8322694451
 20
-4.3208939725
 30
0.0
 40
0.1191333468268547
100
AcDbArc
 50
115.0508987849
 51
274.5678176843
  0
ARC
  5
50B
330
1F
100
AcDbEntity
  8
0
  6
Continuous
 62
     7
370
    25
100
AcDbCircle
 10
-0.4845707721
 20
-46.2232809548
 30
0.0
 40
41.91676941763811
100
AcDbArc
 50
93.4028994699
 51
94.5678176847
  0
ARC
  5
50C
330
1F
100
AcDbEntity
  8
0
  6
Continuous
 62
     7
370
    25
100
AcDbCircle
 10
-2.9815233654
 20
-4.2306825953
 30
0.0
 40
0.1499999999999913
100
AcDbArc
 50
273.4028994699
 51
345.9693889014
  0
ARC
  5
50D
330
1F
100
AcDbEntity
  8
0
  6
Continuous
 62
     7
370
    25
100
AcDbCircle
 10
-2.6671765859
 20
-4.3133063997
 30
0.0
 40
0.0500000000000008
100
AcDbArc
 50
165.9693889053
 51
272.9811812273
  0
ARC
  5
50E
330
1F
100
AcDbEntity
  8
0
  6
Continuous
 62
     7
370
    25
100
AcDbCircle
 10
-0.4845707721
 20
-46.2232809543
 30
0.0
 40
41.91676941706188
100
AcDbArc
 50
91.7277219852
 51
92.9811812273
  0
ARC
  5
50F
330
1F
100
AcDbEntity
  8
0
  6
Continuous
 62
     7
370
    25
100
AcDbCircle
 10
-1.7498633117
 20
-4.2755900751
 30
0.0
 40
0.0500000000000019
100
AcDbArc
 50
271.7277219852
 51
54.3548856608
  0
ARC
  5
510
330
1F
100
AcDbEntity
  8
0
  6
Continuous
 62
     7
370
    25
100
AcDbCircle
 10
-2.5197784653
 20
-3.7234674949
 30
0.0
 40
0.0499999999999986
100
AcDbArc
 50
54.3548856608
 51
165.9693889053
  0
ARC
  5
511
330
1F
100
AcDbEntity
  8
0
  6
Continuous
 62
     7
370
    25
100
AcDbCircle
 10
-1.3917442707
 20
-3.3251740186
 30
0.0
 40
0.0500000000000015
100
AcDbArc
 50
358.0
 51
104.5185828479
  0
ARC
  5
512
330
1F
100
AcDbEntity
  8
0
  6
Continuous
 62
     7
370
    25
100
AcDbCircle
 10
2.0819795011
 20
-16.7391181699
 30
0.0
 40
13.90643007907473
100
AcDbArc
 50
104.5185828479
 51
108.4788512947
  0
ARC
  5
513
330
1F
100
AcDbEntity
  8
0
  6
Continuous
 62
     7
370
    25
100
AcDbCircle
 10
-2.3098796793
 20
-3.5971157549
 30
0.0
 40
0.0500000000000011
100
AcDbArc
 50
108.4788512947
 51
234.3548856608
  0
ARC
  5
514
330
1F
100
AcDbEntity
  8
0
  6
Continuous
 62
     7
370
    25
100
AcDbCircle
 10
-1.4234393052
 20
-4.2328010564
 30
0.0
 40
0.0500000000000012
100
AcDbArc
 50
234.3548856608
 51
358.0
  0
ARC
  5
515
330
1F
100
AcDbEntity
  8
0
  6
Continuous
 62
     7
370
    25
100
AcDbCircle
 10
2.1559732216
 20
-3.6446118452
 30
0.0
 40
0.6049999999999538
100
AcDbArc
 50
118.3434231609
 51
175.427350043
  0
ARC
  5
516
330
1F
100
AcDbEntity
  8
0
  6
Continuous
 62
     7
370
    25
100
AcDbCircle
 10
1.7975329199
 20
-2.9801229061
 30
0.0
 40
0.1500000000000007
100
AcDbArc
 50
298.3434231609
 51
89.9534332213
  0
ARC
  5
517
330
1F
100
AcDbEntity
  8
0
  6
Continuous
 62
     7
370
    25
100
AcDbCircle
 10
1.7901867818
 20
-12.0188115325
 30
0.0
 40
9.1886916116682
100
AcDbArc
 50
89.9534332213
 51
95.2698031635
  0
ARC
  5
518
330
1F
100
AcDbEntity
  8
0
  6
Continuous
 62
     7
370
    25
100
AcDbCircle
 10
0.9508363978
 20
-2.9187469555
 30
0.0
 40
0.0500000000000005
100
AcDbArc
 50
95.2698031635
 51
219.3431937413
  0
ARC
  5
519
330
1F
100
AcDbEntity
  8
0
  6
Continuous
 62
     7
370
    25
100
AcDbCircle
 10
1.5030580553
 20
-3.5923932117
 30
0.0
 40
0.0499999999999993
100
AcDbArc
 50
219.3431937413
 51
355.427350043
  0
ARC
  5
51A
330
1F
100
AcDbEntity
  8
0
  6
Continuous
 62
     7
370
    25
100
AcDbCircle
 10
2.4359626212
 20
-2.9028887649
 30
0.0
 40
0.0499999999999977
100
AcDbArc
 50
85.7773432858
 51
220.6113307116
  0
ARC
  5
51B
330
1F
100
AcDbEntity
  8
0
  6
Continuous
 62
     7
370
    25
100
AcDbCircle
 10
3.5138157455
 20
-4.1599383914
 30
0.0
 40
0.0499999999999982
100
AcDbArc
 50
220.6113307116
 51
358.0
  0
ARC
  5
51C
330
1F
100
AcDbEntity
  8
0
  6
Continuous
 62
     7
370
    25
100
AcDbCircle
 10
3.6550594621
 20
-3.6969610902
 30
0.0
 40
0.1590551181102349
100
AcDbArc
 50
116.133960405
 51
239.866039595
  0
ARC
  5
51D
330
1F
100
AcDbEntity
  8
0
  6
Continuous
 62
     7
370
    25
100
AcDbCircle
 10
3.5537002497
 20
-3.0177956252
 30
0.0
 40
0.0500000000000098
100
AcDbArc
 50
358.0
 51
82.4835315449
  0
ARC
  5
51E
330
1F
100
AcDbEntity
  8
0
  6
Continuous
 62
     7
370
    25
100
AcDbCircle
 10
0.9965797513
 20
-22.3980075575
 30
0.0
 40
19.59818354182173
100
AcDbArc
 50
82.4835315449
 51
85.7773432858
  0
ARC
  5
51F
330
1F
100
AcDbEntity
  8
0
  6
Continuous
 62
     7
370
    25
100
AcDbCircle
 10
-0.932025267
 20
-4.2588203577
 30
0.0
 40
0.0500000000000065
100
AcDbArc
 50
129.1123107958
 51
270.6777124647
  0
ARC
  5
520
330
1F
100
AcDbEntity
  8
0
  6
Continuous
 62
     7
370
    25
100
AcDbCircle
 10
-0.1413446764
 20
-71.102135745
 30
0.0
 40
66.79799165094451
100
AcDbArc
 50
89.44293119
 51
90.6777124646
  0
ARC
  5
521
330
1F
100
AcDbEntity
  8
0
  6
Continuous
 62
     7
370
    25
100
AcDbCircle
 10
0.5085870425
 20
-4.2573036596
 30
0.0
 40
0.0499999999999848
100
AcDbArc
 50
269.44293119
 51
358.0
  0
ARC
  5
522
330
1F
100
AcDbEntity
  8
0
  6
Continuous
 62
     7
370
    25
100
AcDbCircle
 10
0.656886981
 20
-3.5922626001
 30
0.0
 40
0.1590551181102359
100
AcDbArc
 50
116.133960405
 51
239.866039595
  0
ARC
  5
523
330
1F
100
AcDbEntity
  8
0
  6
Continuous
 62
     7
370
    25
100
AcDbCircle
 10
0.5506293111
 20
-3.0533706078
 30
0.0
 40
0.0500000000000008
100
AcDbArc
 50
358.0
 51
129.1123107958
  0
ARC
  5
524
330
1F
100
AcDbEntity
  8
0
  6
Continuous
 62
     7
370
    25
100
AcDbCircle
 10
-1.0673355942
 20
-3.3477802031
 30
0.0
 40
0.1499999999999959
100
AcDbArc
 50
103.308733403
 51
178.0
  0
ARC
  5
525
330
1F
100
AcDbEntity
  8
0
  6
Continuous
 62
     7
370
    25
100
AcDbCircle
 10
-1.1965960259
 20
-4.1839438317
 30
0.0
 40
0.0500000000000016
100
AcDbArc
 50
178.0
 51
309.1123107958
  0
ARC
  5
526
330
1F
100
AcDbEntity
  8
0
  6
Continuous
 62
     7
370
    25
100
AcDbCircle
 10
0.2629181688
 20
-2.9973080184
 30
0.0
 40
0.0500000000000013
100
AcDbArc
 50
309.1123107958
 51
97.8830476768
  0
ARC
  5
527
330
1F
100
AcDbEntity
  8
0
  6
Continuous
 62
     7
370
    25
100
AcDbCircle
 10
2.2576548668
 20
-17.403909333
 30
0.0
 40
14.59404125173385
100
AcDbArc
 50
97.8830476768
 51
103.308733403
  0
ARC
  5
528
330
1F
100
AcDbEntity
  8
0
  6
Continuous
 62
     7
370
    25
100
AcDbCircle
 10
4.6365273465
 20
3.1185121614
 30
0.0
 40
7.510792424178459
100
AcDbArc
 50
269.9792104201
 51
272.3157190707
  0
ARC
  5
529
330
1F
100
AcDbEntity
  8
0
  6
Continuous
 62
     7
370
    25
100
AcDbCircle
 10
4.7673657165
 20
-0.1169424946
 30
0.0
 40
4.27269336607957
100
AcDbArc
 50
272.3157190707
 51
278.7901836446
  0
ARC
  5
52A
330
1F
100
AcDbEntity
  8
0
  6
Continuous
 62
     7
370
    25
100
AcDbCircle
 10
5.389276754
 20
-4.1388009761
 30
0.0
 40
0.2030350285402535
100
AcDbArc
 50
278.7901836446
 51
34.2797179312
  0
ARC
  5
52B
330
1F
100
AcDbEntity
  8
0
  6
Continuous
 62
     7
370
    25
100
AcDbCircle
 10
4.4204132633
 20
-4.7992123993
 30
0.0
 40
1.375570619237297
100
AcDbArc
 50
34.2797179312
 51
54.8465907868
  0
ARC
  5
52C
330
1F
100
AcDbEntity
  8
0
  6
Continuous
 62
     7
370
    25
100
AcDbCircle
 10
2.5849646216
 20
-7.4056237236
 30
0.0
 40
4.56339930157274
100
AcDbArc
 50
54.8465907868
 51
58.3643931411
  0
ARC
  5
52D
330
1F
100
AcDbEntity
  8
0
  6
Continuous
 62
     7
370
    25
100
AcDbCircle
 10
4.8998592697
 20
-3.648050549
 30
0.0
 40
0.1499999999999966
100
AcDbArc
 50
58.3643931411
 51
130.6113307116
  0
ARC
  5
52E
330
1F
100
AcDbEntity
  8
0
  6
Continuous
 62
     7
370
    25
100
AcDbCircle
 10
3.9563569248
 20
-4.3253260164
 30
0.0
 40
0.0499999999999985
100
AcDbArc
 50
130.6113307116
 51
267.1536942953
  0
ARC
  5
52F
330
1F
100
AcDbEntity
  8
0
  6
Continuous
 62
     7
370
    25
100
AcDbCircle
 10
4.6388069279
 20
9.4010049501
 30
0.0
 40
13.79328562642329
100
AcDbArc
 50
267.1536942953
 51
269.9792104201
  0
ARC
  5
530
330
1F
100
AcDbEntity
  8
0
  6
Continuous
 62
     7
370
    25
100
AcDbCircle
 10
0.7582972065
 20
-4.260188207
 30
0.0
 40
0.049999999999999
100
AcDbArc
 50
184.6981908685
 51
269.1977671914
  0
ARC
  5
531
330
1F
100
AcDbEntity
  8
0
  6
Continuous
 62
     7
370
    25
100
AcDbCircle
 10
1.771172192
 20
-4.2743710081
 30
0.0
 40
0.0500000000000025
100
AcDbArc
 50
269.1977671914
 51
39.3431937413
  0
ARC
  5
532
330
1F
100
AcDbEntity
  8
0
  6
Continuous
 62
     7
370
    25
100
AcDbCircle
 10
0.7902934711
 20
-3.0617398647
 30
0.0
 40
0.0398102459850136
100
AcDbArc
 50
39.3431937413
 51
178.0
  0
ARC
  5
533
330
1F
100
AcDbEntity
  8
0
  6
Continuous
 62
     7
370
    25
100
AcDbCircle
 10
0.656886981
 20
-3.5922626001
 30
0.0
 40
0.1590551181102358
100
AcDbArc
 50
296.133960405
 51
59.866039595
  0
ARC
  5
534
330
1F
100
AcDbEntity
  8
0
  6
Continuous
 62
     7
370
    25
100
AcDbCircle
 10
3.7627454812
 20
-4.1949505164
 30
0.0
 40
0.0500000000000029
100
AcDbArc
 50
178.0
 51
310.6113307116
  0
ARC
  5
535
330
1F
100
AcDbEntity
  8
0
  6
Continuous
 62
     7
370
    25
100
AcDbCircle
 10
4.5051309477
 20
-3.426666949
 30
0.0
 40
0.1499999999999977
100
AcDbArc
 50
310.6113307116
 51
61.585248563
  0
ARC
  5
536
330
1F
100
AcDbEntity
  8
0
  6
Continuous
 62
     7
370
    25
100
AcDbCircle
 10
3.466326621
 20
-5.3467136504
 30
0.0
 40
2.33304689937823
100
AcDbArc
 50
61.585248563
 51
78.6677601726
  0
ARC
  5
537
330
1F
100
AcDbEntity
  8
0
  6
Continuous
 62
     7
370
    25
100
AcDbCircle
 10
3.8952907444
 20
-3.206226896
 30
0.0
 40
0.1500000000000056
100
AcDbArc
 50
78.6677601726
 51
178.0
  0
ARC
  5
538
330
1F
100
AcDbEntity
  8
0
  6
Continuous
 62
     7
370
    25
100
AcDbCircle
 10
3.6550594621
 20
-3.6969610902
 30
0.0
 40
0.1590551181102396
100
AcDbArc
 50
296.133960405
 51
60.6967551274
  0
ARC
  5
539
330
1F
100
AcDbEntity
  8
0
  6
Continuous
 62
     7
370
    25
100
AcDbCircle
 10
3.3343163741
 20
-4.2962589641
 30
0.0
 40
0.0500000000000009
100
AcDbArc
 50
269.1977671914
 51
40.6113307116
  0
ARC
  5
53A
330
1F
100
AcDbEntity
  8
0
  6
Continuous
 62
     7
370
    25
100
AcDbCircle
 10
2.8097580777
 20
-3.6844911865
 30
0.0
 40
0.0500000000000014
100
AcDbArc
 50
40.6113307116
 51
176.5094168344
  0
ARC
  5
53B
330
1F
100
AcDbEntity
  8
0
  6
Continuous
 62
     7
370
    25
100
AcDbCircle
 10
2.1559732216
 20
-3.6446118452
 30
0.0
 40
0.6049999999999591
100
AcDbArc
 50
314.0667408086
 51
356.5094168344
  0
ARC
  5
53C
330
1F
100
AcDbEntity
  8
0
  6
Continuous
 62
     7
370
    25
100
AcDbCircle
 10
2.6810725654
 20
-4.1871021023
 30
0.0
 40
0.1500000000000015
100
AcDbArc
 50
134.0667408086
 51
269.1977671914
  0
ARC
  5
53D
330
1F
100
AcDbEntity
  8
0
  6
Continuous
 62
     7
370
    25
100
AcDbCircle
 10
-6.8409113688
 20
1.2437061735
 30
0.0
 40
0.0499999999999973
100
AcDbArc
 50
344.9693889014
 51
110.4077181179
  0
ARC
  5
53E
330
1F
100
AcDbEntity
  8
0
  6
Continuous
 62
     7
370
    25
100
AcDbCircle
 10
-2.7469187235
 20
-9.7601710445
 30
0.0
 40
11.79078743559494
100
AcDbArc
 50
110.4077181179
 51
116.2970623953
  0
ARC
  5
53F
330
1F
100
AcDbEntity
  8
0
  6
Continuous
 62
     7
370
    25
100
AcDbCircle
 10
-7.9219824379
 20
0.7015870893
 30
0.0
 40
0.1191333468268537
100
AcDbArc
 50
114.0508987849
 51
273.5678176843
  0
ARC
  5
540
330
1F
100
AcDbEntity
  8
0
  6
Continuous
 62
     7
370
    25
100
AcDbCircle
 10
-5.3060911239
 20
-41.2528433545
 30
0.0
 40
41.91676941767022
100
AcDbArc
 50
92.4028994699
 51
93.5678176847
  0
ARC
  5
541
330
1F
100
AcDbEntity
  8
0
  6
Continuous
 62
     7
370
    25
100
AcDbCircle
 10
-7.0697915253
 20
0.7769371605
 30
0.0
 40
0.1499999999999947
100
AcDbArc
 50
272.4028994699
 51
344.9693889014
  0
ARC
  5
542
330
1F
100
AcDbEntity
  8
0
  6
Continuous
 62
     7
370
    25
100
AcDbCircle
 10
-6.7569346066
 20
0.6888398324
 30
0.0
 40
0.0500000000000005
100
AcDbArc
 50
164.9693889053
 51
271.9811812273
  0
ARC
  5
543
330
1F
100
AcDbEntity
  8
0
  6
Continuous
 62
     7
370
    25
100
AcDbCircle
 10
-5.306091124
 20
-41.2528433538
 30
0.0
 40
41.91676941696922
100
AcDbArc
 50
90.7277219852
 51
91.9811812273
  0
ARC
  5
544
330
1F
100
AcDbEntity
  8
0
  6
Continuous
 62
     7
370
    25
100
AcDbCircle
 10
-5.8391028031
 20
0.7105410885
 30
0.0
 40
0.0500000000000013
100
AcDbArc
 50
270.7277219852
 51
53.3548856608
  0
ARC
  5
545
330
1F
100
AcDbEntity
  8
0
  6
Continuous
 62
     7
370
    25
100
AcDbCircle
 10
-6.5992648272
 20
1.2760164499
 30
0.0
 40
0.0499999999999966
100
AcDbArc
 50
53.3548856608
 51
164.9693889053
  0
ARC
  5
546
330
1F
100
AcDbEntity
  8
0
  6
Continuous
 62
     7
370
    25
100
AcDbCircle
 10
-5.464451258
 20
1.654562353
 30
0.0
 40
0.0500000000000021
100
AcDbArc
 50
357.0
 51
103.5185828479
  0
ARC
  5
547
330
1F
100
AcDbEntity
  8
0
  6
Continuous
 62
     7
370
    25
100
AcDbCircle
 10
-2.2253621565
 20
-11.8179636288
 30
0.0
 40
13.90643007907531
100
AcDbArc
 50
103.5185828479
 51
107.4788512947
  0
ARC
  5
548
330
1F
100
AcDbEntity
  8
0
  6
Continuous
 62
     7
370
    25
100
AcDbCircle
 10
-6.3871928678
 20
1.3986857071
 30
0.0
 40
0.0500000000000009
100
AcDbArc
 50
107.4788512947
 51
233.3548856608
  0
ARC
  5
549
330
1F
100
AcDbEntity
  8
0
  6
Continuous
 62
     7
370
    25
100
AcDbCircle
 10
-5.5119817412
 20
0.7476267058
 30
0.0
 40
0.0500000000000006
100
AcDbArc
 50
233.3548856608
 51
357.0
  0
ARC
  5
54A
330
1F
100
AcDbEntity
  8
0
  6
Continuous
 62
     7
370
    25
100
AcDbCircle
 10
-1.9228490591
 20
1.2732569707
 30
0.0
 40
0.604999999999951
100
AcDbArc
 50
117.3434231609
 51
174.427350043
  0
ARC
  5
54B
330
1F
100
AcDbEntity
  8
0
  6
Continuous
 62
     7
370
    25
100
AcDbCircle
 10
-2.2696378375
 20
1.9439003507
 30
0.0
 40
0.1500000000000004
100
AcDbArc
 50
297.3434231609
 51
88.9534332213
  0
ARC
  5
54C
330
1F
100
AcDbEntity
  8
0
  6
Continuous
 62
     7
370
    25
100
AcDbCircle
 10
-2.4347297243
 20
-7.0932834319
 30
0.0
 40
9.188691611668203
100
AcDbArc
 50
88.9534332213
 51
94.2698031635
  0
ARC
  5
54D
330
1F
100
AcDbEntity
  8
0
  6
Continuous
 62
     7
370
    25
100
AcDbCircle
 10
-3.1151342456
 20
2.0200438453
 30
0.0
 40
0.05
100
AcDbArc
 50
94.2698031635
 51
218.3431937413
  0
ARC
  5
54E
330
1F
100
AcDbEntity
  8
0
  6
Continuous
 62
     7
370
    25
100
AcDbCircle
 10
-2.5747534424
 20
1.3368625918
 30
0.0
 40
0.0499999999999996
100
AcDbArc
 50
218.3431937413
 51
354.427350043
  0
ARC
  5
54F
330
1F
100
AcDbEntity
  8
0
  6
Continuous
 62
     7
370
    25
100
AcDbCircle
 10
-1.6299574505
 20
2.0099805942
 30
0.0
 40
0.0499999999999978
100
AcDbArc
 50
84.7773432858
 51
219.6113307116
  0
ARC
  5
550
330
1F
100
AcDbEntity
  8
0
  6
Continuous
 62
     7
370
    25
100
AcDbCircle
 10
-0.5742070295
 20
0.7343112916
 30
0.0
 40
0.0499999999999986
100
AcDbArc
 50
219.6113307116
 51
357.0
  0
ARC
  5
551
330
1F
100
AcDbEntity
  8
0
  6
Continuous
 62
     7
370
    25
100
AcDbCircle
 10
-0.4249047569
 20
1.1947530363
 30
0.0
 40
0.159055118110235
100
AcDbArc
 50
115.133960405
 51
238.866039595
  0
ARC
  5
552
330
1F
100
AcDbEntity
  8
0
  6
Continuous
 62
     7
370
    25
100
AcDbCircle
 10
-0.5143954601
 20
1.8755840233
 30
0.0
 40
0.0500000000000095
100
AcDbArc
 50
357.0
 51
81.4835315449
  0
ARC
  5
553
330
1F
100
AcDbEntity
  8
0
  6
Continuous
 62
     7
370
    25
100
AcDbCircle
 10
-3.4093578322
 20
-17.4570483026
 30
0.0
 40
19.59818354181782
100
AcDbArc
 50
81.4835315449
 51
84.7773432858
  0
ARC
  5
554
330
1F
100
AcDbEntity
  8
0
  6
Continuous
 62
     7
370
    25
100
AcDbCircle
 10
-5.0210966471
 20
0.7130350098
 30
0.0
 40
0.050000000000007
100
AcDbArc
 50
128.1123107958
 51
269.6777124647
  0
ARC
  5
555
330
1F
100
AcDbEntity
  8
0
  6
Continuous
 62
     7
370
    25
100
AcDbCircle
 10
-5.3971131887
 20
-66.1338990958
 30
0.0
 40
66.7979916508875
100
AcDbArc
 50
88.44293119
 51
89.6777124646
  0
ARC
  5
556
330
1F
100
AcDbEntity
  8
0
  6
Continuous
 62
     7
370
    25
100
AcDbCircle
 10
-3.5806772798
 20
0.6894093253
 30
0.0
 40
0.0499999999999855
100
AcDbArc
 50
268.44293119
 51
357.0
  0
ARC
  5
557
330
1F
100
AcDbEntity
  8
0
  6
Continuous
 62
     7
370
    25
100
AcDbCircle
 10
-3.4207933612
 20
1.3517609051
 30
0.0
 40
0.1590551181102366
100
AcDbArc
 50
115.133960405
 51
238.866039595
  0
ARC
  5
558
330
1F
100
AcDbEntity
  8
0
  6
Continuous
 62
     7
370
    25
100
AcDbCircle
 10
-3.5176298856
 20
1.8924252736
 30
0.0
 40
0.0500000000000002
100
AcDbArc
 50
357.0
 51
128.1123107958
  0
ARC
  5
559
330
1F
100
AcDbEntity
  8
0
  6
Continuous
 62
     7
370
    25
100
AcDbCircle
 10
-5.1404865228
 20
1.6262978994
 30
0.0
 40
0.1499999999999975
100
AcDbArc
 50
102.308733403
 51
177.0
  0
ARC
  5
55A
330
1F
100
AcDbEntity
  8
0
  6
Continuous
 62
     7
370
    25
100
AcDbCircle
 10
-5.2843203351
 20
0.7925175282
 30
0.0
 40
0.0500000000000019
100
AcDbArc
 50
177.0
 51
308.1123107958
  0
ARC
  5
55B
330
1F
100
AcDbEntity
  8
0
  6
Continuous
 62
     7
370
    25
100
AcDbCircle
 10
-3.8043187809
 20
1.9535005761
 30
0.0
 40
0.0500000000000016
100
AcDbArc
 50
308.1123107958
 51
96.8830476768
  0
ARC
  5
55C
330
1F
100
AcDbEntity
  8
0
  6
Continuous
 62
     7
370
    25
100
AcDbCircle
 10
-2.0613157525
 20
-12.4857194989
 30
0.0
 40
14.59404125173377
100
AcDbArc
 50
96.8830476768
 51
102.308733403
  0
ARC
  5
55D
330
1F
100
AcDbEntity
  8
0
  6
Continuous
 62
     7
370
    25
100
AcDbCircle
 10
0.6753600544
 20
7.992059282
 30
0.0
 40
7.510792424182045
100
AcDbArc
 50
268.9792104201
 51
271.3157190707
  0
ARC
  5
55E
330
1F
100
AcDbEntity
  8
0
  6
Continuous
 62
     7
370
    25
100
AcDbCircle
 10
0.7497120274
 20
4.754813957
 30
0.0
 40
4.272693366079151
100
AcDbArc
 50
271.3157190707
 51
277.7901836446
  0
ARC
  5
55F
330
1F
100
AcDbEntity
  8
0
  6
Continuous
 62
     7
370
    25
100
AcDbCircle
 10
1.301337236
 20
0.7227141797
 30
0.0
 40
0.2030350285402532
100
AcDbArc
 50
277.7901836446
 51
33.2797179312
  0
ARC
  5
560
330
1F
100
AcDbEntity
  8
0
  6
Continuous
 62
     7
370
    25
100
AcDbCircle
 10
0.3210955393
 20
0.0793123399
 30
0.0
 40
1.375570619237303
100
AcDbArc
 50
33.2797179312
 51
53.8465907868
  0
ARC
  5
561
330
1F
100
AcDbEntity
  8
0
  6
Continuous
 62
     7
370
    25
100
AcDbCircle
 10
-1.5595617045
 20
-2.4946690197
 30
0.0
 40
4.563399301572015
100
AcDbArc
 50
53.8465907868
 51
57.3643931411
  0
ARC
  5
562
330
1F
100
AcDbEntity
  8
0
  6
Continuous
 62
     7
370
    25
100
AcDbCircle
 10
0.8205590683
 20
1.2219313761
 30
0.0
 40
0.1499999999999962
100
AcDbArc
 50
57.3643931411
 51
129.6113307116
  0
ARC
  5
563
330
1F
100
AcDbEntity
  8
0
  6
Continuous
 62
     7
370
    25
100
AcDbCircle
 10
-0.1346196634
 20
0.5612254474
 30
0.0
 40
0.0499999999999982
100
AcDbArc
 50
129.6113307116
 51
266.1536942953
  0
ARC
  5
564
330
1F
100
AcDbEntity
  8
0
  6
Continuous
 62
     7
370
    25
100
AcDbCircle
 10
0.7872839062
 20
14.2735554324
 30
0.0
 40
13.79328562642392
100
AcDbArc
 50
266.1536942953
 51
268.9792104201
  0
ARC
  5
565
330
1F
100
AcDbEntity
  8
0
  6
Continuous
 62
     7
370
    25
100
AcDbCircle
 10
-3.3310554901
 20
0.682167174
 30
0.0
 40
0.05
100
AcDbArc
 50
183.6981908685
 51
268.1977671914
  0
ARC
  5
566
330
1F
100
AcDbEntity
  8
0
  6
Continuous
 62
     7
370
    25
100
AcDbCircle
 10
-2.3185822944
 20
0.6503094271
 30
0.0
 40
0.0500000000000013
100
AcDbArc
 50
268.1977671914
 51
38.3431937413
  0
ARC
  5
567
330
1F
100
AcDbEntity
  8
0
  6
Continuous
 62
     7
370
    25
100
AcDbCircle
 10
-3.2781482912
 20
1.8798745751
 30
0.0
 40
0.0398102459850144
100
AcDbArc
 50
38.3431937413
 51
177.0
  0
ARC
  5
568
330
1F
100
AcDbEntity
  8
0
  6
Continuous
 62
     7
370
    25
100
AcDbCircle
 10
-3.4207933612
 20
1.3517609051
 30
0.0
 40
0.1590551181102355
100
AcDbArc
 50
295.133960405
 51
58.866039595
  0
ARC
  5
569
330
1F
100
AcDbEntity
  8
0
  6
Continuous
 62
     7
370
    25
100
AcDbCircle
 10
-0.3259262528
 20
0.6949600762
 30
0.0
 40
0.050000000000002
100
AcDbArc
 50
177.0
 51
309.6113307116
  0
ARC
  5
56A
330
1F
100
AcDbEntity
  8
0
  6
Continuous
 62
     7
370
    25
100
AcDbCircle
 10
0.4297545419
 20
1.4501702174
 30
0.0
 40
0.1499999999999971
100
AcDbArc
 50
309.6113307116
 51
60.585248563
  0
ARC
  5
56B
330
1F
100
AcDbEntity
  8
0
  6
Continuous
 62
     7
370
    25
100
AcDbCircle
 10
-0.6424010053
 20
-0.4514544163
 30
0.0
 40
2.333046899378231
100
AcDbArc
 50
60.585248563
 51
77.6677601726
  0
ARC
  5
56C
330
1F
100
AcDbEntity
  8
0
  6
Continuous
 62
     7
370
    25
100
AcDbCircle
 10
-0.1761455704
 20
1.6812198754
 30
0.0
 40
0.1500000000000066
100
AcDbArc
 50
77.6677601726
 51
177.0
  0
ARC
  5
56D
330
1F
100
AcDbEntity
  8
0
  6
Continuous
 62
     7
370
    25
100
AcDbCircle
 10
-0.4249047569
 20
1.1947530363
 30
0.0
 40
0.1590551181102395
100
AcDbArc
 50
295.133960405
 51
59.6967551274
  0
ARC
  5
56E
330
1F
100
AcDbEntity
  8
0
  6
Continuous
 62
     7
370
    25
100
AcDbCircle
 10
-0.7560581843
 20
0.6011441771
 30
0.0
 40
0.0500000000000009
100
AcDbArc
 50
268.1977671914
 51
39.6113307116
  0
ARC
  5
56F
330
1F
100
AcDbEntity
  8
0
  6
Continuous
 62
     7
370
    25
100
AcDbCircle
 10
-1.269859768
 20
1.2219735842
 30
0.0
 40
0.0500000000000014
100
AcDbArc
 50
39.6113307116
 51
175.5094168344
  0
ARC
  5
570
330
1F
100
AcDbEntity
  8
0
  6
Continuous
 62
     7
370
    25
100
AcDbCircle
 10
-1.9228490591
 20
1.2732569707
 30
0.0
 40
0.6049999999999596
100
AcDbArc
 50
313.0667408086
 51
355.5094168344
  0
ARC
  5
571
330
1F
100
AcDbEntity
  8
0
  6
Continuous
 62
     7
370
    25
100
AcDbCircle
 10
-1.4072974508
 20
0.7216850903
 30
0.0
 40
0.1500000000000006
100
AcDbArc
 50
133.0667408086
 51
268.1977671914
  0
ARC
  5
572
330
1F
100
AcDbEntity
  8
0
  6
Continuous
 62
     7
370
    25
100
AcDbCircle
 10
0.0700282215
 20
-2.2825281232
 30
0.0
 40
0.0499999999999965
100
AcDbArc
 50
165.9693889014
 51
291.4077181179
  0
ARC
  5
573
330
1F
100
AcDbEntity
  8
0
  6
Continuous
 62
     7
370
    25
100
AcDbCircle
 10
-4.2153850265
 20
8.6482231274
 30
0.0
 40
11.79078743559418
100
AcDbArc
 50
291.4077181179
 51
297.2970623953
  0
ARC
  5
574
330
1F
100
AcDbEntity
  8
0
  6
Continuous
 62
     7
370
    25
100
AcDbCircle
 10
1.1414733557
 20
-1.7216243147
 30
0.0
 40
0.1191333468268542
100
AcDbArc
 50
295.0508987849
 51
94.5678176843
  0
ARC
  5
575
330
1F
100
AcDbEntity
  8
0
  6
Continuous
 62
     7
370
    25
100
AcDbCircle
 10
-2.2062253173
 20
40.1807626676
 30
0.0
 40
41.91676941753707
100
AcDbArc
 50
273.4028994699
 51
274.5678176847
  0
ARC
  5
576
330
1F
100
AcDbEntity
  8
0
  6
Continuous
 62
     7
370
    25
100
AcDbCircle
 10
0.2907272759
 20
-1.8118356918
 30
0.0
 40
0.1499999999999917
100
AcDbArc
 50
93.4028994699
 51
165.9693889014
  0
ARC
  5
577
330
1F
100
AcDbEntity
  8
0
  6
Continuous
 62
     7
370
    25
100
AcDbCircle
 10
-0.0236195035
 20
-1.7292118875
 30
0.0
 40
0.0499999999999994
100
AcDbArc
 50
345.9693889053
 51
92.9811812273
  0
ARC
  5
578
330
1F
100
AcDbEntity
  8
0
  6
Continuous
 62
     7
370
    25
100
AcDbCircle
 10
-2.2062253173
 20
40.1807626671
 30
0.0
 40
41.91676941703388
100
AcDbArc
 50
271.7277219852
 51
272.9811812273
  0
ARC
  5
579
330
1F
100
AcDbEntity
  8
0
  6
Continuous
 62
     7
370
    25
100
AcDbCircle
 10
-0.9409327777
 20
-1.7669282121
 30
0.0
 40
0.0500000000000011
100
AcDbArc
 50
91.7277219852
 51
234.3548856608
  0
ARC
  5
57A
330
1F
100
AcDbEntity
  8
0
  6
Continuous
 62
     7
370
    25
100
AcDbCircle
 10
-0.1710176241
 20
-2.3190507923
 30
0.0
 40
0.0499999999999975
100
AcDbArc
 50
234.3548856608
 51
345.9693889053
  0
ARC
  5
57B
330
1F
100
AcDbEntity
  8
0
  6
Continuous
 62
     7
370
    25
100
AcDbCircle
 10
-1.2990518187
 20
-2.7173442686
 30
0.0
 40
0.0500000000000009
100
AcDbArc
 50
178.0
 51
284.5185828479
  0
ARC
  5
57C
330
1F
100
AcDbEntity
  8
0
  6
Continuous
 62
     7
370
    25
100
AcDbCircle
 10
-4.7727755905
 20
10.6965998827
 30
0.0
 40
13.90643007907188
100
AcDbArc
 50
284.5185828479
 51
288.4788512947
  0
ARC
  5
57D
330
1F
100
AcDbEntity
  8
0
  6
Continuous
 62
     7
370
    25
100
AcDbCircle
 10
-0.3809164101
 20
-2.4454025323
 30
0.0
 40
0.0500000000000008
100
AcDbArc
 50
288.4788512947
 51
54.3548856608
  0
ARC
  5
57E
330
1F
100
AcDbEntity
  8
0
  6
Continuous
 62
     7
370
    25
100
AcDbCircle
 10
-1.2673567842
 20
-1.8097172308
 30
0.0
 40
0.0500000000000013
100
AcDbArc
 50
54.3548856608
 51
178.0
  0
ARC
  5
57F
330
1F
100
AcDbEntity
  8
0
  6
Continuous
 62
     7
370
    25
100
AcDbCircle
 10
-4.846769311
 20
-2.397906442
 30
0.0
 40
0.6049999999999538
100
AcDbArc
 50
298.3434231609
 51
355.427350043
  0
ARC
  5
580
330
1F
100
AcDbEntity
  8
0
  6
Continuous
 62
     7
370
    25
100
AcDbCircle
 10
-4.4883290093
 20
-3.062395381
 30
0.0
 40
0.1500000000000012
100
AcDbArc
 50
118.3434231609
 51
269.9534332213
  0
ARC
  5
581
330
1F
100
AcDbEntity
  8
0
  6
Continuous
 62
     7
370
    25
100
AcDbCircle
 10
-4.4809828713
 20
5.9762932454
 30
0.0
 40
9.188691611667682
100
AcDbArc
 50
269.9534332213
 51
275.2698031635
  0
ARC
  5
582
330
1F
100
AcDbEntity
  8
0
  6
Continuous
 62
     7
370
    25
100
AcDbCircle
 10
-3.6416324872
 20
-3.1237713317
 30
0.0
 40
0.0500000000000009
100
AcDbArc
 50
275.2698031635
 51
39.3431937413
  0
ARC
  5
583
330
1F
100
AcDbEntity
  8
0
  6
Continuous
 62
     7
370
    25
100
AcDbCircle
 10
-4.1938541447
 20
-2.4501250754
 30
0.0
 40
0.0500000000000004
100
AcDbArc
 50
39.3431937413
 51
175.427350043
  0
ARC
  5
584
330
1F
100
AcDbEntity
  8
0
  6
Continuous
 62
     7
370
    25
100
AcDbCircle
 10
-5.1267587106
 20
-3.1396295223
 30
0.0
 40
0.0499999999999986
100
AcDbArc
 50
265.7773432858
 51
40.6113307116
  0
ARC
  5
585
330
1F
100
AcDbEntity
  8
0
  6
Continuous
 62
     7
370
    25
100
AcDbCircle
 10
-6.2046118349
 20
-1.8825798958
 30
0.0
 40
0.0499999999999997
100
AcDbArc
 50
40.6113307116
 51
178.0
  0
ARC
  5
586
330
1F
100
AcDbEntity
  8
0
  6
Continuous
 62
     7
370
    25
100
AcDbCircle
 10
-6.3458555515
 20
-2.3455571969
 30
0.0
 40
0.159055118110236
100
AcDbArc
 50
296.133960405
 51
59.866039595
  0
ARC
  5
587
330
1F
100
AcDbEntity
  8
0
  6
Continuous
 62
     7
370
    25
100
AcDbCircle
 10
-6.2444963391
 20
-3.024722662
 30
0.0
 40
0.0500000000000066
100
AcDbArc
 50
178.0
 51
262.4835315449
  0
ARC
  5
588
330
1F
100
AcDbEntity
  8
0
  6
Continuous
 62
     7
370
    25
100
AcDbCircle
 10
-3.6873758407
 20
16.3554892703
 30
0.0
 40
19.59818354181523
100
AcDbArc
 50
262.4835315449
 51
265.7773432858
  0
ARC
  5
589
330
1F
100
AcDbEntity
  8
0
  6
Continuous
 62
     7
370
    25
100
AcDbCircle
 10
-1.7587708224
 20
-1.7836979295
 30
0.0
 40
0.0500000000000061
100
AcDbArc
 50
309.1123107958
 51
90.6777124647
  0
ARC
  5
58A
330
1F
100
AcDbEntity
  8
0
  6
Continuous
 62
     7
370
    25
100
AcDbCircle
 10
-2.549451413
 20
65.0596174579
 30
0.0
 40
66.79799165096257
100
AcDbArc
 50
269.44293119
 51
270.6777124646
  0
ARC
  5
58B
330
1F
100
AcDbEntity
  8
0
  6
Continuous
 62
     7
370
    25
100
AcDbCircle
 10
-3.1993831319
 20
-1.7852146275
 30
0.0
 40
0.0499999999999859
100
AcDbArc
 50
89.44293119
 51
178.0
  0
ARC
  5
58C
330
1F
100
AcDbEntity
  8
0
  6
Continuous
 62
     7
370
    25
100
AcDbCircle
 10
-3.3476830705
 20
-2.450255687
 30
0.0
 40
0.1590551181102355
100
AcDbArc
 50
296.133960405
 51
59.866039595
  0
ARC
  5
58D
330
1F
100
AcDbEntity
  8
0
  6
Continuous
 62
     7
370
    25
100
AcDbCircle
 10
-3.2414254005
 20
-2.9891476794
 30
0.0
 40
0.0500000000000012
100
AcDbArc
 50
178.0
 51
309.1123107958
  0
ARC
  5
58E
330
1F
100
AcDbEntity
  8
0
  6
Continuous
 62
     7
370
    25
100
AcDbCircle
 10
-1.6234604952
 20
-2.694738084
 30
0.0
 40
0.1499999999999942
100
AcDbArc
 50
283.308733403
 51
358.0
  0
ARC
  5
58F
330
1F
100
AcDbEntity
  8
0
  6
Continuous
 62
     7
370
    25
100
AcDbCircle
 10
-1.4942000635
 20
-1.8585744555
 30
0.0
 40
0.0500000000000007
100
AcDbArc
 50
358.0
 51
129.1123107958
  0
ARC
  5
590
330
1F
100
AcDbEntity
  8
0
  6
Continuous
 62
     7
370
    25
100
AcDbCircle
 10
-2.9537142582
 20
-3.0452102687
 30
0.0
 40
0.0500000000000012
100
AcDbArc
 50
129.1123107958
 51
277.8830476768
  0
ARC
  5
591
330
1F
100
AcDbEntity
  8
0
  6
Continuous
 62
     7
370
    25
100
AcDbCircle
 10
-4.9484509563
 20
11.3613910459
 30
0.0
 40
14.59404125173247
100
AcDbArc
 50
277.8830476768
 51
283.308733403
  0
ARC
  5
592
330
1F
100
AcDbEntity
  8
0
  6
Continuous
 62
     7
370
    25
100
AcDbCircle
 10
-7.3273234359
 20
-9.1610304486
 30
0.0
 40
7.510792424182562
100
AcDbArc
 50
89.9792104201
 51
92.3157190707
  0
ARC
  5
593
330
1F
100
AcDbEntity
  8
0
  6
Continuous
 62
     7
370
    25
100
AcDbCircle
 10
-7.4581618059
 20
-5.9255757926
 30
0.0
 40
4.27269336607887
100
AcDbArc
 50
92.3157190707
 51
98.7901836446
  0
ARC
  5
594
330
1F
100
AcDbEntity
  8
0
  6
Continuous
 62
     7
370
    25
100
AcDbCircle
 10
-8.0800728434
 20
-1.903717311
 30
0.0
 40
0.2030350285402538
100
AcDbArc
 50
98.7901836446
 51
214.2797179312
  0
ARC
  5
595
330
1F
100
AcDbEntity
  8
0
  6
Continuous
 62
     7
370
    25
100
AcDbCircle
 10
-7.1112093527
 20
-1.2433058879
 30
0.0
 40
1.375570619237278
100
AcDbArc
 50
214.2797179312
 51
234.8465907868
  0
ARC
  5
596
330
1F
100
AcDbEntity
  8
0
  6
Continuous
 62
     7
370
    25
100
AcDbCircle
 10
-5.275760711
 20
1.3631054365
 30
0.0
 40
4.563399301573042
100
AcDbArc
 50
234.8465907868
 51
238.3643931411
  0
ARC
  5
597
330
1F
100
AcDbEntity
  8
0
  6
Continuous
 62
     7
370
    25
100
AcDbCircle
 10
-7.5906553592
 20
-2.3944677382
 30
0.0
 40
0.1499999999999975
100
AcDbArc
 50
238.3643931411
 51
310.6113307116
  0
ARC
  5
598
330
1F
100
AcDbEntity
  8
0
  6
Continuous
 62
     7
370
    25
100
AcDbCircle
 10
-6.6471530142
 20
-1.7171922707
 30
0.0
 40
0.0499999999999977
100
AcDbArc
 50
310.6113307116
 51
87.1536942953
  0
ARC
  5
599
330
1F
100
AcDbEntity
  8
0
  6
Continuous
 62
     7
370
    25
100
AcDbCircle
 10
-7.3296030173
 20
-15.4435232373
 30
0.0
 40
13.79328562642247
100
AcDbArc
 50
87.1536942953
 51
89.9792104201
  0
ARC
  5
59A
330
1F
100
AcDbEntity
  8
0
  6
Continuous
 62
     7
370
    25
100
AcDbCircle
 10
-3.449093296
 20
-1.7823300802
 30
0.0
 40
0.0499999999999996
100
AcDbArc
 50
4.6981908685
 51
89.1977671914
  0
ARC
  5
59B
330
1F
100
AcDbEntity
  8
0
  6
Continuous
 62
     7
370
    25
100
AcDbCircle
 10
-4.4619682814
 20
-1.768147279
 30
0.0
 40
0.0500000000000021
100
AcDbArc
 50
89.1977671914
 51
219.3431937413
  0
ARC
  5
59C
330
1F
100
AcDbEntity
  8
0
  6
Continuous
 62
     7
370
    25
100
AcDbCircle
 10
-3.4810895605
 20
-2.9807784225
 30
0.0
 40
0.0398102459850136
100
AcDbArc
 50
219.3431937413
 51
358.0
  0
ARC
  5
59D
330
1F
100
AcDbEntity
  8
0
  6
Continuous
 62
     7
370
    25
100
AcDbCircle
 10
-3.3476830705
 20
-2.450255687
 30
0.0
 40
0.1590551181102352
100
AcDbArc
 50
116.133960405
 51
239.866039595
  0
ARC
  5
59E
330
1F
100
AcDbEntity
  8
0
  6
Continuous
 62
     7
370
    25
100
AcDbCircle
 10
-6.4535415706
 20
-1.8475677708
 30
0.0
 40
0.0500000000000023
100
AcDbArc
 50
358.0
 51
130.6113307116
  0
ARC
  5
59F
330
1F
100
AcDbEntity
  8
0
  6
Continuous
 62
     7
370
    25
100
AcDbCircle
 10
-7.1959270371
 20
-2.6158513382
 30
0.0
 40
0.1499999999999982
100
AcDbArc
 50
130.6113307116
 51
241.585248563
  0
ARC
  5
5A0
330
1F
100
AcDbEntity
  8
0
  6
Continuous
 62
     7
370
    25
100
AcDbCircle
 10
-6.1571227104
 20
-0.6958046368
 30
0.0
 40
2.333046899378241
100
AcDbArc
 50
241.585248563
 51
258.6677601726
  0
ARC
  5
5A1
330
1F
100
AcDbEntity
  8
0
  6
Continuous
 62
     7
370
    25
100
AcDbCircle
 10
-6.5860868338
 20
-2.8362913911
 30
0.0
 40
0.1500000000000051
100
AcDbArc
 50
258.6677601726
 51
358.0
  0
ARC
  5
5A2
330
1F
100
AcDbEntity
  8
0
  6
Continuous
 62
     7
370
    25
100
AcDbCircle
 10
-6.3458555515
 20
-2.3455571969
 30
0.0
 40
0.15905511811024
100
AcDbArc
 50
116.133960405
 51
240.6967551274
  0
ARC
  5
5A3
330
1F
100
AcDbEntity
  8
0
  6
Continuous
 62
     7
370
    25
100
AcDbCircle
 10
-6.0251124635
 20
-1.746259323
 30
0.0
 40
0.0500000000000007
100
AcDbArc
 50
89.1977671914
 51
220.6113307116
  0
ARC
  5
5A4
330
1F
100
AcDbEntity
  8
0
  6
Continuous
 62
     7
370
    25
100
AcDbCircle
 10
-5.5005541671
 20
-2.3580271007
 30
0.0
 40
0.0500000000000016
100
AcDbArc
 50
220.6113307116
 51
356.5094168344
  0
ARC
  5
5A5
330
1F
100
AcDbEntity
  8
0
  6
Continuous
 62
     7
370
    25
100
AcDbCircle
 10
-4.846769311
 20
-2.397906442
 30
0.0
 40
0.604999999999961
100
AcDbArc
 50
134.0667408086
 51
176.5094168344
  0
ARC
  5
5A6
330
1F
100
AcDbEntity
  8
0
  6
Continuous
 62
     7
370
    25
100
AcDbCircle
 10
-5.3718686549
 20
-1.8554161849
 30
0.0
 40
0.1500000000000012
100
AcDbArc
 50
314.0667408086
 51
89.1977671914
  0
ARC
  5
5A7
330
1F
100
AcDbEntity
  8
0
  6
Continuous
 62
     7
370
    25
100
AcDbCircle
 10
5.9983948407
 20
-1.0666897179
 30
0.0
 40
0.1250000000000111
100
AcDbArc
 50
29.237849698
 51
88.0124645523
  0
ARC
  5
5A8
330
1F
100
AcDbEntity
  8
0
  6
Continuous
 62
     7
370
    25
100
AcDbCircle
 10
6.8045840579
 20
-1.9951229238
 30
0.0
 40
0.1249999999999933
100
AcDbArc
 50
209.237849698
 51
273.7876023975
  0
ARC
  5
5A9
330
1F
100
AcDbEntity
  8
0
  6
Continuous
 62
     7
370
    25
100
AcDbCircle
 10
8.7362117607
 20
-1.8377731188
 30
0.0
 40
0.1249999999999689
100
AcDbArc
 50
274.7801743893
 51
339.6554242525
  0
ARC
  5
5AA
330
1F
100
AcDbEntity
  8
0
  6
Continuous
 62
     7
370
    25
100
AcDbCircle
 10
9.405886477
 20
-1.3781662404
 30
0.0
 40
0.3431102362204825
100
AcDbArc
 50
20.3445757475
 51
159.6554242525
  0
ARC
  5
5AB
330
1F
100
AcDbEntity
  8
0
  6
Continuous
 62
     7
370
    25
100
AcDbCircle
 10
10.1354987691
 20
-1.7226719683
 30
0.0
 40
0.1249999999999638
100
AcDbArc
 50
209.6554242525
 51
274.3123066923
  0
ARC
  5
5AC
330
1F
100
AcDbEntity
  8
0
  6
Continuous
 62
     7
370
    25
100
AcDbCircle
 10
3.3344444664
 20
-2.1085357413
 30
0.0
 40
0.1249999999999596
100
AcDbArc
 50
269.4933949034
 51
333.4326557656
  0
ARC
  5
5AD
330
1F
100
AcDbEntity
  8
0
  6
Continuous
 62
     7
370
    25
100
AcDbCircle
 10
4.1667191526
 20
-1.0031251527
 30
0.0
 40
0.1250000000003199
100
AcDbArc
 50
88.0124645524
 51
153.4326557655
  0
ARC
  5
5AE
330
1F
100
AcDbEntity
  8
0
  6
Continuous
 62
     7
370
    25
100
AcDbCircle
 10
6.6189324974
 20
-2.3288420856
 30
0.0
 40
0.1000000000000134
100
AcDbArc
 50
29.237849698
 51
91.8849003633
  0
ARC
  5
5AF
330
1F
100
AcDbEntity
  8
0
  6
Continuous
 62
     7
370
    25
100
AcDbCircle
 10
6.2839538098
 20
-2.339866097
 30
0.0
 40
0.1000000000000708
100
AcDbArc
 50
91.8849003633
 51
211.8849003632
  0
ARC
  5
5B0
330
1F
100
AcDbEntity
  8
0
  6
Continuous
 62
     7
370
    25
100
AcDbCircle
 10
6.6383414153
 20
-2.8148896879
 30
0.0
 40
0.149999999999579
100
AcDbArc
 50
211.8849003632
 51
263.2951695746
  0
ARC
  5
5B1
330
1F
100
AcDbEntity
  8
0
  6
Continuous
 62
     7
370
    25
100
AcDbCircle
 10
6.938958557
 20
-2.9005740942
 30
0.0
 40
0.1000000000000136
100
AcDbArc
 50
263.2951695745
 51
29.2378496981
  0
ARC
  5
5B2
330
1F
100
AcDbEntity
  8
0
  6
Continuous
 62
     7
370
    25
100
AcDbCircle
 10
11.2163494525
 20
-2.0892084196
 30
0.0
 40
0.200000000000212
100
AcDbArc
 50
91.7169754029
 51
157.6554242525
  0
ARC
  5
5B3
330
1F
100
AcDbEntity
  8
0
  6
Continuous
 62
     7
370
    25
100
AcDbCircle
 10
10.8831787576
 20
-2.5052114718
 30
0.0
 40
0.0500000000000022
100
AcDbArc
 50
157.6554242524
 51
293.4509250124
  0
ARC
  5
5B4
330
1F
100
AcDbEntity
  8
0
  6
Continuous
 62
     7
370
    25
100
AcDbCircle
 10
9.2727687222
 20
1.2071702742
 30
0.0
 40
4.096628066708388
100
AcDbArc
 50
293.4509250123
 51
295.7218566871
  0
ARC
  5
5B5
330
1F
100
AcDbEntity
  8
0
  6
Continuous
 62
     7
370
    25
100
AcDbCircle
 10
10.0036119253
 20
-0.3099284281
 30
0.0
 40
2.412668370018065
100
AcDbArc
 50
295.7218566871
 51
313.7300905777
  0
ARC
  5
5B6
330
1F
100
AcDbEntity
  8
0
  6
Continuous
 62
     7
370
    25
100
AcDbCircle
 10
11.602271696
 20
-1.9810723259
 30
0.0
 40
0.1000000000000889
100
AcDbArc
 50
313.7300905777
 51
90.6931293301
  0
ARC
  5
5B7
330
1F
100
AcDbEntity
  8
0
  6
Continuous
 62
     7
370
    25
100
AcDbCircle
 10
11.8656193403
 20
-23.7489760036
 30
0.0
 40
21.86949660653734
100
AcDbArc
 50
90.6931293301
 51
91.7169754029
  0
ARC
  5
5B8
330
1F
100
AcDbEntity
  8
0
  6
Continuous
 62
     7
370
    25
100
AcDbCircle
 10
10.5874736392
 20
-2.5670298907
 30
0.0
 40
0.0999999999999822
100
AcDbArc
 50
209.6554242525
 51
337.6554242525
  0
ARC
  5
5B9
330
1F
100
AcDbEntity
  8
0
  6
Continuous
 62
     7
370
    25
100
AcDbCircle
 10
10.8186249559
 20
-2.004671341
 30
0.0
 40
0.0999999999999726
100
AcDbArc
 50
337.6554242525
 51
92.7566788048
  0
ARC
  5
5BA
330
1F
100
AcDbEntity
  8
0
  6
Continuous
 62
     7
370
    25
100
AcDbCircle
 10
11.8656193396
 20
-23.7489759928
 30
0.0
 40
21.8694965957249
100
AcDbArc
 50
92.7566788044
 51
94.1620688516
  0
ARC
  5
5BB
330
1F
100
AcDbEntity
  8
0
  6
Continuous
 62
     7
370
    25
100
AcDbCircle
 10
10.2856342182
 20
-2.036891131
 30
0.0
 40
0.1000000000000117
100
AcDbArc
 50
94.1620688513
 51
209.6554242524
  0
ARC
  5
5BC
330
1F
100
AcDbEntity
  8
0
  6
Continuous
 62
     7
370
    25
100
AcDbCircle
 10
9.7491355703
 20
-2.0801525803
 30
0.0
 40
0.1000000000000235
100
AcDbArc
 50
94.7200561124
 51
214.9013628434
  0
ARC
  5
5BD
330
1F
100
AcDbEntity
  8
0
  6
Continuous
 62
     7
370
    25
100
AcDbCircle
 10
9.1709380924
 20
-2.4835291743
 30
0.0
 40
0.6049999999999734
100
AcDbArc
 50
337.6696963599
 51
34.9013628434
  0
ARC
  5
5BE
330
1F
100
AcDbEntity
  8
0
  6
Continuous
 62
     7
370
    25
100
AcDbCircle
 10
9.8230693635
 20
-2.7513907153
 30
0.0
 40
0.1000000000000178
100
AcDbArc
 50
157.6696963599
 51
277.9142697214
  0
ARC
  5
5BF
330
1F
100
AcDbEntity
  8
0
  6
Continuous
 62
     7
370
    25
100
AcDbCircle
 10
9.2727687222
 20
1.2071702742
 30
0.0
 40
4.096628066733877
100
AcDbArc
 50
277.9142697214
 51
284.7962996882
  0
ARC
  5
5C0
330
1F
100
AcDbEntity
  8
0
  6
Continuous
 62
     7
370
    25
100
AcDbCircle
 10
10.2934408563
 20
-2.656929142
 30
0.0
 40
0.1000000000000012
100
AcDbArc
 50
284.7962996881
 51
29.6554242525
  0
ARC
  5
5C1
330
1F
100
AcDbEntity
  8
0
  6
Continuous
 62
     7
370
    25
100
AcDbCircle
 10
9.9553533667
 20
-2.0631257157
 30
0.0
 40
0.1000000000000517
100
AcDbArc
 50
29.6554242525
 51
94.7200561124
  0
ARC
  5
5C2
330
1F
100
AcDbEntity
  8
0
  6
Continuous
 62
     7
370
    25
100
AcDbCircle
 10
6.1638809753
 20
-2.8094571576
 30
0.0
 40
0.100000000000033
100
AcDbArc
 50
263.2951695746
 51
31.8849003633
  0
ARC
  5
5C3
330
1F
100
AcDbEntity
  8
0
  6
Continuous
 62
     7
370
    25
100
AcDbCircle
 10
5.8528199921
 20
-2.4040816031
 30
0.0
 40
0.149999999999959
100
AcDbArc
 50
31.8849003633
 51
91.8849003633
  0
ARC
  5
5C4
330
1F
100
AcDbEntity
  8
0
  6
Continuous
 62
     7
370
    25
100
AcDbCircle
 10
3.5473930787
 20
-2.4655408227
 30
0.0
 40
0.1360775739413603
100
AcDbArc
 50
96.7048304254
 51
263.2951695746
  0
ARC
  5
5C5
330
1F
100
AcDbEntity
  8
0
  6
Continuous
 62
     7
370
    25
100
AcDbCircle
 10
6.8727544935
 20
-2.2704618389
 30
0.0
 40
0.0499999999999823
100
AcDbArc
 50
91.8849003633
 51
209.237849698
  0
ARC
  5
5C6
330
1F
100
AcDbEntity
  8
0
  6
Continuous
 62
     7
370
    25
100
AcDbCircle
 10
7.0177448226
 20
-2.5294895325
 30
0.0
 40
0.0500000000000012
100
AcDbArc
 50
209.237849698
 51
355.7433933313
  0
ARC
  5
5C7
330
1F
100
AcDbEntity
  8
0
  6
Continuous
 62
     7
370
    25
100
AcDbCircle
 10
7.6709380924
 20
-2.5781059123
 30
0.0
 40
0.604999999999197
100
AcDbArc
 50
151.2534754981
 51
175.7433933313
  0
ARC
  5
5C8
330
1F
100
AcDbEntity
  8
0
  6
Continuous
 62
     7
370
    25
100
AcDbCircle
 10
7.096662958
 20
-2.263093103
 30
0.0
 40
0.0499999999999702
100
AcDbArc
 50
331.253475498
 51
91.8849003633
  0
ARC
  5
5C9
330
1F
100
AcDbEntity
  8
0
  6
Continuous
 62
     7
370
    25
100
AcDbCircle
 10
7.6709380924
 20
-2.5781059123
 30
0.0
 40
0.6050000000001008
100
AcDbArc
 50
333.3248447756
 51
32.1946257885
  0
ARC
  5
5CA
330
1F
100
AcDbEntity
  8
0
  6
Continuous
 62
     7
370
    25
100
AcDbCircle
 10
8.3009022207
 20
-2.8946026691
 30
0.0
 40
0.1000000000000048
100
AcDbArc
 50
153.3248447756
 51
273.2926724802
  0
ARC
  5
5CB
330
1F
100
AcDbEntity
  8
0
  6
Continuous
 62
     7
370
    25
100
AcDbCircle
 10
8.5867353497
 20
-2.8781583109
 30
0.0
 40
0.0999999999999859
100
AcDbArc
 50
273.2926724802
 51
34.0390386294
  0
ARC
  5
5CC
330
1F
100
AcDbEntity
  8
0
  6
Continuous
 62
     7
370
    25
100
AcDbCircle
 10
9.1709380924
 20
-2.4835291743
 30
0.0
 40
0.6050000000000635
100
AcDbArc
 50
154.5387493814
 51
214.0390386294
  0
ARC
  5
5CD
330
1F
100
AcDbEntity
  8
0
  6
Continuous
 62
     7
370
    25
100
AcDbCircle
 10
8.5344103471
 20
-2.1804492681
 30
0.0
 40
0.0999999999999968
100
AcDbArc
 50
334.5387493814
 51
94.7200561124
  0
ARC
  5
5CE
330
1F
100
AcDbEntity
  8
0
  6
Continuous
 62
     7
370
    25
100
AcDbCircle
 10
8.2675395096
 20
-2.2024840959
 30
0.0
 40
0.1000000000000388
100
AcDbArc
 50
94.7200561124
 51
212.1946257885
  0
ARC
  5
5CF
330
1F
100
AcDbEntity
  8
0
  6
Continuous
 62
     7
370
    25
100
AcDbCircle
 10
6.7510207017
 20
-1.6549992367
 30
0.0
 40
0.1250000000000115
100
AcDbArc
 50
209.237849698
 51
268.0124645523
  0
ARC
  5
5D0
330
1F
100
AcDbEntity
  8
0
  6
Continuous
 62
     7
370
    25
100
AcDbCircle
 10
5.9448314845
 20
-0.7265660308
 30
0.0
 40
0.1249999999999425
100
AcDbArc
 50
29.237849698
 51
93.7876023975
  0
ARC
  5
5D1
330
1F
100
AcDbEntity
  8
0
  6
Continuous
 62
     7
370
    25
100
AcDbCircle
 10
4.0132037818
 20
-0.8839158357
 30
0.0
 40
0.1249999999999628
100
AcDbArc
 50
94.7801743893
 51
159.6554242525
  0
ARC
  5
5D2
330
1F
100
AcDbEntity
  8
0
  6
Continuous
 62
     7
370
    25
100
AcDbCircle
 10
3.3435290654
 20
-1.3435227142
 30
0.0
 40
0.3431102362204814
100
AcDbArc
 50
200.3445757475
 51
339.6554242525
  0
ARC
  5
5D3
330
1F
100
AcDbEntity
  8
0
  6
Continuous
 62
     7
370
    25
100
AcDbCircle
 10
2.6139167733
 20
-0.9990169863
 30
0.0
 40
0.1249999999999606
100
AcDbArc
 50
29.6554242525
 51
94.3123066923
  0
ARC
  5
5D4
330
1F
100
AcDbEntity
  8
0
  6
Continuous
 62
     7
370
    25
100
AcDbCircle
 10
9.414971076
 20
-0.6131532133
 30
0.0
 40
0.1249999999999578
100
AcDbArc
 50
89.4933949034
 51
153.4326557656
  0
ARC
  5
5D5
330
1F
100
AcDbEntity
  8
0
  6
Continuous
 62
     7
370
    25
100
AcDbCircle
 10
8.5826963898
 20
-1.7185638019
 30
0.0
 40
0.1250000000003184
100
AcDbArc
 50
268.0124645524
 51
333.4326557655
  0
ARC
  5
5D6
330
1F
100
AcDbEntity
  8
0
  6
Continuous
 62
     7
370
    25
100
AcDbCircle
 10
6.1304830451
 20
-0.392846869
 30
0.0
 40
0.1000000000000083
100
AcDbArc
 50
209.237849698
 51
271.8849003633
  0
ARC
  5
5D7
330
1F
100
AcDbEntity
  8
0
  6
Continuous
 62
     7
370
    25
100
AcDbCircle
 10
6.4654617326
 20
-0.3818228576
 30
0.0
 40
0.1000000000000729
100
AcDbArc
 50
271.8849003633
 51
31.8849003632
  0
ARC
  5
5D8
330
1F
100
AcDbEntity
  8
0
  6
Continuous
 62
     7
370
    25
100
AcDbCircle
 10
6.1110741271
 20
0.0932007333
 30
0.0
 40
0.149999999999578
100
AcDbArc
 50
31.8849003632
 51
83.2951695746
  0
ARC
  5
5D9
330
1F
100
AcDbEntity
  8
0
  6
Continuous
 62
     7
370
    25
100
AcDbCircle
 10
5.8104569854
 20
0.1788851396
 30
0.0
 40
0.1000000000000159
100
AcDbArc
 50
83.2951695746
 51
209.2378496981
  0
ARC
  5
5DA
330
1F
100
AcDbEntity
  8
0
  6
Continuous
 62
     7
370
    25
100
AcDbCircle
 10
1.5330660899
 20
-0.632480535
 30
0.0
 40
0.2000000000002073
100
AcDbArc
 50
271.716975403
 51
337.6554242525
  0
ARC
  5
5DB
330
1F
100
AcDbEntity
  8
0
  6
Continuous
 62
     7
370
    25
100
AcDbCircle
 10
1.8662367849
 20
-0.2164774827
 30
0.0
 40
0.050000000000001
100
AcDbArc
 50
337.6554242524
 51
113.4509250124
  0
ARC
  5
5DC
330
1F
100
AcDbEntity
  8
0
  6
Continuous
 62
     7
370
    25
100
AcDbCircle
 10
3.4766468202
 20
-3.9288592288
 30
0.0
 40
4.096628066709868
100
AcDbArc
 50
113.4509250123
 51
115.7218566871
  0
ARC
  5
5DD
330
1F
100
AcDbEntity
  8
0
  6
Continuous
 62
     7
370
    25
100
AcDbCircle
 10
2.7458036171
 20
-2.4117605264
 30
0.0
 40
2.412668370018185
100
AcDbArc
 50
115.7218566871
 51
133.7300905777
  0
ARC
  5
5DE
330
1F
100
AcDbEntity
  8
0
  6
Continuous
 62
     7
370
    25
100
AcDbCircle
 10
1.1471438464
 20
-0.7406166286
 30
0.0
 40
0.1000000000000893
100
AcDbArc
 50
133.7300905777
 51
270.6931293302
  0
ARC
  5
5DF
330
1F
100
AcDbEntity
  8
0
  6
Continuous
 62
     7
370
    25
100
AcDbCircle
 10
0.8837962021
 20
21.027287049
 30
0.0
 40
21.86949660651395
100
AcDbArc
 50
270.6931293301
 51
271.7169754029
  0
ARC
  5
5E0
330
1F
100
AcDbEntity
  8
0
  6
Continuous
 62
     7
370
    25
100
AcDbCircle
 10
2.1619419032
 20
-0.1546590638
 30
0.0
 40
0.0999999999999822
100
AcDbArc
 50
29.6554242525
 51
157.6554242525
  0
ARC
  5
5E1
330
1F
100
AcDbEntity
  8
0
  6
Continuous
 62
     7
370
    25
100
AcDbCircle
 10
1.9307905865
 20
-0.7170176136
 30
0.0
 40
0.0999999999999729
100
AcDbArc
 50
157.6554242525
 51
272.7566788048
  0
ARC
  5
5E2
330
1F
100
AcDbEntity
  8
0
  6
Continuous
 62
     7
370
    25
100
AcDbCircle
 10
0.8837962028
 20
21.0272870382
 30
0.0
 40
21.86949659572055
100
AcDbArc
 50
272.7566788044
 51
274.1620688516
  0
ARC
  5
5E3
330
1F
100
AcDbEntity
  8
0
  6
Continuous
 62
     7
370
    25
100
AcDbCircle
 10
2.4637813243
 20
-0.6847978236
 30
0.0
 40
0.1000000000000111
100
AcDbArc
 50
274.1620688513
 51
29.6554242524
  0
ARC
  5
5E4
330
1F
100
AcDbEntity
  8
0
  6
Continuous
 62
     7
370
    25
100
AcDbCircle
 10
3.0002799722
 20
-0.6415363742
 30
0.0
 40
0.100000000000022
100
AcDbArc
 50
274.7200561124
 51
34.9013628434
  0
ARC
  5
5E5
330
1F
100
AcDbEntity
  8
0
  6
Continuous
 62
     7
370
    25
100
AcDbCircle
 10
3.5784774501
 20
-0.2381597803
 30
0.0
 40
0.604999999999887
100
AcDbArc
 50
157.6696963599
 51
214.9013628434
  0
ARC
  5
5E6
330
1F
100
AcDbEntity
  8
0
  6
Continuous
 62
     7
370
    25
100
AcDbCircle
 10
2.9263461789
 20
0.0297017608
 30
0.0
 40
0.1000000000000182
100
AcDbArc
 50
337.6696963599
 51
97.9142697214
  0
ARC
  5
5E7
330
1F
100
AcDbEntity
  8
0
  6
Continuous
 62
     7
370
    25
100
AcDbCircle
 10
3.4766468202
 20
-3.9288592288
 30
0.0
 40
4.096628066733008
100
AcDbArc
 50
97.9142697214
 51
104.7962996882
  0
ARC
  5
5E8
330
1F
100
AcDbEntity
  8
0
  6
Continuous
 62
     7
370
    25
100
AcDbCircle
 10
2.4559746861
 20
-0.0647598126
 30
0.0
 40
0.100000000000003
100
AcDbArc
 50
104.7962996881
 51
209.6554242525
  0
ARC
  5
5E9
330
1F
100
AcDbEntity
  8
0
  6
Continuous
 62
     7
370
    25
100
AcDbCircle
 10
2.7940621757
 20
-0.6585632389
 30
0.0
 40
0.1000000000000517
100
AcDbArc
 50
209.6554242525
 51
274.7200561124
  0
ARC
  5
5EA
330
1F
100
AcDbEntity
  8
0
  6
Continuous
 62
     7
370
    25
100
AcDbCircle
 10
6.5855345672
 20
0.0877682031
 30
0.0
 40
0.1000000000000343
100
AcDbArc
 50
83.2951695746
 51
211.8849003633
  0
ARC
  5
5EB
330
1F
100
AcDbEntity
  8
0
  6
Continuous
 62
     7
370
    25
100
AcDbCircle
 10
6.8965955503
 20
-0.3176073515
 30
0.0
 40
0.1499999999999595
100
AcDbArc
 50
211.8849003633
 51
271.8849003633
  0
ARC
  5
5EC
330
1F
100
AcDbEntity
  8
0
  6
Continuous
 62
     7
370
    25
100
AcDbCircle
 10
9.2020224638
 20
-0.2561481318
 30
0.0
 40
0.13607757394136
100
AcDbArc
 50
276.7048304254
 51
83.2951695746
  0
ARC
  5
5ED
330
1F
100
AcDbEntity
  8
0
  6
Continuous
 62
     7
370
    25
100
AcDbCircle
 10
5.8766610489
 20
-0.4512271157
 30
0.0
 40
0.0499999999999828
100
AcDbArc
 50
271.8849003633
 51
29.237849698
  0
ARC
  5
5EE
330
1F
100
AcDbEntity
  8
0
  6
Continuous
 62
     7
370
    25
100
AcDbCircle
 10
5.7316707198
 20
-0.1921994221
 30
0.0
 40
0.0500000000000014
100
AcDbArc
 50
29.237849698
 51
175.7433933313
  0
ARC
  5
5EF
330
1F
100
AcDbEntity
  8
0
  6
Continuous
 62
     7
370
    25
100
AcDbCircle
 10
5.0784774501
 20
-0.1435830422
 30
0.0
 40
0.6049999999992252
100
AcDbArc
 50
331.2534754981
 51
355.7433933313
  0
ARC
  5
5F0
330
1F
100
AcDbEntity
  8
0
  6
Continuous
 62
     7
370
    25
100
AcDbCircle
 10
5.6527525845
 20
-0.4585958515
 30
0.0
 40
0.0499999999999687
100
AcDbArc
 50
151.253475498
 51
271.8849003633
  0
ARC
  5
5F1
330
1F
100
AcDbEntity
  8
0
  6
Continuous
 62
     7
370
    25
100
AcDbCircle
 10
5.0784774501
 20
-0.1435830422
 30
0.0
 40
0.6050000000000124
100
AcDbArc
 50
153.3248447756
 51
212.1946257885
  0
ARC
  5
5F2
330
1F
100
AcDbEntity
  8
0
  6
Continuous
 62
     7
370
    25
100
AcDbCircle
 10
4.4485133218
 20
0.1729137146
 30
0.0
 40
0.1000000000000051
100
AcDbArc
 50
333.3248447756
 51
93.2926724801
  0
ARC
  5
5F3
330
1F
100
AcDbEntity
  8
0
  6
Continuous
 62
     7
370
    25
100
AcDbCircle
 10
4.1626801928
 20
0.1564693563
 30
0.0
 40
0.0999999999999851
100
AcDbArc
 50
93.2926724802
 51
214.0390386294
  0
ARC
  5
5F4
330
1F
100
AcDbEntity
  8
0
  6
Continuous
 62
     7
370
    25
100
AcDbCircle
 10
3.5784774501
 20
-0.2381597803
 30
0.0
 40
0.6049999999999939
100
AcDbArc
 50
334.5387493814
 51
34.0390386294
  0
ARC
  5
5F5
330
1F
100
AcDbEntity
  8
0
  6
Continuous
 62
     7
370
    25
100
AcDbCircle
 10
4.2150051953
 20
-0.5412396864
 30
0.0
 40
0.0999999999999958
100
AcDbArc
 50
154.5387493814
 51
274.7200561124
  0
ARC
  5
5F6
330
1F
100
AcDbEntity
  8
0
  6
Continuous
 62
     7
370
    25
100
AcDbCircle
 10
4.4818760329
 20
-0.5192048587
 30
0.0
 40
0.1000000000000405
100
AcDbArc
 50
274.7200561124
 51
32.1946257885
  0
MTEXT
  5
5F8
330
1F
100
AcDbEntity
  8
0
  6
Continuous
 62
     7
100
AcDbMText
 10
-11.6557303397
 20
-4.9566599368
 30
0.0
 40
0.1903
 41
0.0
 71
     1
 72
     1
  1
SOLIDWORKS Educational Product.
  7
SLDTEXTSTYLE0
 73
     1
 44
1.0
  0
MTEXT
  5
5F9
330
1F
100
AcDbEntity
  8
0
  6
Continuous
 62
     7
100
AcDbMText
 10
-11.6557303397
 20
-5.2421099368
 30
0.0
 40
0.1903
 41
0.0
 71
     1
 72
     1
  1
For Instructional Use Only.
  7
SLDTEXTSTYLE0
 73
     1
 44
1.0
  0
ENDSEC
  0
SECTION
  2
OBJECTS
  0
DICTIONARY
  5
C
330
0
100
AcDbDictionary
281
     1
  3
ACAD_GROUP
350
D
  3
ACAD_LAYOUT
350
1A
  3
ACAD_MLINESTYLE
350
17
  3
ACAD_PLOTSETTINGS
350
19
  3
ACAD_PLOTSTYLENAME
350
E
  3
ACAD_SCALELIST
350
47
  3
DWGPROPS
350
5FA
  0
DICTIONARY
  5
D
102
{ACAD_REACTORS
330
C
102
}
330
C
100
AcDbDictionary
281
     1
  0
DICTIONARY
  5
1A
102
{ACAD_REACTORS
330
C
102
}
330
C
100
AcDbDictionary
281
     1
  3
Layout1
350
1E
  3
Layout2
350
26
  3
Model
350
22
  0
DICTIONARY
  5
17
102
{ACAD_REACTORS
330
C
102
}
330
C
100
AcDbDictionary
281
     1
  3
Standard
350
18
  0
DICTIONARY
  5
19
102
{ACAD_REACTORS
330
C
102
}
330
C
100
AcDbDictionary
281
     1
  0
ACDBDICTIONARYWDFLT
  5
E
102
{ACAD_REACTORS
330
C
102
}
330
C
100
AcDbDictionary
281
     1
  3
Normal
350
F
100
AcDbDictionaryWithDefault
340
F
  0
DICTIONARY
  5
47
102
{ACAD_REACTORS
330
C
102
}
330
C
100
AcDbDictionary
281
     1
  3
A0
350
48
  3
A1
350
49
  3
A2
350
4A
  3
A3
350
4B
  3
A4
350
4C
  3
A5
350
4D
  3
A6
350
4E
  3
A7
350
4F
  3
A8
350
50
  3
A9
350
51
  3
B1
350
52
  3
B2
350
53
  3
B3
350
54
  3
B4
350
55
  3
B5
350
56
  3
B6
350
57
  3
B7
350
58
  0
XRECORD
  5
5FA
102
{ACAD_REACTORS
330
C
102
}
330
C
100
AcDbXrecord
280
     1
  1
DWGPROPS COOKIE
  2

  3

  4

  6

  7

  8
xxori
  9

300
=
301
=
302
=
303
=
304
=
305
=
306
=
307
=
308
=
309
=
 40
0.0
 41
2461204.013554792
 42
2461204.013909595
  1

 90
        0
  0
LAYOUT
  5
1E
102
{ACAD_REACTORS
330
1A
102
}
330
1A
100
AcDbPlotSettings
  1

  2
none_device
  4

  6

 40
0.0
 41
0.0
 42
0.0
 43
0.0
 44
0.0
 45
0.0
 46
0.0
 47
0.0
 48
0.0
 49
0.0
140
0.0
141
0.0
142
1.0
143
1.0
 70
   688
 72
     0
 73
     0
 74
     5
  7

 75
    16
147
1.0
148
0.0
149
0.0
100
AcDbLayout
  1
Layout1
 70
     1
 71
     1
 10
0.0
 20
0.0
 11
12.0
 21
9.0
 12
0.0
 22
0.0
 32
0.0
 14
1.0000000000E+20
 24
1.0000000000E+20
 34
1.0000000000E+20
 15
-1.0000000000E+20
 25
-1.0000000000E+20
 35
-1.0000000000E+20
146
0.0
 13
0.0
 23
0.0
 33
0.0
 16
1.0
 26
0.0
 36
0.0
 17
0.0
 27
1.0
 37
0.0
 76
     0
330
1B
  0
LAYOUT
  5
26
102
{ACAD_REACTORS
330
1A
102
}
330
1A
100
AcDbPlotSettings
  1

  2
none_device
  4

  6

 40
0.0
 41
0.0
 42
0.0
 43
0.0
 44
0.0
 45
0.0
 46
0.0
 47
0.0
 48
0.0
 49
0.0
140
0.0
141
0.0
142
1.0
143
1.0
 70
   688
 72
     0
 73
     0
 74
     5
  7

 75
    16
147
1.0
148
0.0
149
0.0
100
AcDbLayout
  1
Layout2
 70
     1
 71
     2
 10
0.0
 20
0.0
 11
0.0
 21
0.0
 12
0.0
 22
0.0
 32
0.0
 14
0.0
 24
0.0
 34
0.0
 15
0.0
 25
0.0
 35
0.0
146
0.0
 13
0.0
 23
0.0
 33
0.0
 16
1.0
 26
0.0
 36
0.0
 17
0.0
 27
1.0
 37
0.0
 76
     0
330
23
  0
LAYOUT
  5
22
102
{ACAD_REACTORS
330
1A
102
}
330
1A
100
AcDbPlotSettings
  1

  2
none_device
  4
ANSI_A_(11.00_x_8.50_Inches)
  6

 40
6.35
 41
19.05
 42
6.35000508
 43
19.05000254
 44
279.4
 45
215.9
 46
132.190701328
 47
91.8471660585
 48
0.0
 49
0.0
140
0.0
141
0.0
142
0.4632363878
143
1.0
 70
  1696
 72
     0
 73
     0
 74
     0
  7

 75
     0
147
0.5913241897
148
-39.4088153714
149
0.0
100
AcDbLayout
  1
Model
 70
     1
 71
     0
 10
0.0
 20
0.0
 11
12.0
 21
9.0
 12
0.0
 22
0.0
 32
0.0
 14
-11.6557303397
 24
-4.9165195277
 34
0.0
 15
11.8527855849
 25
4.4155648841
 35
0.0
146
0.0
 13
0.0
 23
0.0
 33
0.0
 16
1.0
 26
0.0
 36
0.0
 17
0.0
 27
1.0
 37
0.0
 76
     0
330
1F
331
29
  0
MLINESTYLE
  5
18
102
{ACAD_REACTORS
330
17
102
}
330
17
100
AcDbMlineStyle
  2
Standard
 70
     0
  3

 62
   256
 51
90.0
 52
90.0
 71
     2
 49
0.5
 62
   256
  6
BYLAYER
 49
-0.5
 62
   256
  6
BYLAYER
  0
ACDBPLACEHOLDER
  5
F
102
{ACAD_REACTORS
330
E
102
}
330
E
  0
SCALE
  5
48
102
{ACAD_REACTORS
330
47
102
}
330
47
100
AcDbScale
 70
     0
300
1:1
140
1.0
141
1.0
290
     1
  0
SCALE
  5
49
102
{ACAD_REACTORS
330
47
102
}
330
47
100
AcDbScale
 70
     0
300
1/128" = 1'-0"
140
0.0078125
141
12.0
290
     0
  0
SCALE
  5
4A
102
{ACAD_REACTORS
330
47
102
}
330
47
100
AcDbScale
 70
     0
300
1/64" = 1'-0"
140
0.015625
141
12.0
290
     0
  0
SCALE
  5
4B
102
{ACAD_REACTORS
330
47
102
}
330
47
100
AcDbScale
 70
     0
300
1/32" = 1'-0"
140
0.03125
141
12.0
290
     0
  0
SCALE
  5
4C
102
{ACAD_REACTORS
330
47
102
}
330
47
100
AcDbScale
 70
     0
300
1/16" = 1'-0"
140
0.0625
141
12.0
290
     0
  0
SCALE
  5
4D
102
{ACAD_REACTORS
330
47
102
}
330
47
100
AcDbScale
 70
     0
300
3/32" = 1'-0"
140
0.09375
141
12.0
290
     0
  0
SCALE
  5
4E
102
{ACAD_REACTORS
330
47
102
}
330
47
100
AcDbScale
 70
     0
300
1/8" = 1'-0"
140
0.125
141
12.0
290
     0
  0
SCALE
  5
4F
102
{ACAD_REACTORS
330
47
102
}
330
47
100
AcDbScale
 70
     0
300
3/16" = 1'-0"
140
0.1875
141
12.0
290
     0
  0
SCALE
  5
50
102
{ACAD_REACTORS
330
47
102
}
330
47
100
AcDbScale
 70
     0
300
1/4" = 1'-0"
140
0.25
141
12.0
290
     0
  0
SCALE
  5
51
102
{ACAD_REACTORS
330
47
102
}
330
47
100
AcDbScale
 70
     0
300
3/8" = 1'-0"
140
0.375
141
12.0
290
     0
  0
SCALE
  5
52
102
{ACAD_REACTORS
330
47
102
}
330
47
100
AcDbScale
 70
     0
300
1/2" = 1'-0"
140
0.5
141
12.0
290
     0
  0
SCALE
  5
53
102
{ACAD_REACTORS
330
47
102
}
330
47
100
AcDbScale
 70
     0
300
3/4" = 1'-0"
140
0.75
141
12.0
290
     0
  0
SCALE
  5
54
102
{ACAD_REACTORS
330
47
102
}
330
47
100
AcDbScale
 70
     0
300
1" = 1'-0"
140
1.0
141
12.0
290
     0
  0
SCALE
  5
55
102
{ACAD_REACTORS
330
47
102
}
330
47
100
AcDbScale
 70
     0
300
1-1/2" = 1'-0"
140
1.5
141
12.0
290
     0
  0
SCALE
  5
56
102
{ACAD_REACTORS
330
47
102
}
330
47
100
AcDbScale
 70
     0
300
3" = 1'-0"
140
3.0
141
12.0
290
     0
  0
SCALE
  5
57
102
{ACAD_REACTORS
330
47
102
}
330
47
100
AcDbScale
 70
     0
300
6" = 1'-0"
140
6.0
141
12.0
290
     0
  0
SCALE
  5
58
102
{ACAD_REACTORS
330
47
102
}
330
47
100
AcDbScale
 70
     0
300
1'-0" = 1'-0"
140
12.0
141
12.0
290
     0
  0
ENDSEC
  0
EOF
