  0
SECTION
  2
HEADER
  9
$ACADVER
  1
AC1015
  9
$ACADMAINTVER
 70
     6
  9
$DWGCODEPAGE
  3
ANSI_1252
  9
$INSBASE
 10
0.0
 20
0.0
 30
0.0
  9
$EXTMIN
 10
-11.9310279588
 20
-9.0103119897
 30
0.0
  9
$EXTMAX
 10
12.0025182319
 20
4.7724798495
 30
0.0
  9
$LIMMIN
 10
0.0
 20
0.0
  9
$LIMMAX
 10
12.0
 20
9.0
  9
$ORTHOMODE
 70
     0
  9
$REGENMODE
 70
     1
  9
$FILLMODE
 70
     1
  9
$QTEXTMODE
 70
     0
  9
$MIRRTEXT
 70
     1
  9
$LTSCALE
 40
1.0
  9
$ATTMODE
 70
     1
  9
$TEXTSIZE
 40
0.1377952756
  9
$TRACEWID
 40
0.05
  9
$TEXTSTYLE
  7
Standard
  9
$CLAYER
  8
0
  9
$CELTYPE
  6
ByLayer
  9
$CECOLOR
 62
   256
  9
$CELTSCALE
 40
1.0
  9
$DISPSILH
 70
     0
  9
$DIMSCALE
 40
1.0
  9
$DIMASZ
 40
0.13
  9
$DIMEXO
 40
0.0
  9
$DIMDLI
 40
0.38
  9
$DIMRND
 40
0.0
  9
$DIMDLE
 40
0.0
  9
$DIMEXE
 40
0.125
  9
$DIMTP
 40
0.0
  9
$DIMTM
 40
0.0
  9
$DIMTXT
 40
0.1377952756
  9
$DIMCEN
 40
0.09
  9
$DIMTSZ
 40
0.0
  9
$DIMTOL
 70
     0
  9
$DIMLIM
 70
     0
  9
$DIMTIH
 70
     1
  9
$DIMTOH
 70
     1
  9
$DIMSE1
 70
     0
  9
$DIMSE2
 70
     0
  9
$DIMTAD
 70
     1
  9
$DIMZIN
 70
     1
  9
$DIMBLK
  1

  9
$DIMASO
 70
     1
  9
$DIMSHO
 70
     1
  9
$DIMPOST
  1

  9
$DIMAPOST
  1

  9
$DIMALT
 70
     0
  9
$DIMALTD
 70
     2
  9
$DIMALTF
 40
25.4
  9
$DIMLFAC
 40
1.0
  9
$DIMTOFL
 70
     0
  9
$DIMTVP
 40
0.0
  9
$DIMTIX
 70
     0
  9
$DIMSOXD
 70
     0
  9
$DIMSAH
 70
     0
  9
$DIMBLK1
  1

  9
$DIMBLK2
  1

  9
$DIMSTYLE
  2
Standard
  9
$DIMCLRD
 70
     0
  9
$DIMCLRE
 70
     0
  9
$DIMCLRT
 70
     0
  9
$DIMTFAC
 40
1.0
  9
$DIMGAP
 40
0.06
  9
$DIMJUST
 70
     0
  9
$DIMSD1
 70
     0
  9
$DIMSD2
 70
     0
  9
$DIMTOLJ
 70
     1
  9
$DIMTZIN
 70
     1
  9
$DIMALTZ
 70
     0
  9
$DIMALTTZ
 70
     0
  9
$DIMUPT
 70
     0
  9
$DIMDEC
 70
     2
  9
$DIMTDEC
 70
     2
  9
$DIMALTU
 70
     2
  9
$DIMALTTD
 70
     2
  9
$DIMTXSTY
  7
Standard
  9
$DIMAUNIT
 70
     0
  9
$DIMADEC
 70
     2
  9
$DIMALTRND
 40
0.0
  9
$DIMAZIN
 70
     0
  9
$DIMDSEP
 70
    46
  9
$DIMATFIT
 70
     3
  9
$DIMFRAC
 70
     0
  9
$DIMLDRBLK
  1

  9
$DIMLUNIT
 70
     2
  9
$DIMLWD
 70
    -2
  9
$DIMLWE
 70
    -2
  9
$DIMTMOVE
 70
     0
  9
$LUNITS
 70
     2
  9
$LUPREC
 70
     2
  9
$SKETCHINC
 40
0.1
  9
$FILLETRAD
 40
0.0
  9
$AUNITS
 70
     0
  9
$AUPREC
 70
     2
  9
$MENU
  1
.
  9
$ELEVATION
 40
0.0
  9
$PELEVATION
 40
0.0
  9
$THICKNESS
 40
0.0
  9
$LIMCHECK
 70
     0
  9
$CHAMFERA
 40
0.0
  9
$CHAMFERB
 40
0.0
  9
$CHAMFERC
 40
0.0
  9
$CHAMFERD
 40
0.0
  9
$SKPOLY
 70
     0
  9
$TDCREATE
 40
2461316.433562489
  9
$TDUCREATE
 40
2461316.725229156
  9
$TDUPDATE
 40
2461316.434101783
  9
$TDUUPDATE
 40
2461316.72576845
  9
$TDINDWG
 40
0.0000000116
  9
$TDUSRTIMER
 40
0.0000000116
  9
$USRTIMER
 70
     1
  9
$ANGBASE
 50
0.0
  9
$ANGDIR
 70
     0
  9
$PDMODE
 70
     0
  9
$PDSIZE
 40
-1.0
  9
$PLINEWID
 40
0.0
  9
$SPLFRAME
 70
     0
  9
$SPLINETYPE
 70
     6
  9
$SPLINESEGS
 70
     8
  9
$HANDSEED
  5
6E1
  9
$SURFTAB1
 70
     6
  9
$SURFTAB2
 70
     6
  9
$SURFTYPE
 70
     6
  9
$SURFU
 70
     6
  9
$SURFV
 70
     6
  9
$UCSBASE
  2

  9
$UCSNAME
  2

  9
$UCSORG
 10
0.0
 20
0.0
 30
0.0
  9
$UCSXDIR
 10
1.0
 20
0.0
 30
0.0
  9
$UCSYDIR
 10
0.0
 20
1.0
 30
0.0
  9
$UCSORTHOREF
  2

  9
$UCSORTHOVIEW
 70
     0
  9
$UCSORGTOP
 10
0.0
 20
0.0
 30
0.0
  9
$UCSORGBOTTOM
 10
0.0
 20
0.0
 30
0.0
  9
$UCSORGLEFT
 10
0.0
 20
0.0
 30
0.0
  9
$UCSORGRIGHT
 10
0.0
 20
0.0
 30
0.0
  9
$UCSORGFRONT
 10
0.0
 20
0.0
 30
0.0
  9
$UCSORGBACK
 10
0.0
 20
0.0
 30
0.0
  9
$PUCSBASE
  2

  9
$PUCSNAME
  2

  9
$PUCSORG
 10
0.0
 20
0.0
 30
0.0
  9
$PUCSXDIR
 10
1.0
 20
0.0
 30
0.0
  9
$PUCSYDIR
 10
0.0
 20
1.0
 30
0.0
  9
$PUCSORTHOREF
  2

  9
$PUCSORTHOVIEW
 70
     0
  9
$PUCSORGTOP
 10
0.0
 20
0.0
 30
0.0
  9
$PUCSORGBOTTOM
 10
0.0
 20
0.0
 30
0.0
  9
$PUCSORGLEFT
 10
0.0
 20
0.0
 30
0.0
  9
$PUCSORGRIGHT
 10
0.0
 20
0.0
 30
0.0
  9
$PUCSORGFRONT
 10
0.0
 20
0.0
 30
0.0
  9
$PUCSORGBACK
 10
0.0
 20
0.0
 30
0.0
  9
$USERI1
 70
     0
  9
$USERI2
 70
     0
  9
$USERI3
 70
     0
  9
$USERI4
 70
     0
  9
$USERI5
 70
     0
  9
$USERR1
 40
0.0
  9
$USERR2
 40
0.0
  9
$USERR3
 40
0.0
  9
$USERR4
 40
0.0
  9
$USERR5
 40
0.0
  9
$WORLDVIEW
 70
     1
  9
$SHADEDGE
 70
     3
  9
$SHADEDIF
 70
    70
  9
$TILEMODE
 70
     1
  9
$MAXACTVP
 70
    64
  9
$PINSBASE
 10
0.0
 20
0.0
 30
0.0
  9
$PLIMCHECK
 70
     0
  9
$PEXTMIN
 10
1.0000000000E+20
 20
1.0000000000E+20
 30
1.0000000000E+20
  9
$PEXTMAX
 10
-1.0000000000E+20
 20
-1.0000000000E+20
 30
-1.0000000000E+20
  9
$PLIMMIN
 10
0.0
 20
0.0
  9
$PLIMMAX
 10
12.0
 20
9.0
  9
$UNITMODE
 70
     0
  9
$VISRETAIN
 70
     1
  9
$PLINEGEN
 70
     0
  9
$PSLTSCALE
 70
     1
  9
$TREEDEPTH
 70
  3020
  9
$CMLSTYLE
  2
Standard
  9
$CMLJUST
 70
     0
  9
$CMLSCALE
 40
1.0
  9
$PROXYGRAPHICS
 70
     1
  9
$MEASUREMENT
 70
     0
  9
$CELWEIGHT
370
    -1
  9
$ENDCAPS
280
     0
  9
$JOINSTYLE
280
     0
  9
$LWDISPLAY
290
     1
  9
$INSUNITS
 70
     1
  9
$HYPERLINKBASE
  1

  9
$STYLESHEET
  1

  9
$XEDIT
290
     1
  9
$CEPSNTYPE
380
     0
  9
$PSTYLEMODE
290
     1
  9
$FINGERPRINTGUID
  2
{6333daf9-b73e-4d69-bfd6-5e65a77b836d}
  9
$VERSIONGUID
  2
{FAEB1C32-E019-11D5-929B-00C0DF256EC4}
  9
$EXTNAMES
290
     1
  9
$PSVPSCALE
 40
0.0
  9
$OLESTARTUP
290
     0
  0
ENDSEC
  0
SECTION
  2
CLASSES
  0
CLASS
  1
ACDBDICTIONARYWDFLT
  2
AcDbDictionaryWithDefault
  3
ObjectDBX Classes
 90
        0
280
     0
281
     0
  0
CLASS
  1
VISUALSTYLE
  2
AcDbVisualStyle
  3
ObjectDBX Classes
 90
     4095
280
     0
281
     0
  0
CLASS
  1
MATERIAL
  2
AcDbMaterial
  3
ObjectDBX Classes
 90
     1153
280
     0
281
     0
  0
CLASS
  1
SCALE
  2
AcDbScale
  3
ObjectDBX Classes
 90
     1153
280
     0
281
     0
  0
CLASS
  1
TABLESTYLE
  2
AcDbTableStyle
  3
ObjectDBX Classes
 90
     4095
280
     0
281
     0
  0
CLASS
  1
MLEADERSTYLE
  2
AcDbMLeaderStyle
  3
ACDB_MLEADERSTYLE_CLASS
 90
     4095
280
     0
281
     0
  0
CLASS
  1
SUN
  2
AcDbSun
  3
SCENEOE
 90
     1153
280
     0
281
     0
  0
CLASS
  1
ACDBPLACEHOLDER
  2
AcDbPlaceHolder
  3
ObjectDBX Classes
 90
        0
280
     0
281
     0
  0
CLASS
  1
LAYOUT
  2
AcDbLayout
  3
ObjectDBX Classes
 90
        0
280
     0
281
     0
  0
ENDSEC
  0
SECTION
  2
TABLES
  0
TABLE
  2
VPORT
  5
8
330
0
100
AcDbSymbolTable
 70
     1
  0
VPORT
  5
29
330
8
100
AcDbSymbolTableRecord
100
AcDbViewportTableRecord
  2
*Active
 70
     0
 10
0.0
 20
0.0
 11
1.0
 21
1.0
 12
0.0357451365
 22
-2.1189160701
 13
0.0
 23
0.0
 14
0.5
 24
0.5
 15
0.5
 25
0.5
 16
0.0
 26
0.0
 36
1.0
 17
0.0
 27
0.0
 37
0.0
 40
14.058447676
 41
1.736480277
 42
50.0
 43
0.0
 44
0.0
 50
0.0
 51
0.0
 71
     0
 72
   100
 73
     1
 74
     3
 75
     0
 76
     0
 77
     0
 78
     0
281
     0
 65
     1
110
0.0
120
0.0
130
0.0
111
1.0
121
0.0
131
0.0
112
0.0
122
1.0
132
0.0
 79
     0
146
0.0
  0
ENDTAB
  0
TABLE
  2
LTYPE
  5
5
330
0
100
AcDbSymbolTable
 70
     6
  0
LTYPE
  5
14
330
5
100
AcDbSymbolTableRecord
100
AcDbLinetypeTableRecord
  2
ByBlock
 70
     0
  3

 72
    65
 73
     0
 40
0.0
  0
LTYPE
  5
15
330
5
100
AcDbSymbolTableRecord
100
AcDbLinetypeTableRecord
  2
ByLayer
 70
     0
  3

 72
    65
 73
     0
 40
0.0
  0
LTYPE
  5
16
330
5
100
AcDbSymbolTableRecord
100
AcDbLinetypeTableRecord
  2
Continuous
 70
     0
  3
Solid line
 72
    65
 73
     0
 40
0.0
  0
LTYPE
  5
5E
330
5
100
AcDbSymbolTableRecord
100
AcDbLinetypeTableRecord
  2
HIDDEN
 70
     0
  3
Hidden __ __ __ __ __ __ __ __ __ __ __ __ __ __
 72
    65
 73
     2
 40
0.075
 49
0.05
 74
     0
 49
-0.025
 74
     0
  0
LTYPE
  5
5F
330
5
100
AcDbSymbolTableRecord
100
AcDbLinetypeTableRecord
  2
PHANTOM
 70
     0
  3
Phantom ______  __  __  ______  __  __  ______
 72
    65
 73
     6
 40
0.5
 49
0.25
 74
     0
 49
-0.05
 74
     0
 49
0.05
 74
     0
 49
-0.05
 74
     0
 49
0.05
 74
     0
 49
-0.05
 74
     0
  0
LTYPE
  5
60
330
5
100
AcDbSymbolTableRecord
100
AcDbLinetypeTableRecord
  2
CENTER
 70
     0
  3
Center ____ _ ____ _ ____ _ ____ _ ____ _ ____
 72
    65
 73
     4
 40
0.4
 49
0.25
 74
     0
 49
-0.05
 74
     0
 49
0.05
 74
     0
 49
-0.05
 74
     0
  0
LTYPE
  5
61
330
5
100
AcDbSymbolTableRecord
100
AcDbLinetypeTableRecord
  2
CENTERX2
 70
     0
  3
Center (2x) ________  __  ________  __  _____
 72
    65
 73
     4
 40
0.8
 49
0.5
 74
     0
 49
-0.1
 74
     0
 49
0.1
 74
     0
 49
-0.1
 74
     0
  0
LTYPE
  5
62
330
5
100
AcDbSymbolTableRecord
100
AcDbLinetypeTableRecord
  2
DOT2
 70
     0
  3
Dot (.5x) ........................................
 72
    65
 73
     2
 40
0.025
 49
0.0
 74
     0
 49
-0.025
 74
     0
  0
ENDTAB
  0
TABLE
  2
LAYER
  5
2
330
0
100
AcDbSymbolTable
 70
     1
  0
LAYER
  5
10
330
2
100
AcDbSymbolTableRecord
100
AcDbLayerTableRecord
  2
0
 70
     0
 62
     7
  6
Continuous
370
    -3
390
F
  0
ENDTAB
  0
TABLE
  2
STYLE
  5
3
330
0
100
AcDbSymbolTable
 70
     2
  0
STYLE
  5
11
330
3
100
AcDbSymbolTableRecord
100
AcDbTextStyleTableRecord
  2
Standard
 70
     0
 40
0.0
 41
1.0
 50
0.0
 71
     0
 42
0.1377952756
  3
txt
  4

  0
STYLE
  5
6DD
330
3
100
AcDbSymbolTableRecord
100
AcDbTextStyleTableRecord
  2
SLDTEXTSTYLE0
 70
     0
 40
0.0
 41
0.7
 50
0.0
 71
     0
 42
0.1377952756
  3
TXT
  4

  0
ENDTAB
  0
TABLE
  2
VIEW
  5
6
330
0
100
AcDbSymbolTable
 70
     0
  0
ENDTAB
  0
TABLE
  2
UCS
  5
7
330
0
100
AcDbSymbolTable
 70
     0
  0
ENDTAB
  0
TABLE
  2
APPID
  5
9
330
0
100
AcDbSymbolTable
 70
     1
  0
APPID
  5
12
330
9
100
AcDbSymbolTableRecord
100
AcDbRegAppTableRecord
  2
ACAD
 70
     0
  0
ENDTAB
  0
TABLE
  2
DIMSTYLE
  5
A
330
0
100
AcDbSymbolTable
 70
     1
100
AcDbDimStyleTable
  0
DIMSTYLE
105
27
330
A
100
AcDbSymbolTableRecord
100
AcDbDimStyleTableRecord
  2
Standard
 70
     0
178
     0
340
11
  0
ENDTAB
  0
TABLE
  2
BLOCK_RECORD
  5
1
330
0
100
AcDbSymbolTable
 70
     1
  0
BLOCK_RECORD
  5
1F
330
1
100
AcDbSymbolTableRecord
100
AcDbBlockTableRecord
  2
*Model_Space
340
22
  0
BLOCK_RECORD
  5
1B
330
1
100
AcDbSymbolTableRecord
100
AcDbBlockTableRecord
  2
*Paper_Space
340
1E
  0
BLOCK_RECORD
  5
23
330
1
100
AcDbSymbolTableRecord
100
AcDbBlockTableRecord
  2
*Paper_Space0
340
26
  0
ENDTAB
  0
ENDSEC
  0
SECTION
  2
BLOCKS
  0
BLOCK
  5
20
330
1F
100
AcDbEntity
  8
0
100
AcDbBlockBegin
  2
*Model_Space
 70
     0
 10
0.0
 20
0.0
 30
0.0
  3
*Model_Space
  1

  0
ENDBLK
  5
21
330
1F
100
AcDbEntity
  8
0
100
AcDbBlockEnd
  0
BLOCK
  5
1C
330
1B
100
AcDbEntity
 67
     1
  8
0
100
AcDbBlockBegin
  2
*Paper_Space
 70
     0
 10
0.0
 20
0.0
 30
0.0
  3
*Paper_Space
  1

  0
ENDBLK
  5
1D
330
1B
100
AcDbEntity
 67
     1
  8
0
100
AcDbBlockEnd
  0
BLOCK
  5
24
330
23
100
AcDbEntity
  8
0
100
AcDbBlockBegin
  2
*Paper_Space0
 70
     0
 10
0.0
 20
0.0
 30
0.0
  3
*Paper_Space0
  1

  0
ENDBLK
  5
25
330
23
100
AcDbEntity
  8
0
100
AcDbBlockEnd
  0
ENDSEC
  0
SECTION
  2
ENTITIES
  0
CIRCLE
  5
6A
330
1F
100
AcDbEntity
  8
0
  6
Continuous
 62
     7
370
    25
100
AcDbCircle
 10
5.3668467069
 20
0.368737399
 30
0.0
 40
0.4550000000000037
  0
CIRCLE
  5
6B
330
1F
100
AcDbEntity
  8
0
  6
Continuous
 62
     7
370
    25
100
AcDbCircle
 10
3.8641233779
 20
0.3410362091
 30
0.0
 40
0.4550000000000042
  0
CIRCLE
  5
82
330
1F
100
AcDbEntity
  8
0
  6
Continuous
 62
     7
370
    25
100
AcDbCircle
 10
8.2761284273
 20
-1.4463995802
 30
0.0
 40
0.1181102362204837
  0
CIRCLE
  5
83
330
1F
100
AcDbEntity
  8
0
  6
Continuous
 62
     7
370
    25
100
AcDbCircle
 10
7.877383089
 20
-1.4147427452
 30
0.0
 40
0.1181102362204665
  0
CIRCLE
  5
84
330
1F
100
AcDbEntity
  8
0
  6
Continuous
 62
     7
370
    25
100
AcDbCircle
 10
8.6748737656
 20
-1.4780564151
 30
0.0
 40
0.1181102362204854
  0
CIRCLE
  5
85
330
1F
100
AcDbEntity
  8
0
  6
Continuous
 62
     7
370
    25
100
AcDbCircle
 10
7.4786377507
 20
-1.3830859103
 30
0.0
 40
0.1181102362204666
  0
CIRCLE
  5
86
330
1F
100
AcDbEntity
  8
0
  6
Continuous
 62
     7
370
    25
100
AcDbCircle
 10
7.0798924124
 20
-1.3514290754
 30
0.0
 40
0.1181102362204648
  0
SPLINE
  5
88
330
1F
100
AcDbEntity
  8
0
  6
Continuous
 62
     7
370
    25
100
AcDbSpline
210
0.0
220
0.0
230
1.0
 70
     8
 71
     3
 72
     9
 73
     5
 74
     0
 42
0.00000001
 43
0.00000001
 40
0.0
 40
0.0
 40
0.0
 40
0.0
 40
0.5600095428437424
 40
1.0
 40
1.0
 40
1.0
 40
1.0
 10
4.363891749174067
 20
-0.1946827098927756
 30
0.0
 10
4.688730804178362
 20
-0.1813809878095012
 30
0.0
 10
5.268790660577866
 20
-0.1576283174251217
 30
0.0
 10
5.84900947718377
 20
-0.1381599876974033
 30
0.0
 10
6.104300219552863
 20
-0.1295941084004358
 30
0.0
  0
SPLINE
  5
8E
330
1F
100
AcDbEntity
  8
0
  6
Continuous
 62
     7
370
    25
100
AcDbSpline
210
0.0
220
0.0
230
1.0
 70
     8
 71
     3
 72
     9
 73
     5
 74
     0
 42
0.00000001
 43
0.00000001
 40
0.0
 40
0.0
 40
0.0
 40
0.0
 40
0.5600254466929813
 40
1.0
 40
1.0
 40
1.0
 40
1.0
 10
1.405120063657381
 20
-0.2528647709317393
 30
0.0
 10
1.657032952193227
 20
-0.2572944763525575
 30
0.0
 10
2.106856955769175
 20
-0.2652043051772585
 30
0.0
 10
2.556677129427516
 20
-0.2576884026827004
 30
0.0
 10
2.754586559401331
 20
-0.254381596839958
 30
0.0
  0
SPLINE
  5
8F
330
1F
100
AcDbEntity
  8
0
  6
Continuous
 62
     7
370
    25
100
AcDbSpline
210
0.0
220
0.0
230
1.0
 70
     8
 71
     3
 72
    15
 73
    11
 74
     0
 42
0.00000001
 43
0.00000001
 40
0.0
 40
0.0
 40
0.0
 40
0.0
 40
0.2493506067843109
 40
0.3130204017095131
 40
0.3756083666696724
 40
0.4372454478611487
 40
0.5011722410328621
 40
0.6246132795293894
 40
0.7504519728929577
 40
0.9999999999999999
 40
0.9999999999999999
 40
0.9999999999999999
 40
0.9999999999999999
 10
1.405120063657381
 20
-0.2528647709317393
 30
0.0
 10
1.359306935742268
 20
-0.2520055362989914
 30
0.0
 10
1.301795771488466
 20
-0.2509269025897174
 30
0.0
 10
1.234608459271548
 20
-0.2370970522027575
 30
0.0
 10
1.201854113971269
 20
-0.2241583678228813
 30
0.0
 10
1.179028740201718
 20
-0.1969281930134818
 30
0.0
 10
1.160724825938182
 20
-0.1551129814793161
 30
0.0
 10
1.154982784082428
 20
-0.0953024848762633
 30
0.0
 10
1.195013519901597
 20
-0.0109205053532123
 30
0.0
 10
1.236872592953531
 20
0.0433378821016234
 30
0.0
 10
1.264699493925265
 20
0.0794075478755991
 30
0.0
  0
SPLINE
  5
90
330
1F
100
AcDbEntity
  8
0
  6
Continuous
 62
     7
370
    25
100
AcDbSpline
210
0.0
220
0.0
230
1.0
 70
     8
 71
     3
 72
    30
 73
    26
 74
     0
 42
0.00000001
 43
0.00000001
 40
0.0
 40
0.0
 40
0.0
 40
0.0
 40
0.0199852284469491
 40
0.0399909945833395
 40
0.059991810436861
 40
0.0800359715673089
 40
0.1000540317088933
 40
0.1200488676977014
 40
0.1400385570815843
 40
0.1767147924726663
 40
0.2134054529626966
 40
0.2500636414427642
 40
0.3125503299101291
 40
0.3750555749010119
 40
0.4375288821493116
 40
0.5000326630591937
 40
0.5933607559114126
 40
0.6866890396101896
 40
0.7799683617885685
 40
0.816621565242432
 40
0.8533036665723434
 40
0.8900234411976609
 40
0.9267225213551125
 40
0.9633496652920419
 40
1.0
 40
1.0
 40
1.0
 40
1.0
 10
1.264699493925265
 20
0.0794075478755991
 30
0.0
 10
1.313659991009507
 20
0.1334418303619665
 30
0.0
 10
1.411631299112939
 20
0.2415659233120696
 30
0.0
 10
1.592003175387778
 20
0.3672420748788766
 30
0.0
 10
1.785825877067887
 20
0.4685796853686018
 30
0.0
 10
1.988583728356025
 20
0.5507303393060605
 30
0.0
 10
2.195115171013027
 20
0.6222391836743304
 30
0.0
 10
2.404947076243045
 20
0.6828377641032516
 30
0.0
 10
2.676399607492314
 20
0.7472928498814472
 30
0.0
 10
3.011110824621472
 20
0.8063481166799695
 30
0.0
 10
3.40800060170368
 20
0.8588568532191831
 30
0.0
 10
3.899887488501563
 20
0.9078313433540759
 30
0.0
 10
4.487935792555861
 20
0.9325572090506201
 30
0.0
 10
5.170254837520133
 20
0.9221540348181231
 30
0.0
 10
5.850809756915284
 20
0.8702872665036667
 30
0.0
 10
6.638703335350693
 20
0.7691317360319916
 30
0.0
 10
7.536606767198331
 20
0.6448939326600329
 30
0.0
 10
8.543754642582096
 20
0.4925421898127608
 30
0.0
 10
9.342136416267024
 20
0.3421327843525049
 30
0.0
 10
9.936054537739375
 20
0.2208448035833313
 30
0.0
 10
10.32818959068538
 20
0.1399046927949609
 30
0.0
 10
10.72106491646331
 20
0.0616348404223311
 30
0.0
 10
11.11247710367329
 20
-0.0223180065780276
 30
0.0
 10
11.50075857870853
 20
-0.1210299297226505
 30
0.0
 10
11.75121268108449
 20
-0.2128794435018868
 30
0.0
 10
11.87647936398367
 20
-0.2588187346050353
 30
0.0
  0
SPLINE
  5
92
330
1F
100
AcDbEntity
  8
0
  6
Continuous
 62
     7
370
    25
100
AcDbSpline
210
0.0
220
0.0
230
1.0
 70
     8
 71
     3
 72
    11
 73
     7
 74
     0
 42
0.00000001
 43
0.00000001
 40
0.0
 40
0.0
 40
0.0
 40
0.0
 40
0.2800134148414521
 40
0.5600083365744012
 40
0.7800013087174471
 40
1.0
 40
1.0
 40
1.0
 40
1.0
 10
9.778418390534682
 20
-0.173530903246969
 30
0.0
 10
9.972523981135764
 20
-0.1830538280763512
 30
0.0
 10
10.36072234289586
 20
-0.2020990488063833
 30
0.0
 10
10.90028531620528
 20
-0.2455418918058749
 30
0.0
 10
11.39772083581112
 20
-0.295261780441092
 30
0.0
 10
11.70313594442926
 20
-0.3013289621302754
 30
0.0
 10
11.8558454836755
 20
-0.3043625924063622
 30
0.0
  0
CIRCLE
  5
99
330
1F
100
AcDbEntity
  8
0
  6
Continuous
 62
     7
370
    25
100
AcDbCircle
 10
3.5659491188
 20
-1.0724532177
 30
0.0
 40
0.1181102362204834
  0
CIRCLE
  5
B5
330
1F
100
AcDbEntity
  8
0
  6
Continuous
 62
     7
370
    25
100
AcDbCircle
 10
7.7950078466
 20
-2.8245499615
 30
0.0
 40
0.4549999999999869
  0
CIRCLE
  5
B6
330
1F
100
AcDbEntity
  8
0
  6
Continuous
 62
     7
370
    25
100
AcDbCircle
 10
9.2977311756
 20
-2.7968487717
 30
0.0
 40
0.4550000000000042
  0
CIRCLE
  5
CD
330
1F
100
AcDbEntity
  8
0
  6
Continuous
 62
     7
370
    25
100
AcDbCircle
 10
4.8857261262
 20
-1.0094129824
 30
0.0
 40
0.1181102362204836
  0
CIRCLE
  5
CE
330
1F
100
AcDbEntity
  8
0
  6
Continuous
 62
     7
370
    25
100
AcDbCircle
 10
5.2844714645
 20
-1.0410698173
 30
0.0
 40
0.1181102362204843
  0
CIRCLE
  5
CF
330
1F
100
AcDbEntity
  8
0
  6
Continuous
 62
     7
370
    25
100
AcDbCircle
 10
4.4869807879
 20
-0.9777561475
 30
0.0
 40
0.1181102362204827
  0
CIRCLE
  5
D0
330
1F
100
AcDbEntity
  8
0
  6
Continuous
 62
     7
370
    25
100
AcDbCircle
 10
5.6832168028
 20
-1.0727266522
 30
0.0
 40
0.1181102362204843
  0
CIRCLE
  5
D1
330
1F
100
AcDbEntity
  8
0
  6
Continuous
 62
     7
370
    25
100
AcDbCircle
 10
6.081962141
 20
-1.1043834871
 30
0.0
 40
0.1181102362204657
  0
SPLINE
  5
D3
330
1F
100
AcDbEntity
  8
0
  6
Continuous
 62
     7
370
    25
100
AcDbSpline
210
0.0
220
0.0
230
1.0
 70
     8
 71
     3
 72
     9
 73
     5
 74
     0
 42
0.00000001
 43
0.00000001
 40
0.0
 40
0.0
 40
0.0
 40
0.0
 40
0.5600095428437377
 40
1.0
 40
1.0
 40
1.0
 40
1.0
 10
8.79796280432105
 20
-2.261129852638387
 30
0.0
 10
8.473123749316763
 20
-2.274431574721657
 30
0.0
 10
7.893063892917262
 20
-2.298184245106028
 30
0.0
 10
7.312845076311365
 20
-2.317652574833755
 30
0.0
 10
7.057554333942273
 20
-2.326218454130727
 30
0.0
  0
SPLINE
  5
D9
330
1F
100
AcDbEntity
  8
0
  6
Continuous
 62
     7
370
    25
100
AcDbSpline
210
0.0
220
0.0
230
1.0
 70
     8
 71
     3
 72
     9
 73
     5
 74
     0
 42
0.00000001
 43
0.00000001
 40
0.0
 40
0.0
 40
0.0
 40
0.0
 40
0.5600254466929814
 40
1.0
 40
1.0
 40
1.0
 40
1.0
 10
11.75673448983775
 20
-2.20294779159945
 30
0.0
 10
11.50482160130191
 20
-2.198518086178629
 30
0.0
 10
11.05499759772596
 20
-2.190608257353923
 30
0.0
 10
10.60517742406762
 20
-2.198124159848474
 30
0.0
 10
10.40726799409381
 20
-2.201430965691213
 30
0.0
  0
SPLINE
  5
DA
330
1F
100
AcDbEntity
  8
0
  6
Continuous
 62
     7
370
    25
100
AcDbSpline
210
0.0
220
0.0
230
1.0
 70
     8
 71
     3
 72
    15
 73
    11
 74
     0
 42
0.00000001
 43
0.00000001
 40
0.0
 40
0.0
 40
0.0
 40
0.0
 40
0.2493506067843091
 40
0.3130204017095108
 40
0.3756083666696406
 40
0.4372454478611378
 40
0.5011722410328506
 40
0.6246132795293954
 40
0.7504519728929597
 40
1.0
 40
1.0
 40
1.0
 40
1.0
 10
11.75673448983775
 20
-2.20294779159945
 30
0.0
 10
11.80254761775286
 20
-2.203807026232198
 30
0.0
 10
11.86005878200666
 20
-2.204885659941475
 30
0.0
 10
11.92724609422359
 20
-2.218715510328427
 30
0.0
 10
11.96000043952385
 20
-2.231654194708318
 30
0.0
 10
11.98282581329342
 20
-2.258884369517701
 30
0.0
 10
12.00112972755695
 20
-2.300699581051878
 30
0.0
 10
12.00687176941274
 20
-2.360510077654931
 30
0.0
 10
11.96684103359352
 20
-2.444892057177972
 30
0.0
 10
11.9249819605416
 20
-2.49915044463281
 30
0.0
 10
11.89715505956987
 20
-2.535220110406788
 30
0.0
  0
SPLINE
  5
DB
330
1F
100
AcDbEntity
  8
0
  6
Continuous
 62
     7
370
    25
100
AcDbSpline
210
0.0
220
0.0
230
1.0
 70
     8
 71
     3
 72
    30
 73
    26
 74
     0
 42
0.00000001
 43
0.00000001
 40
0.0
 40
0.0
 40
0.0
 40
0.0
 40
0.0199852284469491
 40
0.0399909945833391
 40
0.0599918104368606
 40
0.0800359715673086
 40
0.1000540317088945
 40
0.120048867697701
 40
0.1400385570815857
 40
0.1767147924726676
 40
0.213405452962698
 40
0.2500636414427655
 40
0.3125503299101305
 40
0.3750555749010118
 40
0.4375288821493133
 40
0.5000326630591954
 40
0.5933607559114129
 40
0.6866890396101918
 40
0.7799683617885693
 40
0.8166215652424346
 40
0.8533036665723459
 40
0.8900234411976621
 40
0.9267225213551152
 40
0.963349665292045
 40
1.0
 40
1.0
 40
1.0
 40
1.0
 10
11.89715505956987
 20
-2.535220110406788
 30
0.0
 10
11.84819456248563
 20
-2.589254392893156
 30
0.0
 10
11.7502232543822
 20
-2.697378485843259
 30
0.0
 10
11.56985137810735
 20
-2.823054637410054
 30
0.0
 10
11.37602867642725
 20
-2.924392247899782
 30
0.0
 10
11.1732708251391
 20
-3.006542901837244
 30
0.0
 10
10.9667393824821
 20
-3.078051746205505
 30
0.0
 10
10.75690747725208
 20
-3.138650326634434
 30
0.0
 10
10.48545494600281
 20
-3.20310541241264
 30
0.0
 10
10.15074372887364
 20
-3.262160679211139
 30
0.0
 10
9.753853951791434
 20
-3.314669415750362
 30
0.0
 10
9.261967064993556
 20
-3.363643905885237
 30
0.0
 10
8.673918760939264
 20
-3.388369771581791
 30
0.0
 10
7.991599715974989
 20
-3.377966597349285
 30
0.0
 10
7.311044796579838
 20
-3.326099829034819
 30
0.0
 10
6.523151218144426
 20
-3.224944298563149
 30
0.0
 10
5.625247786296796
 20
-3.100706495191174
 30
0.0
 10
4.618099910913037
 20
-2.948354752343899
 30
0.0
 10
3.819718137228095
 20
-2.797945346883643
 30
0.0
 10
3.22580001575575
 20
-2.676657366114459
 30
0.0
 10
2.833664962809737
 20
-2.595717255326094
 30
0.0
 10
2.440789637031813
 20
-2.517447402953441
 30
0.0
 10
2.049377449821836
 20
-2.433494555953096
 30
0.0
 10
1.661095974786602
 20
-2.334782632808463
 30
0.0
 10
1.410641872410648
 20
-2.242933119029222
 30
0.0
 10
1.285375189511483
 20
-2.196993827926075
 30
0.0
  0
SPLINE
  5
DD
330
1F
100
AcDbEntity
  8
0
  6
Continuous
 62
     7
370
    25
100
AcDbSpline
210
0.0
220
0.0
230
1.0
 70
     8
 71
     3
 72
    11
 73
     7
 74
     0
 42
0.00000001
 43
0.00000001
 40
0.0
 40
0.0
 40
0.0
 40
0.0
 40
0.2800134148414378
 40
0.5600083365743974
 40
0.7800013087174453
 40
1.0
 40
1.0
 40
1.0
 40
1.0
 10
3.383436162960434
 20
-2.282281659284159
 30
0.0
 10
3.189330572359369
 20
-2.272758734454772
 30
0.0
 10
2.801132210599283
 20
-2.25371351372473
 30
0.0
 10
2.261569237289853
 20
-2.21027067072525
 30
0.0
 10
1.764133717684015
 20
-2.160550782090015
 30
0.0
 10
1.458718609065875
 20
-2.154483600400834
 30
0.0
 10
1.306009069819637
 20
-2.151449970124748
 30
0.0
  0
CIRCLE
  5
E4
330
1F
100
AcDbEntity
  8
0
  6
Continuous
 62
     7
370
    25
100
AcDbCircle
 10
9.5959054347
 20
-1.3833593448
 30
0.0
 40
0.1181102362204833
  0
SPLINE
  5
FA
330
1F
100
AcDbEntity
  8
0
  6
Continuous
 62
     7
370
    25
100
AcDbSpline
210
0.0
220
0.0
230
1.0
 70
     8
 71
     3
 72
     9
 73
     5
 74
     0
 42
0.00000001
 43
0.00000001
 40
0.0
 40
0.0
 40
0.0
 40
0.0
 40
0.559352969539651
 40
1.0
 40
1.0
 40
1.0
 40
1.0
 10
-10.90157377088118
 20
-4.683838246381308
 30
0.0
 10
-10.80918435847308
 20
-4.686461592869501
 30
0.0
 10
-10.64401242332784
 20
-4.691151559010827
 30
0.0
 10
-10.47937452966713
 20
-4.677554351475662
 30
0.0
 10
-10.40682733072428
 20
-4.671562782352739
 30
0.0
  0
SPLINE
  5
FC
330
1F
100
AcDbEntity
  8
0
  6
Continuous
 62
     7
370
    25
100
AcDbSpline
210
0.0
220
0.0
230
1.0
 70
     8
 71
     3
 72
     9
 73
     5
 74
     0
 42
0.00000001
 43
0.00000001
 40
0.0
 40
0.0
 40
0.0
 40
0.0
 40
0.561282609612542
 40
1.0
 40
1.0
 40
1.0
 40
1.0
 10
-10.40738071280567
 20
-4.457900849577706
 30
0.0
 10
-10.49536827748932
 20
-4.449200118865255
 30
0.0
 10
-10.65212988594961
 20
-4.433698604007247
 30
0.0
 10
-10.8086128274841
 20
-4.415606877133696
 30
0.0
 10
-10.87726461523426
 20
-4.407669721932128
 30
0.0
  0
SPLINE
  5
102
330
1F
100
AcDbEntity
  8
0
  6
Continuous
 62
     7
370
    25
100
AcDbSpline
210
0.0
220
0.0
230
1.0
 70
     8
 71
     3
 72
    34
 73
    30
 74
     0
 42
0.00000001
 43
0.00000001
 40
0.0
 40
0.0
 40
0.0
 40
0.0
 40
0.0831359464401132
 40
0.1662100711800253
 40
0.2486080245488412
 40
0.277522325038574
 40
0.3062551618455402
 40
0.3344440845025235
 40
0.3614999860792673
 40
0.3658277767602995
 40
0.368226912855033
 40
0.3684737247324487
 40
0.3686514691978121
 40
0.3691165149067482
 40
0.3716968402816507
 40
0.375673920989035
 40
0.380656878077314
 40
0.3856920532821076
 40
0.40763858475113
 40
0.4302370023671675
 40
0.4668619580581307
 40
0.5000556716072412
 40
0.5335968783008357
 40
0.5848235456948088
 40
0.6364255679148738
 40
0.6882341448256457
 40
0.791974070963
 40
0.8959079195521821
 40
1.0
 40
1.0
 40
1.0
 40
1.0
 10
-9.945739562498106
 20
-4.413900288715718
 30
0.0
 10
-10.07171274434358
 20
-4.408039523565407
 30
0.0
 10
-10.32356543163321
 20
-4.396322351457377
 30
0.0
 10
-10.69852429831266
 20
-4.355875086941136
 30
0.0
 10
-10.99117626170811
 20
-4.319519113909207
 30
0.0
 10
-11.2032185075064
 20
-4.30649283758243
 30
0.0
 10
-11.33359062457328
 20
-4.306870261483726
 30
0.0
 10
-11.46035429903051
 20
-4.318686579441372
 30
0.0
 10
-11.54936407701747
 20
-4.340497184659445
 30
0.0
 10
-11.59535904580817
 20
-4.36298505492884
 30
0.0
 10
-11.60472056201284
 20
-4.368017254043195
 30
0.0
 10
-11.60799680349748
 20
-4.370830380533016
 30
0.0
 10
-11.60870230571884
 20
-4.372000016080612
 30
0.0
 10
-11.60977196294541
 20
-4.376828901487352
 30
0.0
 10
-11.60998773463879
 20
-4.387484898272476
 30
0.0
 10
-11.61121940137347
 20
-4.404936054250089
 30
0.0
 10
-11.60898601230872
 20
-4.426325904696085
 30
0.0
 10
-11.59010286204431
 20
-4.471368989570508
 30
0.0
 10
-11.54187521003431
 20
-4.530980782946304
 30
0.0
 10
-11.44558800662865
 20
-4.608340768267984
 30
0.0
 10
-11.31852685748154
 20
-4.670712621535253
 30
0.0
 10
-11.1681378245363
 20
-4.716045139242348
 30
0.0
 10
-10.99155810261978
 20
-4.746889145046876
 30
0.0
 10
-10.78464558831358
 20
-4.759022650858304
 30
0.0
 10
-10.55007023342958
 20
-4.75206147019059
 30
0.0
 10
-10.23697533759158
 20
-4.725137787279359
 30
0.0
 10
-9.847383193939244
 20
-4.666402799068736
 30
0.0
 10
-9.386410138900622
 20
-4.559522829696164
 30
0.0
 10
-9.083720617206986
 20
-4.470486455558292
 30
0.0
 10
-8.932260738197183
 20
-4.42593440638613
 30
0.0
  0
CIRCLE
  5
109
330
1F
100
AcDbEntity
  8
0
  6
Continuous
 62
     7
370
    25
100
AcDbCircle
 10
-10.1666635987
 20
-4.5617468795
 30
0.0
 40
0.0590551181102363
  0
CIRCLE
  5
10A
330
1F
100
AcDbEntity
  8
0
  6
Continuous
 62
     7
370
    25
100
AcDbCircle
 10
-11.1654357495
 20
-4.5122070896
 30
0.0
 40
0.0590551181102523
  0
SPLINE
  5
10C
330
1F
100
AcDbEntity
  8
0
  6
Continuous
 62
     7
370
    25
100
AcDbSpline
210
0.0
220
0.0
230
1.0
 70
     8
 71
     3
 72
     9
 73
     5
 74
     0
 42
0.00000001
 43
0.00000001
 40
0.0
 40
0.0
 40
0.0
 40
0.0
 40
0.5593529695397017
 40
0.9999999999999999
 40
0.9999999999999999
 40
0.9999999999999999
 40
0.9999999999999999
 10
-9.954233868614375
 20
-1.575833887689122
 30
0.0
 10
-10.04662328102249
 20
-1.573210541200929
 30
0.0
 10
-10.21179521616773
 20
-1.568520575059601
 30
0.0
 10
-10.37643310982845
 20
-1.582117782594767
 30
0.0
 10
-10.44898030877129
 20
-1.58810935171769
 30
0.0
  0
SPLINE
  5
10E
330
1F
100
AcDbEntity
  8
0
  6
Continuous
 62
     7
370
    25
100
AcDbSpline
210
0.0
220
0.0
230
1.0
 70
     8
 71
     3
 72
     9
 73
     5
 74
     0
 42
0.00000001
 43
0.00000001
 40
0.0
 40
0.0
 40
0.0
 40
0.0
 40
0.5612826096125381
 40
1.0
 40
1.0
 40
1.0
 40
1.0
 10
-10.44842692668992
 20
-1.801771284492727
 30
0.0
 10
-10.36043936200626
 20
-1.810472015205179
 30
0.0
 10
-10.20367775354596
 20
-1.82597353006319
 30
0.0
 10
-10.04719481201147
 20
-1.844065256936736
 30
0.0
 10
-9.978543024261295
 20
-1.852002412138302
 30
0.0
  0
CIRCLE
  5
11A
330
1F
100
AcDbEntity
  8
0
  6
Continuous
 62
     7
370
    25
100
AcDbCircle
 10
-10.6891440408
 20
-1.6979252546
 30
0.0
 40
0.0590551181102341
  0
CIRCLE
  5
11B
330
1F
100
AcDbEntity
  8
0
  6
Continuous
 62
     7
370
    25
100
AcDbCircle
 10
-9.69037189
 20
-1.7474650445
 30
0.0
 40
0.0590551181102339
  0
SPLINE
  5
11C
330
1F
100
AcDbEntity
  8
0
  6
Continuous
 62
     7
370
    25
100
AcDbSpline
210
0.0
220
0.0
230
1.0
 70
     8
 71
     3
 72
    34
 73
    30
 74
     0
 42
0.00000001
 43
0.00000001
 40
0.0
 40
0.0
 40
0.0
 40
0.0
 40
0.0831359464401096
 40
0.1662100711800256
 40
0.2486080245488456
 40
0.2775223250385745
 40
0.306255161845537
 40
0.3344440845025242
 40
0.3614999860792683
 40
0.3658277767603001
 40
0.3682269128550341
 40
0.3684737247324469
 40
0.3686514691978124
 40
0.3691165149067475
 40
0.3716968402816503
 40
0.3756739209890346
 40
0.3806568780773127
 40
0.3856920532821086
 40
0.4076385847511288
 40
0.4302370023671621
 40
0.4668619580581293
 40
0.5000556716072437
 40
0.5335968783008342
 40
0.5848235456948113
 40
0.6364255679148764
 40
0.6882341448256446
 40
0.7919740709629954
 40
0.895907919552182
 40
1.0
 40
1.0
 40
1.0
 40
1.0
 10
-10.91006807699746
 20
-1.845771845354712
 30
0.0
 10
-10.784094895152
 20
-1.851632610505026
 30
0.0
 10
-10.53224220786236
 20
-1.863349782613061
 30
0.0
 10
-10.15728334118291
 20
-1.903797047129289
 30
0.0
 10
-9.864631377787456
 20
-1.940153020161222
 30
0.0
 10
-9.652589131989167
 20
-1.953179296487999
 30
0.0
 10
-9.522217014922283
 20
-1.952801872586706
 30
0.0
 10
-9.395453340465112
 20
-1.940985554629025
 30
0.0
 10
-9.306443562477975
 20
-1.919174949411049
 30
0.0
 10
-9.260448593687451
 20
-1.89668707914155
 30
0.0
 10
-9.251087077482664
 20
-1.891654880027278
 30
0.0
 10
-9.247810835998115
 20
-1.888841753537395
 30
0.0
 10
-9.24710533377671
 20
-1.887672117989821
 30
0.0
 10
-9.246035676550251
 20
-1.882843232583038
 30
0.0
 10
-9.245819904856727
 20
-1.872187235797965
 30
0.0
 10
-9.24458823812212
 20
-1.854736079820327
 30
0.0
 10
-9.246821627186844
 20
-1.833346229374335
 30
0.0
 10
-9.265704777451306
 20
-1.788303144499926
 30
0.0
 10
-9.313932429461241
 20
-1.728691351124115
 30
0.0
 10
-9.410219632866912
 20
-1.651331365802438
 30
0.0
 10
-9.537280782014026
 20
-1.588959512535173
 30
0.0
 10
-9.687669814959284
 20
-1.543626994828077
 30
0.0
 10
-9.8642495368758
 20
-1.512782989023553
 30
0.0
 10
-10.07116205118201
 20
-1.500649483212126
 30
0.0
 10
-10.305737406066
 20
-1.50761066387984
 30
0.0
 10
-10.61883230190398
 20
-1.534534346791069
 30
0.0
 10
-11.00842444555632
 20
-1.5932693350017
 30
0.0
 10
-11.46939750059495
 20
-1.700149304374279
 30
0.0
 10
-11.77208702228859
 20
-1.789185678512151
 30
0.0
 10
-11.92354690129839
 20
-1.833737727684313
 30
0.0
  0
SPLINE
  5
11D
330
1F
100
AcDbEntity
  8
0
  6
Continuous
 62
     7
370
    25
100
AcDbSpline
210
0.0
220
0.0
230
1.0
 70
     8
 71
     3
 72
    13
 73
     9
 74
     0
 42
0.00000001
 43
0.00000001
 40
0.0
 40
0.0
 40
0.0
 40
0.0
 40
0.1847666207860458
 40
0.3677999321390015
 40
0.5514491074757085
 40
0.6977232651493821
 40
0.8468992356958013
 40
1.0
 40
1.0
 40
1.0
 40
1.0
 10
-11.87622982151734
 20
-8.826197738595587
 30
0.0
 10
-11.73300128545433
 20
-8.866519732896217
 30
0.0
 10
-11.44788785089438
 20
-8.9467854578653
 30
0.0
 10
-11.0067315664619
 20
-9.00536077632759
 30
0.0
 10
-10.59345797048566
 20
-9.0160909268996
 30
0.0
 10
-10.20875781673739
 20
-8.986415562955182
 30
0.0
 10
-9.85172138067511
 20
-8.930211978006426
 30
0.0
 10
-9.61643385460115
 20
-8.868285588104937
 30
0.0
 10
-9.497262592244587
 20
-8.836920363688298
 30
0.0
  0
SPLINE
  5
11F
330
1F
100
AcDbEntity
  8
0
  6
Continuous
 62
     7
370
    25
100
AcDbSpline
210
0.0
220
0.0
230
1.0
 70
     8
 71
     3
 72
    15
 73
    11
 74
     0
 42
0.00000001
 43
0.00000001
 40
0.0
 40
0.0
 40
0.0
 40
0.0
 40
0.1118511213543175
 40
0.2194164314279945
 40
0.3253115798717989
 40
0.4316353996602927
 40
0.5399365425118267
 40
0.6864474249979238
 40
0.8395486927966852
 40
1.0
 40
1.0
 40
1.0
 40
1.0
 10
-11.70666386412987
 20
-8.193368970391454
 30
0.0
 10
-11.61783204532423
 20
-8.221515128699357
 30
0.0
 10
-11.44357218593624
 20
-8.276728965981901
 30
0.0
 10
-11.17477514568474
 20
-8.316348579799792
 30
0.0
 10
-10.90850419180141
 20
-8.325973789225058
 30
0.0
 10
-10.64204374288028
 20
-8.307597965401504
 30
0.0
 10
-10.3447965215226
 20
-8.262253822339511
 30
0.0
 10
-10.01359731728032
 20
-8.187085531001303
 30
0.0
 10
-9.644724492856351
 20
-8.084836572580501
 30
0.0
 10
-9.394238729390523
 20
-8.012005226291368
 30
0.0
 10
-9.266060007899728
 20
-7.974735927139891
 30
0.0
  0
SPLINE
  5
120
330
1F
100
AcDbEntity
  8
0
  6
Continuous
 62
     7
370
    25
100
AcDbSpline
210
0.0
220
0.0
230
1.0
 70
     8
 71
     3
 72
    10
 73
     6
 74
     0
 42
0.00000001
 43
0.00000001
 40
0.0
 40
0.0
 40
0.0
 40
0.0
 40
0.3366770837130841
 40
0.6617269240352932
 40
0.9999999999999999
 40
0.9999999999999999
 40
0.9999999999999999
 40
0.9999999999999999
 10
-8.79952386238518
 20
-7.856136732106316
 30
0.0
 10
-8.851645206355078
 20
-7.870359825032291
 30
0.0
 10
-8.954087868152575
 20
-7.898314812132615
 30
0.0
 10
-9.109553408672346
 20
-7.938130342978972
 30
0.0
 10
-9.213203332020708
 20
-7.96236888295291
 30
0.0
 10
-9.26606141596996
 20
-7.974729748637718
 30
0.0
  0
SPLINE
  5
124
330
1F
100
AcDbEntity
  8
0
  6
Continuous
 62
     7
370
    25
100
AcDbSpline
210
0.0
220
0.0
230
1.0
 70
     8
 71
     3
 72
    16
 73
    12
 74
     0
 42
0.00000001
 43
0.00000001
 40
0.0
 40
0.0
 40
0.0
 40
0.0
 40
0.0882940649364696
 40
0.1755282414623797
 40
0.2637727404546885
 40
0.3861379464630753
 40
0.5074814688985996
 40
0.6278221989959333
 40
0.748862750278999
 40
0.8738187985764817
 40
1.0
 40
1.0
 40
1.0
 40
1.0
 10
-5.987043042515525
 20
-7.371409194399001
 30
0.0
 10
-6.06417377954299
 20
-7.353905732663319
 30
0.0
 10
-6.217509370591712
 20
-7.319108922026288
 30
0.0
 10
-6.453556239083007
 20
-7.299732746025319
 30
0.0
 10
-6.720376077319663
 20
-7.307542367232011
 30
0.0
 10
-7.015131467365062
 20
-7.349517783261762
 30
0.0
 10
-7.332622873127398
 20
-7.42343310197787
 30
0.0
 10
-7.644908284269232
 20
-7.512144364039574
 30
0.0
 10
-7.958983993839096
 20
-7.606097702317919
 30
0.0
 10
-8.27731854225363
 20
-7.704041551223502
 30
0.0
 10
-8.49283540192908
 20
-7.767765645342291
 30
0.0
 10
-8.601119522707993
 20
-7.799783128867603
 30
0.0
  0
SPLINE
  5
128
330
1F
100
AcDbEntity
  8
0
  6
Continuous
 62
     7
370
    25
100
AcDbSpline
210
0.0
220
0.0
230
1.0
 70
     8
 71
     3
 72
    19
 73
    15
 74
     0
 42
0.00000001
 43
0.00000001
 40
0.0
 40
0.0
 40
0.0
 40
0.0
 40
0.073106573732932
 40
0.135894884877806
 40
0.198654007587506
 40
0.2637754980433356
 40
0.3287801254472514
 40
0.4410299574171745
 40
0.5542052006648848
 40
0.6644953110645342
 40
0.7485013745687203
 40
0.8321121294620502
 40
0.9157902610316274
 40
1.0
 40
1.0
 40
1.0
 40
1.0
 10
-8.261993421728775
 20
-8.387166765936334
 30
0.0
 10
-8.212541963066448
 20
-8.36866890486085
 30
0.0
 10
-8.120618625139192
 20
-8.33428397101726
 30
0.0
 10
-7.985949237572401
 20
-8.284809461759401
 30
0.0
 10
-7.856333529270371
 20
-8.238312530684269
 30
0.0
 10
-7.724686269660848
 20
-8.19275320038641
 30
0.0
 10
-7.558309150580297
 20
-8.1383297537731
 30
0.0
 10
-7.356955816105684
 20
-8.079299197421996
 30
0.0
 10
-7.120705653315742
 20
-8.024080096965536
 30
0.0
 10
-6.901250648743606
 20
-7.988807889517994
 30
0.0
 10
-6.701104983251859
 20
-7.971516324050557
 30
0.0
 10
-6.519482841843865
 20
-7.970246904871292
 30
0.0
 10
-6.337933157579587
 20
-7.981183515838903
 30
0.0
 10
-6.21807777061273
 20
-7.999895525609905
 30
0.0
 10
-6.157960319494358
 20
-8.009281155753047
 30
0.0
  0
SPLINE
  5
12C
330
1F
100
AcDbEntity
  8
0
  6
Continuous
 62
     7
370
    25
100
AcDbSpline
210
0.0
220
0.0
230
1.0
 70
     8
 71
     3
 72
    13
 73
     9
 74
     0
 42
0.00000001
 43
0.00000001
 40
0.0
 40
0.0
 40
0.0
 40
0.0
 40
0.1296937078889069
 40
0.2547997244080665
 40
0.3802860895281123
 40
0.515269193857919
 40
0.7512196583727664
 40
0.9999999999999999
 40
0.9999999999999999
 40
0.9999999999999999
 40
0.9999999999999999
 10
-9.497262592244912
 20
-8.83692036368732
 30
0.0
 10
-9.451585402903204
 20
-8.821924179586636
 30
0.0
 10
-9.361846776061176
 20
-8.792462275549624
 30
0.0
 10
-9.228598376372085
 20
-8.74644663520884
 30
0.0
 10
-9.093908405052915
 20
-8.698626214820308
 30
0.0
 10
-8.92100036835301
 20
-8.635658920815096
 30
0.0
 10
-8.705855031503514
 20
-8.555137184311326
 30
0.0
 10
-8.537852593944681
 20
-8.491414595309596
 30
0.0
 10
-8.451628027070662
 20
-8.458709994610924
 30
0.0
  0
SPLINE
  5
12D
330
1F
100
AcDbEntity
  8
0
  6
Continuous
 62
     7
370
    25
100
AcDbSpline
210
0.0
220
0.0
230
1.0
 70
     8
 71
     3
 72
    13
 73
     9
 74
     0
 42
0.00000001
 43
0.00000001
 40
0.0
 40
0.0
 40
0.0
 40
0.0
 40
0.1847666207860466
 40
0.3677999321390023
 40
0.5514491074757085
 40
0.697723265149384
 40
0.8468992356958018
 40
1.0
 40
1.0
 40
1.0
 40
1.0
 10
-5.639905732950484
 20
-6.856273798669049
 30
0.0
 10
-5.496677196887471
 20
-6.896595792969678
 30
0.0
 10
-5.211563762327526
 20
-6.976861517938763
 30
0.0
 10
-4.77040747789504
 20
-7.035436836401048
 30
0.0
 10
-4.357133881918801
 20
-7.046166986973075
 30
0.0
 10
-3.972433728170523
 20
-7.016491623028614
 30
0.0
 10
-3.615397292108253
 20
-6.960288038079883
 30
0.0
 10
-3.380109766034288
 20
-6.898361648178395
 30
0.0
 10
-3.260938503677724
 20
-6.86699642376176
 30
0.0
  0
SPLINE
  5
12F
330
1F
100
AcDbEntity
  8
0
  6
Continuous
 62
     7
370
    25
100
AcDbSpline
210
0.0
220
0.0
230
1.0
 70
     8
 71
     3
 72
    15
 73
    11
 74
     0
 42
0.00000001
 43
0.00000001
 40
0.0
 40
0.0
 40
0.0
 40
0.0
 40
0.1118511213543193
 40
0.2194164314279974
 40
0.3253115798718005
 40
0.4316353996602941
 40
0.5399365425118274
 40
0.6864474249979248
 40
0.8395486927966849
 40
1.0
 40
1.0
 40
1.0
 40
1.0
 10
-5.470339775563009
 20
-6.223445030464898
 30
0.0
 10
-5.381507956757369
 20
-6.251591188772808
 30
0.0
 10
-5.207248097369387
 20
-6.306805026055367
 30
0.0
 10
-4.938451057117878
 20
-6.346424639873255
 30
0.0
 10
-4.672180103234546
 20
-6.356049849298492
 30
0.0
 10
-4.405719654313427
 20
-6.337674025474965
 30
0.0
 10
-4.108472432955738
 20
-6.29232988241296
 30
0.0
 10
-3.777273228713465
 20
-6.217161591074756
 30
0.0
 10
-3.40840040428949
 20
-6.114912632653966
 30
0.0
 10
-3.157914640823661
 20
-6.04208128636483
 30
0.0
 10
-3.029735919332865
 20
-6.004811987213351
 30
0.0
  0
SPLINE
  5
130
330
1F
100
AcDbEntity
  8
0
  6
Continuous
 62
     7
370
    25
100
AcDbSpline
210
0.0
220
0.0
230
1.0
 70
     8
 71
     3
 72
    10
 73
     6
 74
     0
 42
0.00000001
 43
0.00000001
 40
0.0
 40
0.0
 40
0.0
 40
0.0
 40
0.3375035102070462
 40
0.6618802696695567
 40
1.0
 40
1.0
 40
1.0
 40
1.0
 10
-2.552933604023933
 20
-5.883368052241372
 30
0.0
 10
-2.606328645251076
 20
-5.897979704106213
 30
0.0
 10
-2.711041998498152
 20
-5.926634707044365
 30
0.0
 10
-2.869926921701385
 20
-5.967413857101493
 30
0.0
 10
-2.97573555310326
 20
-5.992170638162738
 30
0.0
 10
-3.0297373274031
 20
-6.00480580871118
 30
0.0
  0
SPLINE
  5
134
330
1F
100
AcDbEntity
  8
0
  6
Continuous
 62
     7
370
    25
100
AcDbSpline
210
0.0
220
0.0
230
1.0
 70
     8
 71
     3
 72
    16
 73
    12
 74
     0
 42
0.00000001
 43
0.00000001
 40
0.0
 40
0.0
 40
0.0
 40
0.0
 40
0.0886446024328608
 40
0.1762251085774278
 40
0.2648199482836825
 40
0.3869775349959306
 40
0.5081110137127463
 40
0.6282464473442259
 40
0.7492092855305884
 40
0.8739398021911392
 40
1.0
 40
1.0
 40
1.0
 40
1.0
 10
0.2492810460513365
 20
-5.401485254472454
 30
0.0
 10
0.1721503079478471
 20
-5.383981787272052
 30
0.0
 10
0.0188147147599887
 20
-5.349184965771181
 30
0.0
 10
-0.2172321377742884
 20
-5.32980887080976
 30
0.0
 10
-0.4834333066877008
 20
-5.337600032009468
 30
0.0
 10
-0.776971774317849
 20
-5.379294124622128
 30
0.0
 10
-1.09271427342002
 20
-5.452588983556113
 30
0.0
 10
-1.403381979678572
 20
-5.540691514509016
 30
0.0
 10
-1.715797669768298
 20
-5.634089861962056
 30
0.0
 10
-2.032517397416008
 20
-5.731516648087741
 30
0.0
 10
-2.246859564977195
 20
-5.794989304331532
 30
0.0
 10
-2.354598865049402
 20
-5.826893897045317
 30
0.0
  0
SPLINE
  5
138
330
1F
100
AcDbEntity
  8
0
  6
Continuous
 62
     7
370
    25
100
AcDbSpline
210
0.0
220
0.0
230
1.0
 70
     8
 71
     3
 72
    19
 73
    15
 74
     0
 42
0.00000001
 43
0.00000001
 40
0.0
 40
0.0
 40
0.0
 40
0.0
 40
0.0719809487893864
 40
0.1338488474526188
 40
0.1964268908490566
 40
0.2610546789370254
 40
0.3255255756811222
 40
0.4383196744080886
 40
0.5520436714627223
 40
0.6628685465000347
 40
0.7472819309503018
 40
0.8312980900533408
 40
0.9153819525225155
 40
1.0
 40
1.0
 40
1.0
 40
1.0
 10
-2.015880614347404
 20
-6.413571116712054
 30
0.0
 10
-1.967421042652813
 20
-6.395457886174201
 30
0.0
 10
-1.877310285175206
 20
-6.361776265246569
 30
0.0
 10
-1.744780025661843
 20
-6.313128389197025
 30
0.0
 10
-1.616855230236556
 20
-6.267281082715368
 30
0.0
 10
-1.486651423841361
 20
-6.222262316995257
 30
0.0
 10
-1.321399361338685
 20
-6.168234215014115
 30
0.0
 10
-1.120631724089254
 20
-6.109375219962728
 30
0.0
 10
-0.8843815656583983
 20
-6.054156166934923
 30
0.0
 10
-0.6649265599987415
 20
-6.018883947654722
 30
0.0
 10
-0.4647808947268857
 20
-6.001592384579751
 30
0.0
 10
-0.2831587532658459
 20
-6.000322964823371
 30
0.0
 10
-0.1016090690155367
 20
-6.011259575942933
 30
0.0
 10
0.0182463179531929
 20
-6.029971585693575
 30
0.0
 10
0.0783637690725013
 20
-6.039357215826509
 30
0.0
  0
SPLINE
  5
13C
330
1F
100
AcDbEntity
  8
0
  6
Continuous
 62
     7
370
    25
100
AcDbSpline
210
0.0
220
0.0
230
1.0
 70
     8
 71
     3
 72
    13
 73
     9
 74
     0
 42
0.00000001
 43
0.00000001
 40
0.0
 40
0.0
 40
0.0
 40
0.0
 40
0.1284864867595931
 40
0.2524279855160552
 40
0.376746292494499
 40
0.5104729406839084
 40
0.7489421032006109
 40
1.0
 40
1.0
 40
1.0
 40
1.0
 10
-3.260938503678053
 20
-6.866996423760781
 30
0.0
 10
-3.215261314764213
 20
-6.852000238591447
 30
0.0
 10
-3.125522688762781
 20
-6.822538332454939
 30
0.0
 10
-2.992274282933892
 20
-6.776522707448984
 30
0.0
 10
-2.857584335424049
 20
-6.728702227594018
 30
0.0
 10
-2.683018471266755
 20
-6.665131555374487
 30
0.0
 10
-2.464621293050469
 20
-6.583361945994884
 30
0.0
 10
-2.293364613333615
 20
-6.518398446416173
 30
0.0
 10
-2.205534245217441
 20
-6.485081392205227
 30
0.0
  0
SPLINE
  5
13D
330
1F
100
AcDbEntity
  8
0
  6
Continuous
 62
     7
370
    25
100
AcDbSpline
210
0.0
220
0.0
230
1.0
 70
     8
 71
     3
 72
    14
 73
    10
 74
     0
 42
0.00000001
 43
0.00000001
 40
0.0
 40
0.0
 40
0.0
 40
0.0
 40
0.1381638530006283
 40
0.2760590635415651
 40
0.4139312434785445
 40
0.5522659419770772
 40
0.6984979559586093
 40
0.8472420827614495
 40
1.0
 40
1.0
 40
1.0
 40
1.0
 10
-5.814776952689837
 20
-8.169366703191843
 30
0.0
 10
-5.69595611035536
 20
-8.200688653639569
 30
0.0
 10
-5.458545458063212
 20
-8.26327165289087
 30
0.0
 10
-5.096080399893748
 20
-8.329256798840762
 30
0.0
 10
-4.729941929314986
 20
-8.37063528896409
 30
0.0
 10
-4.354043875644439
 20
-8.38287585203779
 30
0.0
 10
-3.969005756266698
 20
-8.360495981497023
 30
0.0
 10
-3.574299286758964
 20
-8.301277976061186
 30
0.0
 10
-3.316375372764544
 20
-8.227334555041427
 30
0.0
 10
-3.185696590691697
 20
-8.189870653181707
 30
0.0
  0
SPLINE
  5
13F
330
1F
100
AcDbEntity
  8
0
  6
Continuous
 62
     7
370
    25
100
AcDbSpline
210
0.0
220
0.0
230
1.0
 70
     8
 71
     3
 72
    15
 73
    11
 74
     0
 42
0.00000001
 43
0.00000001
 40
0.0
 40
0.0
 40
0.0
 40
0.0
 40
0.1096912003339399
 40
0.215978729792922
 40
0.3211065803269185
 40
0.4269629195539217
 40
0.535054044246021
 40
0.6818655659361517
 40
0.8363785149918641
 40
1.0
 40
1.0
 40
1.0
 40
1.0
 10
-5.578581645766062
 20
-7.287873817242941
 30
0.0
 10
-5.481318421700668
 20
-7.313350218471768
 30
0.0
 10
-5.289810009674397
 20
-7.363512499131891
 30
0.0
 10
-4.996991458061241
 20
-7.398293344024985
 30
0.0
 10
-4.706238873281027
 20
-7.405291779461893
 30
0.0
 10
-4.414355991058766
 20
-7.385884039116343
 30
0.0
 10
-4.086965663946209
 20
-7.34036536876893
 30
0.0
 10
-3.719445112929809
 20
-7.265254272953753
 30
0.0
 10
-3.306310692986174
 20
-7.162273528417062
 30
0.0
 10
-3.024711730039168
 20
-7.087693855738301
 30
0.0
 10
-2.879881005789769
 20
-7.049336370698912
 30
0.0
  0
SPLINE
  5
144
330
1F
100
AcDbEntity
  8
0
  6
Continuous
 62
     7
370
    25
100
AcDbSpline
210
0.0
220
0.0
230
1.0
 70
     8
 71
     3
 72
    20
 73
    16
 74
     0
 42
0.00000001
 43
0.00000001
 40
0.0
 40
0.0
 40
0.0
 40
0.0
 40
0.0047754894150898
 40
0.0841047123704457
 40
0.1685367618913393
 40
0.2538925587298453
 40
0.3411774132540376
 40
0.4215036519422454
 40
0.5029526824616176
 40
0.5865918518324847
 40
0.6695476945731096
 40
0.7523044774279929
 40
0.8349566452778121
 40
0.9166812138649092
 40
1.0
 40
1.0
 40
1.0
 40
1.0
 10
-2.627967852575098
 20
-6.987116370282094
 30
0.0
 10
-2.623647164867203
 20
-6.986003503127424
 30
0.0
 10
-2.547552305193387
 20
-6.966403968123895
 30
0.0
 10
-2.395380198162548
 20
-6.925912223309699
 30
0.0
 10
-2.17100253347529
 20
-6.864050202230522
 30
0.0
 10
-1.939718237973584
 20
-6.799285264345617
 30
0.0
 10
-1.711976825027293
 20
-6.736091248586955
 30
0.0
 10
-1.487252903436557
 20
-6.675696510512102
 30
0.0
 10
-1.265007677529314
 20
-6.619238330033117
 30
0.0
 10
-1.038600049468675
 20
-6.569452433793041
 30
0.0
 10
-0.8085353112700618
 20
-6.531803426657089
 30
0.0
 10
-0.5770663765010167
 20
-6.511691071673725
 30
0.0
 10
-0.3458295411478193
 20
-6.513480843249582
 30
0.0
 10
-0.1152783387865863
 20
-6.54110264652383
 30
0.0
 10
0.0338561548109672
 20
-6.580903691416304
 30
0.0
 10
0.1091436754647701
 20
-6.600996440699856
 30
0.0
  0
SPLINE
  5
148
330
1F
100
AcDbEntity
  8
0
  6
Continuous
 62
     7
370
    25
100
AcDbSpline
210
0.0
220
0.0
230
1.0
 70
     8
 71
     3
 72
    17
 73
    13
 74
     0
 42
0.00000001
 43
0.00000001
 40
0.0
 40
0.0
 40
0.0
 40
0.0
 40
0.0648540018273531
 40
0.1170698236444044
 40
0.1743007169698792
 40
0.2310289579770932
 40
0.2891566206902134
 40
0.3461863629780874
 40
0.5081982484897292
 40
0.6715535540226014
 40
0.8354681400014121
 40
1.0
 40
1.0
 40
1.0
 40
1.0
 10
-0.1284306411168826
 20
-7.487635860535776
 30
0.0
 10
-0.1729675583780473
 20
-7.482060184766249
 30
0.0
 10
-0.2533624284326338
 20
-7.471995372100181
 30
0.0
 10
-0.3729358582436834
 20
-7.456128766030773
 30
0.0
 10
-0.4875591937676541
 20
-7.445567882626118
 30
0.0
 10
-0.6067547310616838
 20
-7.444804116729943
 30
0.0
 10
-0.7256447338603387
 20
-7.449282557125691
 30
0.0
 10
-0.9169798860384255
 20
-7.46355675361914
 30
0.0
 10
-1.17898851111426
 20
-7.505126178446865
 30
0.0
 10
-1.506939453318637
 20
-7.590741443313594
 30
0.0
 10
-1.830534727827153
 20
-7.696602261232112
 30
0.0
 10
-2.044325726057489
 20
-7.773830898522309
 30
0.0
 10
-2.151422121894917
 20
-7.812517787950205
 30
0.0
  0
SPLINE
  5
14C
330
1F
100
AcDbEntity
  8
0
  6
Continuous
 62
     7
370
    25
100
AcDbSpline
210
0.0
220
0.0
230
1.0
 70
     8
 71
     3
 72
    13
 73
     9
 74
     0
 42
0.00000001
 43
0.00000001
 40
0.0
 40
0.0
 40
0.0
 40
0.0
 40
0.1420580839027278
 40
0.2772256722503237
 40
0.4278307890427818
 40
0.5630539486826879
 40
0.682702459321266
 40
0.9999999999999999
 40
0.9999999999999999
 40
0.9999999999999999
 40
0.9999999999999999
 10
-2.34191941303837
 20
-7.882566800985491
 30
0.0
 10
-2.381791965358722
 20
-7.897345951571435
 30
0.0
 10
-2.459603060775965
 20
-7.926187393352974
 30
0.0
 10
-2.579634160144144
 20
-7.970835767242097
 30
0.0
 10
-2.69778066922738
 20
-8.014682653784343
 30
0.0
 10
-2.811701987012748
 20
-8.056560469477239
 30
0.0
 10
-2.97260333970408
 20
-8.115258220148784
 30
0.0
 10
-3.096051858948371
 20
-8.158482462739476
 30
0.0
 10
-3.185696590691696
 20
-8.189870653181707
 30
0.0
  0
SPLINE
  5
14E
330
1F
100
AcDbEntity
  8
0
  6
Continuous
 62
     7
370
    25
100
AcDbSpline
210
0.0
220
0.0
230
1.0
 70
    24
 71
     3
 72
     9
 73
     5
 74
     0
 42
0.00000001
 43
0.00000001
 40
0.0
 40
0.0
 40
0.0
 40
0.0
 40
0.5598226446349692
 40
1.0
 40
1.0
 40
1.0
 40
1.0
 10
-2.279788403633513
 20
-7.990180866000246
 30
0.0
 10
-2.280550624018874
 20
-7.98886066156624
 30
0.0
 10
-2.28191216305747
 20
-7.98650240677491
 30
0.0
 10
-2.284499132959136
 20
-7.982021643467569
 30
0.0
 10
-2.285637858528861
 20
-7.980049312924929
 30
0.0
  0
SPLINE
  5
14F
330
1F
100
AcDbEntity
  8
0
  6
Continuous
 62
     7
370
    25
100
AcDbSpline
210
0.0
220
0.0
230
1.0
 70
    24
 71
     3
 72
     9
 73
     5
 74
     0
 42
0.00000001
 43
0.00000001
 40
0.0
 40
0.0
 40
0.0
 40
0.0
 40
0.5598226446349286
 40
1.0
 40
1.0
 40
1.0
 40
1.0
 10
-2.106583322876627
 20
-7.890180866000247
 30
0.0
 10
-2.107345543261985
 20
-7.888860661566237
 30
0.0
 10
-2.108707082300576
 20
-7.886502406774897
 30
0.0
 10
-2.111294052202249
 20
-7.882021643467565
 30
0.0
 10
-2.112432777771976
 20
-7.88004931292493
 30
0.0
  0
SPLINE
  5
151
330
1F
100
AcDbEntity
  8
0
  6
Continuous
 62
     7
370
    25
100
AcDbSpline
210
0.0
220
0.0
230
1.0
 70
     8
 71
     3
 72
    14
 73
    10
 74
     0
 42
0.00000001
 43
0.00000001
 40
0.0
 40
0.0
 40
0.0
 40
0.0
 40
0.1411027591722907
 40
0.2773141183833787
 40
0.4119502382877343
 40
0.5476740725325819
 40
0.6931737195472353
 40
0.8436070016990609
 40
1.0
 40
1.0
 40
1.0
 40
1.0
 10
-6.106584309402319
 20
-7.126994159339438
 30
0.0
 10
-6.229011348410643
 20
-7.093014998256563
 30
0.0
 10
-6.469621429942968
 20
-7.02623458124431
 30
0.0
 10
-6.839118377147868
 20
-6.984570115121481
 30
0.0
 10
-7.205221895938123
 20
-6.98281414782006
 30
0.0
 10
-7.577993141914601
 20
-7.018964488376001
 30
0.0
 10
-7.960334520099749
 20
-7.087574748084177
 30
0.0
 10
-8.355942293530221
 20
-7.182864478500576
 30
0.0
 10
-8.62120640609048
 20
-7.258809743542913
 30
0.0
 10
-8.756414673921117
 20
-7.297519946884045
 30
0.0
  0
SPLINE
  5
155
330
1F
100
AcDbEntity
  8
0
  6
Continuous
 62
     7
370
    25
100
AcDbSpline
210
0.0
220
0.0
230
1.0
 70
     8
 71
     3
 72
     9
 73
     5
 74
     0
 42
0.00000001
 43
0.00000001
 40
0.0
 40
0.0
 40
0.0
 40
0.0
 40
0.550159221935057
 40
1.0
 40
1.0
 40
1.0
 40
1.0
 10
-8.953681151663599
 20
-7.355844384520738
 30
0.0
 10
-9.101021069635571
 20
-7.400428486162779
 30
0.0
 10
-9.368834299147094
 20
-7.481467028941768
 30
0.0
 10
-9.63736730686502
 20
-7.560086250724047
 30
0.0
 10
-9.758164403992968
 20
-7.595452382621446
 30
0.0
  0
SPLINE
  5
156
330
1F
100
AcDbEntity
  8
0
  6
Continuous
 62
     7
370
    25
100
AcDbSpline
210
0.0
220
0.0
230
1.0
 70
     8
 71
     3
 72
    16
 73
    12
 74
     0
 42
0.00000001
 43
0.00000001
 40
0.0
 40
0.0
 40
0.0
 40
0.0
 40
0.0852842642466949
 40
0.1699514569083569
 40
0.2546122275255251
 40
0.3398827955053927
 40
0.4724769261438111
 40
0.60487494842414
 40
0.7348522421074417
 40
0.8683452803154184
 40
1.0
 40
1.0
 40
1.0
 40
1.0
 10
-11.77096121879
 20
-7.74067775717231
 30
0.0
 10
-11.71514616790325
 20
-7.757473684807195
 30
0.0
 10
-11.60391991415758
 20
-7.790944013676059
 30
0.0
 10
-11.43271399920683
 20
-7.823237143526489
 30
0.0
 10
-11.25958968375145
 20
-7.841558589217908
 30
0.0
 10
-11.05274359990455
 20
-7.844989209561706
 30
0.0
 10
-10.81374956440273
 20
-7.827204814076997
 30
0.0
 10
-10.54717318177691
 20
-7.78435114119535
 30
0.0
 10
-10.28291832106916
 20
-7.726745057227211
 30
0.0
 10
-10.02070741869537
 20
-7.662780607089744
 30
0.0
 10
-9.845273303153183
 20
-7.617791150699108
 30
0.0
 10
-9.758164403992968
 20
-7.595452382621455
 30
0.0
  0
SPLINE
  5
15A
330
1F
100
AcDbEntity
  8
0
  6
Continuous
 62
     7
370
    25
100
AcDbSpline
210
0.0
220
0.0
230
1.0
 70
     8
 71
     3
 72
    21
 73
    17
 74
     0
 42
0.00000001
 43
0.00000001
 40
0.0
 40
0.0
 40
0.0
 40
0.0
 40
0.0925030500204097
 40
0.175463941080903
 40
0.2616293982457642
 40
0.3487743242439232
 40
0.4573876059450622
 40
0.5653228206198805
 40
0.6726065550825323
 40
0.7641099166106103
 40
0.8563830747420889
 40
0.8843636777876066
 40
0.9129376401772326
 40
0.9267983919525797
 40
0.9541592029879489
 40
1.0
 40
1.0
 40
1.0
 40
1.0
 10
-9.399715341446754
 20
-6.583290505906415
 30
0.0
 10
-9.463917780704788
 20
-6.606649579403906
 30
0.0
 10
-9.58569985185527
 20
-6.650958119446254
 30
0.0
 10
-9.767863377457571
 20
-6.715423177716639
 30
0.0
 10
-9.947088399285704
 20
-6.77629968685337
 30
0.0
 10
-10.14566987329095
 20
-6.838994070527306
 30
0.0
 10
-10.36212504355735
 20
-6.89815447106928
 30
0.0
 10
-10.59621174051136
 20
-6.947973531604116
 30
0.0
 10
-10.82107594767885
 20
-6.978058788904149
 30
0.0
 10
-11.0359670130802
 20
-6.98764823764248
 30
0.0
 10
-11.19259441970996
 20
-6.984573711316187
 30
0.0
 10
-11.30198017348302
 20
-6.973361203028023
 30
0.0
 10
-11.35342770098662
 20
-6.965684438912585
 30
0.0
 10
-11.40431466086096
 20
-6.95745854842235
 30
0.0
 10
-11.46779083874087
 20
-6.947187566333386
 30
0.0
 10
-11.52116015086876
 20
-6.938547840191864
 30
0.0
 10
-11.55458143585396
 20
-6.933137413524233
 30
0.0
  0
SPLINE
  5
15E
330
1F
100
AcDbEntity
  8
0
  6
Continuous
 62
     7
370
    25
100
AcDbSpline
210
0.0
220
0.0
230
1.0
 70
     8
 71
     3
 72
    14
 73
    10
 74
     0
 42
0.00000001
 43
0.00000001
 40
0.0
 40
0.0
 40
0.0
 40
0.0
 40
0.1332489965350622
 40
0.2700320770417517
 40
0.4089352043003056
 40
0.5496226118540375
 40
0.6985630912870591
 40
0.8487718330318371
 40
1.0
 40
1.0
 40
1.0
 40
1.0
 10
-5.917835150266123
 20
-6.422572707557236
 30
0.0
 10
-6.061582655271255
 20
-6.386149968581926
 30
0.0
 10
-6.352890194956114
 20
-6.312338471964281
 30
0.0
 10
-6.804426516650844
 20
-6.251223108968549
 30
0.0
 10
-7.266927214871362
 20
-6.222709984033209
 30
0.0
 10
-7.744016449230137
 20
-6.232202808396874
 30
0.0
 10
-8.231015073651644
 20
-6.282235487768086
 30
0.0
 10
-8.724682267478931
 20
-6.372291373130605
 30
0.0
 10
-9.046086469629351
 20
-6.468327627477802
 30
0.0
 10
-9.20733204687006
 20
-6.51650814647737
 30
0.0
  0
SPLINE
  5
160
330
1F
100
AcDbEntity
  8
0
  6
Continuous
 62
     7
370
    25
100
AcDbSpline
210
0.0
220
0.0
230
1.0
 70
    24
 71
     3
 72
     9
 73
     5
 74
     0
 42
0.00000001
 43
0.00000001
 40
0.0
 40
0.0
 40
0.0
 40
0.0
 40
0.5603194205071016
 40
1.0
 40
1.0
 40
1.0
 40
1.0
 10
-9.286386483969213
 20
-6.379581845018349
 30
0.0
 10
-9.280574428099273
 20
-6.389648621081508
 30
0.0
 10
-9.270201673457498
 20
-6.407614759135488
 30
0.0
 10
-9.258121194116457
 20
-6.428538763133971
 30
0.0
 10
-9.252809641959237
 20
-6.437738641337337
 30
0.0
  0
SPLINE
  5
161
330
1F
100
AcDbEntity
  8
0
  6
Continuous
 62
     7
370
    25
100
AcDbSpline
210
0.0
220
0.0
230
1.0
 70
    24
 71
     3
 72
     9
 73
     5
 74
     0
 42
0.00000001
 43
0.00000001
 40
0.0
 40
0.0
 40
0.0
 40
0.0
 40
0.5603194205071002
 40
1.0
 40
1.0
 40
1.0
 40
1.0
 10
-9.459591564726098
 20
-6.479581845018347
 30
0.0
 10
-9.453779508856158
 20
-6.489648621081505
 30
0.0
 10
-9.44340675421439
 20
-6.507614759135488
 30
0.0
 10
-9.431326274873346
 20
-6.52853876313397
 30
0.0
 10
-9.426014722716126
 20
-6.537738641337337
 30
0.0
  0
SPLINE
  5
163
330
1F
100
AcDbEntity
  8
0
  6
Continuous
 62
     7
370
    25
100
AcDbSpline
210
0.0
220
0.0
230
1.0
 70
     8
 71
     3
 72
    14
 73
    10
 74
     0
 42
0.00000001
 43
0.00000001
 40
0.0
 40
0.0
 40
0.0
 40
0.0
 40
0.1428075150243983
 40
0.2807748474649583
 40
0.4167275664026374
 40
0.5529784152145651
 40
0.6979534502781705
 40
0.8466387102953425
 40
1.0
 40
1.0
 40
1.0
 40
1.0
 10
-11.68221568003629
 20
-5.629628028825406
 30
0.0
 10
-11.55684213786761
 20
-5.663623938502755
 30
0.0
 10
-11.31034434555927
 20
-5.730463532710798
 30
0.0
 10
-10.93320469900583
 20
-5.775736869382484
 30
0.0
 10
-10.5601412793
 20
-5.783152483430422
 30
0.0
 10
-10.18166537590868
 20
-5.754255649863916
 30
0.0
 10
-9.795485019396848
 20
-5.693634536770369
 30
0.0
 10
-9.398556603168538
 20
-5.606510627496259
 30
0.0
 10
-9.13369913943041
 20
-5.534539298791678
 30
0.0
 10
-8.999220257734223
 20
-5.497996534763889
 30
0.0
  0
SPLINE
  5
167
330
1F
100
AcDbEntity
  8
0
  6
Continuous
 62
     7
370
    25
100
AcDbSpline
210
0.0
220
0.0
230
1.0
 70
     8
 71
     3
 72
     9
 73
     5
 74
     0
 42
0.00000001
 43
0.00000001
 40
0.0
 40
0.0
 40
0.0
 40
0.0
 40
0.5477402735728437
 40
1.0
 40
1.0
 40
1.0
 40
1.0
 10
-8.800922664882265
 20
-5.441458040475611
 30
0.0
 10
-8.584296736650431
 20
-5.376574634943815
 30
0.0
 10
-8.18880650399179
 20
-5.258118117024163
 30
0.0
 10
-7.79223789913126
 20
-5.143325485952974
 30
0.0
 10
-7.612885890387441
 20
-5.091409402028865
 30
0.0
  0
SPLINE
  5
168
330
1F
100
AcDbEntity
  8
0
  6
Continuous
 62
     7
370
    25
100
AcDbSpline
210
0.0
220
0.0
230
1.0
 70
     8
 71
     3
 72
    14
 73
    10
 74
     0
 42
0.00000001
 43
0.00000001
 40
0.0
 40
0.0
 40
0.0
 40
0.0
 40
0.1473924838155354
 40
0.2920754646911826
 40
0.4389163173508897
 40
0.5811009380930341
 40
0.7232439746686993
 40
0.8661673187325243
 40
0.9999999999999999
 40
0.9999999999999999
 40
0.9999999999999999
 40
0.9999999999999999
 10
-6.115270429039582
 20
-5.037859917008311
 30
0.0
 10
-6.187423554854727
 20
-5.018863123030275
 30
0.0
 10
-6.330403421981157
 20
-4.981218751450774
 30
0.0
 10
-6.551637666380069
 20
-4.955713333329967
 30
0.0
 10
-6.771255388538895
 20
-4.95439643035473
 30
0.0
 10
-6.988785334040163
 20
-4.972266476562387
 30
0.0
 10
-7.202567701615791
 20
-5.004247851268599
 30
0.0
 10
-7.410458187024662
 20
-5.045199310920369
 30
0.0
 10
-7.546904258023217
 20
-5.076345719594333
 30
0.0
 10
-7.612886357268534
 20
-5.091407387645463
 30
0.0
  0
SPLINE
  5
16C
330
1F
100
AcDbEntity
  8
0
  6
Continuous
 62
     7
370
    25
100
AcDbSpline
210
0.0
220
0.0
230
1.0
 70
     8
 71
     3
 72
    21
 73
    17
 74
     0
 42
0.00000001
 43
0.00000001
 40
0.0
 40
0.0
 40
0.0
 40
0.0
 40
0.0496750095808387
 40
0.0969892215073942
 40
0.247283117045473
 40
0.3970694188264952
 40
0.5465863230628255
 40
0.6737010922055983
 40
0.8012557455632624
 40
0.8289485704062477
 40
0.8579080599778394
 40
0.8858070668554987
 40
0.9142521413872498
 40
0.9427934777723257
 40
0.9596194349395301
 40
0.9999999999999999
 40
0.9999999999999999
 40
0.9999999999999999
 40
0.9999999999999999
 10
-7.781161633297202
 20
-5.719424401583995
 30
0.0
 10
-7.756647991558072
 20
-5.711766636309833
 30
0.0
 10
-7.708785715362223
 20
-5.696815039949922
 30
0.0
 10
-7.586248202507899
 20
-5.660362205515992
 30
0.0
 10
-7.412796274191897
 20
-5.613511724219467
 30
0.0
 10
-7.185402453515157
 20
-5.564764813286887
 30
0.0
 10
-6.966995724682893
 20
-5.533022426763831
 30
0.0
 10
-6.758283922969687
 20
-5.519860218597916
 30
0.0
 10
-6.612173515827561
 20
-5.520205322077546
 30
0.0
 10
-6.517049196838125
 20
-5.524856019952038
 30
0.0
 10
-6.473446029364316
 20
-5.528008019583933
 30
0.0
 10
-6.429548082744293
 20
-5.532296688328502
 30
0.0
 10
-6.386011101311056
 20
-5.537853143938452
 30
0.0
 10
-6.348256457871257
 20
-5.543407981550972
 30
0.0
 10
-6.304431977465299
 20
-5.550089206113297
 30
0.0
 10
-6.275192421182824
 20
-5.554532866843265
 30
0.0
 10
-6.254552994788314
 20
-5.557669528961946
 30
0.0
  0
SPLINE
  5
16D
330
1F
100
AcDbEntity
  8
0
  6
Continuous
 62
     7
370
    25
100
AcDbSpline
210
0.0
220
0.0
230
1.0
 70
     8
 71
     3
 72
     9
 73
     5
 74
     0
 42
0.00000001
 43
0.00000001
 40
0.0
 40
0.0
 40
0.0
 40
0.0
 40
0.5543881723617029
 40
1.0
 40
1.0
 40
1.0
 40
1.0
 10
-8.514273178518712
 20
-5.937949514858766
 30
0.0
 10
-8.378428108646602
 20
-5.898801591851436
 30
0.0
 10
-8.133392091205238
 20
-5.828186948612279
 30
0.0
 10
-7.889737292867015
 20
-5.752950168253903
 30
0.0
 10
-7.781161832866678
 20
-5.719423769052785
 30
0.0
  0
SPLINE
  5
171
330
1F
100
AcDbEntity
  8
0
  6
Continuous
 62
     7
370
    25
100
AcDbSpline
210
0.0
220
0.0
230
1.0
 70
     8
 71
     3
 72
    14
 73
    10
 74
     0
 42
0.00000001
 43
0.00000001
 40
0.0
 40
0.0
 40
0.0
 40
0.0
 40
0.1402608336128759
 40
0.2774036601408714
 40
0.4136250080975422
 40
0.5507066795698914
 40
0.696707349520276
 40
0.8462356963743655
 40
0.9999999999999999
 40
0.9999999999999999
 40
0.9999999999999999
 40
0.9999999999999999
 10
-11.81162520258754
 20
-6.11259094196995
 30
0.0
 10
-11.66952772073678
 20
-6.150458381090153
 30
0.0
 10
-11.38849159292508
 20
-6.225351463795612
 30
0.0
 10
-10.95733807297145
 20
-6.278820337505381
 30
0.0
 10
-10.52719016928038
 20
-6.292097682749697
 30
0.0
 10
-10.08822924088133
 20
-6.26595852255181
 30
0.0
 10
-9.638989979898069
 20
-6.204376423365874
 30
0.0
 10
-9.1771929770772
 20
-6.112323456618133
 30
0.0
 10
-8.869555980939094
 20
-6.03296002843165
 30
0.0
 10
-8.713589166689435
 20
-5.992724097065904
 30
0.0
  0
SPLINE
  5
173
330
1F
100
AcDbEntity
  8
0
  6
Continuous
 62
     7
370
    25
100
AcDbSpline
210
0.0
220
0.0
230
1.0
 70
    24
 71
     3
 72
     9
 73
     5
 74
     0
 42
0.00000001
 43
0.00000001
 40
0.0
 40
0.0
 40
0.0
 40
0.0
 40
0.5599137314596341
 40
1.0
 40
1.0
 40
1.0
 40
1.0
 10
-8.389098756615873
 20
-6.15475797336452
 30
0.0
 10
-8.397735926440214
 20
-6.139797956395163
 30
0.0
 10
-8.413161820357528
 20
-6.11307952437822
 30
0.0
 10
-8.431535625647932
 20
-6.08125516008686
 30
0.0
 10
-8.439621685057071
 20
-6.067249694357207
 30
0.0
  0
SPLINE
  5
174
330
1F
100
AcDbEntity
  8
0
  6
Continuous
 62
     7
370
    25
100
AcDbSpline
210
0.0
220
0.0
230
1.0
 70
    24
 71
     3
 72
     9
 73
     5
 74
     0
 42
0.00000001
 43
0.00000001
 40
0.0
 40
0.0
 40
0.0
 40
0.0
 40
0.5599137314596726
 40
1.0
 40
1.0
 40
1.0
 40
1.0
 10
-8.56230383737276
 20
-6.254757973364528
 30
0.0
 10
-8.570941007197103
 20
-6.239797956395172
 30
0.0
 10
-8.586366901114415
 20
-6.213079524378231
 30
0.0
 10
-8.604740706404819
 20
-6.181255160086869
 30
0.0
 10
-8.612826765813958
 20
-6.167249694357215
 30
0.0
  0
SPLINE
  5
178
330
1F
100
AcDbEntity
  8
0
  6
Continuous
 62
     7
370
    25
100
AcDbSpline
210
0.0
220
0.0
230
1.0
 70
     8
 71
     3
 72
    19
 73
    15
 74
     0
 42
0.00000001
 43
0.00000001
 40
0.0
 40
0.0
 40
0.0
 40
0.0
 40
0.0731065737329321
 40
0.1358948848778088
 40
0.1986540075875089
 40
0.2637754980433371
 40
0.3287801254472522
 40
0.4410299574171753
 40
0.5542052006648862
 40
0.6644953110645356
 40
0.7485013745687218
 40
0.832112129462052
 40
0.915790261031629
 40
1.0
 40
1.0
 40
1.0
 40
1.0
 10
8.666702680532284
 20
-4.076272359629636
 30
0.0
 10
8.716154139194613
 20
-4.094770220705116
 30
0.0
 10
8.808077477121875
 20
-4.129155154548699
 30
0.0
 10
8.94274686468866
 20
-4.178629663806568
 30
0.0
 10
9.072362572990693
 20
-4.225126594881701
 30
0.0
 10
9.204009832600217
 20
-4.270685925179552
 30
0.0
 10
9.370386951680773
 20
-4.325109371792848
 30
0.0
 10
9.571740286155379
 20
-4.384139928143962
 30
0.0
 10
9.807990448945327
 20
-4.439359028600402
 30
0.0
 10
10.02744545351747
 20
-4.474631236047951
 30
0.0
 10
10.22759111900921
 20
-4.491922801515384
 30
0.0
 10
10.40921326041721
 20
-4.493192220694645
 30
0.0
 10
10.59076294468148
 20
-4.482255609727019
 30
0.0
 10
10.71061833164834
 20
-4.463543599956022
 30
0.0
 10
10.77073578276671
 20
-4.454157969812878
 30
0.0
  0
SPLINE
  5
17C
330
1F
100
AcDbEntity
  8
0
  6
Continuous
 62
     7
370
    25
100
AcDbSpline
210
0.0
220
0.0
230
1.0
 70
     8
 71
     3
 72
    16
 73
    12
 74
     0
 42
0.00000001
 43
0.00000001
 40
0.0
 40
0.0
 40
0.0
 40
0.0
 40
0.0882940649364698
 40
0.1755282414623784
 40
0.2637727404546875
 40
0.3861379464630745
 40
0.5074814688985999
 40
0.6278221989959331
 40
0.7488627502789975
 40
0.8738187985764815
 40
1.0
 40
1.0
 40
1.0
 40
1.0
 10
10.94165305974556
 20
-5.092029931166916
 30
0.0
 10
10.86452232271809
 20
-5.109533392902599
 30
0.0
 10
10.71118673166937
 20
-5.144330203539636
 30
0.0
 10
10.47513986317808
 20
-5.163706379540621
 30
0.0
 10
10.20832002494142
 20
-5.155896758333934
 30
0.0
 10
9.913564634896018
 20
-5.113921342304192
 30
0.0
 10
9.596073229133685
 20
-5.040006023588078
 30
0.0
 10
9.283787817991847
 20
-4.951294761526384
 30
0.0
 10
8.969712108421973
 20
-4.857341423248065
 30
0.0
 10
8.651377560007452
 20
-4.759397574342465
 30
0.0
 10
8.435860700331995
 20
-4.695673480223683
 30
0.0
 10
8.32757657955308
 20
-4.663655996698375
 30
0.0
  0
SPLINE
  5
180
330
1F
100
AcDbEntity
  8
0
  6
Continuous
 62
     7
370
    25
100
AcDbSpline
210
0.0
220
0.0
230
1.0
 70
     8
 71
     3
 72
    10
 73
     6
 74
     0
 42
0.00000001
 43
0.00000001
 40
0.0
 40
0.0
 40
0.0
 40
0.0
 40
0.3366770837130705
 40
0.6617269240352887
 40
1.0
 40
1.0
 40
1.0
 40
1.0
 10
8.12917223987589
 20
-4.607302393459663
 30
0.0
 10
8.077050895905991
 20
-4.593079300533696
 30
0.0
 10
7.974608234108493
 20
-4.565124313433389
 30
0.0
 10
7.819142693588724
 20
-4.525308782587009
 30
0.0
 10
7.715492770240363
 20
-4.501070242613075
 30
0.0
 10
7.66263468629111
 20
-4.488709376928269
 30
0.0
  0
SPLINE
  5
181
330
1F
100
AcDbEntity
  8
0
  6
Continuous
 62
     7
370
    25
100
AcDbSpline
210
0.0
220
0.0
230
1.0
 70
     8
 71
     3
 72
    15
 73
    11
 74
     0
 42
0.00000001
 43
0.00000001
 40
0.0
 40
0.0
 40
0.0
 40
0.0
 40
0.1118511213543195
 40
0.2194164314279968
 40
0.325311579871801
 40
0.431635399660293
 40
0.5399365425118263
 40
0.6864474249979226
 40
0.8395486927966842
 40
1.0
 40
1.0
 40
1.0
 40
1.0
 10
5.222032238131193
 20
-4.270070155174586
 30
0.0
 10
5.310864056936833
 20
-4.241923996866679
 30
0.0
 10
5.485123916324815
 20
-4.186710159584124
 30
0.0
 10
5.753920956576326
 20
-4.147090545766241
 30
0.0
 10
6.020191910459658
 20
-4.137465336340982
 30
0.0
 10
6.286652359380775
 20
-4.155841160164498
 30
0.0
 10
6.583899580738462
 20
-4.201185303226509
 30
0.0
 10
6.915098784980738
 20
-4.276353594564699
 30
0.0
 10
7.283971609404712
 20
-4.378602552985495
 30
0.0
 10
7.534457372870545
 20
-4.451433899274622
 30
0.0
 10
7.662636094361343
 20
-4.488703198426097
 30
0.0
  0
SPLINE
  5
183
330
1F
100
AcDbEntity
  8
0
  6
Continuous
 62
     7
370
    25
100
AcDbSpline
210
0.0
220
0.0
230
1.0
 70
     8
 71
     3
 72
    13
 73
     9
 74
     0
 42
0.00000001
 43
0.00000001
 40
0.0
 40
0.0
 40
0.0
 40
0.0
 40
0.1847666207860434
 40
0.3677999321390026
 40
0.5514491074757099
 40
0.6977232651493828
 40
0.8468992356958007
 40
1.0
 40
1.0
 40
1.0
 40
1.0
 10
5.052466280743707
 20
-3.637241386970452
 30
0.0
 10
5.195694816806719
 20
-3.596919392669828
 30
0.0
 10
5.480808251366663
 20
-3.516653667700746
 30
0.0
 10
5.921964535799142
 20
-3.458078349238414
 30
0.0
 10
6.335238131775389
 20
-3.447348198666413
 30
0.0
 10
6.719938285523662
 20
-3.477023562610838
 30
0.0
 10
7.076974721585938
 20
-3.533227147559563
 30
0.0
 10
7.3122622476599
 20
-3.595153537461057
 30
0.0
 10
7.431433510016464
 20
-3.626518761877697
 30
0.0
  0
SPLINE
  5
184
330
1F
100
AcDbEntity
  8
0
  6
Continuous
 62
     7
370
    25
100
AcDbSpline
210
0.0
220
0.0
230
1.0
 70
     8
 71
     3
 72
    13
 73
     9
 74
     0
 42
0.00000001
 43
0.00000001
 40
0.0
 40
0.0
 40
0.0
 40
0.0
 40
0.1296937078889115
 40
0.254799724408071
 40
0.3802860895281123
 40
0.5152691938579199
 40
0.7512196583727664
 40
1.0
 40
1.0
 40
1.0
 40
1.0
 10
7.431433510016135
 20
-3.626518761878676
 30
0.0
 10
7.477110699357844
 20
-3.64151494597936
 30
0.0
 10
7.566849326199878
 20
-3.670976850016368
 30
0.0
 10
7.70009772588897
 20
-3.716992490357158
 30
0.0
 10
7.834787697208144
 20
-3.764812910745676
 30
0.0
 10
8.007695733908042
 20
-3.827780204750891
 30
0.0
 10
8.222841070757552
 20
-3.908301941254647
 30
0.0
 10
8.390843508316381
 20
-3.972024530256386
 30
0.0
 10
8.4770680751904
 20
-4.004729130955065
 30
0.0
  0
SPLINE
  5
188
330
1F
100
AcDbEntity
  8
0
  6
Continuous
 62
     7
370
    25
100
AcDbSpline
210
0.0
220
0.0
230
1.0
 70
     8
 71
     3
 72
    19
 73
    15
 74
     0
 42
0.00000001
 43
0.00000001
 40
0.0
 40
0.0
 40
0.0
 40
0.0
 40
0.0719809487893861
 40
0.1338488474526182
 40
0.1964268908490558
 40
0.2610546789370246
 40
0.3255255756811221
 40
0.4383196744080873
 40
0.552043671462722
 40
0.6628685465000344
 40
0.7472819309503019
 40
0.8312980900533412
 40
0.9153819525225159
 40
1.0
 40
1.0
 40
1.0
 40
1.0
 10
8.050450490364868
 20
-5.192328837820819
 30
0.0
 10
8.09891006205946
 20
-5.210442068358671
 30
0.0
 10
8.189020819537067
 20
-5.244123689286298
 30
0.0
 10
8.32155107905044
 20
-5.292771565335831
 30
0.0
 10
8.449475874475716
 20
-5.338618871817485
 30
0.0
 10
8.579679680870917
 20
-5.383637637537601
 30
0.0
 10
8.744931743373588
 20
-5.437665739518739
 30
0.0
 10
8.945699380623028
 20
-5.496524734570124
 30
0.0
 10
9.181949539053878
 20
-5.551743787597919
 30
0.0
 10
9.401404544713538
 20
-5.587016006878132
 30
0.0
 10
9.601550209985396
 20
-5.604307569953084
 30
0.0
 10
9.783172351446439
 20
-5.605576989709476
 30
0.0
 10
9.96472203569674
 20
-5.594640378589875
 30
0.0
 10
10.08457742266548
 20
-5.575928368839254
 30
0.0
 10
10.14469487378478
 20
-5.566542738706329
 30
0.0
  0
SPLINE
  5
18C
330
1F
100
AcDbEntity
  8
0
  6
Continuous
 62
     7
370
    25
100
AcDbSpline
210
0.0
220
0.0
230
1.0
 70
     8
 71
     3
 72
    16
 73
    12
 74
     0
 42
0.00000001
 43
0.00000001
 40
0.0
 40
0.0
 40
0.0
 40
0.0
 40
0.0886446024328604
 40
0.1762251085774273
 40
0.2648199482836825
 40
0.3869775349959306
 40
0.5081110137127455
 40
0.628246447344226
 40
0.7492092855305886
 40
0.87393980219114
 40
1.0
 40
1.0
 40
1.0
 40
1.0
 10
10.31561215076363
 20
-6.204414700060376
 30
0.0
 10
10.23848141266014
 20
-6.22191816726077
 30
0.0
 10
10.08514581947228
 20
-6.256714988761631
 30
0.0
 10
9.849098966938005
 20
-6.276091083723086
 30
0.0
 10
9.582897798024597
 20
-6.268299922523369
 30
0.0
 10
9.289359330394445
 20
-6.226605829910723
 30
0.0
 10
8.973616831292269
 20
-6.153310970976746
 30
0.0
 10
8.662949125033716
 20
-6.065208440023839
 30
0.0
 10
8.350533434943992
 20
-5.9718100925708
 30
0.0
 10
8.033813707296275
 20
-5.874383306445116
 30
0.0
 10
7.819471539735085
 20
-5.810910650201348
 30
0.0
 10
7.711732239662878
 20
-5.779006057487574
 30
0.0
  0
SPLINE
  5
190
330
1F
100
AcDbEntity
  8
0
  6
Continuous
 62
     7
370
    25
100
AcDbSpline
210
0.0
220
0.0
230
1.0
 70
     8
 71
     3
 72
    10
 73
     6
 74
     0
 42
0.00000001
 43
0.00000001
 40
0.0
 40
0.0
 40
0.0
 40
0.0
 40
0.3375035102070508
 40
0.6618802696695605
 40
1.0
 40
1.0
 40
1.0
 40
1.0
 10
7.513397500688349
 20
-5.722531902291512
 30
0.0
 10
7.460002459461204
 20
-5.707920250426668
 30
0.0
 10
7.355289106214128
 20
-5.679265247488519
 30
0.0
 10
7.196404183010899
 20
-5.638486097431385
 30
0.0
 10
7.090595551609023
 20
-5.613729316370154
 30
0.0
 10
7.036593777309182
 20
-5.60109414582172
 30
0.0
  0
SPLINE
  5
191
330
1F
100
AcDbEntity
  8
0
  6
Continuous
 62
     7
370
    25
100
AcDbSpline
210
0.0
220
0.0
230
1.0
 70
     8
 71
     3
 72
    15
 73
    11
 74
     0
 42
0.00000001
 43
0.00000001
 40
0.0
 40
0.0
 40
0.0
 40
0.0
 40
0.1118511213543182
 40
0.2194164314279965
 40
0.3253115798718008
 40
0.4316353996602942
 40
0.5399365425118261
 40
0.6864474249979232
 40
0.8395486927966856
 40
1.0
 40
1.0
 40
1.0
 40
1.0
 10
4.595991329149265
 20
-5.382454924068036
 30
0.0
 10
4.684823147954903
 20
-5.354308765760125
 30
0.0
 10
4.859083007342885
 20
-5.299094928477563
 30
0.0
 10
5.127880047594396
 20
-5.259475314659689
 30
0.0
 10
5.394151001477726
 20
-5.249850105234406
 30
0.0
 10
5.660611450398848
 20
-5.26822592905795
 30
0.0
 10
5.957858671756534
 20
-5.313570072119936
 30
0.0
 10
6.289057875998814
 20
-5.388738363458132
 30
0.0
 10
6.657930700422781
 20
-5.490987321878939
 30
0.0
 10
6.908416463888617
 20
-5.563818668168059
 30
0.0
 10
7.036595185379416
 20
-5.601087967319531
 30
0.0
  0
SPLINE
  5
193
330
1F
100
AcDbEntity
  8
0
  6
Continuous
 62
     7
370
    25
100
AcDbSpline
210
0.0
220
0.0
230
1.0
 70
     8
 71
     3
 72
    13
 73
     9
 74
     0
 42
0.00000001
 43
0.00000001
 40
0.0
 40
0.0
 40
0.0
 40
0.0
 40
0.1847666207860444
 40
0.3677999321390019
 40
0.5514491074757079
 40
0.697723265149384
 40
0.8468992356958011
 40
0.9999999999999999
 40
0.9999999999999999
 40
0.9999999999999999
 40
0.9999999999999999
 10
4.426425371761782
 20
-4.749626155863885
 30
0.0
 10
4.569653907824792
 20
-4.709304161563255
 30
0.0
 10
4.854767342384735
 20
-4.629038436594161
 30
0.0
 10
5.295923626817221
 20
-4.570463118131874
 30
0.0
 10
5.709197222793461
 20
-4.559732967559821
 30
0.0
 10
6.09389737654174
 20
-4.58940833150429
 30
0.0
 10
6.45093381260401
 20
-4.645611916453005
 30
0.0
 10
6.686221338677976
 20
-4.707538306354493
 30
0.0
 10
6.80539260103454
 20
-4.738903530771131
 30
0.0
  0
SPLINE
  5
194
330
1F
100
AcDbEntity
  8
0
  6
Continuous
 62
     7
370
    25
100
AcDbSpline
210
0.0
220
0.0
230
1.0
 70
     8
 71
     3
 72
    13
 73
     9
 74
     0
 42
0.00000001
 43
0.00000001
 40
0.0
 40
0.0
 40
0.0
 40
0.0
 40
0.1284864867595913
 40
0.2524279855160531
 40
0.3767462924944937
 40
0.5104729406839067
 40
0.7489421032006074
 40
0.9999999999999999
 40
0.9999999999999999
 40
0.9999999999999999
 40
0.9999999999999999
 10
6.805392601034214
 20
-4.738903530772109
 30
0.0
 10
6.851069789948053
 20
-4.753899715941439
 30
0.0
 10
6.940808415949486
 20
-4.78336162207794
 30
0.0
 10
7.074056821778374
 20
-4.829377247083902
 30
0.0
 10
7.208746769288226
 20
-4.877197726938852
 30
0.0
 10
7.383312633445507
 20
-4.940768399158402
 30
0.0
 10
7.601709811661805
 20
-5.022538008537978
 30
0.0
 10
7.772966491378657
 20
-5.08750150811671
 30
0.0
 10
7.860796859494827
 20
-5.120818562327664
 30
0.0
  0
SPLINE
  5
198
330
1F
100
AcDbEntity
  8
0
  6
Continuous
 62
     7
370
    25
100
AcDbSpline
210
0.0
220
0.0
230
1.0
 70
     8
 71
     3
 72
    17
 73
    13
 74
     0
 42
0.00000001
 43
0.00000001
 40
0.0
 40
0.0
 40
0.0
 40
0.0
 40
0.064854001827352
 40
0.1170698236444027
 40
0.1743007169698779
 40
0.2310289579770909
 40
0.2891566206902126
 40
0.3461863629780845
 40
0.508198248489727
 40
0.6715535540225994
 40
0.8354681400014097
 40
1.0
 40
1.0
 40
1.0
 40
1.0
 10
9.888350694183558
 20
-6.587451661837885
 30
0.0
 10
9.843813776922396
 20
-6.593027337607413
 30
0.0
 10
9.763418906867813
 20
-6.603092150273482
 30
0.0
 10
9.643845477056765
 20
-6.618958756342911
 30
0.0
 10
9.529222141532792
 20
-6.629519639747555
 30
0.0
 10
9.410026604238764
 20
-6.630283405643751
 30
0.0
 10
9.291136601440108
 20
-6.625804965247983
 30
0.0
 10
9.09980144926202
 20
-6.611530768754555
 30
0.0
 10
8.837792824186185
 20
-6.569961343926831
 30
0.0
 10
8.509841881981806
 20
-6.484346079060097
 30
0.0
 10
8.186246607473286
 20
-6.378485261141596
 30
0.0
 10
7.972455609242949
 20
-6.301256623851395
 30
0.0
 10
7.86535921340552
 20
-6.2625697344235
 30
0.0
  0
SPLINE
  5
19C
330
1F
100
AcDbEntity
  8
0
  6
Continuous
 62
     7
370
    25
100
AcDbSpline
210
0.0
220
0.0
230
1.0
 70
     8
 71
     3
 72
    20
 73
    16
 74
     0
 42
0.00000001
 43
0.00000001
 40
0.0
 40
0.0
 40
0.0
 40
0.0
 40
0.0047754894150927
 40
0.0841047123704482
 40
0.1685367618913427
 40
0.2538925587298473
 40
0.341177413254041
 40
0.4215036519422483
 40
0.5029526824616183
 40
0.5865918518324871
 40
0.6695476945731127
 40
0.7523044774279942
 40
0.8349566452778129
 40
0.9166812138649101
 40
1.0
 40
1.0
 40
1.0
 40
1.0
 10
7.388813482725355
 20
-7.08797115209161
 30
0.0
 10
7.39313417043325
 20
-7.089084019246287
 30
0.0
 10
7.469229030107044
 20
-7.108683554249921
 30
0.0
 10
7.621401137137923
 20
-7.149175299063967
 30
0.0
 10
7.845778801825166
 20
-7.211037320143205
 30
0.0
 10
8.077063097326882
 20
-7.275802258028083
 30
0.0
 10
8.304804510273167
 20
-7.338996273786748
 30
0.0
 10
8.529528431863907
 20
-7.399391011861596
 30
0.0
 10
8.75177365777115
 20
-7.455849192340564
 30
0.0
 10
8.978181285831791
 20
-7.505635088580662
 30
0.0
 10
9.208246024030405
 20
-7.543284095716592
 30
0.0
 10
9.43971495879945
 20
-7.563396450699957
 30
0.0
 10
9.670951794152643
 20
-7.561606679124083
 30
0.0
 10
9.901502996513882
 20
-7.533984875849844
 30
0.0
 10
10.05063749011143
 20
-7.494183830957359
 30
0.0
 10
10.12592501076523
 20
-7.474091081673804
 30
0.0
  0
SPLINE
  5
1A1
330
1F
100
AcDbEntity
  8
0
  6
Continuous
 62
     7
370
    25
100
AcDbSpline
210
0.0
220
0.0
230
1.0
 70
     8
 71
     3
 72
    15
 73
    11
 74
     0
 42
0.00000001
 43
0.00000001
 40
0.0
 40
0.0
 40
0.0
 40
0.0
 40
0.1096912003339393
 40
0.2159787297929232
 40
0.321106580326919
 40
0.4269629195539217
 40
0.5350540442460225
 40
0.6818655659361527
 40
0.836378514991867
 40
0.9999999999999999
 40
0.9999999999999999
 40
0.9999999999999999
 40
0.9999999999999999
 10
4.438199689534385
 20
-6.787213705130859
 30
0.0
 10
4.535462913599777
 20
-6.761737303902027
 30
0.0
 10
4.726971325626042
 20
-6.711575023241887
 30
0.0
 10
5.019789877239203
 20
-6.676794178348791
 30
0.0
 10
5.310542462019418
 20
-6.669795742911873
 30
0.0
 10
5.602425344241676
 20
-6.689203483257415
 30
0.0
 10
5.929815671354238
 20
-6.734722153604817
 30
0.0
 10
6.297336222370642
 20
-6.809833249419982
 30
0.0
 10
6.710470642314268
 20
-6.912813993956695
 30
0.0
 10
6.992069605261278
 20
-6.987393666635431
 30
0.0
 10
7.13690032951068
 20
-7.025751151674811
 30
0.0
  0
SPLINE
  5
1A3
330
1F
100
AcDbEntity
  8
0
  6
Continuous
 62
     7
370
    25
100
AcDbSpline
210
0.0
220
0.0
230
1.0
 70
     8
 71
     3
 72
    14
 73
    10
 74
     0
 42
0.00000001
 43
0.00000001
 40
0.0
 40
0.0
 40
0.0
 40
0.0
 40
0.1381638530006276
 40
0.2760590635415661
 40
0.4139312434785434
 40
0.5522659419770776
 40
0.6984979559586084
 40
0.8472420827614501
 40
1.0
 40
1.0
 40
1.0
 40
1.0
 10
4.202004382610593
 20
-5.905720819181959
 30
0.0
 10
4.320825224945067
 20
-5.874398868734225
 30
0.0
 10
4.558235877237212
 20
-5.811815869482909
 30
0.0
 10
4.920700935406678
 20
-5.745830723533008
 30
0.0
 10
5.286839405985436
 20
-5.704452233409656
 30
0.0
 10
5.662737459655987
 20
-5.692211670335987
 30
0.0
 10
6.047775579033727
 20
-5.71459154087672
 30
0.0
 10
6.442482048541467
 20
-5.773809546312554
 30
0.0
 10
6.70040596253589
 20
-5.847752967332314
 30
0.0
 10
6.831084744608735
 20
-5.885216869192033
 30
0.0
  0
SPLINE
  5
1A4
330
1F
100
AcDbEntity
  8
0
  6
Continuous
 62
     7
370
    25
100
AcDbSpline
210
0.0
220
0.0
230
1.0
 70
     8
 71
     3
 72
    13
 73
     9
 74
     0
 42
0.00000001
 43
0.00000001
 40
0.0
 40
0.0
 40
0.0
 40
0.0
 40
0.1420580839027278
 40
0.2772256722503254
 40
0.4278307890427847
 40
0.5630539486826897
 40
0.6827024593212663
 40
1.0
 40
1.0
 40
1.0
 40
1.0
 10
7.674861922262068
 20
-6.192520721388231
 30
0.0
 10
7.634989369941714
 20
-6.177741570802285
 30
0.0
 10
7.557178274524468
 20
-6.148900129020745
 30
0.0
 10
7.437147175156293
 20
-6.104251755131631
 30
0.0
 10
7.319000666073054
 20
-6.060404868589372
 30
0.0
 10
7.205079348287684
 20
-6.018527052896495
 30
0.0
 10
7.044177995596357
 20
-5.959829302224948
 30
0.0
 10
6.920729476352064
 20
-5.916605059634255
 30
0.0
 10
6.831084744608738
 20
-5.885216869192024
 30
0.0
  0
SPLINE
  5
1A5
330
1F
100
AcDbEntity
  8
0
  6
Continuous
 62
     7
370
    25
100
AcDbSpline
210
0.0
220
0.0
230
1.0
 70
    24
 71
     3
 72
     9
 73
     5
 74
     0
 42
0.00000001
 43
0.00000001
 40
0.0
 40
0.0
 40
0.0
 40
0.0
 40
0.5598226446349691
 40
1.0
 40
1.0
 40
1.0
 40
1.0
 10
7.736992931666918
 20
-6.084906656373467
 30
0.0
 10
7.73623071128156
 20
-6.086226860807474
 30
0.0
 10
7.734869172242966
 20
-6.088585115598805
 30
0.0
 10
7.732282202341295
 20
-6.093065878906144
 30
0.0
 10
7.731143476771569
 20
-6.095038209448784
 30
0.0
  0
SPLINE
  5
1A7
330
1F
100
AcDbEntity
  8
0
  6
Continuous
 62
     7
370
    25
100
AcDbSpline
210
0.0
220
0.0
230
1.0
 70
    24
 71
     3
 72
     9
 73
     5
 74
     0
 42
0.00000001
 43
0.00000001
 40
0.0
 40
0.0
 40
0.0
 40
0.0
 40
0.5598226446348815
 40
1.0
 40
1.0
 40
1.0
 40
1.0
 10
7.910198012423807
 20
-6.184906656373466
 30
0.0
 10
7.909435792038447
 20
-6.186226860807474
 30
0.0
 10
7.908074252999851
 20
-6.188585115598804
 30
0.0
 10
7.905487283098185
 20
-6.193065878906144
 30
0.0
 10
7.904348557528459
 20
-6.195038209448784
 30
0.0
  0
SPLINE
  5
1AB
330
1F
100
AcDbEntity
  8
0
  6
Continuous
 62
     7
370
    25
100
AcDbSpline
210
0.0
220
0.0
230
1.0
 70
     8
 71
     3
 72
    21
 73
    17
 74
     0
 42
0.00000001
 43
0.00000001
 40
0.0
 40
0.0
 40
0.0
 40
0.0
 40
0.0925030500204085
 40
0.1754639410809024
 40
0.2616293982457631
 40
0.3487743242439219
 40
0.4573876059450605
 40
0.5653228206198793
 40
0.6726065550825311
 40
0.7641099166106088
 40
0.8563830747420877
 40
0.8843636777876059
 40
0.9129376401772321
 40
0.9267983919525791
 40
0.9541592029879472
 40
1.0
 40
1.0
 40
1.0
 40
1.0
 10
4.080805756587958
 20
-6.972013515861883
 30
0.0
 10
4.145008195845993
 20
-6.995372589359375
 30
0.0
 10
4.266790266996474
 20
-7.03968112940172
 30
0.0
 10
4.448953792598775
 20
-7.10414618767211
 30
0.0
 10
4.628178814426914
 20
-7.16502269680883
 30
0.0
 10
4.826760288432151
 20
-7.227717080482771
 30
0.0
 10
5.043215458698561
 20
-7.286877481024729
 30
0.0
 10
5.277302155652572
 20
-7.336696541559566
 30
0.0
 10
5.50216636282006
 20
-7.366781798859609
 30
0.0
 10
5.717057428221411
 20
-7.376371247597906
 30
0.0
 10
5.873684834851163
 20
-7.373296721271624
 30
0.0
 10
5.983070588624236
 20
-7.362084212983473
 30
0.0
 10
6.034518116127834
 20
-7.354407448868015
 30
0.0
 10
6.085405076002167
 20
-7.346181558377796
 30
0.0
 10
6.148881253882087
 20
-7.335910576288828
 30
0.0
 10
6.202250566009977
 20
-7.327270850147297
 30
0.0
 10
6.235671850995173
 20
-7.321860423479658
 30
0.0
  0
SPLINE
  5
1AF
330
1F
100
AcDbEntity
  8
0
  6
Continuous
 62
     7
370
    25
100
AcDbSpline
210
0.0
220
0.0
230
1.0
 70
     8
 71
     3
 72
    16
 73
    12
 74
     0
 42
0.00000001
 43
0.00000001
 40
0.0
 40
0.0
 40
0.0
 40
0.0
 40
0.0852842642466972
 40
0.1699514569083596
 40
0.2546122275255269
 40
0.3398827955053956
 40
0.4724769261438151
 40
0.6048749484241422
 40
0.7348522421074447
 40
0.8683452803154201
 40
0.9999999999999999
 40
0.9999999999999999
 40
0.9999999999999999
 40
0.9999999999999999
 10
6.45205163393122
 20
-8.129400767127725
 30
0.0
 10
6.396236583044479
 20
-8.146196694762617
 30
0.0
 10
6.285010329298804
 20
-8.179667023631493
 30
0.0
 10
6.113804414348051
 20
-8.211960153481938
 30
0.0
 10
5.940680098892673
 20
-8.230281599173335
 30
0.0
 10
5.733834015045769
 20
-8.233712219517157
 30
0.0
 10
5.494839979543958
 20
-8.215927824032434
 30
0.0
 10
5.228263596918131
 20
-8.173074151150805
 30
0.0
 10
4.964008736210388
 20
-8.115468067182642
 30
0.0
 10
4.701797833836589
 20
-8.051503617045208
 30
0.0
 10
4.526363718294402
 20
-8.006514160654573
 30
0.0
 10
4.439254819134191
 20
-7.984175392576924
 30
0.0
  0
SPLINE
  5
1B0
330
1F
100
AcDbEntity
  8
0
  6
Continuous
 62
     7
370
    25
100
AcDbSpline
210
0.0
220
0.0
230
1.0
 70
     8
 71
     3
 72
     9
 73
     5
 74
     0
 42
0.00000001
 43
0.00000001
 40
0.0
 40
0.0
 40
0.0
 40
0.0
 40
0.5501592219350595
 40
1.0
 40
1.0
 40
1.0
 40
1.0
 10
3.634771566804813
 20
-7.744567394476198
 30
0.0
 10
3.782111484776789
 20
-7.789151496118238
 30
0.0
 10
4.049924714288314
 20
-7.870190038897227
 30
0.0
 10
4.318457722006238
 20
-7.948809260679506
 30
0.0
 10
4.439254819134191
 20
-7.984175392576907
 30
0.0
  0
SPLINE
  5
1B4
330
1F
100
AcDbEntity
  8
0
  6
Continuous
 62
     7
370
    25
100
AcDbSpline
210
0.0
220
0.0
230
1.0
 70
     8
 71
     3
 72
    14
 73
    10
 74
     0
 42
0.00000001
 43
0.00000001
 40
0.0
 40
0.0
 40
0.0
 40
0.0
 40
0.1411027591722902
 40
0.277314118383378
 40
0.4119502382877334
 40
0.5476740725325799
 40
0.6931737195472354
 40
0.8436070016990619
 40
1.0
 40
1.0
 40
1.0
 40
1.0
 10
0.7876747245435329
 20
-7.515717169294933
 30
0.0
 10
0.9101017635518576
 20
-7.481738008212062
 30
0.0
 10
1.150711845084184
 20
-7.414957591199819
 30
0.0
 10
1.520208792289077
 20
-7.373293125076963
 30
0.0
 10
1.886312311079334
 20
-7.371537157775538
 30
0.0
 10
2.259083557055813
 20
-7.407687498331466
 30
0.0
 10
2.641424935240958
 20
-7.476297758039657
 30
0.0
 10
3.037032708671439
 20
-7.57158748845605
 30
0.0
 10
3.302296821231696
 20
-7.647532753498376
 30
0.0
 10
3.437505089062335
 20
-7.686242956839506
 30
0.0
  0
SPLINE
  5
1B6
330
1F
100
AcDbEntity
  8
0
  6
Continuous
 62
     7
370
    25
100
AcDbSpline
210
0.0
220
0.0
230
1.0
 70
     8
 71
     3
 72
    14
 73
    10
 74
     0
 42
0.00000001
 43
0.00000001
 40
0.0
 40
0.0
 40
0.0
 40
0.0
 40
0.1332489965350613
 40
0.2700320770417521
 40
0.4089352043003054
 40
0.549622611854036
 40
0.6985630912870568
 40
0.8487718330318366
 40
0.9999999999999999
 40
0.9999999999999999
 40
0.9999999999999999
 40
0.9999999999999999
 10
0.5989255654073299
 20
-6.811295717512757
 30
0.0
 10
0.7426730704124593
 20
-6.77487297853744
 30
0.0
 10
1.033980610097317
 20
-6.701061481919778
 30
0.0
 10
1.485516931792047
 20
-6.639946118924057
 30
0.0
 10
1.948017630012565
 20
-6.611432993988703
 30
0.0
 10
2.425106864371337
 20
-6.620925818352359
 30
0.0
 10
2.912105488792845
 20
-6.670958497723562
 30
0.0
 10
3.405772682620134
 20
-6.76101438308608
 30
0.0
 10
3.727176884770559
 20
-6.85705063743328
 30
0.0
 10
3.888422462011269
 20
-6.905231156432848
 30
0.0
  0
SPLINE
  5
1B7
330
1F
100
AcDbEntity
  8
0
  6
Continuous
 62
     7
370
    25
100
AcDbSpline
210
0.0
220
0.0
230
1.0
 70
    24
 71
     3
 72
     9
 73
     5
 74
     0
 42
0.00000001
 43
0.00000001
 40
0.0
 40
0.0
 40
0.0
 40
0.0
 40
0.5603194205071
 40
1.0
 40
1.0
 40
1.0
 40
1.0
 10
3.967476899110413
 20
-6.768304854973817
 30
0.0
 10
3.961664843240474
 20
-6.778371631036972
 30
0.0
 10
3.9512920885987
 20
-6.796337769090946
 30
0.0
 10
3.939211609257662
 20
-6.817261773089432
 30
0.0
 10
3.933900057100442
 20
-6.826461651292797
 30
0.0
  0
SPLINE
  5
1B9
330
1F
100
AcDbEntity
  8
0
  6
Continuous
 62
     7
370
    25
100
AcDbSpline
210
0.0
220
0.0
230
1.0
 70
    24
 71
     3
 72
     9
 73
     5
 74
     0
 42
0.00000001
 43
0.00000001
 40
0.0
 40
0.0
 40
0.0
 40
0.0
 40
0.5603194205070462
 40
1.0
 40
1.0
 40
1.0
 40
1.0
 10
4.140681979867304
 20
-6.868304854973799
 30
0.0
 10
4.134869923997363
 20
-6.878371631036955
 30
0.0
 10
4.124497169355589
 20
-6.896337769090935
 30
0.0
 10
4.11241669001455
 20
-6.917261773089435
 30
0.0
 10
4.107105137857329
 20
-6.926461651292805
 30
0.0
  0
SPLINE
  5
1BD
330
1F
100
AcDbEntity
  8
0
  6
Continuous
 62
     7
370
    25
100
AcDbSpline
210
0.0
220
0.0
230
1.0
 70
     8
 71
     3
 72
     9
 73
     5
 74
     0
 42
0.00000001
 43
0.00000001
 40
0.0
 40
0.0
 40
0.0
 40
0.0
 40
0.5543881723617057
 40
1.0
 40
1.0
 40
1.0
 40
1.0
 10
1.550070730922257
 20
-4.99009456285383
 30
0.0
 10
1.685915800794366
 20
-5.029242485861159
 30
0.0
 10
1.93095181823573
 20
-5.099857129100315
 30
0.0
 10
2.174606616573961
 20
-5.175093909458669
 30
0.0
 10
2.283182076574299
 20
-5.208620308659777
 30
0.0
  0
SPLINE
  5
1BE
330
1F
100
AcDbEntity
  8
0
  6
Continuous
 62
     7
370
    25
100
AcDbSpline
210
0.0
220
0.0
230
1.0
 70
     8
 71
     3
 72
    21
 73
    17
 74
     0
 42
0.00000001
 43
0.00000001
 40
0.0
 40
0.0
 40
0.0
 40
0.0
 40
0.049675009580835
 40
0.0969892215073862
 40
0.2472831170454697
 40
0.3970694188264903
 40
0.5465863230628208
 40
0.673701092205594
 40
0.8012557455632602
 40
0.8289485704062444
 40
0.8579080599778384
 40
0.885807066855497
 40
0.9142521413872486
 40
0.9427934777723243
 40
0.959619434939529
 40
1.0
 40
1.0
 40
1.0
 40
1.0
 10
2.283182276143775
 20
-5.208619676128584
 30
0.0
 10
2.307695917882904
 20
-5.216277441402744
 30
0.0
 10
2.355558194078748
 20
-5.23122903776265
 30
0.0
 10
2.478095706933084
 20
-5.267681872196545
 30
0.0
 10
2.651547635249074
 20
-5.314532353493098
 30
0.0
 10
2.878941455925825
 20
-5.363279264425644
 30
0.0
 10
3.097348184758083
 20
-5.395021650948702
 30
0.0
 10
3.306059986471291
 20
-5.408183859114589
 30
0.0
 10
3.452170393613413
 20
-5.407838755634997
 30
0.0
 10
3.547294712602856
 20
-5.403188057760477
 30
0.0
 10
3.590897880076662
 20
-5.400036058128588
 30
0.0
 10
3.634795826696686
 20
-5.395747389384001
 30
0.0
 10
3.678332808129924
 20
-5.390190933774068
 30
0.0
 10
3.716087451569722
 20
-5.38463609616155
 30
0.0
 10
3.759911931975679
 20
-5.377954871599205
 30
0.0
 10
3.789151488258159
 20
-5.373511210869247
 30
0.0
 10
3.809790914652667
 20
-5.370374548750572
 30
0.0
  0
SPLINE
  5
1C2
330
1F
100
AcDbEntity
  8
0
  6
Continuous
 62
     7
370
    25
100
AcDbSpline
210
0.0
220
0.0
230
1.0
 70
     8
 71
     3
 72
    14
 73
    10
 74
     0
 42
0.00000001
 43
0.00000001
 40
0.0
 40
0.0
 40
0.0
 40
0.0
 40
0.1473924838155329
 40
0.2920754646911798
 40
0.4389163173508895
 40
0.5811009380930323
 40
0.7232439746686987
 40
0.8661673187325261
 40
1.0
 40
1.0
 40
1.0
 40
1.0
 10
3.949073480401412
 20
-5.890184160704207
 30
0.0
 10
3.876920354586267
 20
-5.909180954682233
 30
0.0
 10
3.733940487459836
 20
-5.946825326261717
 30
0.0
 10
3.51270624306093
 20
-5.972330744382559
 30
0.0
 10
3.293088520902107
 20
-5.973647647357783
 30
0.0
 10
3.075558575400839
 20
-5.95577760115015
 30
0.0
 10
2.861776207825202
 20
-5.923796226443957
 30
0.0
 10
2.653885722416337
 20
-5.882844766792179
 30
0.0
 10
2.517439651417778
 20
-5.851698358118228
 30
0.0
 10
2.451457552172462
 20
-5.836636690067107
 30
0.0
  0
SPLINE
  5
1C3
330
1F
100
AcDbEntity
  8
0
  6
Continuous
 62
     7
370
    25
100
AcDbSpline
210
0.0
220
0.0
230
1.0
 70
     8
 71
     3
 72
     9
 73
     5
 74
     0
 42
0.00000001
 43
0.00000001
 40
0.0
 40
0.0
 40
0.0
 40
0.0
 40
0.5477402735728457
 40
1.0
 40
1.0
 40
1.0
 40
1.0
 10
1.263421244558721
 20
-5.486586037236994
 30
0.0
 10
1.480047172790555
 20
-5.551469442768786
 30
0.0
 10
1.8755374054492
 20
-5.669925960688427
 30
0.0
 10
2.272106010309732
 20
-5.784718591759597
 30
0.0
 10
2.451458019053555
 20
-5.836634675683697
 30
0.0
  0
SPLINE
  5
1C7
330
1F
100
AcDbEntity
  8
0
  6
Continuous
 62
     7
370
    25
100
AcDbSpline
210
0.0
220
0.0
230
1.0
 70
     8
 71
     3
 72
    14
 73
    10
 74
     0
 42
0.00000001
 43
0.00000001
 40
0.0
 40
0.0
 40
0.0
 40
0.0
 40
0.1428075150243984
 40
0.2807748474649591
 40
0.4167275664026373
 40
0.5529784152145658
 40
0.697953450278171
 40
0.8466387102953434
 40
1.0
 40
1.0
 40
1.0
 40
1.0
 10
-1.617871770595315
 20
-5.298416048887296
 30
0.0
 10
-1.492498228426633
 20
-5.26442013920995
 30
0.0
 10
-1.246000436118301
 20
-5.197580545001909
 30
0.0
 10
-0.8688607895648545
 20
-5.152307208330196
 30
0.0
 10
-0.4957973698590319
 20
-5.144891594282257
 30
0.0
 10
-0.1173214664677093
 20
-5.173788427848737
 30
0.0
 10
0.2688588900441256
 20
-5.234409540942283
 30
0.0
 10
0.6657873062724426
 20
-5.321533450216371
 30
0.0
 10
0.9306447700105696
 20
-5.39350477892094
 30
0.0
 10
1.065123651706757
 20
-5.430047542948724
 30
0.0
  0
SPLINE
  5
1C9
330
1F
100
AcDbEntity
  8
0
  6
Continuous
 62
     7
370
    25
100
AcDbSpline
210
0.0
220
0.0
230
1.0
 70
     8
 71
     3
 72
    14
 73
    10
 74
     0
 42
0.00000001
 43
0.00000001
 40
0.0
 40
0.0
 40
0.0
 40
0.0
 40
0.1402608336128773
 40
0.2774036601408724
 40
0.4136250080975428
 40
0.550706679569892
 40
0.6967073495202778
 40
0.8462356963743677
 40
1.0
 40
1.0
 40
1.0
 40
1.0
 10
-1.74728129314658
 20
-4.815453135742769
 30
0.0
 10
-1.605183811295818
 20
-4.77758569662256
 30
0.0
 10
-1.324147683484127
 20
-4.702692613917089
 30
0.0
 10
-0.8929941635304968
 20
-4.649223740207309
 30
0.0
 10
-0.4628462598394236
 20
-4.635946394962955
 30
0.0
 10
-0.0238853314403746
 20
-4.662085555160838
 30
0.0
 10
0.4253539295428928
 20
-4.723667654346768
 30
0.0
 10
0.8871509323637617
 20
-4.815720621094488
 30
0.0
 10
1.194787928501872
 20
-4.895084049280954
 30
0.0
 10
1.350754742751532
 20
-4.935319980646693
 30
0.0
  0
SPLINE
  5
1CB
330
1F
100
AcDbEntity
  8
0
  6
Continuous
 62
     7
370
    25
100
AcDbSpline
210
0.0
220
0.0
230
1.0
 70
    24
 71
     3
 72
     9
 73
     5
 74
     0
 42
0.00000001
 43
0.00000001
 40
0.0
 40
0.0
 40
0.0
 40
0.0
 40
0.5599137314596301
 40
1.0
 40
1.0
 40
1.0
 40
1.0
 10
1.675245152825086
 20
-4.773286104348068
 30
0.0
 10
1.666607983000744
 20
-4.788246121317425
 30
0.0
 10
1.651182089083433
 20
-4.814964553334364
 30
0.0
 10
1.63280828379303
 20
-4.846788917625734
 30
0.0
 10
1.624722224383889
 20
-4.86079438335539
 30
0.0
  0
SPLINE
  5
1CC
330
1F
100
AcDbEntity
  8
0
  6
Continuous
 62
     7
370
    25
100
AcDbSpline
210
0.0
220
0.0
230
1.0
 70
    24
 71
     3
 72
     9
 73
     5
 74
     0
 42
0.00000001
 43
0.00000001
 40
0.0
 40
0.0
 40
0.0
 40
0.0
 40
0.5599137314597024
 40
1.0
 40
1.0
 40
1.0
 40
1.0
 10
1.502040072068197
 20
-4.673286104348068
 30
0.0
 10
1.493402902243853
 20
-4.688246121317428
 30
0.0
 10
1.477977008326542
 20
-4.714964553334374
 30
0.0
 10
1.45960320303614
 20
-4.746788917625731
 30
0.0
 10
1.451517143627001
 20
-4.760794383355383
 30
0.0
  0
SPLINE
  5
1CD
330
1F
100
AcDbEntity
  8
0
  6
Continuous
 62
     7
370
    25
100
AcDbSpline
210
0.0
220
0.0
230
1.0
 70
     8
 71
     3
 72
    14
 73
    10
 74
     0
 42
0.00000001
 43
0.00000001
 40
0.0
 40
0.0
 40
0.0
 40
0.0
 40
0.1410297955591413
 40
0.2818753607524504
 40
0.4226187214233301
 40
0.5633370663268669
 40
0.7104470631168304
 40
0.8560893655250522
 40
1.0
 40
1.0
 40
1.0
 40
1.0
 10
-9.054423688351571
 20
1.374447484270117
 30
0.0
 10
-9.169288344246173
 20
1.333872544750232
 30
0.0
 10
-9.398867605774766
 20
1.252775669658468
 30
0.0
 10
-9.75467523061294
 20
1.169410013167014
 30
0.0
 10
-10.11442676577001
 20
1.109550804260568
 30
0.0
 10
-10.48298994021821
 20
1.073415371439052
 30
0.0
 10
-10.85729712424757
 20
1.065195689257184
 30
0.0
 10
-11.23436922636702
 20
1.074763838496511
 30
0.0
 10
-11.48388440373678
 20
1.057699505986327
 30
0.0
 10
-11.60789588112995
 20
1.049218366251167
 30
0.0
  0
SPLINE
  5
1CF
330
1F
100
AcDbEntity
  8
0
  6
Continuous
 62
     7
370
    25
100
AcDbSpline
210
0.0
220
0.0
230
1.0
 70
     8
 71
     3
 72
    17
 73
    13
 74
     0
 42
0.00000001
 43
0.00000001
 40
0.0
 40
0.0
 40
0.0
 40
0.0
 40
0.0777504184766904
 40
0.15619235436504
 40
0.2354546932805452
 40
0.3153159739395836
 40
0.3955146565098583
 40
0.4759056415804885
 40
0.5563746065809052
 40
0.7039743663759512
 40
0.8519118101407684
 40
1.0
 40
1.0
 40
1.0
 40
1.0
 10
-11.5399418327879
 20
0.751773362557378
 30
0.0
 10
-11.47476788194411
 20
0.7292743375364222
 30
0.0
 10
-11.34384031878746
 20
0.6840761796641971
 30
0.0
 10
-11.13554114463488
 20
0.6607198331147441
 30
0.0
 10
-10.9252670811978
 20
0.6614075910587737
 30
0.0
 10
-10.71441921881281
 20
0.6832766085980239
 30
0.0
 10
-10.50498736388245
 20
0.7208281905052436
 30
0.0
 10
-10.29762756619053
 20
0.7708209278565872
 30
0.0
 10
-10.03628438073449
 20
0.8495042864186525
 30
0.0
 10
-9.726035211878134
 20
0.9705065034448042
 30
0.0
 10
-9.372585350070679
 20
1.141792071274419
 30
0.0
 10
-9.14660905399478
 20
1.274119980771512
 30
0.0
 10
-9.033563368635406
 20
1.340317628405526
 30
0.0
  0
SPLINE
  5
1D0
330
1F
100
AcDbEntity
  8
0
  6
Continuous
 62
     7
370
    25
100
AcDbSpline
210
0.0
220
0.0
230
1.0
 70
     8
 71
     3
 72
    20
 73
    16
 74
     0
 42
0.00000001
 43
0.00000001
 40
0.0
 40
0.0
 40
0.0
 40
0.0
 40
0.1392005106672451
 40
0.2789014764855798
 40
0.4191075240222806
 40
0.5420411612669145
 40
0.5970657093603783
 40
0.6193117162847316
 40
0.6386887834813074
 40
0.6569884638284057
 40
0.6754946973261373
 40
0.721634416007867
 40
0.8248693514104855
 40
0.9278854279941794
 40
1.0
 40
1.0
 40
1.0
 40
1.0
 10
-11.5399418327879
 20
0.751773362557378
 30
0.0
 10
-11.56475690379191
 20
0.763365405716298
 30
0.0
 10
-11.61447626120616
 20
0.7865911678705455
 30
0.0
 10
-11.68563963661958
 20
0.8285473510384699
 30
0.0
 10
-11.74831987639863
 20
0.8775668183788976
 30
0.0
 10
-11.78759761847956
 20
0.9278200971448608
 30
0.0
 10
-11.80208894731026
 20
0.9646885949199151
 30
0.0
 10
-11.80702449184611
 20
0.983039025115169
 30
0.0
 10
-11.80818473895374
 20
0.9949411137292719
 30
0.0
 10
-11.80428866639733
 20
1.005844313929946
 30
0.0
 10
-11.79130231403722
 20
1.01654842369335
 30
0.0
 10
-11.75868991628477
 20
1.024774471065396
 30
0.0
 10
-11.71017664847764
 20
1.033561992583982
 30
0.0
 10
-11.65605015500229
 20
1.042517877060206
 30
0.0
 10
-11.62194114696843
 20
1.047264019432764
 30
0.0
 10
-11.60789588112995
 20
1.049218366251167
 30
0.0
  0
SPLINE
  5
1D1
330
1F
100
AcDbEntity
  8
0
  6
Continuous
 62
     7
370
    25
100
AcDbSpline
210
0.0
220
0.0
230
1.0
 70
     8
 71
     3
 72
     9
 73
     5
 74
     0
 42
0.00000001
 43
0.00000001
 40
0.0
 40
0.0
 40
0.0
 40
0.0
 40
0.4881028496551236
 40
1.0
 40
1.0
 40
1.0
 40
1.0
 10
-10.05178225235392
 20
0.9225840622697542
 30
0.0
 10
-9.988055816184954
 20
0.9459592598824472
 30
0.0
 10
-9.857496373202824
 20
0.9938491618348925
 30
0.0
 10
-9.730706197824778
 20
1.050982800681896
 30
0.0
 10
-9.665802668357026
 20
1.08022934759651
 30
0.0
  0
SPLINE
  5
1D5
330
1F
100
AcDbEntity
  8
0
  6
Continuous
 62
     7
370
    25
100
AcDbSpline
210
0.0
220
0.0
230
1.0
 70
     8
 71
     3
 72
    10
 73
     6
 74
     0
 42
0.00000001
 43
0.00000001
 40
0.0
 40
0.0
 40
0.0
 40
0.0
 40
0.2957661269280704
 40
0.6274282949601914
 40
1.0
 40
1.0
 40
1.0
 40
1.0
 10
-11.28939533427153
 20
0.7526883443360592
 30
0.0
 10
-11.2157825601532
 20
0.7437861770041384
 30
0.0
 10
-11.0596229017364
 20
0.724901419210776
 30
0.0
 10
-10.80841845810423
 20
0.7396194621100846
 30
0.0
 10
-10.63482126133345
 20
0.7703416803004908
 30
0.0
 10
-10.54298045948606
 20
0.7865951291212283
 30
0.0
  0
SPLINE
  5
1D7
330
1F
100
AcDbEntity
  8
0
  6
Continuous
 62
     7
370
    25
100
AcDbSpline
210
0.0
220
0.0
230
1.0
 70
     8
 71
     3
 72
    12
 73
     8
 74
     0
 42
0.00000001
 43
0.00000001
 40
0.0
 40
0.0
 40
0.0
 40
0.0
 40
0.179579702691624
 40
0.3895620622294506
 40
0.6054961619923546
 40
0.8038854573821104
 40
1.0
 40
1.0
 40
1.0
 40
1.0
 10
-10.56941957557241
 20
1.003621297265016
 30
0.0
 10
-10.61133961587141
 20
1.002198411273025
 30
0.0
 10
-10.70227671568199
 20
0.99911174617085
 30
0.0
 10
-10.84370549509091
 20
0.9980140021298675
 30
0.0
 10
-10.98951618580253
 20
0.998365728770859
 30
0.0
 10
-11.13208835494036
 20
0.9998431887867033
 30
0.0
 10
-11.22422638443059
 20
0.9988901772417629
 30
0.0
 10
-11.27002976014031
 20
0.9984164190542898
 30
0.0
  0
CIRCLE
  5
1D9
330
1F
100
AcDbEntity
  8
0
  6
Continuous
 62
     7
370
    25
100
AcDbCircle
 10
-10.3174683571
 20
0.9304723111
 30
0.0
 40
0.0590551181102346
  0
CIRCLE
  5
1DA
330
1F
100
AcDbEntity
  8
0
  6
Continuous
 62
     7
370
    25
100
AcDbCircle
 10
-11.5170060379
 20
0.8971653712
 30
0.0
 40
0.0590551181102346
  0
SPLINE
  5
1DB
330
1F
100
AcDbEntity
  8
0
  6
Continuous
 62
     7
370
    25
100
AcDbSpline
210
0.0
220
0.0
230
1.0
 70
     8
 71
     3
 72
    14
 73
    10
 74
     0
 42
0.00000001
 43
0.00000001
 40
0.0
 40
0.0
 40
0.0
 40
0.0
 40
0.1410297955591413
 40
0.2818753607524504
 40
0.4226187214233301
 40
0.5633370663268669
 40
0.7104470631168304
 40
0.8560893655250522
 40
1.0
 40
1.0
 40
1.0
 40
1.0
 10
-9.03118781734779
 20
-0.641721857638432
 30
0.0
 10
-9.146052473242392
 20
-0.6822967971583175
 30
0.0
 10
-9.375631734770987
 20
-0.7633936722500803
 30
0.0
 10
-9.73143935960916
 20
-0.8467593287415349
 30
0.0
 10
-10.09119089476623
 20
-0.9066185376479812
 30
0.0
 10
-10.45975406921443
 20
-0.9427539704694969
 30
0.0
 10
-10.8340612532438
 20
-0.9509736526513655
 30
0.0
 10
-11.21113335536324
 20
-0.9414055034120377
 30
0.0
 10
-11.46064853273301
 20
-0.9584698359222218
 30
0.0
 10
-11.58466001012617
 20
-0.9669509756573818
 30
0.0
  0
SPLINE
  5
1DD
330
1F
100
AcDbEntity
  8
0
  6
Continuous
 62
     7
370
    25
100
AcDbSpline
210
0.0
220
0.0
230
1.0
 70
     8
 71
     3
 72
    17
 73
    13
 74
     0
 42
0.00000001
 43
0.00000001
 40
0.0
 40
0.0
 40
0.0
 40
0.0
 40
0.0777504184766904
 40
0.15619235436504
 40
0.2354546932805452
 40
0.3153159739395836
 40
0.3955146565098583
 40
0.4759056415804885
 40
0.5563746065809052
 40
0.7039743663759512
 40
0.8519118101407684
 40
1.0
 40
1.0
 40
1.0
 40
1.0
 10
-11.51670596178412
 20
-1.264395979351171
 30
0.0
 10
-11.45153201094033
 20
-1.286895004372127
 30
0.0
 10
-11.32060444778368
 20
-1.332093162244353
 30
0.0
 10
-11.1123052736311
 20
-1.355449508793805
 30
0.0
 10
-10.90203121019402
 20
-1.354761750849775
 30
0.0
 10
-10.69118334780903
 20
-1.332892733310525
 30
0.0
 10
-10.48175149287867
 20
-1.295341151403305
 30
0.0
 10
-10.27439169518675
 20
-1.245348414051961
 30
0.0
 10
-10.01304850973071
 20
-1.166665055489896
 30
0.0
 10
-9.702799340874352
 20
-1.045662838463745
 30
0.0
 10
-9.3493494790669
 20
-0.8743772706341295
 30
0.0
 10
-9.123373182991001
 20
-0.7420493611370368
 30
0.0
 10
-9.010327497631625
 20
-0.6758517135030221
 30
0.0
  0
SPLINE
  5
1DE
330
1F
100
AcDbEntity
  8
0
  6
Continuous
 62
     7
370
    25
100
AcDbSpline
210
0.0
220
0.0
230
1.0
 70
     8
 71
     3
 72
    20
 73
    16
 74
     0
 42
0.00000001
 43
0.00000001
 40
0.0
 40
0.0
 40
0.0
 40
0.0
 40
0.1392005106672451
 40
0.2789014764855798
 40
0.4191075240222806
 40
0.5420411612669145
 40
0.5970657093603783
 40
0.6193117162847316
 40
0.6386887834813074
 40
0.6569884638284057
 40
0.6754946973261373
 40
0.721634416007867
 40
0.8248693514104855
 40
0.9278854279941794
 40
1.0
 40
1.0
 40
1.0
 40
1.0
 10
-11.51670596178412
 20
-1.264395979351171
 30
0.0
 10
-11.54152103278813
 20
-1.252803936192251
 30
0.0
 10
-11.59124039020238
 20
-1.229578174038003
 30
0.0
 10
-11.6624037656158
 20
-1.187621990870079
 30
0.0
 10
-11.72508400539485
 20
-1.13860252352965
 30
0.0
 10
-11.76436174747578
 20
-1.088349244763688
 30
0.0
 10
-11.77885307630648
 20
-1.051480746988634
 30
0.0
 10
-11.78378862084233
 20
-1.03313031679338
 30
0.0
 10
-11.78494886794996
 20
-1.021228228179277
 30
0.0
 10
-11.78105279539355
 20
-1.010325027978602
 30
0.0
 10
-11.76806644303344
 20
-0.9996209182151979
 30
0.0
 10
-11.73545404528099
 20
-0.9913948708431536
 30
0.0
 10
-11.68694077747386
 20
-0.9826073493245674
 30
0.0
 10
-11.6328142839985
 20
-0.9736514648483429
 30
0.0
 10
-11.59870527596465
 20
-0.9689053224757843
 30
0.0
 10
-11.58466001012617
 20
-0.9669509756573818
 30
0.0
  0
SPLINE
  5
1DF
330
1F
100
AcDbEntity
  8
0
  6
Continuous
 62
     7
370
    25
100
AcDbSpline
210
0.0
220
0.0
230
1.0
 70
     8
 71
     3
 72
     9
 73
     5
 74
     0
 42
0.00000001
 43
0.00000001
 40
0.0
 40
0.0
 40
0.0
 40
0.0
 40
0.4881028496551236
 40
1.0
 40
1.0
 40
1.0
 40
1.0
 10
-10.02854638135014
 20
-1.093585279638794
 30
0.0
 10
-9.964819945181173
 20
-1.070210082026101
 30
0.0
 10
-9.834260502199044
 20
-1.022320180073656
 30
0.0
 10
-9.707470326821
 20
-0.9651865412266531
 30
0.0
 10
-9.642566797353247
 20
-0.9359399943120389
 30
0.0
  0
SPLINE
  5
1E3
330
1F
100
AcDbEntity
  8
0
  6
Continuous
 62
     7
370
    25
100
AcDbSpline
210
0.0
220
0.0
230
1.0
 70
     8
 71
     3
 72
    10
 73
     6
 74
     0
 42
0.00000001
 43
0.00000001
 40
0.0
 40
0.0
 40
0.0
 40
0.0
 40
0.2957661269280704
 40
0.6274282949601914
 40
1.0
 40
1.0
 40
1.0
 40
1.0
 10
-11.26615946326775
 20
-1.263480997572489
 30
0.0
 10
-11.19254668914943
 20
-1.27238316490441
 30
0.0
 10
-11.03638703073262
 20
-1.291267922697773
 30
0.0
 10
-10.78518258710045
 20
-1.276549879798464
 30
0.0
 10
-10.61158539032967
 20
-1.245827661608058
 30
0.0
 10
-10.51974458848228
 20
-1.22957421278732
 30
0.0
  0
SPLINE
  5
1E5
330
1F
100
AcDbEntity
  8
0
  6
Continuous
 62
     7
370
    25
100
AcDbSpline
210
0.0
220
0.0
230
1.0
 70
     8
 71
     3
 72
    12
 73
     8
 74
     0
 42
0.00000001
 43
0.00000001
 40
0.0
 40
0.0
 40
0.0
 40
0.0
 40
0.179579702691624
 40
0.3895620622294506
 40
0.6054961619923546
 40
0.8038854573821104
 40
1.0
 40
1.0
 40
1.0
 40
1.0
 10
-10.54618370456863
 20
-1.012548044643533
 30
0.0
 10
-10.58810374486763
 20
-1.013970930635523
 30
0.0
 10
-10.67904084467822
 20
-1.017057595737699
 30
0.0
 10
-10.82046962408713
 20
-1.01815533977868
 30
0.0
 10
-10.96628031479874
 20
-1.01780361313769
 30
0.0
 10
-11.10885248393657
 20
-1.016326153121845
 30
0.0
 10
-11.20099051342681
 20
-1.017279164666786
 30
0.0
 10
-11.24679388913653
 20
-1.017752922854259
 30
0.0
  0
CIRCLE
  5
1E7
330
1F
100
AcDbEntity
  8
0
  6
Continuous
 62
     7
370
    25
100
AcDbCircle
 10
-10.2942324861
 20
-1.0856970308
 30
0.0
 40
0.0590551181102364
  0
CIRCLE
  5
1E8
330
1F
100
AcDbEntity
  8
0
  6
Continuous
 62
     7
370
    25
100
AcDbCircle
 10
-11.4937701669
 20
-1.1190039707
 30
0.0
 40
0.0590551181102349
  0
SPLINE
  5
1E9
330
1F
100
AcDbEntity
  8
0
  6
Continuous
 62
     7
370
    25
100
AcDbSpline
210
0.0
220
0.0
230
1.0
 70
     8
 71
     3
 72
    14
 73
    10
 74
     0
 42
0.00000001
 43
0.00000001
 40
0.0
 40
0.0
 40
0.0
 40
0.0
 40
0.1410297955591417
 40
0.2818753607524507
 40
0.4226187214233305
 40
0.563337066326874
 40
0.7104470631168373
 40
0.856089365525059
 40
1.0
 40
1.0
 40
1.0
 40
1.0
 10
-11.76971432348626
 20
1.169563639376334
 30
0.0
 10
-11.65484966759166
 20
1.210138578896221
 30
0.0
 10
-11.42527040606306
 20
1.291235453987988
 30
0.0
 10
-11.0694627812249
 20
1.374601110479439
 30
0.0
 10
-10.70971124606782
 20
1.434460319385895
 30
0.0
 10
-10.34114807161962
 20
1.470595752207405
 30
0.0
 10
-9.96684088759024
 20
1.478815434389283
 30
0.0
 10
-9.589768785470802
 20
1.46924728514995
 30
0.0
 10
-9.340253608101044
 20
1.486311617660142
 30
0.0
 10
-9.216242130707883
 20
1.494792757395305
 30
0.0
  0
SPLINE
  5
1EB
330
1F
100
AcDbEntity
  8
0
  6
Continuous
 62
     7
370
    25
100
AcDbSpline
210
0.0
220
0.0
230
1.0
 70
     8
 71
     3
 72
    17
 73
    13
 74
     0
 42
0.00000001
 43
0.00000001
 40
0.0
 40
0.0
 40
0.0
 40
0.0
 40
0.0777504184766971
 40
0.156192354365047
 40
0.2354546932805461
 40
0.3153159739395848
 40
0.3955146565098595
 40
0.4759056415804973
 40
0.5563746065809075
 40
0.7039743663759549
 40
0.8519118101407734
 40
1.0
 40
1.0
 40
1.0
 40
1.0
 10
-9.284196179049934
 20
1.79223776108909
 30
0.0
 10
-9.349370129893732
 20
1.814736786110046
 30
0.0
 10
-9.48029769305039
 20
1.859934943982269
 30
0.0
 10
-9.68859686720296
 20
1.883291290531727
 30
0.0
 10
-9.898870930640044
 20
1.882603532587683
 30
0.0
 10
-10.10971879302503
 20
1.860734515048435
 30
0.0
 10
-10.31915064795539
 20
1.823182933141222
 30
0.0
 10
-10.5265104456473
 20
1.773190195789869
 30
0.0
 10
-10.78785363110335
 20
1.694506837227806
 30
0.0
 10
-11.0981027999597
 20
1.57350462020165
 30
0.0
 10
-11.45155266176715
 20
1.402219052372035
 30
0.0
 10
-11.67752895784304
 20
1.269891142874939
 30
0.0
 10
-11.79057464320241
 20
1.203693495240924
 30
0.0
  0
SPLINE
  5
1EC
330
1F
100
AcDbEntity
  8
0
  6
Continuous
 62
     7
370
    25
100
AcDbSpline
210
0.0
220
0.0
230
1.0
 70
     8
 71
     3
 72
    20
 73
    16
 74
     0
 42
0.00000001
 43
0.00000001
 40
0.0
 40
0.0
 40
0.0
 40
0.0
 40
0.1392005106672417
 40
0.2789014764856022
 40
0.4191075240222442
 40
0.5420411612668751
 40
0.5970657093603374
 40
0.6193117162847117
 40
0.6386887834812797
 40
0.6569884638283845
 40
0.6754946973261207
 40
0.7216344160078442
 40
0.8248693514104906
 40
0.9278854279941527
 40
0.9999999999999999
 40
0.9999999999999999
 40
0.9999999999999999
 40
0.9999999999999999
 10
-9.284196179049934
 20
1.79223776108909
 30
0.0
 10
-9.259381108045929
 20
1.780645717930169
 30
0.0
 10
-9.209661750631673
 20
1.757419955775917
 30
0.0
 10
-9.138498375218242
 20
1.71546377260801
 30
0.0
 10
-9.075818135439228
 20
1.666444305267559
 30
0.0
 10
-9.036540393358269
 20
1.616191026501619
 30
0.0
 10
-9.02204906452762
 20
1.579322528726545
 30
0.0
 10
-9.017113519991703
 20
1.560972098531307
 30
0.0
 10
-9.015953272884078
 20
1.549070009917197
 30
0.0
 10
-9.019849345440486
 20
1.538166809716523
 30
0.0
 10
-9.032835697800584
 20
1.527462699953111
 30
0.0
 10
-9.065448095553059
 20
1.519236652581085
 30
0.0
 10
-9.113961363360179
 20
1.510449131062487
 30
0.0
 10
-9.168087856835541
 20
1.501493246586258
 30
0.0
 10
-9.2021968648694
 20
1.496747104213706
 30
0.0
 10
-9.216242130707883
 20
1.494792757395305
 30
0.0
  0
SPLINE
  5
1ED
330
1F
100
AcDbEntity
  8
0
  6
Continuous
 62
     7
370
    25
100
AcDbSpline
210
0.0
220
0.0
230
1.0
 70
     8
 71
     3
 72
     9
 73
     5
 74
     0
 42
0.00000001
 43
0.00000001
 40
0.0
 40
0.0
 40
0.0
 40
0.0
 40
0.4881028496551396
 40
0.9999999999999999
 40
0.9999999999999999
 40
0.9999999999999999
 40
0.9999999999999999
 10
-10.7723557594839
 20
1.621427061376705
 30
0.0
 10
-10.83608219565287
 20
1.598051863764013
 30
0.0
 10
-10.96664163863501
 20
1.550161961811571
 30
0.0
 10
-11.09343181401306
 20
1.493028322964559
 30
0.0
 10
-11.15833534348081
 20
1.463781776049941
 30
0.0
  0
SPLINE
  5
1F1
330
1F
100
AcDbEntity
  8
0
  6
Continuous
 62
     7
370
    25
100
AcDbSpline
210
0.0
220
0.0
230
1.0
 70
     8
 71
     3
 72
    10
 73
     6
 74
     0
 42
0.00000001
 43
0.00000001
 40
0.0
 40
0.0
 40
0.0
 40
0.0
 40
0.2957661269280701
 40
0.6274282949601919
 40
1.0
 40
1.0
 40
1.0
 40
1.0
 10
-9.534742677566307
 20
1.791322779310409
 30
0.0
 10
-9.60835545168463
 20
1.800224946642326
 30
0.0
 10
-9.764515110101442
 20
1.819109704435681
 30
0.0
 10
-10.0157195537336
 20
1.804391661536373
 30
0.0
 10
-10.18931675050438
 20
1.773669443345974
 30
0.0
 10
-10.28115755235178
 20
1.75741599452524
 30
0.0
  0
SPLINE
  5
1F3
330
1F
100
AcDbEntity
  8
0
  6
Continuous
 62
     7
370
    25
100
AcDbSpline
210
0.0
220
0.0
230
1.0
 70
     8
 71
     3
 72
    12
 73
     8
 74
     0
 42
0.00000001
 43
0.00000001
 40
0.0
 40
0.0
 40
0.0
 40
0.0
 40
0.1795797026916742
 40
0.3895620622294756
 40
0.6054961619923795
 40
0.8038854573821601
 40
0.9999999999999999
 40
0.9999999999999999
 40
0.9999999999999999
 40
0.9999999999999999
 10
-10.25471843626544
 20
1.540389826381444
 30
0.0
 10
-10.21279839596643
 20
1.541812712373438
 30
0.0
 10
-10.12186129615584
 20
1.544899377475622
 30
0.0
 10
-9.98043251674691
 20
1.545997121516588
 30
0.0
 10
-9.834621826035308
 20
1.545645394875598
 30
0.0
 10
-9.692049656897476
 20
1.544167934859767
 30
0.0
 10
-9.599911627407252
 20
1.545120946404706
 30
0.0
 10
-9.554108251697544
 20
1.545594704592178
 30
0.0
  0
CIRCLE
  5
1F4
330
1F
100
AcDbEntity
  8
0
  6
Continuous
 62
     7
370
    25
100
AcDbCircle
 10
-10.5066696547
 20
1.6135388125
 30
0.0
 40
0.0590551181102366
  0
CIRCLE
  5
1F5
330
1F
100
AcDbEntity
  8
0
  6
Continuous
 62
     7
370
    25
100
AcDbCircle
 10
-9.3071319739
 20
1.6468457524
 30
0.0
 40
0.0590551181102367
  0
SPLINE
  5
1F7
330
1F
100
AcDbEntity
  8
0
  6
Continuous
 62
     7
370
    25
100
AcDbSpline
210
0.0
220
0.0
230
1.0
 70
     8
 71
     3
 72
    14
 73
    10
 74
     0
 42
0.00000001
 43
0.00000001
 40
0.0
 40
0.0
 40
0.0
 40
0.0
 40
0.1410297955591417
 40
0.2818753607524507
 40
0.4226187214233305
 40
0.563337066326874
 40
0.7104470631168373
 40
0.856089365525059
 40
1.0
 40
1.0
 40
1.0
 40
1.0
 10
-11.80319557896233
 20
-0.8401489348441871
 30
0.0
 10
-11.68833092306773
 20
-0.7995739953242997
 30
0.0
 10
-11.45875166153913
 20
-0.7184771202325329
 30
0.0
 10
-11.10294403670096
 20
-0.6351114637410823
 30
0.0
 10
-10.74319250154388
 20
-0.5752522548346254
 30
0.0
 10
-10.37462932709568
 20
-0.5391168220131167
 30
0.0
 10
-10.00032214306631
 20
-0.5308971398312381
 30
0.0
 10
-9.62325004094687
 20
-0.5404652890705717
 30
0.0
 10
-9.37373486357711
 20
-0.5234009565603793
 30
0.0
 10
-9.249723386183948
 20
-0.5149198168252155
 30
0.0
  0
SPLINE
  5
1F9
330
1F
100
AcDbEntity
  8
0
  6
Continuous
 62
     7
370
    25
100
AcDbSpline
210
0.0
220
0.0
230
1.0
 70
     8
 71
     3
 72
    17
 73
    13
 74
     0
 42
0.00000001
 43
0.00000001
 40
0.0
 40
0.0
 40
0.0
 40
0.0
 40
0.0777504184766971
 40
0.156192354365047
 40
0.2354546932805461
 40
0.3153159739395848
 40
0.3955146565098595
 40
0.4759056415804973
 40
0.5563746065809075
 40
0.7039743663759549
 40
0.8519118101407734
 40
1.0
 40
1.0
 40
1.0
 40
1.0
 10
-9.317677434525999
 20
-0.217474813131431
 30
0.0
 10
-9.382851385369797
 20
-0.1949757881104756
 30
0.0
 10
-9.513778948526458
 20
-0.1497776302382529
 30
0.0
 10
-9.722078122679024
 20
-0.1264212836887939
 30
0.0
 10
-9.932352186116109
 20
-0.1271090416328385
 30
0.0
 10
-10.14320004850109
 20
-0.1489780591720864
 30
0.0
 10
-10.35263190343145
 20
-0.1865296410792994
 30
0.0
 10
-10.55999170112337
 20
-0.2365223784306522
 30
0.0
 10
-10.82133488657942
 20
-0.3152057369927156
 30
0.0
 10
-11.13158405543577
 20
-0.4362079540188711
 30
0.0
 10
-11.48503391724322
 20
-0.6074935218484858
 30
0.0
 10
-11.71101021331911
 20
-0.739821431345582
 30
0.0
 10
-11.82405589867848
 20
-0.806019078979597
 30
0.0
  0
SPLINE
  5
1FA
330
1F
100
AcDbEntity
  8
0
  6
Continuous
 62
     7
370
    25
100
AcDbSpline
210
0.0
220
0.0
230
1.0
 70
     8
 71
     3
 72
    20
 73
    16
 74
     0
 42
0.00000001
 43
0.00000001
 40
0.0
 40
0.0
 40
0.0
 40
0.0
 40
0.1392005106672417
 40
0.2789014764856022
 40
0.4191075240222442
 40
0.5420411612668751
 40
0.5970657093603374
 40
0.6193117162847117
 40
0.6386887834812797
 40
0.6569884638283845
 40
0.6754946973261207
 40
0.7216344160078442
 40
0.8248693514104906
 40
0.9278854279941527
 40
0.9999999999999999
 40
0.9999999999999999
 40
0.9999999999999999
 40
0.9999999999999999
 10
-9.317677434525999
 20
-0.217474813131431
 30
0.0
 10
-9.292862363521992
 20
-0.2290668562903518
 30
0.0
 10
-9.243143006107736
 20
-0.2522926184446043
 30
0.0
 10
-9.17197963069431
 20
-0.2942488016125114
 30
0.0
 10
-9.109299390915293
 20
-0.3432682689529615
 30
0.0
 10
-9.070021648834334
 20
-0.3935215477189023
 30
0.0
 10
-9.055530320003685
 20
-0.4303900454939751
 30
0.0
 10
-9.050594775467768
 20
-0.4487404756892144
 30
0.0
 10
-9.049434528360145
 20
-0.4606425643033237
 30
0.0
 10
-9.05333060091655
 20
-0.4715457645039981
 30
0.0
 10
-9.06631695327665
 20
-0.4822498742674097
 30
0.0
 10
-9.098929351029124
 20
-0.4904759216394365
 30
0.0
 10
-9.147442618836246
 20
-0.499263443158034
 30
0.0
 10
-9.201569112311605
 20
-0.5082193276342631
 30
0.0
 10
-9.235678120345467
 20
-0.5129654700068149
 30
0.0
 10
-9.249723386183948
 20
-0.5149198168252155
 30
0.0
  0
SPLINE
  5
1FB
330
1F
100
AcDbEntity
  8
0
  6
Continuous
 62
     7
370
    25
100
AcDbSpline
210
0.0
220
0.0
230
1.0
 70
     8
 71
     3
 72
     9
 73
     5
 74
     0
 42
0.00000001
 43
0.00000001
 40
0.0
 40
0.0
 40
0.0
 40
0.0
 40
0.4881028496551396
 40
0.9999999999999999
 40
0.9999999999999999
 40
0.9999999999999999
 40
0.9999999999999999
 10
-10.80583701495996
 20
-0.388285512843816
 30
0.0
 10
-10.86956345112893
 20
-0.4116607104565079
 30
0.0
 10
-11.00012289411107
 20
-0.4595506124089496
 30
0.0
 10
-11.12691306948912
 20
-0.5166842512559621
 30
0.0
 10
-11.19181659895687
 20
-0.5459307981705802
 30
0.0
  0
SPLINE
  5
1FF
330
1F
100
AcDbEntity
  8
0
  6
Continuous
 62
     7
370
    25
100
AcDbSpline
210
0.0
220
0.0
230
1.0
 70
     8
 71
     3
 72
    10
 73
     6
 74
     0
 42
0.00000001
 43
0.00000001
 40
0.0
 40
0.0
 40
0.0
 40
0.0
 40
0.2957661269280701
 40
0.6274282949601919
 40
1.0
 40
1.0
 40
1.0
 40
1.0
 10
-9.568223933042372
 20
-0.2183897949101123
 30
0.0
 10
-9.641836707160696
 20
-0.209487627578195
 30
0.0
 10
-9.797996365577506
 20
-0.19060286978484
 30
0.0
 10
-10.04920080920966
 20
-0.2053209126841477
 30
0.0
 10
-10.22279800598045
 20
-0.2360431308745471
 30
0.0
 10
-10.31463880782784
 20
-0.2522965796952814
 30
0.0
  0
SPLINE
  5
201
330
1F
100
AcDbEntity
  8
0
  6
Continuous
 62
     7
370
    25
100
AcDbSpline
210
0.0
220
0.0
230
1.0
 70
     8
 71
     3
 72
    12
 73
     8
 74
     0
 42
0.00000001
 43
0.00000001
 40
0.0
 40
0.0
 40
0.0
 40
0.0
 40
0.1795797026916742
 40
0.3895620622294756
 40
0.6054961619923795
 40
0.8038854573821601
 40
0.9999999999999999
 40
0.9999999999999999
 40
0.9999999999999999
 40
0.9999999999999999
 10
-10.28819969174151
 20
-0.4693227478390776
 30
0.0
 10
-10.24627965144249
 20
-0.4678998618470827
 30
0.0
 10
-10.15534255163191
 20
-0.4648131967448987
 30
0.0
 10
-10.01391377222298
 20
-0.4637154527039324
 30
0.0
 10
-9.868103081511371
 20
-0.4640671793449235
 30
0.0
 10
-9.725530912373543
 20
-0.4655446393607539
 30
0.0
 10
-9.633392882883319
 20
-0.4645916278158148
 30
0.0
 10
-9.58758950717361
 20
-0.4641178696283428
 30
0.0
  0
CIRCLE
  5
203
330
1F
100
AcDbEntity
  8
0
  6
Continuous
 62
     7
370
    25
100
AcDbCircle
 10
-10.5401509102
 20
-0.3961737617
 30
0.0
 40
0.0590551181102348
  0
CIRCLE
  5
204
330
1F
100
AcDbEntity
  8
0
  6
Continuous
 62
     7
370
    25
100
AcDbCircle
 10
-9.3406132294
 20
-0.3628668218
 30
0.0
 40
0.0590551181102348
  0
SPLINE
  5
205
330
1F
100
AcDbEntity
  8
0
  6
Continuous
 62
     7
370
    25
100
AcDbSpline
210
0.0
220
0.0
230
1.0
 70
     8
 71
     3
 72
    14
 73
    10
 74
     0
 42
0.00000001
 43
0.00000001
 40
0.0
 40
0.0
 40
0.0
 40
0.0
 40
0.1410297955591417
 40
0.2818753607524507
 40
0.4226187214233305
 40
0.563337066326874
 40
0.7104470631168373
 40
0.856089365525059
 40
1.0
 40
1.0
 40
1.0
 40
1.0
 10
-8.818556937800786
 20
-4.121548601598647
 30
0.0
 10
-8.703692281906184
 20
-4.080973662078758
 30
0.0
 10
-8.474113020377583
 20
-3.999876786986992
 30
0.0
 10
-8.11830539553942
 20
-3.916511130495542
 30
0.0
 10
-7.75855386038234
 20
-3.856651921589086
 30
0.0
 10
-7.389990685934137
 20
-3.820516488767577
 30
0.0
 10
-7.015683501904764
 20
-3.812296806585698
 30
0.0
 10
-6.638611399785325
 20
-3.821864955825032
 30
0.0
 10
-6.389096222415566
 20
-3.804800623314839
 30
0.0
 10
-6.265084745022405
 20
-3.796319483579675
 30
0.0
  0
SPLINE
  5
207
330
1F
100
AcDbEntity
  8
0
  6
Continuous
 62
     7
370
    25
100
AcDbSpline
210
0.0
220
0.0
230
1.0
 70
     8
 71
     3
 72
    17
 73
    13
 74
     0
 42
0.00000001
 43
0.00000001
 40
0.0
 40
0.0
 40
0.0
 40
0.0
 40
0.0777504184766971
 40
0.156192354365047
 40
0.2354546932805461
 40
0.3153159739395848
 40
0.3955146565098595
 40
0.4759056415804973
 40
0.5563746065809075
 40
0.7039743663759549
 40
0.8519118101407734
 40
1.0
 40
1.0
 40
1.0
 40
1.0
 10
-6.333038793364456
 20
-3.498874479885892
 30
0.0
 10
-6.398212744208254
 20
-3.476375454864936
 30
0.0
 10
-6.529140307364913
 20
-3.431177296992714
 30
0.0
 10
-6.737439481517482
 20
-3.407820950443253
 30
0.0
 10
-6.947713544954567
 20
-3.408508708387298
 30
0.0
 10
-7.158561407339548
 20
-3.430377725926547
 30
0.0
 10
-7.367993262269908
 20
-3.467929307833759
 30
0.0
 10
-7.575353059961826
 20
-3.517922045185113
 30
0.0
 10
-7.836696245417874
 20
-3.596605403747175
 30
0.0
 10
-8.146945414274224
 20
-3.717607620773331
 30
0.0
 10
-8.500395276081672
 20
-3.888893188602946
 30
0.0
 10
-8.726371572157563
 20
-4.021221098100042
 30
0.0
 10
-8.839417257516933
 20
-4.087418745734057
 30
0.0
  0
SPLINE
  5
208
330
1F
100
AcDbEntity
  8
0
  6
Continuous
 62
     7
370
    25
100
AcDbSpline
210
0.0
220
0.0
230
1.0
 70
     8
 71
     3
 72
    20
 73
    16
 74
     0
 42
0.00000001
 43
0.00000001
 40
0.0
 40
0.0
 40
0.0
 40
0.0
 40
0.1392005106672417
 40
0.2789014764856022
 40
0.4191075240222442
 40
0.5420411612668751
 40
0.5970657093603374
 40
0.6193117162847117
 40
0.6386887834812797
 40
0.6569884638283845
 40
0.6754946973261207
 40
0.7216344160078442
 40
0.8248693514104906
 40
0.9278854279941527
 40
0.9999999999999999
 40
0.9999999999999999
 40
0.9999999999999999
 40
0.9999999999999999
 10
-6.333038793364456
 20
-3.498874479885892
 30
0.0
 10
-6.30822372236045
 20
-3.510466523044812
 30
0.0
 10
-6.258504364946192
 20
-3.533692285199065
 30
0.0
 10
-6.187340989532765
 20
-3.575648468366971
 30
0.0
 10
-6.12466074975375
 20
-3.624667935707421
 30
0.0
 10
-6.085383007672794
 20
-3.674921214473364
 30
0.0
 10
-6.07089167884214
 20
-3.711789712248433
 30
0.0
 10
-6.065956134306225
 20
-3.730140142443676
 30
0.0
 10
-6.064795887198603
 20
-3.742042231057783
 30
0.0
 10
-6.068691959755006
 20
-3.752945431258459
 30
0.0
 10
-6.081678312115108
 20
-3.763649541021869
 30
0.0
 10
-6.11429070986758
 20
-3.771875588393898
 30
0.0
 10
-6.162803977674703
 20
-3.780663109912494
 30
0.0
 10
-6.216930471150063
 20
-3.789618994388724
 30
0.0
 10
-6.251039479183922
 20
-3.794365136761275
 30
0.0
 10
-6.265084745022405
 20
-3.796319483579675
 30
0.0
  0
SPLINE
  5
209
330
1F
100
AcDbEntity
  8
0
  6
Continuous
 62
     7
370
    25
100
AcDbSpline
210
0.0
220
0.0
230
1.0
 70
     8
 71
     3
 72
     9
 73
     5
 74
     0
 42
0.00000001
 43
0.00000001
 40
0.0
 40
0.0
 40
0.0
 40
0.0
 40
0.4881028496551396
 40
0.9999999999999999
 40
0.9999999999999999
 40
0.9999999999999999
 40
0.9999999999999999
 10
-7.821198373798421
 20
-3.669685179598277
 30
0.0
 10
-7.884924809967388
 20
-3.693060377210968
 30
0.0
 10
-8.015484252949527
 20
-3.740950279163409
 30
0.0
 10
-8.14227442832758
 20
-3.798083918010422
 30
0.0
 10
-8.207177957795329
 20
-3.82733046492504
 30
0.0
  0
SPLINE
  5
20D
330
1F
100
AcDbEntity
  8
0
  6
Continuous
 62
     7
370
    25
100
AcDbSpline
210
0.0
220
0.0
230
1.0
 70
     8
 71
     3
 72
    10
 73
     6
 74
     0
 42
0.00000001
 43
0.00000001
 40
0.0
 40
0.0
 40
0.0
 40
0.0
 40
0.2957661269280701
 40
0.6274282949601919
 40
1.0
 40
1.0
 40
1.0
 40
1.0
 10
-6.583585291880829
 20
-3.499789461664572
 30
0.0
 10
-6.657198065999152
 20
-3.490887294332655
 30
0.0
 10
-6.813357724415963
 20
-3.4720025365393
 30
0.0
 10
-7.06456216804812
 20
-3.486720579438608
 30
0.0
 10
-7.238159364818904
 20
-3.517442797629007
 30
0.0
 10
-7.330000166666299
 20
-3.533696246449741
 30
0.0
  0
SPLINE
  5
20F
330
1F
100
AcDbEntity
  8
0
  6
Continuous
 62
     7
370
    25
100
AcDbSpline
210
0.0
220
0.0
230
1.0
 70
     8
 71
     3
 72
    12
 73
     8
 74
     0
 42
0.00000001
 43
0.00000001
 40
0.0
 40
0.0
 40
0.0
 40
0.0
 40
0.1795797026916742
 40
0.3895620622294756
 40
0.6054961619923795
 40
0.8038854573821601
 40
0.9999999999999999
 40
0.9999999999999999
 40
0.9999999999999999
 40
0.9999999999999999
 10
-7.303561050579967
 20
-3.750722414593537
 30
0.0
 10
-7.261641010280949
 20
-3.749299528601542
 30
0.0
 10
-7.170703910470365
 20
-3.746212863499359
 30
0.0
 10
-7.029275131061435
 20
-3.745115119458392
 30
0.0
 10
-6.883464440349828
 20
-3.745466846099385
 30
0.0
 10
-6.740892271212001
 20
-3.746944306115214
 30
0.0
 10
-6.648754241721775
 20
-3.745991294570275
 30
0.0
 10
-6.602950866012067
 20
-3.745517536382803
 30
0.0
  0
CIRCLE
  5
210
330
1F
100
AcDbEntity
  8
0
  6
Continuous
 62
     7
370
    25
100
AcDbCircle
 10
-7.5555122691
 20
-3.6775734284
 30
0.0
 40
0.0590551181102349
  0
CIRCLE
  5
211
330
1F
100
AcDbEntity
  8
0
  6
Continuous
 62
     7
370
    25
100
AcDbCircle
 10
-6.3559745882
 20
-3.6442664886
 30
0.0
 40
0.0590551181102348
  0
SPLINE
  5
213
330
1F
100
AcDbEntity
  8
0
  6
Continuous
 62
     7
370
    25
100
AcDbSpline
210
0.0
220
0.0
230
1.0
 70
     8
 71
     3
 72
    14
 73
    10
 74
     0
 42
0.00000001
 43
0.00000001
 40
0.0
 40
0.0
 40
0.0
 40
0.0
 40
0.1410297955591413
 40
0.2818753607524504
 40
0.4226187214233301
 40
0.5633370663268669
 40
0.7104470631168304
 40
0.8560893655250522
 40
1.0
 40
1.0
 40
1.0
 40
1.0
 10
-5.701096698344663
 20
-3.862982330745712
 30
0.0
 10
-5.815961354239264
 20
-3.903557270265597
 30
0.0
 10
-6.04554061576786
 20
-3.984654145357358
 30
0.0
 10
-6.401348240606032
 20
-4.068019801848815
 30
0.0
 10
-6.761099775763102
 20
-4.12787901075526
 30
0.0
 10
-7.1296629502113
 20
-4.164014443576778
 30
0.0
 10
-7.503970134240667
 20
-4.172234125758646
 30
0.0
 10
-7.881042236360113
 20
-4.162665976519317
 30
0.0
 10
-8.130557413729878
 20
-4.179730309029501
 30
0.0
 10
-8.254568891123043
 20
-4.188211448764662
 30
0.0
  0
SPLINE
  5
215
330
1F
100
AcDbEntity
  8
0
  6
Continuous
 62
     7
370
    25
100
AcDbSpline
210
0.0
220
0.0
230
1.0
 70
     8
 71
     3
 72
    17
 73
    13
 74
     0
 42
0.00000001
 43
0.00000001
 40
0.0
 40
0.0
 40
0.0
 40
0.0
 40
0.0777504184766904
 40
0.15619235436504
 40
0.2354546932805452
 40
0.3153159739395836
 40
0.3955146565098583
 40
0.4759056415804885
 40
0.5563746065809052
 40
0.7039743663759512
 40
0.8519118101407684
 40
1.0
 40
1.0
 40
1.0
 40
1.0
 10
-8.186614842780994
 20
-4.485656452458451
 30
0.0
 10
-8.121440891937203
 20
-4.508155477479407
 30
0.0
 10
-7.990513328780552
 20
-4.553353635351633
 30
0.0
 10
-7.782214154627976
 20
-4.576709981901085
 30
0.0
 10
-7.571940091190889
 20
-4.576022223957056
 30
0.0
 10
-7.361092228805902
 20
-4.554153206417805
 30
0.0
 10
-7.151660373875546
 20
-4.516601624510586
 30
0.0
 10
-6.944300576183627
 20
-4.46660888715924
 30
0.0
 10
-6.68295739072758
 20
-4.387925528597176
 30
0.0
 10
-6.372708221871224
 20
-4.266923311571023
 30
0.0
 10
-6.019258360063771
 20
-4.09563774374141
 30
0.0
 10
-5.793282063987873
 20
-3.963309834244316
 30
0.0
 10
-5.680236378628498
 20
-3.897112186610302
 30
0.0
  0
SPLINE
  5
216
330
1F
100
AcDbEntity
  8
0
  6
Continuous
 62
     7
370
    25
100
AcDbSpline
210
0.0
220
0.0
230
1.0
 70
     8
 71
     3
 72
    20
 73
    16
 74
     0
 42
0.00000001
 43
0.00000001
 40
0.0
 40
0.0
 40
0.0
 40
0.0
 40
0.1392005106672451
 40
0.2789014764855798
 40
0.4191075240222806
 40
0.5420411612669145
 40
0.5970657093603783
 40
0.6193117162847316
 40
0.6386887834813074
 40
0.6569884638284057
 40
0.6754946973261373
 40
0.721634416007867
 40
0.8248693514104855
 40
0.9278854279941794
 40
1.0
 40
1.0
 40
1.0
 40
1.0
 10
-8.186614842780994
 20
-4.485656452458451
 30
0.0
 10
-8.211429913785
 20
-4.474064409299531
 30
0.0
 10
-8.261149271199253
 20
-4.450838647145282
 30
0.0
 10
-8.332312646612673
 20
-4.408882463977358
 30
0.0
 10
-8.39499288639172
 20
-4.359862996636931
 30
0.0
 10
-8.434270628472651
 20
-4.30960971787097
 30
0.0
 10
-8.448761957303349
 20
-4.272741220095912
 30
0.0
 10
-8.453697501839201
 20
-4.254390789900659
 30
0.0
 10
-8.454857748946832
 20
-4.242488701286556
 30
0.0
 10
-8.450961676390422
 20
-4.231585501085881
 30
0.0
 10
-8.437975324030313
 20
-4.220881391322477
 30
0.0
 10
-8.405362926277864
 20
-4.212655343950434
 30
0.0
 10
-8.356849658470736
 20
-4.203867822431847
 30
0.0
 10
-8.302723164995378
 20
-4.194911937955622
 30
0.0
 10
-8.26861415696152
 20
-4.190165795583065
 30
0.0
 10
-8.254568891123043
 20
-4.188211448764662
 30
0.0
  0
SPLINE
  5
217
330
1F
100
AcDbEntity
  8
0
  6
Continuous
 62
     7
370
    25
100
AcDbSpline
210
0.0
220
0.0
230
1.0
 70
     8
 71
     3
 72
     9
 73
     5
 74
     0
 42
0.00000001
 43
0.00000001
 40
0.0
 40
0.0
 40
0.0
 40
0.0
 40
0.4881028496551236
 40
1.0
 40
1.0
 40
1.0
 40
1.0
 10
-6.698455262347011
 20
-4.314845752746074
 30
0.0
 10
-6.634728826178048
 20
-4.29147055513338
 30
0.0
 10
-6.504169383195917
 20
-4.243580653180935
 30
0.0
 10
-6.37737920781787
 20
-4.186447014333933
 30
0.0
 10
-6.312475678350119
 20
-4.157200467419319
 30
0.0
  0
SPLINE
  5
21B
330
1F
100
AcDbEntity
  8
0
  6
Continuous
 62
     7
370
    25
100
AcDbSpline
210
0.0
220
0.0
230
1.0
 70
     8
 71
     3
 72
    10
 73
     6
 74
     0
 42
0.00000001
 43
0.00000001
 40
0.0
 40
0.0
 40
0.0
 40
0.0
 40
0.2957661269280704
 40
0.6274282949601914
 40
1.0
 40
1.0
 40
1.0
 40
1.0
 10
-7.93606834426462
 20
-4.484741470679769
 30
0.0
 10
-7.862455570146296
 20
-4.493643638011691
 30
0.0
 10
-7.706295911729486
 20
-4.512528395805052
 30
0.0
 10
-7.455091468097327
 20
-4.497810352905742
 30
0.0
 10
-7.281494271326544
 20
-4.467088134715338
 30
0.0
 10
-7.18965346947915
 20
-4.4508346858946
 30
0.0
  0
SPLINE
  5
21D
330
1F
100
AcDbEntity
  8
0
  6
Continuous
 62
     7
370
    25
100
AcDbSpline
210
0.0
220
0.0
230
1.0
 70
     8
 71
     3
 72
    12
 73
     8
 74
     0
 42
0.00000001
 43
0.00000001
 40
0.0
 40
0.0
 40
0.0
 40
0.0
 40
0.179579702691624
 40
0.3895620622294506
 40
0.6054961619923546
 40
0.8038854573821104
 40
1.0
 40
1.0
 40
1.0
 40
1.0
 10
-7.2160925855655
 20
-4.233808517750813
 30
0.0
 10
-7.258012625864507
 20
-4.235231403742804
 30
0.0
 10
-7.348949725675087
 20
-4.238318068844981
 30
0.0
 10
-7.490378505084003
 20
-4.239415812885959
 30
0.0
 10
-7.636189195795618
 20
-4.23906408624497
 30
0.0
 10
-7.778761364933447
 20
-4.237586626229124
 30
0.0
 10
-7.87089939442368
 20
-4.238539637774066
 30
0.0
 10
-7.916702770133399
 20
-4.239013395961538
 30
0.0
  0
CIRCLE
  5
21F
330
1F
100
AcDbEntity
  8
0
  6
Continuous
 62
     7
370
    25
100
AcDbCircle
 10
-6.9641413671
 20
-4.3069575039
 30
0.0
 40
0.0590551181102353
  0
CIRCLE
  5
220
330
1F
100
AcDbEntity
  8
0
  6
Continuous
 62
     7
370
    25
100
AcDbCircle
 10
-8.1636790479
 20
-4.3402644438
 30
0.0
 40
0.0590551181102344
  0
SPLINE
  5
223
330
1F
100
AcDbEntity
  8
0
  6
Continuous
 62
     7
370
    25
100
AcDbSpline
210
0.0
220
0.0
230
1.0
 70
     8
 71
     3
 72
     9
 73
     5
 74
     0
 42
0.00000001
 43
0.00000001
 40
0.0
 40
0.0
 40
0.0
 40
0.0
 40
0.5559131818896733
 40
1.0
 40
1.0
 40
1.0
 40
1.0
 10
-9.937976789301205
 20
4.402881006491482
 30
0.0
 10
-10.02938897746924
 20
4.393643351529136
 30
0.0
 10
-10.19382506415693
 20
4.377026269467976
 30
0.0
 10
-10.35522352966784
 20
4.341636870762301
 30
0.0
 10
-10.42689846066447
 20
4.325920905296261
 30
0.0
  0
SPLINE
  5
225
330
1F
100
AcDbEntity
  8
0
  6
Continuous
 62
     7
370
    25
100
AcDbSpline
210
0.0
220
0.0
230
1.0
 70
     8
 71
     3
 72
     9
 73
     5
 74
     0
 42
0.00000001
 43
0.00000001
 40
0.0
 40
0.0
 40
0.0
 40
0.0
 40
0.5628454781264363
 40
1.0
 40
1.0
 40
1.0
 40
1.0
 10
-10.39855829077666
 20
4.114660193177761
 30
0.0
 10
-10.30993626539403
 20
4.117517244749251
 30
0.0
 10
-10.15248270340108
 20
4.122593329896104
 30
0.0
 10
-9.994965407655608
 20
4.124911411565511
 30
0.0
 10
-9.926106009547176
 20
4.125924771449364
 30
0.0
  0
SPLINE
  5
227
330
1F
100
AcDbEntity
  8
0
  6
Continuous
 62
     7
370
    25
100
AcDbSpline
210
0.0
220
0.0
230
1.0
 70
     8
 71
     3
 72
     9
 73
     5
 74
     0
 42
0.00000001
 43
0.00000001
 40
0.0
 40
0.0
 40
0.0
 40
0.0
 40
0.5590960637894103
 40
1.0
 40
1.0
 40
1.0
 40
1.0
 10
-10.86591848495823
 20
4.207278061779223
 30
0.0
 10
-10.93642400023572
 20
4.184169103867978
 30
0.0
 10
-11.06253026326255
 20
4.142836389495751
 30
0.0
 10
-11.18663780929748
 20
4.095856753597013
 30
0.0
 10
-11.24135731485772
 20
4.075143247207519
 30
0.0
  0
SPLINE
  5
229
330
1F
100
AcDbEntity
  8
0
  6
Continuous
 62
     7
370
    25
100
AcDbSpline
210
0.0
220
0.0
230
1.0
 70
     8
 71
     3
 72
     9
 73
     5
 74
     0
 42
0.00000001
 43
0.00000001
 40
0.0
 40
0.0
 40
0.0
 40
0.0
 40
0.5602772183836191
 40
0.9999999999999999
 40
0.9999999999999999
 40
0.9999999999999999
 40
0.9999999999999999
 10
-11.23127173441799
 20
4.036684146808313
 30
0.0
 10
-11.15851749560475
 20
4.046840301040302
 30
0.0
 10
-11.0286634940033
 20
4.064967317272176
 30
0.0
 10
-10.89820712545349
 20
4.078034177413022
 30
0.0
 10
-10.84084248819519
 20
4.083779973501147
 30
0.0
  0
CIRCLE
  5
22B
330
1F
100
AcDbEntity
  8
0
  6
Continuous
 62
     7
370
    25
100
AcDbCircle
 10
-10.6507364028
 20
4.1861802691
 30
0.0
 40
0.0590551181102388
  0
CIRCLE
  5
22C
330
1F
100
AcDbEntity
  8
0
  6
Continuous
 62
     7
370
    25
100
AcDbCircle
 10
-9.6540080616
 20
4.2670048563
 30
0.0
 40
0.0590551181102388
  0
SPLINE
  5
22D
330
1F
100
AcDbEntity
  8
0
  6
Continuous
 62
     7
370
    25
100
AcDbSpline
210
0.0
220
0.0
230
1.0
 70
     8
 71
     3
 72
    36
 73
    32
 74
     0
 42
0.00000001
 43
0.00000001
 40
0.0
 40
0.0
 40
0.0
 40
0.0
 40
0.0774582263678653
 40
0.1547646431350747
 40
0.2320361202111983
 40
0.3092767603809876
 40
0.3859046630270891
 40
0.4095356506631168
 40
0.4330183322370502
 40
0.4560564853826467
 40
0.4781686466596781
 40
0.4817056496769643
 40
0.4836664080017907
 40
0.4838681216287772
 40
0.4840133880606897
 40
0.4843934591401183
 40
0.4865022992641593
 40
0.4897529926664387
 40
0.4938252211284933
 40
0.4979403531218136
 40
0.515876744631
 40
0.534345907579211
 40
0.5642786349993552
 40
0.5914070877437441
 40
0.6188195385811828
 40
0.660685906548552
 40
0.702859043315581
 40
0.7452009924439503
 40
0.8299852296688739
 40
0.9149279552190935
 40
0.9999999999999999
 40
0.9999999999999999
 40
0.9999999999999999
 40
0.9999999999999999
 10
-11.85216908798341
 20
3.842143260324206
 30
0.0
 10
-11.71210668204041
 20
3.874696401196535
 30
0.0
 10
-11.43225637705846
 20
3.939738882367028
 30
0.0
 10
-11.00540101714245
 20
3.999494020574859
 30
0.0
 10
-10.57689406989619
 20
4.03865946328065
 30
0.0
 10
-10.14815992984788
 20
4.054602087740244
 30
0.0
 10
-9.818619544827417
 20
4.055175154742033
 30
0.0
 10
-9.589509823118247
 20
4.071344944690257
 30
0.0
 10
-9.460318325192926
 20
4.088852275709758
 30
0.0
 10
-9.336206964334053
 20
4.117225648765591
 30
0.0
 10
-9.25083559036663
 20
4.150544817368498
 30
0.0
 10
-9.208194930700424
 20
4.178882352116524
 30
0.0
 10
-9.199575948665943
 20
4.185101205562052
 30
0.0
 10
-9.196697826459912
 20
4.188320500106825
 30
0.0
 10
-9.196152159194344
 20
4.18957270870904
 30
0.0
 10
-9.195726365068264
 20
4.194500290918239
 30
0.0
 10
-9.19691387524426
 20
4.205092692097935
 30
0.0
 10
-9.197979769799746
 20
4.222555341641423
 30
0.0
 10
-9.203012290851607
 20
4.243464721908309
 30
0.0
 10
-9.227647310977243
 20
4.285635915548043
 30
0.0
 10
-9.28329392967133
 20
4.338391904399485
 30
0.0
 10
-9.388911463578104
 20
4.40242701846759
 30
0.0
 10
-9.523068059409628
 20
4.447559273981821
 30
0.0
 10
-9.678110217288655
 20
4.472734346916794
 30
0.0
 10
-9.857211993907118
 20
4.480104523642452
 30
0.0
 10
-10.06392446232281
 20
4.4649401273517
 30
0.0
 10
-10.29555041879314
 20
4.427211174585607
 30
0.0
 10
-10.60239138714246
 20
4.359373739723882
 30
0.0
 10
-10.98088544099564
 20
4.249947558700117
 30
0.0
 10
-11.42381402677948
 20
4.083413018824465
 30
0.0
 10
-11.71217695496251
 20
3.955369103957834
 30
0.0
 10
-11.85646808856085
 20
3.891298449165657
 30
0.0
  0
SPLINE
  5
22F
330
1F
100
AcDbEntity
  8
0
  6
Continuous
 62
     7
370
    25
100
AcDbSpline
210
0.0
220
0.0
230
1.0
 70
     8
 71
     3
 72
    36
 73
    32
 74
     0
 42
0.00000001
 43
0.00000001
 40
0.0
 40
0.0
 40
0.0
 40
0.0
 40
0.077458226367865
 40
0.1547646431350745
 40
0.2320361202111983
 40
0.3092767603809877
 40
0.3859046630270893
 40
0.4095356506631169
 40
0.4330183322370503
 40
0.4560564853826469
 40
0.4781686466596782
 40
0.4817056496769645
 40
0.4836664080017909
 40
0.4838681216287775
 40
0.4840133880606899
 40
0.4843934591401185
 40
0.4865022992641596
 40
0.489752992666439
 40
0.4938252211284935
 40
0.4979403531218138
 40
0.5158767446310002
 40
0.5343459075792112
 40
0.5642786349993557
 40
0.5914070877437446
 40
0.6188195385811834
 40
0.6606859065485526
 40
0.7028590433155817
 40
0.7452009924439509
 40
0.8299852296688744
 40
0.914927955219094
 40
1.0
 40
1.0
 40
1.0
 40
1.0
 10
-9.106718135730622
 20
4.051124347210987
 30
0.0
 10
-9.246780541673619
 20
4.018571206338662
 30
0.0
 10
-9.526630846655571
 20
3.953528725168176
 30
0.0
 10
-9.953486206571574
 20
3.893773586960343
 30
0.0
 10
-10.38199315381784
 20
3.854608144254553
 30
0.0
 10
-10.81072729386614
 20
3.838665519794965
 30
0.0
 10
-11.14026767888662
 20
3.838092452793181
 30
0.0
 10
-11.36937740059578
 20
3.821922662844952
 30
0.0
 10
-11.4985688985211
 20
3.804415331825457
 30
0.0
 10
-11.62268025937998
 20
3.776041958769627
 30
0.0
 10
-11.70805163334737
 20
3.742722790166706
 30
0.0
 10
-11.75069229301362
 20
3.714385255418695
 30
0.0
 10
-11.75931127504806
 20
3.708166401973156
 30
0.0
 10
-11.76218939725412
 20
3.704947107428393
 30
0.0
 10
-11.76273506451968
 20
3.703694898826174
 30
0.0
 10
-11.76316085864577
 20
3.698767316616979
 30
0.0
 10
-11.76197334846976
 20
3.688174915437276
 30
0.0
 10
-11.76090745391428
 20
3.670712265893792
 30
0.0
 10
-11.75587493286242
 20
3.649802885626905
 30
0.0
 10
-11.73123991273678
 20
3.607631691987172
 30
0.0
 10
-11.67559329404271
 20
3.554875703135733
 30
0.0
 10
-11.56997576013592
 20
3.490840589067624
 30
0.0
 10
-11.4358191643044
 20
3.445708333553388
 30
0.0
 10
-11.28077700642537
 20
3.420533260618416
 30
0.0
 10
-11.10167522980692
 20
3.413163083892762
 30
0.0
 10
-10.89496276139122
 20
3.428327480183513
 30
0.0
 10
-10.66333680492089
 20
3.466056432949599
 30
0.0
 10
-10.35649583657156
 20
3.533893867811325
 30
0.0
 10
-9.978001782718387
 20
3.643320048835085
 30
0.0
 10
-9.535073196934546
 20
3.809854588710733
 30
0.0
 10
-9.246710268751517
 20
3.937898503577362
 30
0.0
 10
-9.102419135153173
 20
4.001969158369536
 30
0.0
  0
SPLINE
  5
230
330
1F
100
AcDbEntity
  8
0
  6
Continuous
 62
     7
370
    25
100
AcDbSpline
210
0.0
220
0.0
230
1.0
 70
     8
 71
     3
 72
     9
 73
     5
 74
     0
 42
0.00000001
 43
0.00000001
 40
0.0
 40
0.0
 40
0.0
 40
0.0
 40
0.5559131818896729
 40
1.0
 40
1.0
 40
1.0
 40
1.0
 10
-11.02091043441282
 20
3.49038660104373
 30
0.0
 10
-10.92949824624479
 20
3.499624256006072
 30
0.0
 10
-10.7650621595571
 20
3.516241338067232
 30
0.0
 10
-10.60366369404619
 20
3.551630736772905
 30
0.0
 10
-10.53198876304956
 20
3.567346702238947
 30
0.0
  0
SPLINE
  5
232
330
1F
100
AcDbEntity
  8
0
  6
Continuous
 62
     7
370
    25
100
AcDbSpline
210
0.0
220
0.0
230
1.0
 70
     8
 71
     3
 72
     9
 73
     5
 74
     0
 42
0.00000001
 43
0.00000001
 40
0.0
 40
0.0
 40
0.0
 40
0.0
 40
0.5628454781264361
 40
1.0
 40
1.0
 40
1.0
 40
1.0
 10
-10.56032893293737
 20
3.778607414357446
 30
0.0
 10
-10.64895095832
 20
3.775750362785957
 30
0.0
 10
-10.80640452031295
 20
3.770674277639106
 30
0.0
 10
-10.96392181605842
 20
3.7683561959697
 30
0.0
 10
-11.03278121416685
 20
3.767342836085847
 30
0.0
  0
SPLINE
  5
234
330
1F
100
AcDbEntity
  8
0
  6
Continuous
 62
     7
370
    25
100
AcDbSpline
210
0.0
220
0.0
230
1.0
 70
     8
 71
     3
 72
     9
 73
     5
 74
     0
 42
0.00000001
 43
0.00000001
 40
0.0
 40
0.0
 40
0.0
 40
0.0
 40
0.5590960637894103
 40
1.0
 40
1.0
 40
1.0
 40
1.0
 10
-10.0929687387558
 20
3.685989545755979
 30
0.0
 10
-10.02246322347831
 20
3.709098503667222
 30
0.0
 10
-9.89635696045148
 20
3.75043121803945
 30
0.0
 10
-9.77224941441655
 20
3.797410853938189
 30
0.0
 10
-9.71752990885631
 20
3.818124360327683
 30
0.0
  0
SPLINE
  5
236
330
1F
100
AcDbEntity
  8
0
  6
Continuous
 62
     7
370
    25
100
AcDbSpline
210
0.0
220
0.0
230
1.0
 70
     8
 71
     3
 72
     9
 73
     5
 74
     0
 42
0.00000001
 43
0.00000001
 40
0.0
 40
0.0
 40
0.0
 40
0.0
 40
0.5602772183836191
 40
0.9999999999999999
 40
0.9999999999999999
 40
0.9999999999999999
 40
0.9999999999999999
 10
-9.727615489296035
 20
3.856583460726889
 30
0.0
 10
-9.800369728109274
 20
3.846427306494899
 30
0.0
 10
-9.930223729710718
 20
3.828300290263023
 30
0.0
 10
-10.06068009826054
 20
3.81523343012218
 30
0.0
 10
-10.11804473551884
 20
3.809487634034057
 30
0.0
  0
CIRCLE
  5
238
330
1F
100
AcDbEntity
  8
0
  6
Continuous
 62
     7
370
    25
100
AcDbCircle
 10
-10.3081508209
 20
3.7070873384
 30
0.0
 40
0.0590551181102388
  0
CIRCLE
  5
239
330
1F
100
AcDbEntity
  8
0
  6
Continuous
 62
     7
370
    25
100
AcDbCircle
 10
-11.3048791621
 20
3.6262627513
 30
0.0
 40
0.0590551181102406
  0
SPLINE
  5
23C
330
1F
100
AcDbEntity
  8
0
  6
Continuous
 62
     7
370
    25
100
AcDbSpline
210
0.0
220
0.0
230
1.0
 70
     8
 71
     3
 72
    55
 73
    51
 74
     0
 42
0.00000001
 43
0.00000001
 40
0.0
 40
0.0
 40
0.0
 40
0.0
 40
0.0190136358875781
 40
0.0394311578822571
 40
0.0602807673586436
 40
0.0807414835354871
 40
0.1008911534488374
 40
0.1209815928087885
 40
0.1411548651644126
 40
0.1966956792566836
 40
0.25218197369692
 40
0.2900078264790375
 40
0.327804298793113
 40
0.3656044724280278
 40
0.4034169728383467
 40
0.4411608714670016
 40
0.4509984658853111
 40
0.4607219328702201
 40
0.4657594483853402
 40
0.4707176570746285
 40
0.4750932855376748
 40
0.4788933329767587
 40
0.4828154126548221
 40
0.486516781155474
 40
0.4902777200286222
 40
0.4944157852317406
 40
0.498848847369914
 40
0.5119336339534664
 40
0.5249184137892399
 40
0.5380278774876939
 40
0.5511230862291383
 40
0.5642685982350382
 40
0.5774308431751868
 40
0.5994690182379275
 40
0.6215456245088864
 40
0.6436577374074692
 40
0.6657956357196213
 40
0.6879435672395601
 40
0.7100872403524918
 40
0.7361887456047098
 40
0.7622817683490657
 40
0.7883559044229491
 40
0.8144501508365023
 40
0.8493233617882914
 40
0.8840832622201064
 40
0.9187287698130344
 40
0.9396046553379616
 40
0.9607637775860937
 40
0.9812062280180758
 40
1.0
 40
1.0
 40
1.0
 40
1.0
 10
2.149384667131864
 20
-1.004632538388285
 30
0.0
 10
2.007892470235424
 20
-1.047289089801881
 30
0.0
 10
1.714460893659589
 20
-1.135751771187348
 30
0.0
 10
1.258382951073076
 20
-1.243822452147328
 30
0.0
 10
0.7865964853331532
 20
-1.33201541867713
 30
0.0
 10
0.31187637731662
 20
-1.387355300539527
 30
0.0
 10
-0.1588049542782982
 20
-1.419521813002085
 30
0.0
 10
-0.6277826426326057
 20
-1.441342989413972
 30
0.0
 10
-1.371725078603027
 20
-1.470123139657588
 30
0.0
 10
-2.391031253738752
 20
-1.496689686993991
 30
0.0
 10
-3.547891857357085
 20
-1.498037538505459
 30
0.0
 10
-4.566603079980881
 20
-1.480803789038004
 30
0.0
 10
-5.447853396384604
 20
-1.46427264489015
 30
0.0
 10
-6.329124330186329
 20
-1.454232025913927
 30
0.0
 10
-7.209856214039958
 20
-1.441378568270688
 30
0.0
 10
-7.873486071244114
 20
-1.425293743552829
 30
0.0
 10
-8.318718000222201
 20
-1.434930072469409
 30
0.0
 10
-8.509605542104657
 20
-1.449415859459898
 30
0.0
 10
-8.660778971153906
 20
-1.475615377787079
 30
0.0
 10
-8.769261113594936
 20
-1.501616756813448
 30
0.0
 10
-8.86362478021914
 20
-1.54699361880066
 30
0.0
 10
-8.922761437369564
 20
-1.623067152024852
 30
0.0
 10
-8.95587667134419
 20
-1.706584954727169
 30
0.0
 10
-8.960931734134755
 20
-1.796818428760306
 30
0.0
 10
-8.933871166229906
 20
-1.884208642476594
 30
0.0
 10
-8.885913731245495
 20
-1.967694103236197
 30
0.0
 10
-8.781561251989633
 20
-2.100029938567452
 30
0.0
 10
-8.614363939091279
 20
-2.26953837809621
 30
0.0
 10
-8.369769621811463
 20
-2.452270145815131
 30
0.0
 10
-8.106943911179583
 20
-2.607009209601056
 30
0.0
 10
-7.830556503974962
 20
-2.738623611331493
 30
0.0
 10
-7.544787732792217
 20
-2.849273718548896
 30
0.0
 10
-7.186337745109785
 20
-2.962512464992722
 30
0.0
 10
-6.752142860733917
 20
-3.063293669389179
 30
0.0
 10
-6.242854211631408
 20
-3.140084138579075
 30
0.0
 10
-5.729082381320818
 20
-3.184706450059209
 30
0.0
 10
-5.21323059262586
 20
-3.202770062538494
 30
0.0
 10
-4.6968725903773
 20
-3.198055292106571
 30
0.0
 10
-4.150397245756537
 20
-3.170505015613543
 30
0.0
 10
-3.575046043614443
 20
-3.116151996388552
 30
0.0
 10
-2.972856265136248
 20
-3.028745846342474
 30
0.0
 10
-2.376247509114882
 20
-2.909176889353254
 30
0.0
 10
-1.720741523630094
 20
-2.741219611011652
 30
0.0
 10
-1.01094201411404
 20
-2.517162017599442
 30
0.0
 10
-0.2508742221637483
 20
-2.23558392336266
 30
0.0
 10
0.3973026083509715
 20
-1.966371204780475
 30
0.0
 10
0.936708226477658
 20
-1.712843568575621
 30
0.0
 10
1.369022559626475
 20
-1.491758483393141
 30
0.0
 10
1.782230042244005
 20
-1.269064003537742
 30
0.0
 10
2.046183967371147
 20
-1.116406594839466
 30
0.0
 10
2.172615350857626
 20
-1.043285168924367
 30
0.0
  0
CIRCLE
  5
255
330
1F
100
AcDbEntity
  8
0
  6
Continuous
 62
     7
370
    25
100
AcDbCircle
 10
-3.9066246191
 20
-2.3288894659
 30
0.0
 40
0.0590551181102366
  0
CIRCLE
  5
256
330
1F
100
AcDbEntity
  8
0
  6
Continuous
 62
     7
370
    25
100
AcDbCircle
 10
-6.9047971001
 20
-2.2241909758
 30
0.0
 40
0.0590551181102373
  0
CIRCLE
  5
257
330
1F
100
AcDbEntity
  8
0
  6
Continuous
 62
     7
370
    25
100
AcDbCircle
 10
-5.4057108596
 20
-2.2765402209
 30
0.0
 40
0.4549999999999584
  0
CIRCLE
  5
2A6
330
1F
100
AcDbEntity
  8
0
  6
Continuous
 62
     7
370
    25
100
AcDbCircle
 10
-4.3200819921
 20
-0.3943815
 30
0.0
 40
0.0590551181102365
  0
CIRCLE
  5
2A7
330
1F
100
AcDbEntity
  8
0
  6
Continuous
 62
     7
370
    25
100
AcDbCircle
 10
-7.3159705964
 20
-0.2373736312
 30
0.0
 40
0.0590551181102354
  0
CIRCLE
  5
2A8
330
1F
100
AcDbEntity
  8
0
  6
Continuous
 62
     7
370
    25
100
AcDbCircle
 10
-5.8180262943
 20
-0.3158775656
 30
0.0
 40
0.4549999999999584
  0
SPLINE
  5
2DE
330
1F
100
AcDbEntity
  8
0
  6
Continuous
 62
     7
370
    25
100
AcDbSpline
210
0.0
220
0.0
230
1.0
 70
     8
 71
     3
 72
    55
 73
    51
 74
     0
 42
0.00000001
 43
0.00000001
 40
0.0
 40
0.0
 40
0.0
 40
0.0
 40
0.0190136358875782
 40
0.0394311578822571
 40
0.0602807673586436
 40
0.0807414835354872
 40
0.1008911534488375
 40
0.1209815928087886
 40
0.1411548651644126
 40
0.1966956792566837
 40
0.2521819736969201
 40
0.2900078264790377
 40
0.3278042987931131
 40
0.365604472428028
 40
0.4034169728383468
 40
0.4411608714670018
 40
0.4509984658853112
 40
0.4607219328702204
 40
0.4657594483853404
 40
0.4707176570746286
 40
0.475093285537675
 40
0.4788933329767589
 40
0.4828154126548224
 40
0.4865167811554742
 40
0.4902777200286224
 40
0.4944157852317408
 40
0.4988488473699141
 40
0.5119336339534666
 40
0.5249184137892401
 40
0.538027877487694
 40
0.5511230862291385
 40
0.5642685982350383
 40
0.5774308431751869
 40
0.5994690182379276
 40
0.6215456245088865
 40
0.6436577374074695
 40
0.6657956357196214
 40
0.6879435672395601
 40
0.7100872403524918
 40
0.7361887456047099
 40
0.7622817683490658
 40
0.7883559044229492
 40
0.8144501508365023
 40
0.8493233617882914
 40
0.8840832622201064
 40
0.9187287698130343
 40
0.9396046553379616
 40
0.9607637775860937
 40
0.9812062280180758
 40
1.0
 40
1.0
 40
1.0
 40
1.0
 10
1.758116404639361
 20
0.8239818013588088
 30
0.0
 10
1.615901298217358
 20
0.7838011260725456
 30
0.0
 10
1.320970526021832
 20
0.7004730051178664
 30
0.0
 10
0.8630759528669685
 20
0.6003784414671496
 30
0.0
 10
0.3898221629941402
 20
0.5204327163050224
 30
0.0
 10
-0.085791456961038
 20
0.4733862712437366
 30
0.0
 10
-0.556962484558524
 20
0.4494391797982622
 30
0.0
 10
-1.026249577379031
 20
0.4358061160844147
 30
0.0
 10
-1.770580990192465
 20
0.4200139349555783
 30
0.0
 10
-2.790195570242348
 20
0.4112407794855142
 30
0.0
 10
-3.946903501639766
 20
0.4300831347039886
 30
0.0
 10
-4.965158799209973
 20
0.4650932216873785
 30
0.0
 10
-5.845986388675536
 20
0.4970017867567696
 30
0.0
 10
-6.726947867682254
 20
0.5224211750161629
 30
0.0
 10
-7.607321288037139
 20
0.5506435658148345
 30
0.0
 10
-8.27056935230123
 20
0.5783078787278224
 30
0.0
 10
-8.715901647428822
 20
0.576443386054192
 30
0.0
 10
-8.907012928056183
 20
0.5652912522839736
 30
0.0
 10
-9.058620577302273
 20
0.5417340643966189
 30
0.0
 10
-9.167539984022268
 20
0.5176299199472819
 30
0.0
 10
-9.262681214041224
 20
0.4739068421387793
 30
0.0
 10
-9.323136530613283
 20
0.3988769722580961
 30
0.0
 10
-9.357704307614885
 20
0.3159498302442526
 30
0.0
 10
-9.364333391757976
 20
0.2258183222166502
 30
0.0
 10
-9.338802114837108
 20
0.137969146423698
 30
0.0
 10
-9.292309006195113
 20
0.0536594282571018
 30
0.0
 10
-9.1902819991117
 20
-0.0804774535661625
 30
0.0
 10
-9.02606848135515
 20
-0.2528780715984701
 30
0.0
 10
-8.784700526053806
 20
-0.439850767821503
 30
0.0
 10
-8.524615414083598
 20
-0.5991532052226363
 30
0.0
 10
-8.250567090051803
 20
-0.7355711868068805
 30
0.0
 10
-7.96677295348055
 20
-0.8511917942187732
 30
0.0
 10
-7.610353848094819
 20
-0.9706691087255044
 30
0.0
 10
-7.177983968243276
 20
-1.079012709251504
 30
0.0
 10
-6.670113064747635
 20
-1.164679795379033
 30
0.0
 10
-6.157198251091436
 20
-1.218261865463601
 30
0.0
 10
-5.64174028262919
 20
-1.245325581844918
 30
0.0
 10
-5.125378640115573
 20
-1.249623219217753
 30
0.0
 10
-4.57850570771389
 20
-1.231614448587554
 30
0.0
 10
-4.002293543364053
 20
-1.18731097061462
 30
0.0
 10
-3.398670033650168
 20
-1.110427793714932
 30
0.0
 10
-2.800065377997428
 20
-1.001289306151136
 30
0.0
 10
-2.141727970563522
 20
-0.844797765397295
 30
0.0
 10
-1.42812622276517
 20
-0.6331620065708696
 30
0.0
 10
-0.6632599774766089
 20
-0.3648918100666988
 30
0.0
 10
-0.0104834576499067
 20
-0.1070323393748864
 30
0.0
 10
0.5332646737385965
 20
0.1370427572608822
 30
0.0
 10
0.9693716300843436
 20
0.3505492446632624
 30
0.0
 10
1.386402733774631
 20
0.5659983421411683
 30
0.0
 10
1.652980696582751
 20
0.7140258691946507
 30
0.0
 10
1.780668968801485
 20
0.7849296264713774
 30
0.0
  0
CIRCLE
  5
2F8
330
1F
100
AcDbEntity
  8
0
  6
Continuous
 62
     7
370
    25
100
AcDbCircle
 10
-3.9854889348
 20
1.6652824264
 30
0.0
 40
0.0590551181102358
  0
CIRCLE
  5
2F9
330
1F
100
AcDbEntity
  8
0
  6
Continuous
 62
     7
370
    25
100
AcDbCircle
 10
-0.9896003305
 20
1.5082745577
 30
0.0
 40
0.0590551181102365
  0
CIRCLE
  5
2FA
330
1F
100
AcDbEntity
  8
0
  6
Continuous
 62
     7
370
    25
100
AcDbCircle
 10
-2.4875446327
 20
1.586778492
 30
0.0
 40
0.4549999999999591
  0
SPLINE
  5
330
330
1F
100
AcDbEntity
  8
0
  6
Continuous
 62
     7
370
    25
100
AcDbSpline
210
0.0
220
0.0
230
1.0
 70
     8
 71
     3
 72
    55
 73
    51
 74
     0
 42
0.00000001
 43
0.00000001
 40
0.0
 40
0.0
 40
0.0
 40
0.0
 40
0.0190136358875782
 40
0.0394311578822571
 40
0.0602807673586436
 40
0.0807414835354872
 40
0.1008911534488375
 40
0.1209815928087886
 40
0.1411548651644126
 40
0.1966956792566837
 40
0.2521819736969201
 40
0.2900078264790377
 40
0.3278042987931132
 40
0.365604472428028
 40
0.4034169728383468
 40
0.4411608714670019
 40
0.4509984658853114
 40
0.4607219328702204
 40
0.4657594483853405
 40
0.4707176570746288
 40
0.475093285537675
 40
0.478893332976759
 40
0.4828154126548225
 40
0.4865167811554743
 40
0.4902777200286225
 40
0.4944157852317409
 40
0.4988488473699143
 40
0.5119336339534667
 40
0.5249184137892402
 40
0.5380278774876942
 40
0.5511230862291386
 40
0.5642685982350385
 40
0.5774308431751871
 40
0.5994690182379279
 40
0.6215456245088866
 40
0.6436577374074696
 40
0.6657956357196216
 40
0.6879435672395603
 40
0.7100872403524922
 40
0.7361887456047101
 40
0.7622817683490659
 40
0.7883559044229494
 40
0.8144501508365026
 40
0.8493233617882916
 40
0.8840832622201066
 40
0.9187287698130345
 40
0.9396046553379617
 40
0.9607637775860937
 40
0.9812062280180758
 40
1.0
 40
1.0
 40
1.0
 40
1.0
 10
-10.0636873315742
 20
0.4469191250695263
 30
0.0
 10
-9.921472225152193
 20
0.4870998003557906
 30
0.0
 10
-9.626541452956669
 20
0.570427921310472
 30
0.0
 10
-9.168646879801805
 20
0.6705224849611916
 30
0.0
 10
-8.695393089928979
 20
0.7504682101233225
 30
0.0
 10
-8.219779469973803
 20
0.7975146551846117
 30
0.0
 10
-7.748608442376314
 20
0.8214617466300888
 30
0.0
 10
-7.279321349555805
 20
0.8350948103439395
 30
0.0
 10
-6.534989936742375
 20
0.8508869914727814
 30
0.0
 10
-5.51537535669249
 20
0.8596601469428525
 30
0.0
 10
-4.358667425295073
 20
0.8408177917243859
 30
0.0
 10
-3.340412127724866
 20
0.805807704741003
 30
0.0
 10
-2.459584538259305
 20
0.7738991396716185
 30
0.0
 10
-1.578623059252584
 20
0.7484797514122312
 30
0.0
 10
-0.6982496388976989
 20
0.7202573606135666
 30
0.0
 10
-0.035001574633609
 20
0.6925930477005822
 30
0.0
 10
0.4103307204939823
 20
0.6944575403742164
 30
0.0
 10
0.6014420011213495
 20
0.7056096741444363
 30
0.0
 10
0.7530496503674321
 20
0.7291668620317923
 30
0.0
 10
0.8619690570874278
 20
0.7532710064811285
 30
0.0
 10
0.9571102871063883
 20
0.7969940842896339
 30
0.0
 10
1.017565603678443
 20
0.8720239541703166
 30
0.0
 10
1.052133380680044
 20
0.9549510961841595
 30
0.0
 10
1.058762464823139
 20
1.045082604211762
 30
0.0
 10
1.033231187902267
 20
1.132931780004714
 30
0.0
 10
0.9867380792602691
 20
1.217241498171312
 30
0.0
 10
0.8847110721768628
 20
1.351378379994571
 30
0.0
 10
0.7204975544202994
 20
1.523778998026882
 30
0.0
 10
0.4791295991189625
 20
1.710751694249912
 30
0.0
 10
0.2190444871487524
 20
1.870054131651041
 30
0.0
 10
-0.0550038368830433
 20
2.006472113235288
 30
0.0
 10
-0.3387979734542982
 20
2.122092720647174
 30
0.0
 10
-0.6952170788400276
 20
2.241570035153905
 30
0.0
 10
-1.127586958691573
 20
2.349913635679902
 30
0.0
 10
-1.635457862187217
 20
2.435580721807427
 30
0.0
 10
-2.148372675843418
 20
2.489162791891991
 30
0.0
 10
-2.663830644305657
 20
2.516226508273305
 30
0.0
 10
-3.180192286819282
 20
2.520524145646137
 30
0.0
 10
-3.727065219220955
 20
2.502515375015932
 30
0.0
 10
-4.303277383570798
 20
2.458211897042996
 30
0.0
 10
-4.906900893284683
 20
2.381328720143303
 30
0.0
 10
-5.505505548937422
 20
2.272190232579503
 30
0.0
 10
-6.163842956371321
 20
2.115698691825657
 30
0.0
 10
-6.877444704169677
 20
1.904062932999227
 30
0.0
 10
-7.642310949458236
 20
1.635792736495051
 30
0.0
 10
-8.295087469284937
 20
1.377933265803235
 30
0.0
 10
-8.838835600673434
 20
1.133858169167462
 30
0.0
 10
-9.274942557019186
 20
0.9203516817650765
 30
0.0
 10
-9.691973660709467
 20
0.7049025842871701
 30
0.0
 10
-9.958551623517588
 20
0.5568750572336856
 30
0.0
 10
-10.08623989573632
 20
0.4859712999569576
 30
0.0
  0
CIRCLE
  5
34A
330
1F
100
AcDbEntity
  8
0
  6
Continuous
 62
     7
370
    25
100
AcDbCircle
 10
-0.1090492826
 20
-3.5277797205
 30
0.0
 40
0.0590551181102362
  0
CIRCLE
  5
34B
330
1F
100
AcDbEntity
  8
0
  6
Continuous
 62
     7
370
    25
100
AcDbCircle
 10
2.8891231984
 20
-3.6324782106
 30
0.0
 40
0.0590551181102357
  0
CIRCLE
  5
34C
330
1F
100
AcDbEntity
  8
0
  6
Continuous
 62
     7
370
    25
100
AcDbCircle
 10
1.3900369579
 20
-3.5801289655
 30
0.0
 40
0.4549999999999584
  0
SPLINE
  5
382
330
1F
100
AcDbEntity
  8
0
  6
Continuous
 62
     7
370
    25
100
AcDbSpline
210
0.0
220
0.0
230
1.0
 70
     8
 71
     3
 72
    55
 73
    51
 74
     0
 42
0.00000001
 43
0.00000001
 40
0.0
 40
0.0
 40
0.0
 40
0.0
 40
0.0190136358875781
 40
0.0394311578822571
 40
0.0602807673586435
 40
0.0807414835354871
 40
0.1008911534488374
 40
0.1209815928087885
 40
0.1411548651644125
 40
0.1966956792566836
 40
0.25218197369692
 40
0.2900078264790374
 40
0.327804298793113
 40
0.3656044724280277
 40
0.4034169728383465
 40
0.4411608714670016
 40
0.450998465885311
 40
0.4607219328702201
 40
0.4657594483853401
 40
0.4707176570746284
 40
0.4750932855376748
 40
0.4788933329767587
 40
0.4828154126548222
 40
0.486516781155474
 40
0.4902777200286222
 40
0.4944157852317406
 40
0.498848847369914
 40
0.5119336339534664
 40
0.5249184137892399
 40
0.5380278774876939
 40
0.5511230862291384
 40
0.5642685982350382
 40
0.5774308431751868
 40
0.5994690182379275
 40
0.6215456245088864
 40
0.6436577374074692
 40
0.6657956357196213
 40
0.68794356723956
 40
0.7100872403524917
 40
0.7361887456047097
 40
0.7622817683490656
 40
0.788355904422949
 40
0.8144501508365022
 40
0.8493233617882913
 40
0.8840832622201062
 40
0.9187287698130343
 40
0.9396046553379614
 40
0.9607637775860935
 40
0.9812062280180757
 40
1.0
 40
1.0
 40
1.0
 40
1.0
 10
-6.16505856883154
 20
-4.85203664802426
 30
0.0
 10
-6.023566371935101
 20
-4.809380096610664
 30
0.0
 10
-5.730134795359267
 20
-4.720917415225194
 30
0.0
 10
-5.274056852772752
 20
-4.612846734265212
 30
0.0
 10
-4.802270387032834
 20
-4.524653767735407
 30
0.0
 10
-4.327550279016299
 20
-4.469313885873005
 30
0.0
 10
-3.856868947421383
 20
-4.437147373410445
 30
0.0
 10
-3.387891259067074
 20
-4.415326196998555
 30
0.0
 10
-2.643948823096653
 20
-4.386546046754933
 30
0.0
 10
-1.62464264796093
 20
-4.359979499418523
 30
0.0
 10
-0.4677820443425946
 20
-4.358631647907047
 30
0.0
 10
0.5509291782812011
 20
-4.375865397374495
 30
0.0
 10
1.432179494684923
 20
-4.392396541522341
 30
0.0
 10
2.313450428486648
 20
-4.402437160498561
 30
0.0
 10
3.194182312340279
 20
-4.415290618141791
 30
0.0
 10
3.857812169544431
 20
-4.431375442859649
 30
0.0
 10
4.303044098522522
 20
-4.421739113943063
 30
0.0
 10
4.49393164040498
 20
-4.407253326952577
 30
0.0
 10
4.645105069454225
 20
-4.38105380862539
 30
0.0
 10
4.75358721189526
 20
-4.355052429599021
 30
0.0
 10
4.847950878519457
 20
-4.309675567611809
 30
0.0
 10
4.907087535669887
 20
-4.233602034387618
 30
0.0
 10
4.940202769644506
 20
-4.1500842316853
 30
0.0
 10
4.945257832435075
 20
-4.059850757652161
 30
0.0
 10
4.918197264530222
 20
-3.972460543935874
 30
0.0
 10
4.87023982954581
 20
-3.888975083176272
 30
0.0
 10
4.765887350289952
 20
-3.756639247845017
 30
0.0
 10
4.598690037391587
 20
-3.58713080831626
 30
0.0
 10
4.354095720111779
 20
-3.404399040597339
 30
0.0
 10
4.091270009479895
 20
-3.249659976811418
 30
0.0
 10
3.814882602275276
 20
-3.118045575080983
 30
0.0
 10
3.529113831092525
 20
-3.007395467863582
 30
0.0
 10
3.170663843410097
 20
-2.894156721419758
 30
0.0
 10
2.736468959034223
 20
-2.793375517023306
 30
0.0
 10
2.227180309931718
 20
-2.71658504783341
 30
0.0
 10
1.713408479621125
 20
-2.671962736353283
 30
0.0
 10
1.19755669092617
 20
-2.653899123874
 30
0.0
 10
0.6811986886776066
 20
-2.658613894305928
 30
0.0
 10
0.1347233440568456
 20
-2.686164170798958
 30
0.0
 10
-0.44062785808525
 20
-2.740517190023953
 30
0.0
 10
-1.042817636563443
 20
-2.827923340070036
 30
0.0
 10
-1.639426392584808
 20
-2.94749229705926
 30
0.0
 10
-2.294932378069596
 20
-3.115449575400869
 30
0.0
 10
-3.004731887585646
 20
-3.33950716881308
 30
0.0
 10
-3.764799679535938
 20
-3.621085263049868
 30
0.0
 10
-4.412976510050655
 20
-3.890297981632058
 30
0.0
 10
-4.952382128177339
 20
-4.143825617836916
 30
0.0
 10
-5.384696461326153
 20
-4.364910703019397
 30
0.0
 10
-5.797903943943684
 20
-4.587605182874802
 30
0.0
 10
-6.061857869070825
 20
-4.740262591573079
 30
0.0
 10
-6.188289252557303
 20
-4.813384017488178
 30
0.0
  0
SPLINE
  5
386
330
1F
100
AcDbEntity
  8
0
  6
Continuous
 62
     7
370
    25
100
AcDbSpline
210
0.0
220
0.0
230
1.0
 70
     8
 71
     3
 72
    10
 73
     6
 74
     0
 42
0.00000001
 43
0.00000001
 40
0.0
 40
0.0
 40
0.0
 40
0.0
 40
0.3344125491347444
 40
0.667705312460078
 40
1.0
 40
1.0
 40
1.0
 40
1.0
 10
2.790339725397651
 20
4.326414700234851
 30
0.0
 10
2.561097226142983
 20
4.26608849190323
 30
0.0
 10
2.103379849836354
 20
4.145638078520665
 30
0.0
 10
1.427633126466155
 20
3.930572579658164
 30
0.0
 10
0.9849413488960787
 20
3.767485442046397
 30
0.0
 10
0.7639273773842846
 20
3.686064151179161
 30
0.0
  0
SPLINE
  5
38A
330
1F
100
AcDbEntity
  8
0
  6
Continuous
 62
     7
370
    25
100
AcDbSpline
210
0.0
220
0.0
230
1.0
 70
     8
 71
     3
 72
    10
 73
     6
 74
     0
 42
0.00000001
 43
0.00000001
 40
0.0
 40
0.0
 40
0.0
 40
0.0
 40
0.3340008855489898
 40
0.6665136185795245
 40
1.0
 40
1.0
 40
1.0
 40
1.0
 10
0.8147510713056267
 20
3.324734077245989
 30
0.0
 10
1.042700734333892
 20
3.329972397463255
 30
0.0
 10
1.497584422768508
 20
3.340425698380553
 30
0.0
 10
2.180213627559884
 20
3.330296400337905
 30
0.0
 10
2.634699237557319
 20
3.320077274183048
 30
0.0
 10
2.862274257098687
 20
3.314960241249044
 30
0.0
  0
SPLINE
  5
38E
330
1F
100
AcDbEntity
  8
0
  6
Continuous
 62
     7
370
    25
100
AcDbSpline
210
0.0
220
0.0
230
1.0
 70
     8
 71
     3
 72
    19
 73
    15
 74
     0
 42
0.00000001
 43
0.00000001
 40
0.0
 40
0.0
 40
0.0
 40
0.0
 40
0.1301445324710095
 40
0.2556147447423994
 40
0.3185347350074371
 40
0.3678121316702077
 40
0.4017106865793221
 40
0.4704256405087483
 40
0.5368986000605352
 40
0.5809137257845595
 40
0.6374970660269914
 40
0.7058905790103961
 40
0.8548929662720095
 40
1.0
 40
1.0
 40
1.0
 40
1.0
 10
9.534446577507923
 20
2.928410281225585
 30
0.0
 10
9.582724502108686
 20
2.929690061353728
 30
0.0
 10
9.677546383129815
 20
2.932203656543401
 30
0.0
 10
9.795286456526902
 20
2.945520882112372
 30
0.0
 10
9.881681307150723
 20
2.962848179770815
 30
0.0
 10
9.934277409049164
 20
2.977263542786696
 30
0.0
 10
9.983372747928508
 20
3.006558409466657
 30
0.0
 10
10.01984974186417
 20
3.060310679660473
 30
0.0
 10
10.03794212891248
 20
3.126367564879578
 30
0.0
 10
10.02698799366221
 20
3.188410116123211
 30
0.0
 10
10.00265030338476
 20
3.246498800512011
 30
0.0
 10
9.949054461062808
 20
3.333185649101739
 30
0.0
 10
9.864726042752553
 20
3.438441361350492
 30
0.0
 10
9.789416979106068
 20
3.517430228449123
 30
0.0
 10
9.752261165457513
 20
3.556401575112045
 30
0.0
  0
CIRCLE
  5
397
330
1F
100
AcDbEntity
  8
0
  6
Continuous
 62
     7
370
    25
100
AcDbCircle
 10
8.0676333608
 20
3.563338879
 30
0.0
 40
0.0590551199999822
  0
CIRCLE
  5
398
330
1F
100
AcDbEntity
  8
0
  6
Continuous
 62
     7
370
    25
100
AcDbCircle
 10
8.0521200637
 20
3.81285709
 30
0.0
 40
0.0590551199999841
  0
CIRCLE
  5
399
330
1F
100
AcDbEntity
  8
0
  6
Continuous
 62
     7
370
    25
100
AcDbCircle
 10
7.3946136324
 20
3.9134049247
 30
0.0
 40
0.0590551200000016
  0
CIRCLE
  5
39A
330
1F
100
AcDbEntity
  8
0
  6
Continuous
 62
     7
370
    25
100
AcDbCircle
 10
7.4150459324
 20
3.5847687309
 30
0.0
 40
0.0590551199999834
  0
CIRCLE
  5
39B
330
1F
100
AcDbEntity
  8
0
  6
Continuous
 62
     7
370
    25
100
AcDbCircle
 10
5.6236866754
 20
4.1649437919
 30
0.0
 40
0.0590551199999841
  0
CIRCLE
  5
39C
330
1F
100
AcDbEntity
  8
0
  6
Continuous
 62
     7
370
    25
100
AcDbCircle
 10
5.6554944318
 20
3.6533430421
 30
0.0
 40
0.0590551200000008
  0
CIRCLE
  5
39D
330
1F
100
AcDbEntity
  8
0
  6
Continuous
 62
     7
370
    25
100
AcDbCircle
 10
3.9522841252
 20
4.123687344
 30
0.0
 40
0.0590551199999847
  0
CIRCLE
  5
39E
330
1F
100
AcDbEntity
  8
0
  6
Continuous
 62
     7
370
    25
100
AcDbCircle
 10
3.9743224733
 20
3.7692192284
 30
0.0
 40
0.0590551199999829
  0
CIRCLE
  5
39F
330
1F
100
AcDbEntity
  8
0
  6
Continuous
 62
     7
370
    25
100
AcDbCircle
 10
3.3750470815
 20
4.0731856465
 30
0.0
 40
0.0590551199999848
  0
CIRCLE
  5
3A0
330
1F
100
AcDbEntity
  8
0
  6
Continuous
 62
     7
370
    25
100
AcDbCircle
 10
3.3970854297
 20
3.7187175309
 30
0.0
 40
0.0590551199999843
  0
CIRCLE
  5
3A1
330
1F
100
AcDbEntity
  8
0
  6
Continuous
 62
     7
370
    25
100
AcDbCircle
 10
6.6128053081
 20
3.8189157957
 30
0.0
 40
0.4549999999999695
  0
SPLINE
  5
3AE
330
1F
100
AcDbEntity
  8
0
  6
Continuous
 62
     7
370
    25
100
AcDbSpline
210
0.0
220
0.0
230
1.0
 70
     8
 71
     3
 72
     9
 73
     5
 74
     0
 42
0.00000001
 43
0.00000001
 40
0.0
 40
0.0
 40
0.0
 40
0.0
 40
0.4979340491079392
 40
1.0
 40
1.0
 40
1.0
 40
1.0
 10
9.492624504493945
 20
3.77390119837557
 30
0.0
 10
9.384183791095209
 20
3.846468038465117
 30
0.0
 10
9.166402513448084
 20
3.992203884847893
 30
0.0
 10
8.927735461152647
 20
4.100408324856746
 30
0.0
 10
8.807908860595333
 20
4.154734089920533
 30
0.0
  0
SPLINE
  5
3AF
330
1F
100
AcDbEntity
  8
0
  6
Continuous
 62
     7
370
    25
100
AcDbSpline
210
0.0
220
0.0
230
1.0
 70
     8
 71
     3
 72
    55
 73
    51
 74
     0
 42
0.00000001
 43
0.00000001
 40
0.0
 40
0.0
 40
0.0
 40
0.0
 40
0.0188262787386043
 40
0.0390381900319157
 40
0.0596942791746277
 40
0.0799758069448024
 40
0.099943262324431
 40
0.1198414268171929
 40
0.1398193628827918
 40
0.1948381073448075
 40
0.2497998271880858
 40
0.2880659259170849
 40
0.3263018103589986
 40
0.3645395409928942
 40
0.4027908056747336
 40
0.4409742295559971
 40
0.4509267572912454
 40
0.4607630951501061
 40
0.4658590057643948
 40
0.4708661746080622
 40
0.4752754176871873
 40
0.4791359957262273
 40
0.4830934363121967
 40
0.486824780373168
 40
0.4906586769519783
 40
0.4948821301522919
 40
0.499387167117806
 40
0.5125909306753785
 40
0.525744218830245
 40
0.5390031131771958
 40
0.5522537141232798
 40
0.5655544903250348
 40
0.5788705363531972
 40
0.6008357701119234
 40
0.6228394598930953
 40
0.6448776575308176
 40
0.6669408941158674
 40
0.6890131817023148
 40
0.7110809988095704
 40
0.7370935594378746
 40
0.7630966263287646
 40
0.7890815100957467
 40
0.8150878854893234
 40
0.8498427295086491
 40
0.8844799951524671
 40
0.9190105545013071
 40
0.9398213010845893
 40
0.9609072921755222
 40
0.9812735627294824
 40
1.0
 40
1.0
 40
1.0
 40
1.0
 10
-0.9985027276160352
 20
2.944154367423865
 30
0.0
 10
-0.8563924915890696
 20
2.979022950540862
 30
0.0
 10
-0.5617125669725722
 20
3.051326478644572
 30
0.0
 10
-0.1051508804855464
 20
3.134855436578208
 30
0.0
 10
0.3660455984088937
 20
3.198334959238027
 30
0.0
 10
0.8386395998727113
 20
3.229449664933961
 30
0.0
 10
1.306048195307766
 20
3.237629513301109
 30
0.0
 10
1.771098562908539
 20
3.235168157818249
 30
0.0
 10
2.508462061160605
 20
3.225416253513324
 30
0.0
 10
3.518119064193046
 20
3.199349500258741
 30
0.0
 10
4.668819371844953
 20
3.141682957618251
 30
0.0
 10
5.688023040030044
 20
3.071501623506319
 30
0.0
 10
6.577387894542049
 20
3.007863223014282
 30
0.0
 10
7.467124066976946
 20
2.9509988927872
 30
0.0
 10
8.356185993405445
 20
2.89155771585769
 30
0.0
 10
9.025758073302226
 20
2.840068672617962
 30
0.0
 10
9.47604628081149
 20
2.825982128380916
 30
0.0
 10
9.669681699849615
 20
2.830408482639617
 30
0.0
 10
9.823671042165468
 20
2.849097971278912
 30
0.0
 10
9.934499345766579
 20
2.869602422436583
 30
0.0
 10
10.03159447850858
 20
2.912059105855613
 30
0.0
 10
10.09381721282883
 20
2.986969442137778
 30
0.0
 10
10.13020507540888
 20
3.07026255335139
 30
0.0
 10
10.13739066654275
 20
3.161501298618425
 30
0.0
 10
10.11223895539114
 20
3.250935298990963
 30
0.0
 10
10.06634882294517
 20
3.337562968667578
 30
0.0
 10
9.966305245703591
 20
3.475810467991787
 30
0.0
 10
9.805521562581584
 20
3.655169191048659
 30
0.0
 10
9.566508373933845
 20
3.850626135778292
 30
0.0
 10
9.30804604701578
 20
4.019333419365354
 30
0.0
 10
9.034788573524805
 20
4.165113074061656
 30
0.0
 10
8.751132136862593
 20
4.290291386074973
 30
0.0
 10
8.396548153077696
 20
4.420540015290269
 30
0.0
 10
7.967510641023634
 20
4.541547294819854
 30
0.0
 10
7.464198866215559
 20
4.642428800863826
 30
0.0
 10
6.954956788995251
 20
4.712011807524052
 30
0.0
 10
6.44238917011545
 20
4.755622588785516
 30
0.0
 10
5.928205660412855
 20
4.776772074112384
 30
0.0
 10
5.38290810277906
 20
4.77682838306292
 30
0.0
 10
4.80752422019807
 20
4.751744254321113
 30
0.0
 10
4.203760603241975
 20
4.695115050092022
 30
0.0
 10
3.603912007078606
 20
4.606274055821923
 30
0.0
 10
2.942945982656187
 20
4.472441629095985
 30
0.0
 10
2.225050662980558
 20
4.285812171553298
 30
0.0
 10
1.454056067901219
 20
4.04483156031892
 30
0.0
 10
0.7950081811678903
 20
3.810386436782946
 30
0.0
 10
0.2449948376000113
 20
3.585942910518932
 30
0.0
 10
-0.1967288645323054
 20
3.388365782589604
 30
0.0
 10
-0.619479041217302
 20
3.188275267755956
 30
0.0
 10
-0.8900621920863697
 20
3.050140175451895
 30
0.0
 10
-1.019678652116694
 20
2.983969825920121
 30
0.0
  0
SPLINE
  5
3B3
330
1F
100
AcDbEntity
  8
0
  6
Continuous
 62
     7
370
    25
100
AcDbSpline
210
0.0
220
0.0
230
1.0
 70
     8
 71
     3
 72
    10
 73
     6
 74
     0
 42
0.00000001
 43
0.00000001
 40
0.0
 40
0.0
 40
0.0
 40
0.0
 40
0.3344125491347448
 40
0.6677053124600775
 40
0.9999999999999999
 40
0.9999999999999999
 40
0.9999999999999999
 40
0.9999999999999999
 10
8.049408467227932
 20
1.552218466232875
 30
0.0
 10
8.2786509664826
 20
1.612544674564498
 30
0.0
 10
8.736368342789227
 20
1.732995087947063
 30
0.0
 10
9.412115066159428
 20
1.94806058680955
 30
0.0
 10
9.854806843729506
 20
2.111147724421319
 30
0.0
 10
10.0758208152413
 20
2.192569015288556
 30
0.0
  0
SPLINE
  5
3B7
330
1F
100
AcDbEntity
  8
0
  6
Continuous
 62
     7
370
    25
100
AcDbSpline
210
0.0
220
0.0
230
1.0
 70
     8
 71
     3
 72
    10
 73
     6
 74
     0
 42
0.00000001
 43
0.00000001
 40
0.0
 40
0.0
 40
0.0
 40
0.0
 40
0.3340008855489813
 40
0.6665136185795245
 40
1.0
 40
1.0
 40
1.0
 40
1.0
 10
10.02499712131994
 20
2.553899089221737
 30
0.0
 10
9.797047458291681
 20
2.548660769004468
 30
0.0
 10
9.342163769857068
 20
2.53820746808716
 30
0.0
 10
8.659534565065686
 20
2.548336766129823
 30
0.0
 10
8.205048955068246
 20
2.558555892284679
 30
0.0
 10
7.977473935526878
 20
2.563672925218682
 30
0.0
  0
SPLINE
  5
3BB
330
1F
100
AcDbEntity
  8
0
  6
Continuous
 62
     7
370
    25
100
AcDbSpline
210
0.0
220
0.0
230
1.0
 70
     8
 71
     3
 72
    19
 73
    15
 74
     0
 42
0.00000001
 43
0.00000001
 40
0.0
 40
0.0
 40
0.0
 40
0.0
 40
0.1301445324710108
 40
0.2556147447423932
 40
0.3185347350074347
 40
0.3678121316702034
 40
0.4017106865793248
 40
0.470425640508747
 40
0.5368986000605346
 40
0.5809137257845516
 40
0.6374970660269841
 40
0.7058905790103882
 40
0.8548929662720078
 40
0.9999999999999999
 40
0.9999999999999999
 40
0.9999999999999999
 40
0.9999999999999999
 10
1.30530161511766
 20
2.950222885242194
 30
0.0
 10
1.257023690516897
 20
2.948943105114048
 30
0.0
 10
1.162201809495771
 20
2.94642950992437
 30
0.0
 10
1.044461736098685
 20
2.933112284355432
 30
0.0
 10
0.958066885474871
 20
2.915784986696948
 30
0.0
 10
0.9054707835764259
 20
2.901369623681082
 30
0.0
 10
0.8563754446970773
 20
2.872074757001128
 30
0.0
 10
0.8198984507614234
 20
2.818322486807302
 30
0.0
 10
0.8018060637131197
 20
2.752265601588206
 30
0.0
 10
0.812760198963384
 20
2.690223050344573
 30
0.0
 10
0.8370978892408364
 20
2.632134365955779
 30
0.0
 10
0.8906937315627559
 20
2.545447517366031
 30
0.0
 10
0.9750221498730334
 20
2.440191805117292
 30
0.0
 10
1.050331213519517
 20
2.361202938018657
 30
0.0
 10
1.08748702716807
 20
2.322231591355734
 30
0.0
  0
CIRCLE
  5
3C4
330
1F
100
AcDbEntity
  8
0
  6
Continuous
 62
     7
370
    25
100
AcDbCircle
 10
2.7721148318
 20
2.3152942875
 30
0.0
 40
0.0590551200000007
  0
CIRCLE
  5
3C5
330
1F
100
AcDbEntity
  8
0
  6
Continuous
 62
     7
370
    25
100
AcDbCircle
 10
2.7876281289
 20
2.0657760765
 30
0.0
 40
0.0590551200000016
  0
CIRCLE
  5
3C6
330
1F
100
AcDbEntity
  8
0
  6
Continuous
 62
     7
370
    25
100
AcDbCircle
 10
3.4451345602
 20
1.9652282417
 30
0.0
 40
0.0590551199999835
  0
CIRCLE
  5
3C7
330
1F
100
AcDbEntity
  8
0
  6
Continuous
 62
     7
370
    25
100
AcDbCircle
 10
3.4247022602
 20
2.2938644356
 30
0.0
 40
0.0590551200000012
  0
CIRCLE
  5
3C8
330
1F
100
AcDbEntity
  8
0
  6
Continuous
 62
     7
370
    25
100
AcDbCircle
 10
5.2160615172
 20
1.7136893746
 30
0.0
 40
0.0590551200000008
  0
CIRCLE
  5
3C9
330
1F
100
AcDbEntity
  8
0
  6
Continuous
 62
     7
370
    25
100
AcDbCircle
 10
5.1842537609
 20
2.2252901244
 30
0.0
 40
0.0590551200000008
  0
CIRCLE
  5
3CA
330
1F
100
AcDbEntity
  8
0
  6
Continuous
 62
     7
370
    25
100
AcDbCircle
 10
6.8874640675
 20
1.7549458225
 30
0.0
 40
0.0590551200000192
  0
CIRCLE
  5
3CB
330
1F
100
AcDbEntity
  8
0
  6
Continuous
 62
     7
370
    25
100
AcDbCircle
 10
6.8654257193
 20
2.1094139381
 30
0.0
 40
0.0590551200000008
  0
CIRCLE
  5
3CC
330
1F
100
AcDbEntity
  8
0
  6
Continuous
 62
     7
370
    25
100
AcDbCircle
 10
7.4647011111
 20
1.80544752
 30
0.0
 40
0.0590551200000016
  0
CIRCLE
  5
3CD
330
1F
100
AcDbEntity
  8
0
  6
Continuous
 62
     7
370
    25
100
AcDbCircle
 10
7.442662763
 20
2.1599156356
 30
0.0
 40
0.0590551200000016
  0
CIRCLE
  5
3CE
330
1F
100
AcDbEntity
  8
0
  6
Continuous
 62
     7
370
    25
100
AcDbCircle
 10
4.2269428846
 20
2.0597173707
 30
0.0
 40
0.4549999999999524
  0
SPLINE
  5
3CF
330
1F
100
AcDbEntity
  8
0
  6
Continuous
 62
     7
370
    25
100
AcDbSpline
210
0.0
220
0.0
230
1.0
 70
     8
 71
     3
 72
    55
 73
    51
 74
     0
 42
0.00000001
 43
0.00000001
 40
0.0
 40
0.0
 40
0.0
 40
0.0
 40
0.0188262787386035
 40
0.039038190031915
 40
0.0596942791746269
 40
0.0799758069448023
 40
0.0999432623244302
 40
0.1198414268171921
 40
0.1398193628827918
 40
0.194838107344806
 40
0.2497998271880851
 40
0.2880659259170851
 40
0.3263018103589973
 40
0.3645395409928938
 40
0.4027908056747324
 40
0.4409742295559967
 40
0.4509267572912446
 40
0.4607630951501052
 40
0.4658590057643943
 40
0.4708661746080617
 40
0.4752754176871867
 40
0.4791359957262264
 40
0.4830934363121956
 40
0.4868247803731672
 40
0.4906586769519777
 40
0.4948821301522913
 40
0.4993871671178052
 40
0.5125909306753778
 40
0.5257442188302446
 40
0.5390031131771951
 40
0.552253714123279
 40
0.565554490325034
 40
0.5788705363531963
 40
0.6008357701119224
 40
0.6228394598930951
 40
0.6448776575308166
 40
0.6669408941158664
 40
0.6890131817023146
 40
0.7110809988095703
 40
0.7370935594378745
 40
0.7630966263287644
 40
0.7890815100957457
 40
0.8150878854893232
 40
0.8498427295086488
 40
0.8844799951524663
 40
0.9190105545013068
 40
0.9398213010845888
 40
0.9609072921755223
 40
0.9812735627294825
 40
0.9999999999999999
 40
0.9999999999999999
 40
0.9999999999999999
 40
0.9999999999999999
 10
11.8382509202416
 20
2.934478799043835
 30
0.0
 10
11.69614068421464
 20
2.899610215926842
 30
0.0
 10
11.40146075959815
 20
2.827306687823137
 30
0.0
 10
10.94489907311113
 20
2.7437777298895
 30
0.0
 10
10.47370259421668
 20
2.680298207229689
 30
0.0
 10
10.00110859275287
 20
2.649183501533758
 30
0.0
 10
9.53369999731781
 20
2.641003653166604
 30
0.0
 10
9.06864962971704
 20
2.64346500864948
 30
0.0
 10
8.331286131464978
 20
2.653216912954397
 30
0.0
 10
7.321629128432538
 20
2.679283666209
 30
0.0
 10
6.170928820780631
 20
2.736950208849481
 30
0.0
 10
5.151725152595541
 20
2.807131542961423
 30
0.0
 10
4.262360298083534
 20
2.870769943453473
 30
0.0
 10
3.372624125648651
 20
2.927634273680561
 30
0.0
 10
2.483562199220145
 20
2.987075450610077
 30
0.0
 10
1.813990119323363
 20
3.038564493849832
 30
0.0
 10
1.363701911814101
 20
3.052651038086847
 30
0.0
 10
1.170066492775971
 20
3.048224683828161
 30
0.0
 10
1.016077150460114
 20
3.029535195188866
 30
0.0
 10
0.9052488468590085
 20
3.009030744031199
 30
0.0
 10
0.8081537141169971
 20
2.966574060612167
 30
0.0
 10
0.745930979796766
 20
2.891663724329997
 30
0.0
 10
0.709543117216698
 20
2.808370613116395
 30
0.0
 10
0.7023575260828339
 20
2.717131867849355
 30
0.0
 10
0.7275092372344618
 20
2.62769786747682
 30
0.0
 10
0.7733993696804154
 20
2.541070197800201
 30
0.0
 10
0.8734429469219933
 20
2.402822698475989
 30
0.0
 10
1.034226630044004
 20
2.223463975419118
 30
0.0
 10
1.273239818691734
 20
2.028007030689482
 30
0.0
 10
1.531702145609794
 20
1.85929974710241
 30
0.0
 10
1.804959619100771
 20
1.713520092406129
 30
0.0
 10
2.08861605576298
 20
1.588341780392791
 30
0.0
 10
2.44320003954788
 20
1.458093151177517
 30
0.0
 10
2.872237551601939
 20
1.337085871647911
 30
0.0
 10
3.375549326410011
 20
1.236204365603936
 30
0.0
 10
3.884791403630322
 20
1.166621358943712
 30
0.0
 10
4.397359022510123
 20
1.123010577682231
 30
0.0
 10
4.911542532212722
 20
1.101861092355372
 30
0.0
 10
5.456840089846519
 20
1.101804783404818
 30
0.0
 10
6.032223972427511
 20
1.126888912146632
 30
0.0
 10
6.635987589383605
 20
1.183518116375724
 30
0.0
 10
7.235836185546969
 20
1.272359110645811
 30
0.0
 10
7.896802209969391
 20
1.406191537371752
 30
0.0
 10
8.614697529645026
 20
1.592820994914412
 30
0.0
 10
9.385692124724349
 20
1.833801606148805
 30
0.0
 10
10.04474001145769
 20
2.06824672968477
 30
0.0
 10
10.59475335502558
 20
2.292690255948779
 30
0.0
 10
11.0364770571579
 20
2.490267383878101
 30
0.0
 10
11.4592272338429
 20
2.690357898711753
 30
0.0
 10
11.72981038471197
 20
2.828492991015808
 30
0.0
 10
11.85942684474229
 20
2.894663340547579
 30
0.0
  0
SPLINE
  5
3DC
330
1F
100
AcDbEntity
  8
0
  6
Continuous
 62
     7
370
    25
100
AcDbSpline
210
0.0
220
0.0
230
1.0
 70
     8
 71
     3
 72
     9
 73
     5
 74
     0
 42
0.00000001
 43
0.00000001
 40
0.0
 40
0.0
 40
0.0
 40
0.0
 40
0.497934049107924
 40
0.9999999999999999
 40
0.9999999999999999
 40
0.9999999999999999
 40
0.9999999999999999
 10
1.347123688131639
 20
2.1047319680922
 30
0.0
 10
1.45556440153037
 20
2.032165128002656
 30
0.0
 10
1.673345679177499
 20
1.886429281619882
 30
0.0
 10
1.912012731472934
 20
1.778224841611028
 30
0.0
 10
2.03183933203025
 20
1.723899076547238
 30
0.0
  0
SPLINE
  5
3DE
330
1F
100
AcDbEntity
  8
0
  6
Continuous
 62
     7
370
    25
100
AcDbSpline
210
0.0
220
0.0
230
1.0
 70
     8
 71
     3
 72
    14
 73
    10
 74
     0
 42
0.00000001
 43
0.00000001
 40
0.0
 40
0.0
 40
0.0
 40
0.0
 40
0.1160781187521094
 40
0.2209888979368881
 40
0.3254921144220331
 40
0.4354121102795867
 40
0.5493991998220364
 40
0.7777945681895178
 40
0.9999999999999999
 40
0.9999999999999999
 40
0.9999999999999999
 40
0.9999999999999999
 10
-2.795395260815542
 20
4.323028368221285
 30
0.0
 10
-2.714196467835307
 20
4.323826797031731
 30
0.0
 10
-2.559610642639192
 20
4.325346841505213
 30
0.0
 10
-2.331940757915983
 20
4.329003321578351
 30
0.0
 10
-2.108587171563524
 20
4.333033562861419
 30
0.0
 10
-1.878887968039753
 20
4.337394381209392
 30
0.0
 10
-1.562562907395
 20
4.344532804030279
 30
0.0
 10
-1.167724625911253
 20
4.355373890630205
 30
0.0
 10
-0.852922230358598
 20
4.371770968753284
 30
0.0
 10
-0.6976832644909722
 20
4.37985688387667
 30
0.0
  0
SPLINE
  5
3E2
330
1F
100
AcDbEntity
  8
0
  6
Continuous
 62
     7
370
    25
100
AcDbSpline
210
0.0
220
0.0
230
1.0
 70
     8
 71
     3
 72
     9
 73
     5
 74
     0
 42
0.00000001
 43
0.00000001
 40
0.0
 40
0.0
 40
0.0
 40
0.0
 40
0.4997237150160886
 40
1.0
 40
1.0
 40
1.0
 40
1.0
 10
-0.669539154654816
 20
4.121281787998676
 30
0.0
 10
-1.0178956838764
 20
4.051097793394124
 30
0.0
 10
-1.714993937879351
 20
3.91065219816699
 30
0.0
 10
-2.41783533676806
 20
3.802554521178718
 30
0.0
 10
-2.769450220736998
 20
3.748475816919633
 30
0.0
  0
SPLINE
  5
3E5
330
1F
100
AcDbEntity
  8
0
  6
Continuous
 62
     7
370
    25
100
AcDbSpline
210
0.0
220
0.0
230
1.0
 70
     8
 71
     3
 72
    13
 73
     9
 74
     0
 42
0.00000001
 43
0.00000001
 40
0.0
 40
0.0
 40
0.0
 40
0.0
 40
0.1400055923962362
 40
0.279995520887159
 40
0.4199993768585874
 40
0.5600017925973518
 40
0.7800055064700468
 40
1.0
 40
1.0
 40
1.0
 40
1.0
 10
-8.803532989961038
 20
4.510565228234586
 30
0.0
 10
-8.57584889479223
 20
4.515884666497571
 30
0.0
 10
-8.120506177880692
 20
4.526522947881763
 30
0.0
 10
-7.437197024209312
 20
4.52560462984042
 30
0.0
 10
-6.75428373351015
 20
4.50482041066037
 30
0.0
 10
-5.941374780932811
 20
4.478451170444512
 30
0.0
 10
-4.998415682815592
 20
4.447153870521752
 30
0.0
 10
-4.282886497272491
 20
4.430085578074047
 30
0.0
 10
-3.925129401604588
 20
4.421551610686725
 30
0.0
  0
SPLINE
  5
3E6
330
1F
100
AcDbEntity
  8
0
  6
Continuous
 62
     7
370
    25
100
AcDbSpline
210
0.0
220
0.0
230
1.0
 70
     8
 71
     3
 72
    19
 73
    15
 74
     0
 42
0.00000001
 43
0.00000001
 40
0.0
 40
0.0
 40
0.0
 40
0.0
 40
0.0927392820556152
 40
0.1726417761615663
 40
0.2415899269570747
 40
0.301466226428132
 40
0.354153179148878
 40
0.4015332292451501
 40
0.4697927081222169
 40
0.5368780975110491
 40
0.6074088178502562
 40
0.7393772308776767
 40
0.8727123900766798
 40
1.0
 40
1.0
 40
1.0
 40
1.0
 10
-3.925129401604588
 20
4.421551610686725
 30
0.0
 10
-3.822343452990994
 20
4.421274159877965
 30
0.0
 10
-3.630998983422417
 20
4.420757662452494
 30
0.0
 10
-3.363235918879962
 20
4.420636075809509
 30
0.0
 10
-3.131896438691787
 20
4.421041921909774
 30
0.0
 10
-2.930722549808999
 20
4.421952533024728
 30
0.0
 10
-2.753456519275791
 20
4.423313227012079
 30
0.0
 10
-2.566905126949487
 20
4.425364452481007
 30
0.0
 10
-2.364407044822996
 20
4.428431075890198
 30
0.0
 10
-2.136265052719649
 20
4.432551175504479
 30
0.0
 10
-1.837526114100398
 20
4.438148314311337
 30
0.0
 10
-1.465416876609505
 20
4.446961709855446
 30
0.0
 10
-1.030483633262071
 20
4.461001636437119
 30
0.0
 10
-0.7421127323566274
 20
4.477964552748613
 30
0.0
 10
-0.601272993483081
 20
4.486249205244212
 30
0.0
  0
SPLINE
  5
3E7
330
1F
100
AcDbEntity
  8
0
  6
Continuous
 62
     7
370
    25
100
AcDbSpline
210
0.0
220
0.0
230
1.0
 70
     8
 71
     3
 72
    11
 73
     7
 74
     0
 42
0.00000001
 43
0.00000001
 40
0.0
 40
0.0
 40
0.0
 40
0.0
 40
0.2800127809470913
 40
0.5600037821462698
 40
0.7800057018668458
 40
1.0
 40
1.0
 40
1.0
 40
1.0
 10
-0.601272993483081
 20
4.486249205244212
 30
0.0
 10
-0.3912605615217338
 20
4.498271493731983
 30
0.0
 10
0.028747967368641
 20
4.522315135598737
 30
0.0
 10
0.6129299512557568
 20
4.568197622277036
 30
0.0
 10
1.150650116733521
 20
4.629390013363093
 30
0.0
 10
1.481198380483219
 20
4.639014641367001
 30
0.0
 10
1.646469649489722
 20
4.643826872010349
 30
0.0
  0
SPLINE
  5
3E9
330
1F
100
AcDbEntity
  8
0
  6
Continuous
 62
     7
370
    25
100
AcDbSpline
210
0.0
220
0.0
230
1.0
 70
     8
 71
     3
 72
    30
 73
    26
 74
     0
 42
0.00000001
 43
0.00000001
 40
0.0
 40
0.0
 40
0.0
 40
0.0
 40
0.0199852284469472
 40
0.0399909945833421
 40
0.0599918104368608
 40
0.0800359715673096
 40
0.1000540317088946
 40
0.1200488676977005
 40
0.1400385570815856
 40
0.1767147924726661
 40
0.2134054529626962
 40
0.2500636414427636
 40
0.3125503299101339
 40
0.3750555749010152
 40
0.4375288821493126
 40
0.5000326630591965
 40
0.5933607559114156
 40
0.6866890396101879
 40
0.7799683617885679
 40
0.8166215652424348
 40
0.8533036665723424
 40
0.8900234411976616
 40
0.9267225213551142
 40
0.9633496652920437
 40
1.0
 40
1.0
 40
1.0
 40
1.0
 10
-8.941349597445551
 20
4.17720444327186
 30
0.0
 10
-8.891967840245881
 20
4.123554876503575
 30
0.0
 10
-8.793153579006372
 20
4.016200610340213
 30
0.0
 10
-8.61180394614446
 20
3.891939516330877
 30
0.0
 10
-8.41719432180553
 20
3.792121456336671
 30
0.0
 10
-8.213799938108421
 20
3.71155967332632
 30
0.0
 10
-8.006715338962527
 20
3.64166889835959
 30
0.0
 10
-7.796415739041874
 20
3.5827138758791
 30
0.0
 10
-7.524467226233369
 20
3.520384579512556
 30
0.0
 10
-7.189304211340182
 20
3.463949866290693
 30
0.0
 10
-6.792015758980435
 20
3.414547961601683
 30
0.0
 10
-6.299760756075364
 20
3.369423442738595
 30
0.0
 10
-5.711536997879029
 20
3.349299163149586
 30
0.0
 10
-5.029320230119001
 20
3.36504041284997
 30
0.0
 10
-4.349191940819585
 20
3.422230185213226
 30
0.0
 10
-3.562113908005136
 20
3.529547017749859
 30
0.0
 10
-2.665209982190576
 20
3.660806122458254
 30
0.0
 10
-1.659284917065627
 20
3.821033023420513
 30
0.0
 10
-0.862104367256613
 20
3.97768428198359
 30
0.0
 10
-0.2691533685853367
 20
4.103615304639016
 30
0.0
 10
0.1223364151401996
 20
4.187620962317167
 30
0.0
 10
0.5145873408666284
 20
4.268962235126877
 30
0.0
 10
0.9053307096434046
 20
4.355974881178716
 30
0.0
 10
1.29282798857711
 20
4.457721657272222
 30
0.0
 10
1.542555804138161
 20
4.551527886881635
 30
0.0
 10
1.667459228702676
 20
4.598445845529443
 30
0.0
  0
SPLINE
  5
3EA
330
1F
100
AcDbEntity
  8
0
  6
Continuous
 62
     7
370
    25
100
AcDbSpline
210
0.0
220
0.0
230
1.0
 70
     8
 71
     3
 72
    15
 73
    11
 74
     0
 42
0.00000001
 43
0.00000001
 40
0.0
 40
0.0
 40
0.0
 40
0.0
 40
0.2493506067842864
 40
0.3130204017095174
 40
0.375608366669687
 40
0.4372454478611181
 40
0.5011722410328063
 40
0.6246132795293533
 40
0.7504519728928981
 40
1.0
 40
1.0
 40
1.0
 40
1.0
 10
-8.803532989961038
 20
4.510565228234586
 30
0.0
 10
-8.849337993103669
 20
4.509347582709841
 30
0.0
 10
-8.906838957985688
 20
4.507819020593187
 30
0.0
 10
-8.973916010466505
 20
4.493463926892894
 30
0.0
 10
-9.006568122316668
 20
4.480269371907723
 30
0.0
 10
-9.029179751385525
 20
4.452861447164647
 30
0.0
 10
-9.047155947513351
 20
4.410904307536376
 30
0.0
 10
-9.052429862461084
 20
4.351050716418544
 30
0.0
 10
-9.011740155958304
 20
4.266984515938348
 30
0.0
 10
-8.969457852062389
 20
4.213055290251156
 30
0.0
 10
-8.941349597445551
 20
4.17720444327186
 30
0.0
  0
CIRCLE
  5
3EB
330
1F
100
AcDbEntity
  8
0
  6
Continuous
 62
     7
370
    25
100
AcDbCircle
 10
-4.8370642526
 20
3.9199782247
 30
0.0
 40
0.4549999999999822
  0
CIRCLE
  5
3EC
330
1F
100
AcDbEntity
  8
0
  6
Continuous
 62
     7
370
    25
100
AcDbCircle
 10
-6.3399583187
 20
3.9359214143
 30
0.0
 40
0.4550000000000178
  0
CIRCLE
  5
3ED
330
1F
100
AcDbEntity
  8
0
  6
Continuous
 62
     7
370
    25
100
AcDbCircle
 10
-3.9123239509
 20
3.7854466572
 30
0.0
 40
0.0590551181102476
  0
CIRCLE
  5
3EE
330
1F
100
AcDbEntity
  8
0
  6
Continuous
 62
     7
370
    25
100
AcDbCircle
 10
-3.9219781151
 20
4.140467967
 30
0.0
 40
0.0590551181102294
  0
CIRCLE
  5
3EF
330
1F
100
AcDbEntity
  8
0
  6
Continuous
 62
     7
370
    25
100
AcDbCircle
 10
-7.9986635082
 20
4.2336149779
 30
0.0
 40
0.0590551181102471
  0
CIRCLE
  5
3F0
330
1F
100
AcDbEntity
  8
0
  6
Continuous
 62
     7
370
    25
100
AcDbCircle
 10
-7.9905059793
 20
3.9336307921
 30
0.0
 40
0.0590551181102471
  0
CIRCLE
  5
3F1
330
1F
100
AcDbEntity
  8
0
  6
Continuous
 62
     7
370
    25
100
AcDbCircle
 10
-7.347650606
 20
4.2052027651
 30
0.0
 40
0.0590551181102289
  0
CIRCLE
  5
3F2
330
1F
100
AcDbEntity
  8
0
  6
Continuous
 62
     7
370
    25
100
AcDbCircle
 10
-7.3367739009
 20
3.8052238506
 30
0.0
 40
0.0590551181102289
  0
CIRCLE
  5
3F3
330
1F
100
AcDbEntity
  8
0
  6
Continuous
 62
     7
370
    25
100
AcDbCircle
 10
-5.5939211693
 20
4.1619382604
 30
0.0
 40
0.0590551181102461
  0
CIRCLE
  5
3F4
330
1F
100
AcDbEntity
  8
0
  6
Continuous
 62
     7
370
    25
100
AcDbCircle
 10
-5.5803252879
 20
3.6619646174
 30
0.0
 40
0.0590551181102471
  0
CIRCLE
  5
3F5
330
1F
100
AcDbEntity
  8
0
  6
Continuous
 62
     7
370
    25
100
AcDbCircle
 10
-3.3432617012
 20
4.1682737381
 30
0.0
 40
0.0590551181102294
  0
CIRCLE
  5
3F6
330
1F
100
AcDbEntity
  8
0
  6
Continuous
 62
     7
370
    25
100
AcDbCircle
 10
-3.3337445843
 20
3.818292188
 30
0.0
 40
0.0590551181102298
  0
SPLINE
  5
3FA
330
1F
100
AcDbEntity
  8
0
  6
Continuous
 62
     7
370
    25
100
AcDbSpline
210
0.0
220
0.0
230
1.0
 70
     8
 71
     3
 72
     9
 73
     5
 74
     0
 42
0.00000001
 43
0.00000001
 40
0.0
 40
0.0
 40
0.0
 40
0.0
 40
0.5606570928571065
 40
1.0
 40
1.0
 40
1.0
 40
1.0
 10
-8.802004081453315
 20
4.410574639492012
 30
0.0
 10
-8.718156076961643
 20
4.411689809683964
 30
0.0
 10
-8.56860298014023
 20
4.413678851125087
 30
0.0
 10
-8.419078152017612
 20
4.417188452298602
 30
0.0
 10
-8.35338547934018
 20
4.418730370681088
 30
0.0
  0
SPLINE
  5
3FC
330
1F
100
AcDbEntity
  8
0
  6
Continuous
 62
     7
370
    25
100
AcDbSpline
210
0.0
220
0.0
230
1.0
 70
     8
 71
     3
 72
    18
 73
    14
 74
     0
 42
0.00000001
 43
0.00000001
 40
0.0
 40
0.0
 40
0.0
 40
0.0
 40
0.2010100264873723
 40
0.3737356905473149
 40
0.4392779816638657
 40
0.4878569142993643
 40
0.5127539199821182
 40
0.5338067955283022
 40
0.5532882361936702
 40
0.5922002881617054
 40
0.6397892832843419
 40
0.7363329123870445
 40
1.0
 40
1.0
 40
1.0
 40
1.0
 10
-8.863972793299435
 20
4.240550658122565
 30
0.0
 10
-8.877666231641895
 20
4.257574675204618
 30
0.0
 10
-8.90312628815906
 20
4.289227239463395
 30
0.0
 10
-8.930617632694018
 20
4.328434461105159
 30
0.0
 10
-8.945337056849237
 20
4.355969235291851
 30
0.0
 10
-8.950243909954287
 20
4.37042290262357
 30
0.0
 10
-8.950987985778132
 20
4.380767316876442
 30
0.0
 10
-8.949496528349567
 20
4.387841462386473
 30
0.0
 10
-8.944920724702564
 20
4.395367528034848
 30
0.0
 10
-8.934801375935697
 20
4.40175061394149
 30
0.0
 10
-8.91550313014126
 20
4.406870594614995
 30
0.0
 10
-8.871131541268023
 20
4.41031402175191
 30
0.0
 10
-8.831995261606236
 20
4.410452631801893
 30
0.0
 10
-8.80334828249213
 20
4.410554091604438
 30
0.0
  0
SPLINE
  5
3FE
330
1F
100
AcDbEntity
  8
0
  6
Continuous
 62
     7
370
    25
100
AcDbSpline
210
0.0
220
0.0
230
1.0
 70
     8
 71
     3
 72
    10
 73
     6
 74
     0
 42
0.00000001
 43
0.00000001
 40
0.0
 40
0.0
 40
0.0
 40
0.0
 40
0.3392906296950653
 40
0.672461860102431
 40
1.0
 40
1.0
 40
1.0
 40
1.0
 10
-8.38354193589022
 20
3.89055808455602
 30
0.0
 10
-8.444297517909893
 20
3.920516439244625
 30
0.0
 10
-8.56471290260022
 20
3.979892823843319
 30
0.0
 10
-8.729778929176089
 20
4.094913463488624
 30
0.0
 10
-8.81935840980229
 20
4.19211304407172
 30
0.0
 10
-8.863766280760371
 20
4.240298481200177
 30
0.0
  0
SPLINE
  5
400
330
1F
100
AcDbEntity
  8
0
  6
Continuous
 62
     7
370
    25
100
AcDbSpline
210
0.0
220
0.0
230
1.0
 70
     8
 71
     3
 72
    14
 73
    10
 74
     0
 42
0.00000001
 43
0.00000001
 40
0.0
 40
0.0
 40
0.0
 40
0.0
 40
0.1160781187521001
 40
0.2209888979368862
 40
0.3254921144220387
 40
0.4354121102795831
 40
0.5493991998220236
 40
0.7777945681895031
 40
1.0
 40
1.0
 40
1.0
 40
1.0
 10
-5.628361344423278
 20
3.087730741595168
 30
0.0
 10
-5.547162551443049
 20
3.088529170405615
 30
0.0
 10
-5.392576726246933
 20
3.0900492148791
 30
0.0
 10
-5.164906841523718
 20
3.093705694952218
 30
0.0
 10
-4.941553255171255
 20
3.097735936235305
 30
0.0
 10
-4.71185405164749
 20
3.102096754583272
 30
0.0
 10
-4.395528991002746
 20
3.109235177404163
 30
0.0
 10
-4.000690709518996
 20
3.120076264004089
 30
0.0
 10
-3.68588831396633
 20
3.136473342127167
 30
0.0
 10
-3.530649348098692
 20
3.144559257250553
 30
0.0
  0
SPLINE
  5
404
330
1F
100
AcDbEntity
  8
0
  6
Continuous
 62
     7
370
    25
100
AcDbSpline
210
0.0
220
0.0
230
1.0
 70
     8
 71
     3
 72
     9
 73
     5
 74
     0
 42
0.00000001
 43
0.00000001
 40
0.0
 40
0.0
 40
0.0
 40
0.0
 40
0.4997237150160926
 40
1.0
 40
1.0
 40
1.0
 40
1.0
 10
-3.502505238262553
 20
2.885984161372558
 30
0.0
 10
-3.850861767484137
 20
2.815800166768009
 30
0.0
 10
-4.547960021487082
 20
2.675354571540874
 30
0.0
 10
-5.250801420375785
 20
2.567256894552599
 30
0.0
 10
-5.602416304344717
 20
2.513178190293516
 30
0.0
  0
SPLINE
  5
407
330
1F
100
AcDbEntity
  8
0
  6
Continuous
 62
     7
370
    25
100
AcDbSpline
210
0.0
220
0.0
230
1.0
 70
     8
 71
     3
 72
    13
 73
     9
 74
     0
 42
0.00000001
 43
0.00000001
 40
0.0
 40
0.0
 40
0.0
 40
0.0
 40
0.140005592396239
 40
0.2799955208871575
 40
0.419999376858587
 40
0.5600017925973506
 40
0.7800055064700445
 40
1.0
 40
1.0
 40
1.0
 40
1.0
 10
-11.63649907356878
 20
3.275267601608469
 30
0.0
 10
-11.40881497839997
 20
3.280587039871456
 30
0.0
 10
-10.95347226148843
 20
3.291225321255649
 30
0.0
 10
-10.27016310781704
 20
3.290307003214288
 30
0.0
 10
-9.587249817117888
 20
3.269522784034257
 30
0.0
 10
-8.774340864540546
 20
3.243153543818396
 30
0.0
 10
-7.831381766423323
 20
3.21185624389562
 30
0.0
 10
-7.115852580880216
 20
3.194787951447926
 30
0.0
 10
-6.758095485212308
 20
3.186253984060607
 30
0.0
  0
SPLINE
  5
408
330
1F
100
AcDbEntity
  8
0
  6
Continuous
 62
     7
370
    25
100
AcDbSpline
210
0.0
220
0.0
230
1.0
 70
     8
 71
     3
 72
    19
 73
    15
 74
     0
 42
0.00000001
 43
0.00000001
 40
0.0
 40
0.0
 40
0.0
 40
0.0
 40
0.0927392820556052
 40
0.1726417761615672
 40
0.2415899269570707
 40
0.3014662264281336
 40
0.3541531791488693
 40
0.4015332292451469
 40
0.4697927081222141
 40
0.5368780975110413
 40
0.607408817850254
 40
0.7393772308776806
 40
0.8727123900766843
 40
1.0
 40
1.0
 40
1.0
 40
1.0
 10
-6.758095485212309
 20
3.186253984060609
 30
0.0
 10
-6.655309536598725
 20
3.185976533251844
 30
0.0
 10
-6.463965067030149
 20
3.185460035826362
 30
0.0
 10
-6.196202002487698
 20
3.185338449183398
 30
0.0
 10
-5.964862522299511
 20
3.185744295283639
 30
0.0
 10
-5.763688633416736
 20
3.186654906398616
 30
0.0
 10
-5.586422602883529
 20
3.188015600385961
 30
0.0
 10
-5.39987121055723
 20
3.19006682585489
 30
0.0
 10
-5.19737312843074
 20
3.193133449264086
 30
0.0
 10
-4.969231136327391
 20
3.197253548878348
 30
0.0
 10
-4.670492197708133
 20
3.202850687685227
 30
0.0
 10
-4.29838296021723
 20
3.211664083229325
 30
0.0
 10
-3.863449716869796
 20
3.225704009811003
 30
0.0
 10
-3.575078815964357
 20
3.242666926122496
 30
0.0
 10
-3.434239077090818
 20
3.250951578618094
 30
0.0
  0
SPLINE
  5
409
330
1F
100
AcDbEntity
  8
0
  6
Continuous
 62
     7
370
    25
100
AcDbSpline
210
0.0
220
0.0
230
1.0
 70
     8
 71
     3
 72
    11
 73
     7
 74
     0
 42
0.00000001
 43
0.00000001
 40
0.0
 40
0.0
 40
0.0
 40
0.0
 40
0.2800127809470935
 40
0.5600037821462814
 40
0.7800057018668518
 40
1.0
 40
1.0
 40
1.0
 40
1.0
 10
-3.434239077090818
 20
3.250951578618094
 30
0.0
 10
-3.22422664512947
 20
3.262973867105868
 30
0.0
 10
-2.804218116239091
 20
3.287017508972625
 30
0.0
 10
-2.220036132351972
 20
3.332899995650902
 30
0.0
 10
-1.682315966874216
 20
3.39409238673698
 30
0.0
 10
-1.351767703124529
 20
3.403717014740885
 30
0.0
 10
-1.186496434118033
 20
3.40852924538423
 30
0.0
  0
SPLINE
  5
40B
330
1F
100
AcDbEntity
  8
0
  6
Continuous
 62
     7
370
    25
100
AcDbSpline
210
0.0
220
0.0
230
1.0
 70
     8
 71
     3
 72
    30
 73
    26
 74
     0
 42
0.00000001
 43
0.00000001
 40
0.0
 40
0.0
 40
0.0
 40
0.0
 40
0.0199852284469466
 40
0.0399909945833402
 40
0.0599918104368589
 40
0.0800359715673091
 40
0.1000540317088944
 40
0.1200488676977001
 40
0.1400385570815851
 40
0.1767147924726649
 40
0.2134054529626966
 40
0.2500636414427623
 40
0.312550329910131
 40
0.3750555749010139
 40
0.4375288821493128
 40
0.500032663059195
 40
0.5933607559114141
 40
0.6866890396101865
 40
0.779968361788568
 40
0.8166215652424317
 40
0.8533036665723426
 40
0.8900234411976601
 40
0.9267225213551129
 40
0.9633496652920405
 40
1.0
 40
1.0
 40
1.0
 40
1.0
 10
-11.77431568105328
 20
2.941906816645734
 30
0.0
 10
-11.72493392385361
 20
2.888257249877454
 30
0.0
 10
-11.6261196626141
 20
2.780902983714102
 30
0.0
 10
-11.4447700297522
 20
2.656641889704753
 30
0.0
 10
-11.25016040541327
 20
2.55682382971055
 30
0.0
 10
-11.04676602171615
 20
2.476262046700209
 30
0.0
 10
-10.83968142257025
 20
2.406371271733458
 30
0.0
 10
-10.62938182264961
 20
2.347416249252987
 30
0.0
 10
-10.3574333098411
 20
2.285086952886438
 30
0.0
 10
-10.02227029494791
 20
2.228652239664577
 30
0.0
 10
-9.624981842588168
 20
2.179250334975554
 30
0.0
 10
-9.132726839683098
 20
2.134125816112486
 30
0.0
 10
-8.544503081486772
 20
2.114001536523455
 30
0.0
 10
-7.862286313726737
 20
2.129742786223842
 30
0.0
 10
-7.182158024427316
 20
2.186932558587112
 30
0.0
 10
-6.395079991612866
 20
2.294249391123728
 30
0.0
 10
-5.498176065798313
 20
2.425508495832139
 30
0.0
 10
-4.49225100067336
 20
2.585735396794401
 30
0.0
 10
-3.695070450864348
 20
2.742386655357462
 30
0.0
 10
-3.102119452193068
 20
2.868317678012906
 30
0.0
 10
-2.710629668467539
 20
2.952323335691047
 30
0.0
 10
-2.3183787427411
 20
3.033664608500749
 30
0.0
 10
-1.927635373964341
 20
3.120677254552603
 30
0.0
 10
-1.540138095030626
 20
3.222424030646102
 30
0.0
 10
-1.290410279469569
 20
3.316230260255515
 30
0.0
 10
-1.165506854905043
 20
3.363148218903325
 30
0.0
  0
SPLINE
  5
40C
330
1F
100
AcDbEntity
  8
0
  6
Continuous
 62
     7
370
    25
100
AcDbSpline
210
0.0
220
0.0
230
1.0
 70
     8
 71
     3
 72
    15
 73
    11
 74
     0
 42
0.00000001
 43
0.00000001
 40
0.0
 40
0.0
 40
0.0
 40
0.0
 40
0.2493506067842607
 40
0.3130204017094929
 40
0.3756083666696637
 40
0.4372454478611053
 40
0.5011722410327965
 40
0.6246132795293458
 40
0.750451972892893
 40
1.0
 40
1.0
 40
1.0
 40
1.0
 10
-11.63649907356878
 20
3.275267601608469
 30
0.0
 10
-11.68230407671141
 20
3.274049956083718
 30
0.0
 10
-11.73980504159341
 20
3.272521393967056
 30
0.0
 10
-11.80688209407424
 20
3.25816630026677
 30
0.0
 10
-11.83953420592439
 20
3.24497174528159
 30
0.0
 10
-11.86214583499328
 20
3.217563820538537
 30
0.0
 10
-11.88012203112107
 20
3.175606680910244
 30
0.0
 10
-11.88539594606882
 20
3.11575308979242
 30
0.0
 10
-11.84470623956603
 20
3.031686889312221
 30
0.0
 10
-11.80242393567012
 20
2.977757663625029
 30
0.0
 10
-11.77431568105328
 20
2.941906816645735
 30
0.0
  0
CIRCLE
  5
40D
330
1F
100
AcDbEntity
  8
0
  6
Continuous
 62
     7
370
    25
100
AcDbCircle
 10
-7.6700303362
 20
2.6846805981
 30
0.0
 40
0.4550000000000025
  0
CIRCLE
  5
40E
330
1F
100
AcDbEntity
  8
0
  6
Continuous
 62
     7
370
    25
100
AcDbCircle
 10
-9.1729244023
 20
2.7006237876
 30
0.0
 40
0.4550000000000049
  0
CIRCLE
  5
40F
330
1F
100
AcDbEntity
  8
0
  6
Continuous
 62
     7
370
    25
100
AcDbCircle
 10
-6.7452900345
 20
2.5501490306
 30
0.0
 40
0.0590551181102461
  0
CIRCLE
  5
410
330
1F
100
AcDbEntity
  8
0
  6
Continuous
 62
     7
370
    25
100
AcDbCircle
 10
-6.7549441987
 20
2.9051703404
 30
0.0
 40
0.0590551181102124
  0
CIRCLE
  5
411
330
1F
100
AcDbEntity
  8
0
  6
Continuous
 62
     7
370
    25
100
AcDbCircle
 10
-10.8316295918
 20
2.9983173513
 30
0.0
 40
0.0590551181102304
  0
CIRCLE
  5
412
330
1F
100
AcDbEntity
  8
0
  6
Continuous
 62
     7
370
    25
100
AcDbCircle
 10
-10.8234720629
 20
2.6983331655
 30
0.0
 40
0.0590551181102497
  0
CIRCLE
  5
413
330
1F
100
AcDbEntity
  8
0
  6
Continuous
 62
     7
370
    25
100
AcDbCircle
 10
-10.1806166896
 20
2.9699051384
 30
0.0
 40
0.0590551181102479
  0
CIRCLE
  5
414
330
1F
100
AcDbEntity
  8
0
  6
Continuous
 62
     7
370
    25
100
AcDbCircle
 10
-10.1697399845
 20
2.569926224
 30
0.0
 40
0.0590551181102462
  0
CIRCLE
  5
415
330
1F
100
AcDbEntity
  8
0
  6
Continuous
 62
     7
370
    25
100
AcDbCircle
 10
-8.4268872529
 20
2.9266406338
 30
0.0
 40
0.0590551181102656
  0
CIRCLE
  5
416
330
1F
100
AcDbEntity
  8
0
  6
Continuous
 62
     7
370
    25
100
AcDbCircle
 10
-8.4132913715
 20
2.4266669908
 30
0.0
 40
0.059055118110264
  0
CIRCLE
  5
417
330
1F
100
AcDbEntity
  8
0
  6
Continuous
 62
     7
370
    25
100
AcDbCircle
 10
-6.1762277848
 20
2.9329761115
 30
0.0
 40
0.059055118110246
  0
CIRCLE
  5
418
330
1F
100
AcDbEntity
  8
0
  6
Continuous
 62
     7
370
    25
100
AcDbCircle
 10
-6.1667106679
 20
2.5829945613
 30
0.0
 40
0.0590551181102461
  0
SPLINE
  5
41C
330
1F
100
AcDbEntity
  8
0
  6
Continuous
 62
     7
370
    25
100
AcDbSpline
210
0.0
220
0.0
230
1.0
 70
     8
 71
     3
 72
     9
 73
     5
 74
     0
 42
0.00000001
 43
0.00000001
 40
0.0
 40
0.0
 40
0.0
 40
0.0
 40
0.5606570928570844
 40
1.0
 40
1.0
 40
1.0
 40
1.0
 10
-11.63497016506106
 20
3.175277012865895
 30
0.0
 10
-11.55112216056939
 20
3.176392183057843
 30
0.0
 10
-11.40156906374797
 20
3.178381224498958
 30
0.0
 10
-11.25204423562534
 20
3.181890825672481
 30
0.0
 10
-11.18635156294791
 20
3.18343274405497
 30
0.0
  0
SPLINE
  5
41E
330
1F
100
AcDbEntity
  8
0
  6
Continuous
 62
     7
370
    25
100
AcDbSpline
210
0.0
220
0.0
230
1.0
 70
     8
 71
     3
 72
    18
 73
    14
 74
     0
 42
0.00000001
 43
0.00000001
 40
0.0
 40
0.0
 40
0.0
 40
0.0
 40
0.2010100264873528
 40
0.3737356905472849
 40
0.4392779816638643
 40
0.4878569142993765
 40
0.5127539199821052
 40
0.5338067955282787
 40
0.5532882361936987
 40
0.5922002881617211
 40
0.6397892832843174
 40
0.7363329123870265
 40
1.0
 40
1.0
 40
1.0
 40
1.0
 10
-11.69693887690718
 20
3.005253031496448
 30
0.0
 10
-11.71063231524964
 20
3.022277048578501
 30
0.0
 10
-11.7360923717668
 20
3.053929612837278
 30
0.0
 10
-11.76358371630172
 20
3.093136834479045
 30
0.0
 10
-11.778303140457
 20
3.120671608665719
 30
0.0
 10
-11.78320999356201
 20
3.13512527599745
 30
0.0
 10
-11.78395406938585
 20
3.145469690250316
 30
0.0
 10
-11.78246261195731
 20
3.152543835760355
 30
0.0
 10
-11.77788680831029
 20
3.160069901408722
 30
0.0
 10
-11.76776745954342
 20
3.166452987315357
 30
0.0
 10
-11.748469213749
 20
3.171572967988889
 30
0.0
 10
-11.70409762487577
 20
3.175016395125783
 30
0.0
 10
-11.66496134521398
 20
3.175155005175772
 30
0.0
 10
-11.63631436609987
 20
3.175256464978321
 30
0.0
  0
SPLINE
  5
420
330
1F
100
AcDbEntity
  8
0
  6
Continuous
 62
     7
370
    25
100
AcDbSpline
210
0.0
220
0.0
230
1.0
 70
     8
 71
     3
 72
    10
 73
     6
 74
     0
 42
0.00000001
 43
0.00000001
 40
0.0
 40
0.0
 40
0.0
 40
0.0
 40
0.33929062969505
 40
0.6724618601024412
 40
1.0
 40
1.0
 40
1.0
 40
1.0
 10
-11.21650801949797
 20
2.655260457929904
 30
0.0
 10
-11.27726360151763
 20
2.68521881261851
 30
0.0
 10
-11.39767898620795
 20
2.744595197217212
 30
0.0
 10
-11.56274501278383
 20
2.859615836862487
 30
0.0
 10
-11.65232449341002
 20
2.956815417445592
 30
0.0
 10
-11.6967323643681
 20
3.005000854574051
 30
0.0
  0
LINE
  5
421
330
1F
100
AcDbEntity
  8
0
  6
Continuous
 62
     7
370
    25
100
AcDbLine
 10
1.9845987871
 20
-0.0460248576
 30
0.0
 11
2.1998993843
 21
0.4178791241
 31
0.0
  0
LINE
  5
422
330
1F
100
AcDbEntity
  8
0
  6
Continuous
 62
     7
370
    25
100
AcDbLine
 10
5.9259457755
 20
-0.0215270768
 30
0.0
 11
6.1499602862
 21
-0.0241343165
 31
0.0
  0
LINE
  5
423
330
1F
100
AcDbEntity
  8
0
  6
Continuous
 62
     7
370
    25
100
AcDbLine
 10
6.1952161886
 20
0.0483174338
 30
0.0
 11
6.0619018446
 21
0.3135434266
 31
0.0
  0
LINE
  5
424
330
1F
100
AcDbEntity
  8
0
  6
Continuous
 62
     7
370
    25
100
AcDbLine
 10
6.4055478642
 20
-0.0271090259
 30
0.0
 11
6.7406852025
 21
-0.0310095918
 31
0.0
  0
LINE
  5
425
330
1F
100
AcDbEntity
  8
0
  6
Continuous
 62
     7
370
    25
100
AcDbLine
 10
6.829027566
 20
0.1179723762
 30
0.0
 11
6.5397292533
 21
0.6327970775
 31
0.0
  0
LINE
  5
426
330
1F
100
AcDbEntity
  8
0
  6
Continuous
 62
     7
370
    25
100
AcDbLine
 10
6.4330897046
 20
0.7073606648
 30
0.0
 11
6.128542644
 21
0.7569950405
 31
0.0
  0
LINE
  5
427
330
1F
100
AcDbEntity
  8
0
  6
Continuous
 62
     7
370
    25
100
AcDbLine
 10
6.0231090923
 20
0.6133869691
 30
0.0
 11
6.3173636435
 21
0.0279739289
 31
0.0
  0
LINE
  5
428
330
1F
100
AcDbEntity
  8
0
  6
Continuous
 62
     7
370
    25
100
AcDbLine
 10
4.750304863
 20
0.8129587149
 30
0.0
 11
4.4640230322
 21
0.8092562903
 31
0.0
  0
LINE
  5
429
330
1F
100
AcDbEntity
  8
0
  6
Continuous
 62
     7
370
    25
100
AcDbLine
 10
4.4903100518
 20
-0.0900105393
 30
0.0
 11
4.7578972876
 21
-0.0798789649
 31
0.0
  0
LINE
  5
42A
330
1F
100
AcDbEntity
  8
0
  6
Continuous
 62
     7
370
    25
100
AcDbLine
 10
3.8945884334
 20
-1.1710475134
 30
0.0
 11
4.1341117408
 21
-0.372656744
 31
0.0
  0
LINE
  5
42B
330
1F
100
AcDbEntity
  8
0
  6
Continuous
 62
     7
370
    25
100
AcDbLine
 10
3.2298422558
 20
-1.1414228547
 30
0.0
 11
2.999541004
 21
-0.4275282568
 31
0.0
  0
LINE
  5
42C
330
1F
100
AcDbEntity
  8
0
  6
Continuous
 62
     7
370
    25
100
AcDbLine
 10
11.876479364
 20
-0.2588187346
 30
0.0
 11
11.8558454837
 21
-0.3043625924
 31
0.0
  0
LINE
  5
42D
330
1F
100
AcDbEntity
  8
0
  6
Continuous
 62
     7
370
    25
100
AcDbLine
 10
9.537029523
 20
-0.3216487552
 30
0.0
 11
8.9459808329
 21
-1.6513147203
 31
0.0
  0
LINE
  5
42E
330
1F
100
AcDbEntity
  8
0
  6
Continuous
 62
     7
370
    25
100
AcDbLine
 10
8.6977479104
 20
-1.7989835965
 30
0.0
 11
7.0114726987
 21
-1.6651083361
 31
0.0
  0
LINE
  5
42F
330
1F
100
AcDbEntity
  8
0
  6
Continuous
 62
     7
370
    25
100
AcDbLine
 10
6.7970505731
 20
-1.5033383565
 30
0.0
 11
6.3448002579
 21
-0.2920690506
 31
0.0
  0
LINE
  5
430
330
1F
100
AcDbEntity
  8
0
  6
Continuous
 62
     7
370
    25
100
AcDbLine
 10
2.8196660212
 20
-0.0099711321
 30
0.0
 11
2.5417282949
 21
0.5330802108
 31
0.0
  0
LINE
  5
431
330
1F
100
AcDbEntity
  8
0
  6
Continuous
 62
     7
370
    25
100
AcDbLine
 10
2.3620028366
 20
0.5296176792
 30
0.0
 11
2.106043854
 21
-0.0218921293
 31
0.0
  0
LINE
  5
432
330
1F
100
AcDbEntity
  8
0
  6
Continuous
 62
     7
370
    25
100
AcDbLine
 10
2.6614352787
 20
0.5186791406
 30
0.0
 11
2.9727507054
 21
-0.0895875483
 31
0.0
  0
LINE
  5
433
330
1F
100
AcDbEntity
  8
0
  6
Continuous
 62
     7
370
    25
100
AcDbLine
 10
3.0655525985
 20
-0.1439556988
 30
0.0
 11
3.2723239739
 21
-0.1361267769
 31
0.0
  0
LINE
  5
434
330
1F
100
AcDbEntity
  8
0
  6
Continuous
 62
     7
370
    25
100
AcDbLine
 10
9.5031802617
 20
0.207004405
 30
0.0
 11
6.8987950568
 21
0.6314610834
 31
0.0
  0
LINE
  5
435
330
1F
100
AcDbEntity
  8
0
  6
Continuous
 62
     7
370
    25
100
AcDbLine
 10
6.7955309464
 20
0.4837745445
 30
0.0
 11
7.0446464105
 21
0.0404577717
 31
0.0
  0
LINE
  5
436
330
1F
100
AcDbEntity
  8
0
  6
Continuous
 62
     7
370
    25
100
AcDbLine
 10
7.1736685795
 20
-0.0360489593
 30
0.0
 11
9.4911464616
 21
-0.0630214097
 31
0.0
  0
LINE
  5
437
330
1F
100
AcDbEntity
  8
0
  6
Continuous
 62
     7
370
    25
100
AcDbLine
 10
11.1772557664
 20
-2.4097877049
 30
0.0
 11
10.9619551692
 21
-2.8736916866
 31
0.0
  0
LINE
  5
438
330
1F
100
AcDbEntity
  8
0
  6
Continuous
 62
     7
370
    25
100
AcDbLine
 10
7.235908778
 20
-2.4342854857
 30
0.0
 11
7.0118942673
 21
-2.431678246
 31
0.0
  0
LINE
  5
439
330
1F
100
AcDbEntity
  8
0
  6
Continuous
 62
     7
370
    25
100
AcDbLine
 10
6.9666383649
 20
-2.5041299963
 30
0.0
 11
7.0999527089
 21
-2.7693559891
 31
0.0
  0
LINE
  5
43A
330
1F
100
AcDbEntity
  8
0
  6
Continuous
 62
     7
370
    25
100
AcDbLine
 10
6.7563066893
 20
-2.4287035366
 30
0.0
 11
6.421169351
 21
-2.4248029707
 31
0.0
  0
LINE
  5
43B
330
1F
100
AcDbEntity
  8
0
  6
Continuous
 62
     7
370
    25
100
AcDbLine
 10
6.3328269875
 20
-2.5737849388
 30
0.0
 11
6.6221253002
 21
-3.0886096401
 31
0.0
  0
LINE
  5
43C
330
1F
100
AcDbEntity
  8
0
  6
Continuous
 62
     7
370
    25
100
AcDbLine
 10
6.7287648489
 20
-3.1631732273
 30
0.0
 11
7.0333119095
 21
-3.212807603
 31
0.0
  0
LINE
  5
43D
330
1F
100
AcDbEntity
  8
0
  6
Continuous
 62
     7
370
    25
100
AcDbLine
 10
7.1387454612
 20
-3.0691995316
 30
0.0
 11
6.84449091
 21
-2.4837864914
 31
0.0
  0
LINE
  5
43E
330
1F
100
AcDbEntity
  8
0
  6
Continuous
 62
     7
370
    25
100
AcDbLine
 10
8.4115496905
 20
-3.2687712774
 30
0.0
 11
8.6978315213
 21
-3.2650688529
 31
0.0
  0
LINE
  5
43F
330
1F
100
AcDbEntity
  8
0
  6
Continuous
 62
     7
370
    25
100
AcDbLine
 10
8.6715445017
 20
-2.3658020232
 30
0.0
 11
8.4039572659
 21
-2.3759335976
 31
0.0
  0
LINE
  5
440
330
1F
100
AcDbEntity
  8
0
  6
Continuous
 62
     7
370
    25
100
AcDbLine
 10
9.2672661201
 20
-1.2847650491
 30
0.0
 11
9.0277428127
 21
-2.0831558186
 31
0.0
  0
LINE
  5
441
330
1F
100
AcDbEntity
  8
0
  6
Continuous
 62
     7
370
    25
100
AcDbLine
 10
9.9320122977
 20
-1.3143897079
 30
0.0
 11
10.1623135495
 21
-2.0282843057
 31
0.0
  0
LINE
  5
442
330
1F
100
AcDbEntity
  8
0
  6
Continuous
 62
     7
370
    25
100
AcDbLine
 10
1.2853751895
 20
-2.1969938279
 30
0.0
 11
1.3060090698
 21
-2.1514499701
 31
0.0
  0
LINE
  5
443
330
1F
100
AcDbEntity
  8
0
  6
Continuous
 62
     7
370
    25
100
AcDbLine
 10
3.6248250305
 20
-2.1341638074
 30
0.0
 11
4.2158737206
 21
-0.8044978422
 31
0.0
  0
LINE
  5
444
330
1F
100
AcDbEntity
  8
0
  6
Continuous
 62
     7
370
    25
100
AcDbLine
 10
4.4641066431
 20
-0.656828966
 30
0.0
 11
6.1503818548
 21
-0.7907042265
 31
0.0
  0
LINE
  5
445
330
1F
100
AcDbEntity
  8
0
  6
Continuous
 62
     7
370
    25
100
AcDbLine
 10
6.3648039804
 20
-0.952474206
 30
0.0
 11
6.8170542956
 21
-2.1637435119
 31
0.0
  0
LINE
  5
446
330
1F
100
AcDbEntity
  8
0
  6
Continuous
 62
     7
370
    25
100
AcDbLine
 10
10.3421885323
 20
-2.4458414304
 30
0.0
 11
10.6201262586
 21
-2.9888927733
 31
0.0
  0
LINE
  5
447
330
1F
100
AcDbEntity
  8
0
  6
Continuous
 62
     7
370
    25
100
AcDbLine
 10
10.7998517169
 20
-2.9854302417
 30
0.0
 11
11.0558106995
 21
-2.4339204332
 31
0.0
  0
LINE
  5
448
330
1F
100
AcDbEntity
  8
0
  6
Continuous
 62
     7
370
    25
100
AcDbLine
 10
10.5004192748
 20
-2.9744917031
 30
0.0
 11
10.1891038481
 21
-2.3662250142
 31
0.0
  0
LINE
  5
449
330
1F
100
AcDbEntity
  8
0
  6
Continuous
 62
     7
370
    25
100
AcDbLine
 10
10.096301955
 20
-2.3118568637
 30
0.0
 11
9.8895305796
 21
-2.3196857856
 31
0.0
  0
LINE
  5
44A
330
1F
100
AcDbEntity
  8
0
  6
Continuous
 62
     7
370
    25
100
AcDbLine
 10
3.6586742918
 20
-2.6628169675
 30
0.0
 11
6.2630594967
 21
-3.0872736459
 31
0.0
  0
LINE
  5
44B
330
1F
100
AcDbEntity
  8
0
  6
Continuous
 62
     7
370
    25
100
AcDbLine
 10
6.3663236071
 20
-2.939587107
 30
0.0
 11
6.117208143
 21
-2.4962703342
 31
0.0
  0
LINE
  5
44C
330
1F
100
AcDbEntity
  8
0
  6
Continuous
 62
     7
370
    25
100
AcDbLine
 10
5.988185974
 20
-2.4197636032
 30
0.0
 11
3.6707080919
 21
-2.3927911528
 31
0.0
  0
LINE
  5
44D
330
1F
100
AcDbEntity
  8
0
  6
Continuous
 62
     7
370
    25
100
AcDbLine
 10
-8.9247796807
 20
-4.4236214328
 30
0.0
 11
-8.9300624237
 21
-4.3766405791
 31
0.0
  0
LINE
  5
44E
330
1F
100
AcDbEntity
  8
0
  6
Continuous
 62
     7
370
    25
100
AcDbLine
 10
-8.9322607382
 20
-4.4259344064
 30
0.0
 11
-8.9247796807
 21
-4.4236214328
 31
0.0
  0
LINE
  5
44F
330
1F
100
AcDbEntity
  8
0
  6
Continuous
 62
     7
370
    25
100
AcDbLine
 10
-11.9310279588
 20
-1.8360507013
 30
0.0
 11
-11.9257452158
 21
-1.883031555
 31
0.0
  0
LINE
  5
450
330
1F
100
AcDbEntity
  8
0
  6
Continuous
 62
     7
370
    25
100
AcDbLine
 10
-11.9235469013
 20
-1.8337377277
 30
0.0
 11
-11.9310279588
 21
-1.8360507013
 31
0.0
  0
LINE
  5
451
330
1F
100
AcDbEntity
  8
0
  6
Continuous
 62
     7
370
    25
100
AcDbLine
 10
-11.8762298215
 20
-8.8261977386
 30
0.0
 11
-11.7066638641
 21
-8.1933689704
 31
0.0
  0
LINE
  5
452
330
1F
100
AcDbEntity
  8
0
  6
Continuous
 62
     7
370
    25
100
AcDbLine
 10
-8.846984381
 20
-7.7739327024
 30
0.0
 11
-8.7995238624
 21
-7.8561367321
 31
0.0
  0
LINE
  5
453
330
1F
100
AcDbEntity
  8
0
  6
Continuous
 62
     7
370
    25
100
AcDbLine
 10
-8.846984381
 20
-7.7739327024
 30
0.0
 11
-8.6737793003
 21
-7.6739327024
 31
0.0
  0
LINE
  5
454
330
1F
100
AcDbEntity
  8
0
  6
Continuous
 62
     7
370
    25
100
AcDbLine
 10
-8.6737793003
 20
-7.6739327024
 30
0.0
 11
-8.6011195227
 21
-7.7997831289
 31
0.0
  0
LINE
  5
455
330
1F
100
AcDbEntity
  8
0
  6
Continuous
 62
     7
370
    25
100
AcDbLine
 10
-5.8378153784
 20
-7.415528997
 30
0.0
 11
-5.9870430425
 21
-7.3714091944
 31
0.0
  0
LINE
  5
456
330
1F
100
AcDbEntity
  8
0
  6
Continuous
 62
     7
370
    25
100
AcDbLine
 10
-5.8378153784
 20
-7.415528997
 30
0.0
 11
-6.0073813356
 21
-8.0483577646
 31
0.0
  0
LINE
  5
457
330
1F
100
AcDbEntity
  8
0
  6
Continuous
 62
     7
370
    25
100
AcDbLine
 10
-6.0073813356
 20
-8.0483577646
 30
0.0
 11
-6.1579603195
 21
-8.0092811558
 31
0.0
  0
LINE
  5
458
330
1F
100
AcDbEntity
  8
0
  6
Continuous
 62
     7
370
    25
100
AcDbLine
 10
-8.2619934217
 20
-8.3871667659
 30
0.0
 11
-8.2084001276
 21
-8.4799930743
 31
0.0
  0
LINE
  5
459
330
1F
100
AcDbEntity
  8
0
  6
Continuous
 62
     7
370
    25
100
AcDbLine
 10
-8.3816052083
 20
-8.5799930743
 30
0.0
 11
-8.2084001276
 21
-8.4799930743
 31
0.0
  0
LINE
  5
45A
330
1F
100
AcDbEntity
  8
0
  6
Continuous
 62
     7
370
    25
100
AcDbLine
 10
-8.4516280271
 20
-8.4587099946
 30
0.0
 11
-8.3816052083
 21
-8.5799930743
 31
0.0
  0
LINE
  5
45B
330
1F
100
AcDbEntity
  8
0
  6
Continuous
 62
     7
370
    25
100
AcDbLine
 10
-5.639905733
 20
-6.8562737987
 30
0.0
 11
-5.4703397756
 21
-6.2234450305
 31
0.0
  0
LINE
  5
45C
330
1F
100
AcDbEntity
  8
0
  6
Continuous
 62
     7
370
    25
100
AcDbLine
 10
-2.6264145865
 20
-5.7560952573
 30
0.0
 11
-2.552933604
 21
-5.8833680522
 31
0.0
  0
LINE
  5
45D
330
1F
100
AcDbEntity
  8
0
  6
Continuous
 62
     7
370
    25
100
AcDbLine
 10
-2.6264145865
 20
-5.7560952573
 30
0.0
 11
-2.4532095057
 21
-5.6560952573
 31
0.0
  0
LINE
  5
45E
330
1F
100
AcDbEntity
  8
0
  6
Continuous
 62
     7
370
    25
100
AcDbLine
 10
-2.4532095057
 20
-5.6560952573
 30
0.0
 11
-2.354598865
 21
-5.826893897
 31
0.0
  0
LINE
  5
45F
330
1F
100
AcDbEntity
  8
0
  6
Continuous
 62
     7
370
    25
100
AcDbLine
 10
0.3985087102
 20
-5.4456050571
 30
0.0
 11
0.2492810461
 21
-5.4014852545
 31
0.0
  0
LINE
  5
460
330
1F
100
AcDbEntity
  8
0
  6
Continuous
 62
     7
370
    25
100
AcDbLine
 10
0.3985087102
 20
-5.4456050571
 30
0.0
 11
0.228942753
 21
-6.0784338247
 31
0.0
  0
LINE
  5
461
330
1F
100
AcDbEntity
  8
0
  6
Continuous
 62
     7
370
    25
100
AcDbLine
 10
0.228942753
 20
-6.0784338247
 30
0.0
 11
0.0783637691
 21
-6.0393572158
 31
0.0
  0
LINE
  5
462
330
1F
100
AcDbEntity
  8
0
  6
Continuous
 62
     7
370
    25
100
AcDbLine
 10
-2.0158806143
 20
-6.4135711167
 30
0.0
 11
-1.9458615221
 21
-6.5348477421
 31
0.0
  0
LINE
  5
463
330
1F
100
AcDbEntity
  8
0
  6
Continuous
 62
     7
370
    25
100
AcDbLine
 10
-2.1190666028
 20
-6.6348477421
 30
0.0
 11
-1.9458615221
 21
-6.5348477421
 31
0.0
  0
LINE
  5
464
330
1F
100
AcDbEntity
  8
0
  6
Continuous
 62
     7
370
    25
100
AcDbLine
 10
-2.2055342452
 20
-6.4850813922
 30
0.0
 11
-2.1190666028
 21
-6.6348477421
 31
0.0
  0
LINE
  5
465
330
1F
100
AcDbEntity
  8
0
  6
Continuous
 62
     7
370
    25
100
AcDbLine
 10
-5.5785816458
 20
-7.2878738172
 30
0.0
 11
-5.8147769527
 21
-8.1693667032
 31
0.0
  0
LINE
  5
466
330
1F
100
AcDbEntity
  8
0
  6
Continuous
 62
     7
370
    25
100
AcDbLine
 10
-2.8798820007
 20
-7.049332148
 30
0.0
 11
-2.8298626333
 21
-7.0374243522
 31
0.0
  0
LINE
  5
467
330
1F
100
AcDbEntity
  8
0
  6
Continuous
 62
     7
370
    25
100
AcDbLine
 10
-2.8769077208
 20
-6.9559398705
 30
0.0
 11
-2.8298626333
 21
-7.0374243522
 31
0.0
  0
LINE
  5
468
330
1F
100
AcDbEntity
  8
0
  6
Continuous
 62
     7
370
    25
100
AcDbLine
 10
-2.8769077208
 20
-6.9559398705
 30
0.0
 11
-2.7037026401
 21
-6.8559398705
 31
0.0
  0
LINE
  5
469
330
1F
100
AcDbEntity
  8
0
  6
Continuous
 62
     7
370
    25
100
AcDbLine
 10
-2.7037026401
 20
-6.8559398705
 30
0.0
 11
-2.6279678526
 21
-6.9871163703
 31
0.0
  0
LINE
  5
46A
330
1F
100
AcDbEntity
  8
0
  6
Continuous
 62
     7
370
    25
100
AcDbLine
 10
0.1091436755
 20
-6.6009964407
 30
0.0
 11
0.2522221411
 21
-6.6520185933
 31
0.0
  0
LINE
  5
46B
330
1F
100
AcDbEntity
  8
0
  6
Continuous
 62
     7
370
    25
100
AcDbLine
 10
0.2522221411
 20
-6.6520185933
 30
0.0
 11
0.0161016683
 21
-7.5332321942
 31
0.0
  0
LINE
  5
46C
330
1F
100
AcDbEntity
  8
0
  6
Continuous
 62
     7
370
    25
100
AcDbLine
 10
0.0161016683
 20
-7.5332321942
 30
0.0
 11
-0.1284306411
 21
-7.4876358605
 31
0.0
  0
LINE
  5
46D
330
1F
100
AcDbEntity
  8
0
  6
Continuous
 62
     7
370
    25
100
AcDbLine
 10
-2.1514221219
 20
-7.812517788
 30
0.0
 11
-2.1124327778
 21
-7.8800493129
 31
0.0
  0
LINE
  5
46F
330
1F
100
AcDbEntity
  8
0
  6
Continuous
 62
     7
370
    25
100
AcDbLine
 10
-2.341919413
 20
-7.882566801
 30
0.0
 11
-2.2856378585
 21
-7.9800493129
 31
0.0
  0
LINE
  5
470
330
1F
100
AcDbEntity
  8
0
  6
Continuous
 62
     7
370
    25
100
AcDbLine
 10
-2.2797884036
 20
-7.990180866
 30
0.0
 11
-2.1065833229
 21
-7.890180866
 31
0.0
  0
LINE
  5
471
330
1F
100
AcDbEntity
  8
0
  6
Continuous
 62
     7
370
    25
100
AcDbLine
 10
-6.1065843094
 20
-7.1269941593
 30
0.0
 11
-5.9178351503
 21
-6.4225727076
 31
0.0
  0
LINE
  5
472
330
1F
100
AcDbEntity
  8
0
  6
Continuous
 62
     7
370
    25
100
AcDbLine
 10
-8.6805444235
 20
-7.4289310752
 30
0.0
 11
-8.7564146738
 21
-7.2975199468
 31
0.0
  0
LINE
  5
473
330
1F
100
AcDbEntity
  8
0
  6
Continuous
 62
     7
370
    25
100
AcDbLine
 10
-8.6805444235
 20
-7.4289310752
 30
0.0
 11
-8.8537495042
 21
-7.5289310752
 31
0.0
  0
LINE
  5
474
330
1F
100
AcDbEntity
  8
0
  6
Continuous
 62
     7
370
    25
100
AcDbLine
 10
-8.8537495042
 20
-7.5289310752
 30
0.0
 11
-8.9536811517
 21
-7.3558443845
 31
0.0
  0
LINE
  5
475
330
1F
100
AcDbEntity
  8
0
  6
Continuous
 62
     7
370
    25
100
AcDbLine
 10
-11.7709612188
 20
-7.7406777572
 30
0.0
 11
-11.9173385247
 21
-7.6880233637
 31
0.0
  0
LINE
  5
476
330
1F
100
AcDbEntity
  8
0
  6
Continuous
 62
     7
370
    25
100
AcDbLine
 10
-11.9173385247
 20
-7.6880233637
 30
0.0
 11
-11.7023569905
 21
-6.8857013553
 31
0.0
  0
LINE
  5
477
330
1F
100
AcDbEntity
  8
0
  6
Continuous
 62
     7
370
    25
100
AcDbLine
 10
-11.5545814359
 20
-6.9331374135
 30
0.0
 11
-11.7023569905
 21
-6.8857013553
 31
0.0
  0
LINE
  5
478
330
1F
100
AcDbEntity
  8
0
  6
Continuous
 62
     7
370
    25
100
AcDbLine
 10
-9.3997153414
 20
-6.5832905059
 30
0.0
 11
-9.4260147227
 21
-6.5377386413
 31
0.0
  0
LINE
  5
47A
330
1F
100
AcDbEntity
  8
0
  6
Continuous
 62
     7
370
    25
100
AcDbLine
 10
-9.2073320469
 20
-6.5165081465
 30
0.0
 11
-9.252809642
 21
-6.4377386413
 31
0.0
  0
LINE
  5
47B
330
1F
100
AcDbEntity
  8
0
  6
Continuous
 62
     7
370
    25
100
AcDbLine
 10
-9.286386484
 20
-6.379581845
 30
0.0
 11
-9.4595915647
 21
-6.479581845
 31
0.0
  0
LINE
  5
47C
330
1F
100
AcDbEntity
  8
0
  6
Continuous
 62
     7
370
    25
100
AcDbLine
 10
-11.68221568
 20
-5.6296280288
 30
0.0
 11
-11.8116252026
 21
-6.112590942
 31
0.0
  0
LINE
  5
47D
330
1F
100
AcDbEntity
  8
0
  6
Continuous
 62
     7
370
    25
100
AcDbLine
 10
-8.9992202577
 20
-5.4979965347
 30
0.0
 11
-9.134794917
 21
-5.2631743366
 31
0.0
  0
LINE
  5
47E
330
1F
100
AcDbEntity
  8
0
  6
Continuous
 62
     7
370
    25
100
AcDbLine
 10
-9.134794917
 20
-5.2631743366
 30
0.0
 11
-8.9615898362
 21
-5.1631743366
 31
0.0
  0
LINE
  5
47F
330
1F
100
AcDbEntity
  8
0
  6
Continuous
 62
     7
370
    25
100
AcDbLine
 10
-8.8009226649
 20
-5.4414580405
 30
0.0
 11
-8.9615898362
 21
-5.1631743366
 31
0.0
  0
LINE
  5
480
330
1F
100
AcDbEntity
  8
0
  6
Continuous
 62
     7
370
    25
100
AcDbLine
 10
-6.115270429
 20
-5.037859917
 30
0.0
 11
-5.8859724468
 21
-5.1227545468
 31
0.0
  0
LINE
  5
481
330
1F
100
AcDbEntity
  8
0
  6
Continuous
 62
     7
370
    25
100
AcDbLine
 10
-6.0154229835
 20
-5.6058705269
 30
0.0
 11
-5.8859724468
 21
-5.1227545468
 31
0.0
  0
LINE
  5
482
330
1F
100
AcDbEntity
  8
0
  6
Continuous
 62
     7
370
    25
100
AcDbLine
 10
-6.2545529948
 20
-5.557669529
 30
0.0
 11
-6.0154229835
 21
-5.6058705269
 31
0.0
  0
LINE
  5
483
330
1F
100
AcDbEntity
  8
0
  6
Continuous
 62
     7
370
    25
100
AcDbLine
 10
-8.4396216851
 20
-6.0672496944
 30
0.0
 11
-8.5142731785
 21
-5.9379495148
 31
0.0
  0
LINE
  5
485
330
1F
100
AcDbEntity
  8
0
  6
Continuous
 62
     7
370
    25
100
AcDbLine
 10
-8.6128267658
 20
-6.1672496944
 30
0.0
 11
-8.7135891665
 21
-5.9927240969
 31
0.0
  0
LINE
  5
486
330
1F
100
AcDbEntity
  8
0
  6
Continuous
 62
     7
370
    25
100
AcDbLine
 10
-8.5623038374
 20
-6.2547579734
 30
0.0
 11
-8.3890987566
 21
-6.1547579734
 31
0.0
  0
LINE
  5
487
330
1F
100
AcDbEntity
  8
0
  6
Continuous
 62
     7
370
    25
100
AcDbLine
 10
8.4770680752
 20
-4.004729131
 30
0.0
 11
8.5470908939
 21
-3.8834460512
 31
0.0
  0
LINE
  5
488
330
1F
100
AcDbEntity
  8
0
  6
Continuous
 62
     7
370
    25
100
AcDbLine
 10
8.5470908939
 20
-3.8834460512
 30
0.0
 11
8.7202959747
 21
-3.9834460512
 31
0.0
  0
LINE
  5
489
330
1F
100
AcDbEntity
  8
0
  6
Continuous
 62
     7
370
    25
100
AcDbLine
 10
8.6667026805
 20
-4.0762723596
 30
0.0
 11
8.7202959747
 21
-3.9834460512
 31
0.0
  0
LINE
  5
48A
330
1F
100
AcDbEntity
  8
0
  6
Continuous
 62
     7
370
    25
100
AcDbLine
 10
10.9213147667
 20
-4.4150813609
 30
0.0
 11
10.7707357828
 21
-4.4541579698
 31
0.0
  0
LINE
  5
48B
330
1F
100
AcDbEntity
  8
0
  6
Continuous
 62
     7
370
    25
100
AcDbLine
 10
11.0908807239
 20
-5.0479101285
 30
0.0
 11
10.9213147667
 21
-4.4150813609
 31
0.0
  0
LINE
  5
48C
330
1F
100
AcDbEntity
  8
0
  6
Continuous
 62
     7
370
    25
100
AcDbLine
 10
11.0908807239
 20
-5.0479101285
 30
0.0
 11
10.9416530597
 21
-5.0920299312
 31
0.0
  0
LINE
  5
48D
330
1F
100
AcDbEntity
  8
0
  6
Continuous
 62
     7
370
    25
100
AcDbLine
 10
8.254916802
 20
-4.7895064231
 30
0.0
 11
8.3275765796
 21
-4.6636559967
 31
0.0
  0
LINE
  5
48E
330
1F
100
AcDbEntity
  8
0
  6
Continuous
 62
     7
370
    25
100
AcDbLine
 10
8.0817117212
 20
-4.6895064231
 30
0.0
 11
8.254916802
 21
-4.7895064231
 31
0.0
  0
LINE
  5
48F
330
1F
100
AcDbEntity
  8
0
  6
Continuous
 62
     7
370
    25
100
AcDbLine
 10
8.0817117212
 20
-4.6895064231
 30
0.0
 11
8.1291722399
 21
-4.6073023935
 31
0.0
  0
LINE
  5
490
330
1F
100
AcDbEntity
  8
0
  6
Continuous
 62
     7
370
    25
100
AcDbLine
 10
5.0524662807
 20
-3.637241387
 30
0.0
 11
5.2220322381
 21
-4.2700701552
 31
0.0
  0
LINE
  5
491
330
1F
100
AcDbEntity
  8
0
  6
Continuous
 62
     7
370
    25
100
AcDbLine
 10
7.8607968595
 20
-5.1208185623
 30
0.0
 11
7.9472645019
 21
-4.9710522125
 31
0.0
  0
LINE
  5
492
330
1F
100
AcDbEntity
  8
0
  6
Continuous
 62
     7
370
    25
100
AcDbLine
 10
7.9472645019
 20
-4.9710522125
 30
0.0
 11
8.1204695827
 21
-5.0710522125
 31
0.0
  0
LINE
  5
493
330
1F
100
AcDbEntity
  8
0
  6
Continuous
 62
     7
370
    25
100
AcDbLine
 10
8.0504504904
 20
-5.1923288378
 30
0.0
 11
8.1204695827
 21
-5.0710522125
 31
0.0
  0
LINE
  5
494
330
1F
100
AcDbEntity
  8
0
  6
Continuous
 62
     7
370
    25
100
AcDbLine
 10
10.2952738577
 20
-5.5274661298
 30
0.0
 11
10.1446948738
 21
-5.5665427387
 31
0.0
  0
LINE
  5
495
330
1F
100
AcDbEntity
  8
0
  6
Continuous
 62
     7
370
    25
100
AcDbLine
 10
10.4648398149
 20
-6.1602948974
 30
0.0
 11
10.2952738577
 21
-5.5274661298
 31
0.0
  0
LINE
  5
496
330
1F
100
AcDbEntity
  8
0
  6
Continuous
 62
     7
370
    25
100
AcDbLine
 10
10.4648398149
 20
-6.1602948974
 30
0.0
 11
10.3156121508
 21
-6.2044147001
 31
0.0
  0
LINE
  5
497
330
1F
100
AcDbEntity
  8
0
  6
Continuous
 62
     7
370
    25
100
AcDbLine
 10
7.613121599
 20
-5.9498046973
 30
0.0
 11
7.7117322397
 21
-5.7790060575
 31
0.0
  0
LINE
  5
498
330
1F
100
AcDbEntity
  8
0
  6
Continuous
 62
     7
370
    25
100
AcDbLine
 10
7.4399165182
 20
-5.8498046973
 30
0.0
 11
7.613121599
 21
-5.9498046973
 31
0.0
  0
LINE
  5
499
330
1F
100
AcDbEntity
  8
0
  6
Continuous
 62
     7
370
    25
100
AcDbLine
 10
7.4399165182
 20
-5.8498046973
 30
0.0
 11
7.5133975007
 21
-5.7225319023
 31
0.0
  0
LINE
  5
49A
330
1F
100
AcDbEntity
  8
0
  6
Continuous
 62
     7
370
    25
100
AcDbLine
 10
4.4264253718
 20
-4.7496261559
 30
0.0
 11
4.5959913291
 21
-5.3824549241
 31
0.0
  0
LINE
  5
49B
330
1F
100
AcDbEntity
  8
0
  6
Continuous
 62
     7
370
    25
100
AcDbLine
 10
7.6748619223
 20
-6.1925207214
 30
0.0
 11
7.7311434768
 21
-6.0950382094
 31
0.0
  0
LINE
  5
49D
330
1F
100
AcDbEntity
  8
0
  6
Continuous
 62
     7
370
    25
100
AcDbLine
 10
7.8653592134
 20
-6.2625697344
 30
0.0
 11
7.9043485575
 21
-6.1950382094
 31
0.0
  0
LINE
  5
49E
330
1F
100
AcDbEntity
  8
0
  6
Continuous
 62
     7
370
    25
100
AcDbLine
 10
10.0328830036
 20
-6.5418553282
 30
0.0
 11
9.8883506942
 21
-6.5874516618
 31
0.0
  0
LINE
  5
49F
330
1F
100
AcDbEntity
  8
0
  6
Continuous
 62
     7
370
    25
100
AcDbLine
 10
10.2690034764
 20
-7.4230689291
 30
0.0
 11
10.0328830036
 21
-6.5418553282
 31
0.0
  0
LINE
  5
4A0
330
1F
100
AcDbEntity
  8
0
  6
Continuous
 62
     7
370
    25
100
AcDbLine
 10
10.1259250108
 20
-7.4740910817
 30
0.0
 11
10.2690034764
 21
-7.4230689291
 31
0.0
  0
LINE
  5
4A1
330
1F
100
AcDbEntity
  8
0
  6
Continuous
 62
     7
370
    25
100
AcDbLine
 10
7.3130786952
 20
-7.2191476519
 30
0.0
 11
7.3888134827
 21
-7.0879711521
 31
0.0
  0
LINE
  5
4A2
330
1F
100
AcDbEntity
  8
0
  6
Continuous
 62
     7
370
    25
100
AcDbLine
 10
7.1398736145
 20
-7.1191476519
 30
0.0
 11
7.3130786952
 21
-7.2191476519
 31
0.0
  0
LINE
  5
4A3
330
1F
100
AcDbEntity
  8
0
  6
Continuous
 62
     7
370
    25
100
AcDbLine
 10
7.1398736145
 20
-7.1191476519
 30
0.0
 11
7.186918702
 21
-7.0376631702
 31
0.0
  0
LINE
  5
4A4
330
1F
100
AcDbEntity
  8
0
  6
Continuous
 62
     7
370
    25
100
AcDbLine
 10
7.1368993346
 20
-7.0257553744
 30
0.0
 11
7.186918702
 21
-7.0376631702
 31
0.0
  0
LINE
  5
4A5
330
1F
100
AcDbEntity
  8
0
  6
Continuous
 62
     7
370
    25
100
AcDbLine
 10
4.4381996895
 20
-6.7872137051
 30
0.0
 11
4.2020043826
 21
-5.9057208192
 31
0.0
  0
LINE
  5
4A6
330
1F
100
AcDbEntity
  8
0
  6
Continuous
 62
     7
370
    25
100
AcDbLine
 10
7.7369929317
 20
-6.0849066564
 30
0.0
 11
7.9101980124
 21
-6.1849066564
 31
0.0
  0
LINE
  5
4A7
330
1F
100
AcDbEntity
  8
0
  6
Continuous
 62
     7
370
    25
100
AcDbLine
 10
3.8884224621
 20
-6.9052311565
 30
0.0
 11
3.9339000571
 21
-6.8264616513
 31
0.0
  0
LINE
  5
4A9
330
1F
100
AcDbEntity
  8
0
  6
Continuous
 62
     7
370
    25
100
AcDbLine
 10
4.0808057566
 20
-6.9720135159
 30
0.0
 11
4.1071051379
 21
-6.9264616513
 31
0.0
  0
LINE
  5
4AA
330
1F
100
AcDbEntity
  8
0
  6
Continuous
 62
     7
370
    25
100
AcDbLine
 10
6.235671851
 20
-7.3218604235
 30
0.0
 11
6.3834474056
 21
-7.2744243652
 31
0.0
  0
LINE
  5
4AB
330
1F
100
AcDbEntity
  8
0
  6
Continuous
 62
     7
370
    25
100
AcDbLine
 10
6.5984289398
 20
-8.0767463736
 30
0.0
 11
6.3834474056
 21
-7.2744243652
 31
0.0
  0
LINE
  5
4AC
330
1F
100
AcDbEntity
  8
0
  6
Continuous
 62
     7
370
    25
100
AcDbLine
 10
6.4520516339
 20
-8.1294007671
 30
0.0
 11
6.5984289398
 21
-8.0767463736
 31
0.0
  0
LINE
  5
4AD
330
1F
100
AcDbEntity
  8
0
  6
Continuous
 62
     7
370
    25
100
AcDbLine
 10
3.5348399193
 20
-7.9176540852
 30
0.0
 11
3.6347715668
 21
-7.7445673945
 31
0.0
  0
LINE
  5
4AE
330
1F
100
AcDbEntity
  8
0
  6
Continuous
 62
     7
370
    25
100
AcDbLine
 10
3.3616348386
 20
-7.8176540852
 30
0.0
 11
3.5348399193
 21
-7.9176540852
 31
0.0
  0
LINE
  5
4AF
330
1F
100
AcDbEntity
  8
0
  6
Continuous
 62
     7
370
    25
100
AcDbLine
 10
3.3616348386
 20
-7.8176540852
 30
0.0
 11
3.4375050889
 21
-7.6862429568
 31
0.0
  0
LINE
  5
4B0
330
1F
100
AcDbEntity
  8
0
  6
Continuous
 62
     7
370
    25
100
AcDbLine
 10
0.7876747245
 20
-7.5157171693
 30
0.0
 11
0.5989255654
 21
-6.8112957175
 31
0.0
  0
LINE
  5
4B1
330
1F
100
AcDbEntity
  8
0
  6
Continuous
 62
     7
370
    25
100
AcDbLine
 10
3.9674768991
 20
-6.768304855
 30
0.0
 11
4.1406819799
 21
-6.868304855
 31
0.0
  0
LINE
  5
4B2
330
1F
100
AcDbEntity
  8
0
  6
Continuous
 62
     7
370
    25
100
AcDbLine
 10
1.4515171436
 20
-4.7607943834
 30
0.0
 11
1.350754743
 21
-4.9353199808
 31
0.0
  0
LINE
  5
4B4
330
1F
100
AcDbEntity
  8
0
  6
Continuous
 62
     7
370
    25
100
AcDbLine
 10
1.6247222244
 20
-4.8607943834
 30
0.0
 11
1.5500707309
 21
-4.9900945629
 31
0.0
  0
LINE
  5
4B5
330
1F
100
AcDbEntity
  8
0
  6
Continuous
 62
     7
370
    25
100
AcDbLine
 10
3.8097909147
 20
-5.3703745488
 30
0.0
 11
4.0489209259
 21
-5.3221735508
 31
0.0
  0
LINE
  5
4B6
330
1F
100
AcDbEntity
  8
0
  6
Continuous
 62
     7
370
    25
100
AcDbLine
 10
4.0489209259
 20
-5.3221735508
 30
0.0
 11
4.1783714626
 21
-5.8052895309
 31
0.0
  0
LINE
  5
4B7
330
1F
100
AcDbEntity
  8
0
  6
Continuous
 62
     7
370
    25
100
AcDbLine
 10
3.9490734804
 20
-5.8901841607
 30
0.0
 11
4.1783714626
 21
-5.8052895309
 31
0.0
  0
LINE
  5
4B8
330
1F
100
AcDbEntity
  8
0
  6
Continuous
 62
     7
370
    25
100
AcDbLine
 10
1.2634212446
 20
-5.4865860372
 30
0.0
 11
1.1027540732
 21
-5.7648697411
 31
0.0
  0
LINE
  5
4B9
330
1F
100
AcDbEntity
  8
0
  6
Continuous
 62
     7
370
    25
100
AcDbLine
 10
0.9295489925
 20
-5.6648697411
 30
0.0
 11
1.1027540732
 21
-5.7648697411
 31
0.0
  0
LINE
  5
4BA
330
1F
100
AcDbEntity
  8
0
  6
Continuous
 62
     7
370
    25
100
AcDbLine
 10
1.0651236518
 20
-5.430047543
 30
0.0
 11
0.9295489925
 21
-5.6648697411
 31
0.0
  0
LINE
  5
4BB
330
1F
100
AcDbEntity
  8
0
  6
Continuous
 62
     7
370
    25
100
AcDbLine
 10
-1.6178717706
 20
-5.2984160489
 30
0.0
 11
-1.7472812931
 21
-4.8154531357
 31
0.0
  0
LINE
  5
4BC
330
1F
100
AcDbEntity
  8
0
  6
Continuous
 62
     7
370
    25
100
AcDbLine
 10
1.5020400721
 20
-4.6732861043
 30
0.0
 11
1.6752451528
 21
-4.7732861043
 31
0.0
  0
LINE
  5
4BD
330
1F
100
AcDbEntity
  8
0
  6
Continuous
 62
     7
370
    25
100
AcDbLine
 10
-9.0544236884
 20
1.3744474843
 30
0.0
 11
-9.0335633686
 21
1.3403176284
 31
0.0
  0
LINE
  5
4BE
330
1F
100
AcDbEntity
  8
0
  6
Continuous
 62
     7
370
    25
100
AcDbLine
 10
-9.6783987303
 20
1.117871642
 30
0.0
 11
-10.0818360593
 21
1.0473916776
 31
0.0
  0
LINE
  5
4BF
330
1F
100
AcDbEntity
  8
0
  6
Continuous
 62
     7
370
    25
100
AcDbLine
 10
-9.0311878173
 20
-0.6417218576
 30
0.0
 11
-9.0103274976
 21
-0.6758517135
 31
0.0
  0
LINE
  5
4C0
330
1F
100
AcDbEntity
  8
0
  6
Continuous
 62
     7
370
    25
100
AcDbLine
 10
-9.6551628593
 20
-0.8982976999
 30
0.0
 11
-10.0586001883
 21
-0.9687776643
 31
0.0
  0
LINE
  5
4C1
330
1F
100
AcDbEntity
  8
0
  6
Continuous
 62
     7
370
    25
100
AcDbLine
 10
-11.7697143235
 20
1.1695636394
 30
0.0
 11
-11.7905746432
 21
1.2036934952
 31
0.0
  0
LINE
  5
4C2
330
1F
100
AcDbEntity
  8
0
  6
Continuous
 62
     7
370
    25
100
AcDbLine
 10
-11.1457392816
 20
1.4261394817
 30
0.0
 11
-10.7423019525
 21
1.4966194461
 31
0.0
  0
LINE
  5
4C3
330
1F
100
AcDbEntity
  8
0
  6
Continuous
 62
     7
370
    25
100
AcDbLine
 10
-11.803195579
 20
-0.8401489348
 30
0.0
 11
-11.8240558987
 21
-0.806019079
 31
0.0
  0
LINE
  5
4C4
330
1F
100
AcDbEntity
  8
0
  6
Continuous
 62
     7
370
    25
100
AcDbLine
 10
-11.179220537
 20
-0.5835730926
 30
0.0
 11
-10.775783208
 21
-0.5130931281
 31
0.0
  0
LINE
  5
4C5
330
1F
100
AcDbEntity
  8
0
  6
Continuous
 62
     7
370
    25
100
AcDbLine
 10
-8.8185569378
 20
-4.1215486016
 30
0.0
 11
-8.8394172575
 21
-4.0874187457
 31
0.0
  0
LINE
  5
4C6
330
1F
100
AcDbEntity
  8
0
  6
Continuous
 62
     7
370
    25
100
AcDbLine
 10
-8.1945818959
 20
-3.8649727593
 30
0.0
 11
-7.7911445668
 21
-3.7944927949
 31
0.0
  0
LINE
  5
4C7
330
1F
100
AcDbEntity
  8
0
  6
Continuous
 62
     7
370
    25
100
AcDbLine
 10
-5.7010966983
 20
-3.8629823307
 30
0.0
 11
-5.6802363786
 21
-3.8971121866
 31
0.0
  0
LINE
  5
4C8
330
1F
100
AcDbEntity
  8
0
  6
Continuous
 62
     7
370
    25
100
AcDbLine
 10
-6.3250717403
 20
-4.119558173
 30
0.0
 11
-6.7285090693
 21
-4.1900381374
 31
0.0
  0
LINE
  5
4C9
330
1F
100
AcDbEntity
  8
0
  6
Continuous
 62
     7
370
    25
100
AcDbLine
 10
-11.8564680886
 20
3.8912984492
 30
0.0
 11
-11.8635802866
 21
3.8880223681
 31
0.0
  0
LINE
  5
4CA
330
1F
100
AcDbEntity
  8
0
  6
Continuous
 62
     7
370
    25
100
AcDbLine
 10
-11.8635802866
 20
3.8880223681
 30
0.0
 11
-11.852169088
 21
3.8421432603
 31
0.0
  0
LINE
  5
4CB
330
1F
100
AcDbEntity
  8
0
  6
Continuous
 62
     7
370
    25
100
AcDbLine
 10
-9.1024191352
 20
4.0019691584
 30
0.0
 11
-9.0953069371
 21
4.0052452394
 31
0.0
  0
LINE
  5
4CC
330
1F
100
AcDbEntity
  8
0
  6
Continuous
 62
     7
370
    25
100
AcDbLine
 10
-9.0953069371
 20
4.0052452394
 30
0.0
 11
-9.1067181357
 21
4.0511243472
 31
0.0
  0
LINE
  5
4CD
330
1F
100
AcDbEntity
  8
0
  6
Continuous
 62
     7
370
    25
100
AcDbLine
 10
2.1726153509
 20
-1.0432851689
 30
0.0
 11
2.1493846671
 21
-1.0046325384
 31
0.0
  0
LINE
  5
4CE
330
1F
100
AcDbEntity
  8
0
  6
Continuous
 62
     7
370
    25
100
AcDbLine
 10
-0.4137392233
 20
-1.6541034324
 30
0.0
 11
-0.537421644
 21
-2.1490398893
 31
0.0
  0
LINE
  5
4CF
330
1F
100
AcDbEntity
  8
0
  6
Continuous
 62
     7
370
    25
100
AcDbLine
 10
-0.5340527352
 20
-1.6199676791
 30
0.0
 11
-0.6814508558
 21
-2.209806584
 31
0.0
  0
LINE
  5
4D0
330
1F
100
AcDbEntity
  8
0
  6
Continuous
 62
     7
370
    25
100
AcDbLine
 10
-1.5290124773
 20
-1.6861940984
 30
0.0
 11
-0.7590973237
 21
-2.2383166786
 31
0.0
  0
LINE
  5
4D1
330
1F
100
AcDbEntity
  8
0
  6
Continuous
 62
     7
370
    25
100
AcDbLine
 10
-1.8762678741
 20
-1.6866060349
 30
0.0
 11
-1.9079629087
 21
-2.5942330726
 31
0.0
  0
LINE
  5
4D2
330
1F
100
AcDbEntity
  8
0
  6
Continuous
 62
     7
370
    25
100
AcDbLine
 10
-1.7971601818
 20
-1.6477189022
 30
0.0
 11
-0.9107198077
 21
-2.2834042037
 31
0.0
  0
LINE
  5
4D3
330
1F
100
AcDbEntity
  8
0
  6
Continuous
 62
     7
370
    25
100
AcDbLine
 10
-4.7141275683
 20
-2.2970606508
 30
0.0
 11
-4.1619059108
 21
-2.970706907
 31
0.0
  0
LINE
  5
4D4
330
1F
100
AcDbEntity
  8
0
  6
Continuous
 62
     7
370
    25
100
AcDbLine
 10
-5.6477431294
 20
-2.9857170833
 30
0.0
 11
-6.7255962536
 21
-1.7286674569
 31
0.0
  0
LINE
  5
4D5
330
1F
100
AcDbEntity
  8
0
  6
Continuous
 62
     7
370
    25
100
AcDbLine
 10
-6.8135229248
 20
-1.7594686999
 30
0.0
 11
-6.8249477022
 21
-2.0866315187
 31
0.0
  0
LINE
  5
4D6
330
1F
100
AcDbEntity
  8
0
  6
Continuous
 62
     7
370
    25
100
AcDbLine
 10
-6.8534074291
 20
-2.901611466
 30
0.0
 11
-6.834737874
 21
-2.3669853575
 31
0.0
  0
LINE
  5
4D7
330
1F
100
AcDbEntity
  8
0
  6
Continuous
 62
     7
370
    25
100
AcDbLine
 10
-3.8082942218
 20
-1.6621034316
 30
0.0
 11
-3.8267752211
 21
-2.1913300088
 31
0.0
  0
LINE
  5
4D8
330
1F
100
AcDbEntity
  8
0
  6
Continuous
 62
     7
370
    25
100
AcDbLine
 10
-3.8503364904
 20
-2.8660364834
 30
0.0
 11
-3.8365653929
 21
-2.4716838476
 31
0.0
  0
LINE
  5
4D9
330
1F
100
AcDbEntity
  8
0
  6
Continuous
 62
     7
370
    25
100
AcDbLine
 10
-2.2861702441
 20
-1.7011272523
 30
0.0
 11
-3.7688248222
 21
-2.9065770023
 31
0.0
  0
LINE
  5
4DA
330
1F
100
AcDbEntity
  8
0
  6
Continuous
 62
     7
370
    25
100
AcDbLine
 10
-2.0031720707
 20
-1.7389532092
 30
0.0
 11
-2.0324934198
 21
-2.5786067874
 31
0.0
  0
LINE
  5
4DB
330
1F
100
AcDbEntity
  8
0
  6
Continuous
 62
     7
370
    25
100
AcDbLine
 10
-3.5441979336
 20
-2.8850485036
 30
0.0
 11
-2.0846837389
 21
-1.6984126904
 31
0.0
  0
LINE
  5
4DC
330
1F
100
AcDbEntity
  8
0
  6
Continuous
 62
     7
370
    25
100
AcDbLine
 10
-8.0519582542
 20
-2.3869729066
 30
0.0
 11
-7.1735483449
 21
-1.6337831794
 31
0.0
  0
LINE
  5
4DD
330
1F
100
AcDbEntity
  8
0
  6
Continuous
 62
     7
370
    25
100
AcDbLine
 10
-5.0202097727
 20
-1.5967859589
 30
0.0
 11
-4.0073347872
 21
-1.6109687601
 31
0.0
  0
LINE
  5
4DE
330
1F
100
AcDbEntity
  8
0
  6
Continuous
 62
     7
370
    25
100
AcDbLine
 10
-5.0595779551
 20
-1.6784792614
 30
0.0
 11
-4.0708188605
 21
-2.884650467
 31
0.0
  0
LINE
  5
4DF
330
1F
100
AcDbEntity
  8
0
  6
Continuous
 62
     7
370
    25
100
AcDbLine
 10
-3.986474017
 20
-2.4664489231
 30
0.0
 11
-4.0002451145
 21
-2.8608015589
 31
0.0
  0
LINE
  5
4E0
330
1F
100
AcDbEntity
  8
0
  6
Continuous
 62
     7
370
    25
100
AcDbLine
 10
-3.9582028459
 20
-1.6568685071
 30
0.0
 11
-3.9766838452
 21
-2.1860950843
 31
0.0
  0
LINE
  5
4E1
330
1F
100
AcDbEntity
  8
0
  6
Continuous
 62
     7
370
    25
100
AcDbLine
 10
-7.8525072392
 20
-2.3806137276
 30
0.0
 11
-7.045029337
 21
-1.6882444199
 31
0.0
  0
LINE
  5
4E2
330
1F
100
AcDbEntity
  8
0
  6
Continuous
 62
     7
370
    25
100
AcDbLine
 10
-6.9951197584
 20
-2.7201600945
 30
0.0
 11
-6.9826437391
 21
-2.3628936484
 31
0.0
  0
LINE
  5
4E3
330
1F
100
AcDbEntity
  8
0
  6
Continuous
 62
     7
370
    25
100
AcDbLine
 10
-6.9625135778
 20
-1.7279465245
 30
0.0
 11
-6.9748563262
 21
-2.0813965942
 31
0.0
  0
LINE
  5
4E4
330
1F
100
AcDbEntity
  8
0
  6
Continuous
 62
     7
370
    25
100
AcDbLine
 10
-6.5833539548
 20
-1.5748980029
 30
0.0
 11
-5.9287100315
 21
-1.5840646669
 31
0.0
  0
LINE
  5
4E5
330
1F
100
AcDbEntity
  8
0
  6
Continuous
 62
     7
370
    25
100
AcDbLine
 10
-6.0974528456
 20
-2.2692070974
 30
0.0
 11
-6.6220111419
 21
-1.6574393197
 31
0.0
  0
LINE
  5
4E6
330
1F
100
AcDbEntity
  8
0
  6
Continuous
 62
     7
370
    25
100
AcDbLine
 10
1.7806689688
 20
0.7849296265
 30
0.0
 11
1.7581164046
 21
0.8239818014
 31
0.0
  0
LINE
  5
4E7
330
1F
100
AcDbEntity
  8
0
  6
Continuous
 62
     7
370
    25
100
AcDbLine
 10
-0.8159519396
 20
0.2193425048
 30
0.0
 11
-0.9482533551
 21
-0.273360015
 31
0.0
  0
LINE
  5
4E8
330
1F
100
AcDbEntity
  8
0
  6
Continuous
 62
     7
370
    25
100
AcDbLine
 10
-0.9356513762
 20
0.2555728193
 30
0.0
 11
-1.0933211556
 21
-0.3316037983
 31
0.0
  0
LINE
  5
4E9
330
1F
100
AcDbEntity
  8
0
  6
Continuous
 62
     7
370
    25
100
AcDbLine
 10
-1.9316153914
 20
0.2067209285
 30
0.0
 11
-1.1714533673
 21
-0.358754433
 31
0.0
  0
LINE
  5
4EA
330
1F
100
AcDbEntity
  8
0
  6
Continuous
 62
     7
370
    25
100
AcDbLine
 10
-2.2788250889
 20
0.2123694971
 30
0.0
 11
-2.3263555721
 21
-0.6945661501
 31
0.0
  0
LINE
  5
4EB
330
1F
100
AcDbEntity
  8
0
  6
Continuous
 62
     7
370
    25
100
AcDbLine
 10
-2.199050771
 20
0.2498700874
 30
0.0
 11
-1.3238396443
 21
-0.4011889138
 31
0.0
  0
LINE
  5
4EC
330
1F
100
AcDbEntity
  8
0
  6
Continuous
 62
     7
370
    25
100
AcDbLine
 10
-5.1269064653
 20
-0.3484646629
 30
0.0
 11
-4.5865256621
 21
-1.0316459163
 31
0.0
  0
LINE
  5
4ED
330
1F
100
AcDbEntity
  8
0
  6
Continuous
 62
     7
370
    25
100
AcDbLine
 10
-6.0723985442
 20
-1.0207223715
 30
0.0
 11
-7.1281489652
 21
0.2549469311
 31
0.0
  0
LINE
  5
4EE
330
1F
100
AcDbEntity
  8
0
  6
Continuous
 62
     7
370
    25
100
AcDbLine
 10
-7.2165998005
 20
0.2256849113
 30
0.0
 11
-7.2337326164
 21
-0.1012286892
 31
0.0
  0
LINE
  5
4EF
330
1F
100
AcDbEntity
  8
0
  6
Continuous
 62
     7
370
    25
100
AcDbLine
 10
-7.27641137
 20
-0.9155878204
 30
0.0
 11
-7.2484141462
 21
-0.3813689667
 31
0.0
  0
LINE
  5
4F0
330
1F
100
AcDbEntity
  8
0
  6
Continuous
 62
     7
370
    25
100
AcDbLine
 10
-4.2101295502
 20
0.2705868775
 30
0.0
 11
-4.2378440121
 21
-0.258236558
 31
0.0
  0
LINE
  5
4F1
330
1F
100
AcDbEntity
  8
0
  6
Continuous
 62
     7
370
    25
100
AcDbLine
 10
-4.2731769445
 20
-0.9324290707
 30
0.0
 11
-4.2525255419
 21
-0.5383768354
 31
0.0
  0
LINE
  5
4F2
330
1F
100
AcDbEntity
  8
0
  6
Continuous
 62
     7
370
    25
100
AcDbLine
 10
-2.688918459
 20
0.205004274
 30
0.0
 11
-4.1923852205
 21
-0.9743859898
 31
0.0
  0
LINE
  5
4F3
330
1F
100
AcDbEntity
  8
0
  6
Continuous
 62
     7
370
    25
100
AcDbLine
 10
-2.4066235415
 20
0.1622450791
 30
0.0
 11
-2.4505944003
 21
-0.6767688877
 31
0.0
  0
LINE
  5
4F4
330
1F
100
AcDbEntity
  8
0
  6
Continuous
 62
     7
370
    25
100
AcDbLine
 10
-3.9674168196
 20
-0.9567810498
 30
0.0
 11
-2.4874152655
 21
0.2042019982
 31
0.0
  0
LINE
  5
4F5
330
1F
100
AcDbEntity
  8
0
  6
Continuous
 62
     7
370
    25
100
AcDbLine
 10
-8.4657979687
 20
-0.3801100468
 30
0.0
 11
-7.5743768723
 21
0.3576345991
 31
0.0
  0
LINE
  5
4F6
330
1F
100
AcDbEntity
  8
0
  6
Continuous
 62
     7
370
    25
100
AcDbLine
 10
-5.4207205734
 20
0.3570452448
 30
0.0
 11
-4.4082473777
 21
0.3251874978
 31
0.0
  0
LINE
  5
4F7
330
1F
100
AcDbEntity
  8
0
  6
Continuous
 62
     7
370
    25
100
AcDbLine
 10
-5.4615085045
 20
0.2760514541
 30
0.0
 11
-4.4939505929
 21
-0.9471922713
 31
0.0
  0
LINE
  5
4F8
330
1F
100
AcDbEntity
  8
0
  6
Continuous
 62
     7
370
    25
100
AcDbLine
 10
-4.4023199721
 20
-0.530526442
 30
0.0
 11
-4.4229713747
 21
-0.9245786773
 31
0.0
  0
LINE
  5
4F9
330
1F
100
AcDbEntity
  8
0
  6
Continuous
 62
     7
370
    25
100
AcDbLine
 10
-4.3599239804
 20
0.278437271
 30
0.0
 11
-4.3876384423
 21
-0.2503861645
 31
0.0
  0
LINE
  5
4FA
330
1F
100
AcDbEntity
  8
0
  6
Continuous
 62
     7
370
    25
100
AcDbLine
 10
-8.2662663481
 20
-0.3772327365
 30
0.0
 11
-7.4468279181
 21
0.3009386874
 31
0.0
  0
LINE
  5
4FB
330
1F
100
AcDbEntity
  8
0
  6
Continuous
 62
     7
370
    25
100
AcDbLine
 10
-7.4149353527
 20
-0.7316908637
 30
0.0
 11
-7.3962260744
 21
-0.3746965676
 31
0.0
  0
LINE
  5
4FC
330
1F
100
AcDbEntity
  8
0
  6
Continuous
 62
     7
370
    25
100
AcDbLine
 10
-7.3650176238
 20
0.259802531
 30
0.0
 11
-7.3835270466
 21
-0.0933782958
 31
0.0
  0
LINE
  5
4FD
330
1F
100
AcDbEntity
  8
0
  6
Continuous
 62
     7
370
    25
100
AcDbLine
 10
-6.9832446835
 20
0.4062104947
 30
0.0
 11
-6.328860446
 21
0.3856201151
 31
0.0
  0
LINE
  5
4FE
330
1F
100
AcDbEntity
  8
0
  6
Continuous
 62
     7
370
    25
100
AcDbLine
 10
-6.5095349439
 20
-0.2964729967
 30
0.0
 11
-7.0233365276
 21
0.3243564103
 31
0.0
  0
LINE
  5
4FF
330
1F
100
AcDbEntity
  8
0
  6
Continuous
 62
     7
370
    25
100
AcDbLine
 10
-10.0862398957
 20
0.4859713
 30
0.0
 11
-10.0636873316
 21
0.4469191251
 31
0.0
  0
LINE
  5
500
330
1F
100
AcDbEntity
  8
0
  6
Continuous
 62
     7
370
    25
100
AcDbLine
 10
-7.4896189873
 20
1.0515584216
 30
0.0
 11
-7.3573175719
 21
1.5442609414
 31
0.0
  0
LINE
  5
501
330
1F
100
AcDbEntity
  8
0
  6
Continuous
 62
     7
370
    25
100
AcDbLine
 10
-7.3699195507
 20
1.0153281071
 30
0.0
 11
-7.2122497713
 21
1.6025047247
 31
0.0
  0
LINE
  5
502
330
1F
100
AcDbEntity
  8
0
  6
Continuous
 62
     7
370
    25
100
AcDbLine
 10
-6.3739555355
 20
1.0641799979
 30
0.0
 11
-7.1341175596
 21
1.6296553594
 31
0.0
  0
LINE
  5
503
330
1F
100
AcDbEntity
  8
0
  6
Continuous
 62
     7
370
    25
100
AcDbLine
 10
-6.0267458381
 20
1.0585314293
 30
0.0
 11
-5.9792153548
 21
1.9654670765
 31
0.0
  0
LINE
  5
504
330
1F
100
AcDbEntity
  8
0
  6
Continuous
 62
     7
370
    25
100
AcDbLine
 10
-6.106520156
 20
1.021030839
 30
0.0
 11
-6.9817312826
 21
1.6720898403
 31
0.0
  0
LINE
  5
505
330
1F
100
AcDbEntity
  8
0
  6
Continuous
 62
     7
370
    25
100
AcDbLine
 10
-3.1786644616
 20
1.6193655893
 30
0.0
 11
-3.7190452648
 21
2.3025468428
 31
0.0
  0
LINE
  5
506
330
1F
100
AcDbEntity
  8
0
  6
Continuous
 62
     7
370
    25
100
AcDbLine
 10
-2.2331723827
 20
2.2916232979
 30
0.0
 11
-1.1774219617
 21
1.0159539954
 31
0.0
  0
LINE
  5
507
330
1F
100
AcDbEntity
  8
0
  6
Continuous
 62
     7
370
    25
100
AcDbLine
 10
-1.0889711264
 20
1.0452160152
 30
0.0
 11
-1.0718383106
 21
1.3721296156
 31
0.0
  0
LINE
  5
508
330
1F
100
AcDbEntity
  8
0
  6
Continuous
 62
     7
370
    25
100
AcDbLine
 10
-1.029159557
 20
2.1864887469
 30
0.0
 11
-1.0571567807
 21
1.6522698931
 31
0.0
  0
LINE
  5
509
330
1F
100
AcDbEntity
  8
0
  6
Continuous
 62
     7
370
    25
100
AcDbLine
 10
-4.0954413767
 20
1.0003140489
 30
0.0
 11
-4.0677269148
 21
1.5291374844
 31
0.0
  0
LINE
  5
50A
330
1F
100
AcDbEntity
  8
0
  6
Continuous
 62
     7
370
    25
100
AcDbLine
 10
-4.0323939824
 20
2.2033299971
 30
0.0
 11
-4.053045385
 21
1.8092777619
 31
0.0
  0
LINE
  5
50B
330
1F
100
AcDbEntity
  8
0
  6
Continuous
 62
     7
370
    25
100
AcDbLine
 10
-5.616652468
 20
1.0658966524
 30
0.0
 11
-4.1131857064
 21
2.2452869162
 31
0.0
  0
LINE
  5
50C
330
1F
100
AcDbEntity
  8
0
  6
Continuous
 62
     7
370
    25
100
AcDbLine
 10
-5.8989473854
 20
1.1086558473
 30
0.0
 11
-5.8549765266
 21
1.9476698141
 31
0.0
  0
LINE
  5
50D
330
1F
100
AcDbEntity
  8
0
  6
Continuous
 62
     7
370
    25
100
AcDbLine
 10
-4.3381541073
 20
2.2276819762
 30
0.0
 11
-5.8181556614
 21
1.0666989283
 31
0.0
  0
LINE
  5
50E
330
1F
100
AcDbEntity
  8
0
  6
Continuous
 62
     7
370
    25
100
AcDbLine
 10
0.1602270418
 20
1.6510109732
 30
0.0
 11
-0.7311940547
 21
0.9132663273
 31
0.0
  0
LINE
  5
50F
330
1F
100
AcDbEntity
  8
0
  6
Continuous
 62
     7
370
    25
100
AcDbLine
 10
-2.8848503535
 20
0.9138556816
 30
0.0
 11
-3.8973235492
 21
0.9457134286
 31
0.0
  0
LINE
  5
510
330
1F
100
AcDbEntity
  8
0
  6
Continuous
 62
     7
370
    25
100
AcDbLine
 10
-2.8440624224
 20
0.9948494723
 30
0.0
 11
-3.811620334
 21
2.2180931977
 31
0.0
  0
LINE
  5
511
330
1F
100
AcDbEntity
  8
0
  6
Continuous
 62
     7
370
    25
100
AcDbLine
 10
-3.9032509548
 20
1.8014273684
 30
0.0
 11
-3.8825995522
 21
2.1954796037
 31
0.0
  0
LINE
  5
512
330
1F
100
AcDbEntity
  8
0
  6
Continuous
 62
     7
370
    25
100
AcDbLine
 10
-3.9456469465
 20
0.9924636554
 30
0.0
 11
-3.9179324846
 21
1.5212870909
 31
0.0
  0
LINE
  5
513
330
1F
100
AcDbEntity
  8
0
  6
Continuous
 62
     7
370
    25
100
AcDbLine
 10
-0.0393045788
 20
1.648133663
 30
0.0
 11
-0.8587430088
 21
0.969962239
 31
0.0
  0
LINE
  5
514
330
1F
100
AcDbEntity
  8
0
  6
Continuous
 62
     7
370
    25
100
AcDbLine
 10
-0.8906355742
 20
2.0025917902
 30
0.0
 11
-0.9093448525
 21
1.645597494
 31
0.0
  0
LINE
  5
515
330
1F
100
AcDbEntity
  8
0
  6
Continuous
 62
     7
370
    25
100
AcDbLine
 10
-0.9405533032
 20
1.0110983954
 30
0.0
 11
-0.9220438804
 21
1.3642792222
 31
0.0
  0
LINE
  5
516
330
1F
100
AcDbEntity
  8
0
  6
Continuous
 62
     7
370
    25
100
AcDbLine
 10
-1.3223262434
 20
0.8646904317
 30
0.0
 11
-1.9767104809
 21
0.8852808113
 31
0.0
  0
LINE
  5
517
330
1F
100
AcDbEntity
  8
0
  6
Continuous
 62
     7
370
    25
100
AcDbLine
 10
-1.796035983
 20
1.5673739232
 30
0.0
 11
-1.2822343993
 21
0.9465445161
 31
0.0
  0
LINE
  5
518
330
1F
100
AcDbEntity
  8
0
  6
Continuous
 62
     7
370
    25
100
AcDbLine
 10
-6.1882892526
 20
-4.8133840175
 30
0.0
 11
-6.1650585688
 21
-4.852036648
 31
0.0
  0
LINE
  5
519
330
1F
100
AcDbEntity
  8
0
  6
Continuous
 62
     7
370
    25
100
AcDbLine
 10
-3.6019346784
 20
-4.202565754
 30
0.0
 11
-3.4782522577
 21
-3.7076292971
 31
0.0
  0
LINE
  5
51A
330
1F
100
AcDbEntity
  8
0
  6
Continuous
 62
     7
370
    25
100
AcDbLine
 10
-3.4816211665
 20
-4.2367015073
 30
0.0
 11
-3.3342230459
 21
-3.6468626025
 31
0.0
  0
LINE
  5
51B
330
1F
100
AcDbEntity
  8
0
  6
Continuous
 62
     7
370
    25
100
AcDbLine
 10
-2.4866614244
 20
-4.170475088
 30
0.0
 11
-3.256576578
 21
-3.6183525078
 31
0.0
  0
LINE
  5
51C
330
1F
100
AcDbEntity
  8
0
  6
Continuous
 62
     7
370
    25
100
AcDbLine
 10
-2.1394060276
 20
-4.1700631516
 30
0.0
 11
-2.107710993
 21
-3.2624361138
 31
0.0
  0
LINE
  5
51D
330
1F
100
AcDbEntity
  8
0
  6
Continuous
 62
     7
370
    25
100
AcDbLine
 10
-2.2185137199
 20
-4.2089502842
 30
0.0
 11
-3.104954094
 21
-3.5732649827
 31
0.0
  0
LINE
  5
51E
330
1F
100
AcDbEntity
  8
0
  6
Continuous
 62
     7
370
    25
100
AcDbLine
 10
0.6984536666
 20
-3.5596085356
 30
0.0
 11
0.1462320091
 21
-2.8859622794
 31
0.0
  0
LINE
  5
51F
330
1F
100
AcDbEntity
  8
0
  6
Continuous
 62
     7
370
    25
100
AcDbLine
 10
1.6320692277
 20
-2.8709521031
 30
0.0
 11
2.7099223519
 21
-4.1280017296
 31
0.0
  0
LINE
  5
520
330
1F
100
AcDbEntity
  8
0
  6
Continuous
 62
     7
370
    25
100
AcDbLine
 10
2.7978490231
 20
-4.0972004866
 30
0.0
 11
2.8092738005
 21
-3.7700376677
 31
0.0
  0
LINE
  5
521
330
1F
100
AcDbEntity
  8
0
  6
Continuous
 62
     7
370
    25
100
AcDbLine
 10
2.8377335274
 20
-2.9550577204
 30
0.0
 11
2.8190639723
 21
-3.489683829
 31
0.0
  0
LINE
  5
522
330
1F
100
AcDbEntity
  8
0
  6
Continuous
 62
     7
370
    25
100
AcDbLine
 10
-0.2073796799
 20
-4.1945657548
 30
0.0
 11
-0.1888986806
 21
-3.6653391776
 31
0.0
  0
LINE
  5
523
330
1F
100
AcDbEntity
  8
0
  6
Continuous
 62
     7
370
    25
100
AcDbLine
 10
-0.1653374113
 20
-2.990632703
 30
0.0
 11
-0.1791085088
 21
-3.3849853388
 31
0.0
  0
LINE
  5
524
330
1F
100
AcDbEntity
  8
0
  6
Continuous
 62
     7
370
    25
100
AcDbLine
 10
-1.7295036576
 20
-4.1555419341
 30
0.0
 11
-0.2468490795
 21
-2.9500921842
 31
0.0
  0
LINE
  5
525
330
1F
100
AcDbEntity
  8
0
  6
Continuous
 62
     7
370
    25
100
AcDbLine
 10
-2.012501831
 20
-4.1177159772
 30
0.0
 11
-1.9831804819
 21
-3.278062399
 31
0.0
  0
LINE
  5
526
330
1F
100
AcDbEntity
  8
0
  6
Continuous
 62
     7
370
    25
100
AcDbLine
 10
-0.4714759681
 20
-2.9716206828
 30
0.0
 11
-1.9309901628
 21
-4.1582564961
 31
0.0
  0
LINE
  5
527
330
1F
100
AcDbEntity
  8
0
  6
Continuous
 62
     7
370
    25
100
AcDbLine
 10
4.0362843525
 20
-3.4696962799
 30
0.0
 11
3.1578744432
 21
-4.222886007
 31
0.0
  0
LINE
  5
528
330
1F
100
AcDbEntity
  8
0
  6
Continuous
 62
     7
370
    25
100
AcDbLine
 10
1.004535871
 20
-4.2598832275
 30
0.0
 11
-0.0083391145
 21
-4.2457004263
 31
0.0
  0
LINE
  5
529
330
1F
100
AcDbEntity
  8
0
  6
Continuous
 62
     7
370
    25
100
AcDbLine
 10
1.0439040534
 20
-4.178189925
 30
0.0
 11
0.0551449588
 21
-2.9720187195
 31
0.0
  0
LINE
  5
52A
330
1F
100
AcDbEntity
  8
0
  6
Continuous
 62
     7
370
    25
100
AcDbLine
 10
-0.0291998847
 20
-3.3902202634
 30
0.0
 11
-0.0154287872
 21
-2.9958676275
 31
0.0
  0
LINE
  5
52B
330
1F
100
AcDbEntity
  8
0
  6
Continuous
 62
     7
370
    25
100
AcDbLine
 10
-0.0574710558
 20
-4.1998006793
 30
0.0
 11
-0.0389900565
 21
-3.6705741021
 31
0.0
  0
LINE
  5
52C
330
1F
100
AcDbEntity
  8
0
  6
Continuous
 62
     7
370
    25
100
AcDbLine
 10
3.8368333375
 20
-3.4760554588
 30
0.0
 11
3.0293554353
 21
-4.1684247666
 31
0.0
  0
LINE
  5
52D
330
1F
100
AcDbEntity
  8
0
  6
Continuous
 62
     7
370
    25
100
AcDbLine
 10
2.9794458567
 20
-3.1365090919
 30
0.0
 11
2.9669698374
 21
-3.493775538
 31
0.0
  0
LINE
  5
52E
330
1F
100
AcDbEntity
  8
0
  6
Continuous
 62
     7
370
    25
100
AcDbLine
 10
2.9468396761
 20
-4.1287226619
 30
0.0
 11
2.9591824245
 21
-3.7752725923
 31
0.0
  0
LINE
  5
52F
330
1F
100
AcDbEntity
  8
0
  6
Continuous
 62
     7
370
    25
100
AcDbLine
 10
2.5676800531
 20
-4.2817711835
 30
0.0
 11
1.9130361298
 21
-4.2726045195
 31
0.0
  0
LINE
  5
530
330
1F
100
AcDbEntity
  8
0
  6
Continuous
 62
     7
370
    25
100
AcDbLine
 10
2.0817789439
 20
-3.587462089
 30
0.0
 11
2.6063372402
 21
-4.1992298667
 31
0.0
  0
LINE
  5
531
330
1F
100
AcDbEntity
  8
0
  6
Continuous
 62
     7
370
    25
100
AcDbLine
 10
2.9140849121
 20
4.2355273992
 30
0.0
 11
2.9647183971
 21
3.421130789
 31
0.0
  0
LINE
  5
532
330
1F
100
AcDbEntity
  8
0
  6
Continuous
 62
     7
370
    25
100
AcDbLine
 10
0.7000892088
 20
3.5865516905
 30
0.0
 11
0.7105417265
 21
3.4184318207
 31
0.0
  0
LINE
  5
533
330
1F
100
AcDbEntity
  8
0
  6
Continuous
 62
     7
370
    25
100
AcDbLine
 10
9.4379417131
 20
3.0593797066
 30
0.0
 11
9.5868239285
 21
3.5163184756
 31
0.0
  0
LINE
  5
534
330
1F
100
AcDbEntity
  8
0
  6
Continuous
 62
     7
370
    25
100
AcDbLine
 10
5.2255840396
 20
3.3162433263
 30
0.0
 11
5.1478352313
 21
4.5667668839
 31
0.0
  0
LINE
  5
535
330
1F
100
AcDbEntity
  8
0
  6
Continuous
 62
     7
370
    25
100
AcDbLine
 10
5.0430659571
 20
4.6604383824
 30
0.0
 11
4.469003177
 21
4.6181440603
 31
0.0
  0
LINE
  5
536
330
1F
100
AcDbEntity
  8
0
  6
Continuous
 62
     7
370
    25
100
AcDbLine
 10
4.4519200837
 20
3.3393105341
 30
0.0
 11
4.3789844063
 21
4.5124189696
 31
0.0
  0
LINE
  5
537
330
1F
100
AcDbEntity
  8
0
  6
Continuous
 62
     7
370
    25
100
AcDbLine
 10
4.5459962721
 20
3.2456802154
 30
0.0
 11
5.1192257188
 21
3.2102528185
 31
0.0
  0
LINE
  5
538
330
1F
100
AcDbEntity
  8
0
  6
Continuous
 62
     7
370
    25
100
AcDbLine
 10
-1.0196786521
 20
2.9839698259
 30
0.0
 11
-0.9985027276
 21
2.9441543674
 31
0.0
  0
LINE
  5
539
330
1F
100
AcDbEntity
  8
0
  6
Continuous
 62
     7
370
    25
100
AcDbLine
 10
9.0835718116
 20
3.0968564053
 30
0.0
 11
8.6141880972
 21
3.9291717775
 31
0.0
  0
LINE
  5
53A
330
1F
100
AcDbEntity
  8
0
  6
Continuous
 62
     7
370
    25
100
AcDbLine
 10
8.4272772554
 20
3.8738444681
 30
0.0
 11
8.4773102632
 21
3.0691054988
 31
0.0
  0
LINE
  5
53B
330
1F
100
AcDbEntity
  8
0
  6
Continuous
 62
     7
370
    25
100
AcDbLine
 10
8.5702991561
 20
2.9755435367
 30
0.0
 11
8.990338514
 21
2.9479224561
 31
0.0
  0
LINE
  5
53C
330
1F
100
AcDbEntity
  8
0
  6
Continuous
 62
     7
370
    25
100
AcDbLine
 10
9.1795712525
 20
3.1302041396
 30
0.0
 11
8.6812976823
 21
4.0137472606
 31
0.0
  0
LINE
  5
53D
330
1F
100
AcDbEntity
  8
0
  6
Continuous
 62
     7
370
    25
100
AcDbLine
 10
9.3617551234
 20
3.1483465616
 30
0.0
 11
9.5290853344
 21
3.6619046146
 31
0.0
  0
LINE
  5
53E
330
1F
100
AcDbEntity
  8
0
  6
Continuous
 62
     7
370
    25
100
AcDbLine
 10
7.9256632806
 20
1.6431057673
 30
0.0
 11
7.8750297955
 21
2.4575023774
 31
0.0
  0
LINE
  5
53F
330
1F
100
AcDbEntity
  8
0
  6
Continuous
 62
     7
370
    25
100
AcDbLine
 10
10.1396589838
 20
2.2920814759
 30
0.0
 11
10.1292064662
 21
2.4602013457
 31
0.0
  0
LINE
  5
540
330
1F
100
AcDbEntity
  8
0
  6
Continuous
 62
     7
370
    25
100
AcDbLine
 10
1.4018064796
 20
2.8192534599
 30
0.0
 11
1.2529242642
 21
2.3623146909
 31
0.0
  0
LINE
  5
541
330
1F
100
AcDbEntity
  8
0
  6
Continuous
 62
     7
370
    25
100
AcDbLine
 10
5.614164153
 20
2.5623898402
 30
0.0
 11
5.6919129613
 21
1.3118662826
 31
0.0
  0
LINE
  5
542
330
1F
100
AcDbEntity
  8
0
  6
Continuous
 62
     7
370
    25
100
AcDbLine
 10
5.7966822355
 20
1.218194784
 30
0.0
 11
6.3707450156
 21
1.2604891061
 31
0.0
  0
LINE
  5
543
330
1F
100
AcDbEntity
  8
0
  6
Continuous
 62
     7
370
    25
100
AcDbLine
 10
6.3878281089
 20
2.5393226323
 30
0.0
 11
6.4607637863
 21
1.3662141969
 31
0.0
  0
LINE
  5
544
330
1F
100
AcDbEntity
  8
0
  6
Continuous
 62
     7
370
    25
100
AcDbLine
 10
6.2937519205
 20
2.6329529511
 30
0.0
 11
5.7205224738
 21
2.6683803479
 31
0.0
  0
LINE
  5
545
330
1F
100
AcDbEntity
  8
0
  6
Continuous
 62
     7
370
    25
100
AcDbLine
 10
11.8594268447
 20
2.8946633405
 30
0.0
 11
11.8382509202
 21
2.934478799
 31
0.0
  0
LINE
  5
546
330
1F
100
AcDbEntity
  8
0
  6
Continuous
 62
     7
370
    25
100
AcDbLine
 10
1.756176381
 20
2.7817767612
 30
0.0
 11
2.2255600955
 21
1.949461389
 31
0.0
  0
LINE
  5
547
330
1F
100
AcDbEntity
  8
0
  6
Continuous
 62
     7
370
    25
100
AcDbLine
 10
2.4124709372
 20
2.0047886983
 30
0.0
 11
2.3624379294
 21
2.8095276677
 31
0.0
  0
LINE
  5
548
330
1F
100
AcDbEntity
  8
0
  6
Continuous
 62
     7
370
    25
100
AcDbLine
 10
2.2694490365
 20
2.9030896298
 30
0.0
 11
1.8494096786
 21
2.9307107103
 31
0.0
  0
LINE
  5
549
330
1F
100
AcDbEntity
  8
0
  6
Continuous
 62
     7
370
    25
100
AcDbLine
 10
1.6601769402
 20
2.7484290268
 30
0.0
 11
2.1584505103
 21
1.8648859058
 31
0.0
  0
LINE
  5
54A
330
1F
100
AcDbEntity
  8
0
  6
Continuous
 62
     7
370
    25
100
AcDbLine
 10
1.4779930692
 20
2.7302866049
 30
0.0
 11
1.3106628582
 21
2.2167285519
 31
0.0
  0
LINE
  5
54B
330
1F
100
AcDbEntity
  8
0
  6
Continuous
 62
     7
370
    25
100
AcDbLine
 10
-2.8945104827
 20
4.2203136476
 30
0.0
 11
-2.8842948242
 21
3.8446439991
 31
0.0
  0
LINE
  5
54C
330
1F
100
AcDbEntity
  8
0
  6
Continuous
 62
     7
370
    25
100
AcDbLine
 10
-0.5916728536
 20
4.2827582192
 30
0.0
 11
-0.5900176123
 21
4.2218885336
 31
0.0
  0
LINE
  5
54D
330
1F
100
AcDbEntity
  8
0
  6
Continuous
 62
     7
370
    25
100
AcDbLine
 10
1.6674592287
 20
4.5984458455
 30
0.0
 11
1.6464696495
 21
4.643826872
 31
0.0
  0
LINE
  5
54E
330
1F
100
AcDbEntity
  8
0
  6
Continuous
 62
     7
370
    25
100
AcDbLine
 10
-8.2511451093
 20
4.3214746198
 30
0.0
 11
-8.2419738211
 21
3.9842105421
 31
0.0
  0
LINE
  5
54F
330
1F
100
AcDbEntity
  8
0
  6
Continuous
 62
     7
370
    25
100
AcDbLine
 10
-8.8637662808
 20
4.2402984812
 30
0.0
 11
-8.8639727933
 21
4.2405506581
 31
0.0
  0
LINE
  5
550
330
1F
100
AcDbEntity
  8
0
  6
Continuous
 62
     7
370
    25
100
AcDbLine
 10
-5.7274765663
 20
2.9850160209
 30
0.0
 11
-5.7172609079
 21
2.6093463725
 31
0.0
  0
LINE
  5
551
330
1F
100
AcDbEntity
  8
0
  6
Continuous
 62
     7
370
    25
100
AcDbLine
 10
-3.4246389372
 20
3.0474605925
 30
0.0
 11
-3.4229836959
 21
2.9865909069
 31
0.0
  0
LINE
  5
552
330
1F
100
AcDbEntity
  8
0
  6
Continuous
 62
     7
370
    25
100
AcDbLine
 10
-1.1655068549
 20
3.3631482189
 30
0.0
 11
-1.1864964341
 21
3.4085292454
 31
0.0
  0
LINE
  5
553
330
1F
100
AcDbEntity
  8
0
  6
Continuous
 62
     7
370
    25
100
AcDbLine
 10
-11.0841111929
 20
3.0861769932
 30
0.0
 11
-11.0749399047
 21
2.7489129155
 31
0.0
  0
LINE
  5
554
330
1F
100
AcDbEntity
  8
0
  6
Continuous
 62
     7
370
    25
100
AcDbLine
 10
-11.6967323644
 20
3.0050008546
 30
0.0
 11
-11.6969388769
 21
3.0052530315
 31
0.0
  0
ARC
  5
555
330
1F
100
AcDbEntity
  8
0
  6
Continuous
 62
     7
370
    25
100
AcDbCircle
 10
2.1545458224
 20
0.438927982
 30
0.0
 40
0.0500000000000417
100
AcDbArc
 50
335.1037050993
 51
110.8992058592
  0
ARC
  5
556
330
1F
100
AcDbEntity
  8
0
  6
Continuous
 62
     7
370
    25
100
AcDbCircle
 10
3.5980794253
 20
-3.3414700721
 30
0.0
 40
4.0966280666869
100
AcDbArc
 50
110.8992058591
 51
113.1701375339
  0
ARC
  5
557
330
1F
100
AcDbEntity
  8
0
  6
Continuous
 62
     7
370
    25
100
AcDbCircle
 10
2.9355039207
 20
-1.7933376615
 30
0.0
 40
2.412668370018208
100
AcDbArc
 50
113.1701375339
 51
131.1783714245
  0
ARC
  5
558
330
1F
100
AcDbEntity
  8
0
  6
Continuous
 62
     7
370
    25
100
AcDbCircle
 10
1.4128306141
 20
-0.0526765828
 30
0.0
 40
0.1000000000000975
100
AcDbArc
 50
131.1783714245
 51
268.141410177
  0
ARC
  5
559
330
1F
100
AcDbEntity
  8
0
  6
Continuous
 62
     7
370
    25
100
AcDbCircle
 10
2.118876849
 20
21.7053674749
 30
0.0
 40
21.8694966065642
100
AcDbArc
 50
268.1414101769
 51
269.1652562498
  0
ARC
  5
55A
330
1F
100
AcDbEntity
  8
0
  6
Continuous
 62
     7
370
    25
100
AcDbCircle
 10
1.8031845393
 20
0.0381705739
 30
0.0
 40
0.2000000000003545
100
AcDbArc
 50
269.1652562498
 51
335.1037050993
  0
ARC
  5
55B
330
1F
100
AcDbEntity
  8
0
  6
Continuous
 62
     7
370
    25
100
AcDbCircle
 10
6.1505421823
 20
0.0258622973
 30
0.0
 40
0.0499999999999877
100
AcDbArc
 50
269.3331812101
 51
26.6861305449
  0
ARC
  5
55C
330
1F
100
AcDbEntity
  8
0
  6
Continuous
 62
     7
370
    25
100
AcDbCircle
 10
6.0172278382
 20
0.2910882901
 30
0.0
 40
0.0500000000000146
100
AcDbArc
 50
26.6861305448
 51
173.1916741781
  0
ARC
  5
55D
330
1F
100
AcDbEntity
  8
0
  6
Continuous
 62
     7
370
    25
100
AcDbCircle
 10
5.3668467069
 20
0.368737399
 30
0.0
 40
0.6049999999992283
100
AcDbArc
 50
328.7017563449
 51
353.1916741781
  0
ARC
  5
55E
330
1F
100
AcDbEntity
  8
0
  6
Continuous
 62
     7
370
    25
100
AcDbCircle
 10
5.9265276715
 20
0.028469537
 30
0.0
 40
0.0500000000000182
100
AcDbArc
 50
148.7017563449
 51
269.3331812101
  0
ARC
  5
55F
330
1F
100
AcDbEntity
  8
0
  6
Continuous
 62
     7
370
    25
100
AcDbCircle
 10
6.7418489946
 20
0.0689836359
 30
0.0
 40
0.100000000000082
100
AcDbArc
 50
269.3331812101
 51
29.33318121
  0
ARC
  5
560
330
1F
100
AcDbEntity
  8
0
  6
Continuous
 62
     7
370
    25
100
AcDbCircle
 10
6.4089613961
 20
0.559313967
 30
0.0
 40
0.1499999999999644
100
AcDbArc
 50
29.3331812101
 51
80.7434504215
  0
ARC
  5
561
330
1F
100
AcDbEntity
  8
0
  6
Continuous
 62
     7
370
    25
100
AcDbCircle
 10
6.1124571051
 20
0.658297242
 30
0.0
 40
0.1000000000000222
100
AcDbArc
 50
80.7434504214
 51
206.6861305448
  0
ARC
  5
562
330
1F
100
AcDbEntity
  8
0
  6
Continuous
 62
     7
370
    25
100
AcDbCircle
 10
6.4067116563
 20
0.0728842018
 30
0.0
 40
0.0999999999999896
100
AcDbArc
 50
206.6861305448
 51
269.3331812101
  0
ARC
  5
563
330
1F
100
AcDbEntity
  8
0
  6
Continuous
 62
     7
370
    25
100
AcDbCircle
 10
5.3668467069
 20
0.368737399
 30
0.0
 40
0.6049999999999602
100
AcDbArc
 50
150.7731256224
 51
209.6429066353
  0
ARC
  5
564
330
1F
100
AcDbEntity
  8
0
  6
Continuous
 62
     7
370
    25
100
AcDbCircle
 10
4.7515980344
 20
0.7129670767
 30
0.0
 40
0.0999999999999989
100
AcDbArc
 50
330.7731256224
 51
90.740953327
  0
ARC
  5
565
330
1F
100
AcDbEntity
  8
0
  6
Continuous
 62
     7
370
    25
100
AcDbCircle
 10
4.4653162037
 20
0.7092646521
 30
0.0
 40
0.0999999999999918
100
AcDbArc
 50
90.740953327
 51
211.4873194762
  0
ARC
  5
566
330
1F
100
AcDbEntity
  8
0
  6
Continuous
 62
     7
370
    25
100
AcDbCircle
 10
3.8641233779
 20
0.3410362091
 30
0.0
 40
0.6049999999999748
100
AcDbArc
 50
331.9870302282
 51
31.4873194762
  0
ARC
  5
567
330
1F
100
AcDbEntity
  8
0
  6
Continuous
 62
     7
370
    25
100
AcDbCircle
 10
4.4865264932
 20
0.0099178585
 30
0.0
 40
0.0999999999999992
100
AcDbArc
 50
151.9870302282
 51
272.1683369592
  0
ARC
  5
568
330
1F
100
AcDbEntity
  8
0
  6
Continuous
 62
     7
370
    25
100
AcDbCircle
 10
4.754113729
 20
0.0200494328
 30
0.0
 40
0.1000000000000211
100
AcDbArc
 50
272.1683369592
 51
29.6429066353
  0
ARC
  5
569
330
1F
100
AcDbEntity
  8
0
  6
Continuous
 62
     7
370
    25
100
AcDbCircle
 10
6.1105926104
 20
-0.3795149075
 30
0.0
 40
0.2499999999999175
100
AcDbArc
 50
20.4740691506
 51
91.4422620687
  0
ARC
  5
56A
330
1F
100
AcDbEntity
  8
0
  6
Continuous
 62
     7
370
    25
100
AcDbCircle
 10
4.3735678105
 20
-0.4444953874
 30
0.0
 40
0.250000000000073
100
AcDbArc
 50
92.2181439412
 51
163.3003556914
  0
ARC
  5
56B
330
1F
100
AcDbEntity
  8
0
  6
Continuous
 62
     7
370
    25
100
AcDbCircle
 10
3.5659491188
 20
-1.0724532177
 30
0.0
 40
0.3431102362204874
100
AcDbArc
 50
191.5962060023
 51
343.3003556914
  0
ARC
  5
56C
330
1F
100
AcDbEntity
  8
0
  6
Continuous
 62
     7
370
    25
100
AcDbCircle
 10
2.7616150835
 20
-0.504282777
 30
0.0
 40
0.2500000000001608
100
AcDbArc
 50
17.8796177566
 51
91.6110313402
  0
ARC
  5
56D
330
1F
100
AcDbEntity
  8
0
  6
Continuous
 62
     7
370
    25
100
AcDbCircle
 10
9.7654769237
 20
-0.4231957154
 30
0.0
 40
0.2499999999999883
100
AcDbArc
 50
87.0327080206
 51
156.0344151879
  0
ARC
  5
56E
330
1F
100
AcDbEntity
  8
0
  6
Continuous
 62
     7
370
    25
100
AcDbCircle
 10
8.7175334322
 20
-1.5497677601
 30
0.0
 40
0.2500000000000097
100
AcDbArc
 50
265.4607453991
 51
336.0344151879
  0
ARC
  5
56F
330
1F
100
AcDbEntity
  8
0
  6
Continuous
 62
     7
370
    25
100
AcDbCircle
 10
7.0312582205
 20
-1.4158924996
 30
0.0
 40
0.2499999999999785
100
AcDbArc
 50
200.4740691506
 51
265.4607453991
  0
ARC
  5
570
330
1F
100
AcDbEntity
  8
0
  6
Continuous
 62
     7
370
    25
100
AcDbCircle
 10
2.7306476868
 20
-0.0555313794
 30
0.0
 40
0.0999999999999519
100
AcDbArc
 50
271.610349698
 51
27.1037050993
  0
ARC
  5
571
330
1F
100
AcDbEntity
  8
0
  6
Continuous
 62
     7
370
    25
100
AcDbCircle
 10
2.4527099605
 20
0.4875199635
 30
0.0
 40
0.0999999999999526
100
AcDbArc
 50
27.1037050993
 51
155.1037050994
  0
ARC
  5
572
330
1F
100
AcDbEntity
  8
0
  6
Continuous
 62
     7
370
    25
100
AcDbCircle
 10
2.1967509779
 20
-0.0639898451
 30
0.0
 40
0.0999999999999403
100
AcDbArc
 50
155.1037050993
 51
270.2049596516
  0
ARC
  5
573
330
1F
100
AcDbEntity
  8
0
  6
Continuous
 62
     7
370
    25
100
AcDbCircle
 10
2.1188768492
 20
21.7053674643
 30
0.0
 40
21.86949659600814
100
AcDbArc
 50
270.2049596512
 51
271.6103496984
  0
ARC
  5
574
330
1F
100
AcDbEntity
  8
0
  6
Continuous
 62
     7
370
    25
100
AcDbCircle
 10
3.8641233779
 20
0.3410362091
 30
0.0
 40
0.604999999999996
100
AcDbArc
 50
155.1179772067
 51
212.3496436902
  0
ARC
  5
575
330
1F
100
AcDbEntity
  8
0
  6
Continuous
 62
     7
370
    25
100
AcDbCircle
 10
3.2245642454
 20
0.6376658032
 30
0.0
 40
0.1000000000000096
100
AcDbArc
 50
335.1179772067
 51
95.3625505682
  0
ARC
  5
576
330
1F
100
AcDbEntity
  8
0
  6
Continuous
 62
     7
370
    25
100
AcDbCircle
 10
3.5980794253
 20
-3.3414700722
 30
0.0
 40
4.096628066739362
100
AcDbArc
 50
95.3625505682
 51
102.244580535
  0
ARC
  5
577
330
1F
100
AcDbEntity
  8
0
  6
Continuous
 62
     7
370
    25
100
AcDbCircle
 10
2.7504536132
 20
0.5642393879
 30
0.0
 40
0.1000000000000622
100
AcDbArc
 50
102.2445805349
 51
207.1037050993
  0
ARC
  5
578
330
1F
100
AcDbEntity
  8
0
  6
Continuous
 62
     7
370
    25
100
AcDbCircle
 10
3.0617690398
 20
-0.044027301
 30
0.0
 40
0.1000000000001097
100
AcDbArc
 50
207.1037050994
 51
272.1683369591
  0
ARC
  5
579
330
1F
100
AcDbEntity
  8
0
  6
Continuous
 62
     7
370
    25
100
AcDbCircle
 10
3.2685404153
 20
-0.0361983791
 30
0.0
 40
0.1000000000000349
100
AcDbArc
 50
272.1683369592
 51
32.3496436902
  0
ARC
  5
57A
330
1F
100
AcDbEntity
  8
0
  6
Continuous
 62
     7
370
    25
100
AcDbCircle
 10
6.8827095179
 20
0.5327632848
 30
0.0
 40
0.1000000000000179
100
AcDbArc
 50
80.7434504215
 51
209.3331812101
  0
ARC
  5
57B
330
1F
100
AcDbEntity
  8
0
  6
Continuous
 62
     7
370
    25
100
AcDbCircle
 10
7.1754142676
 20
0.1139408822
 30
0.0
 40
0.1500000000000322
100
AcDbArc
 50
209.3331812101
 51
269.3331812101
  0
ARC
  5
57C
330
1F
100
AcDbEntity
  8
0
  6
Continuous
 62
     7
370
    25
100
AcDbCircle
 10
9.4812914505
 20
0.0726988352
 30
0.0
 40
0.1360775739413612
100
AcDbArc
 50
274.1531112722
 51
80.7434504214
  0
ARC
  5
57D
330
1F
100
AcDbEntity
  8
0
  6
Continuous
 62
     7
370
    25
100
AcDbCircle
 10
11.0073087311
 20
-2.8947405445
 30
0.0
 40
0.0500000000000397
100
AcDbArc
 50
155.1037050992
 51
290.8992058592
  0
ARC
  5
57E
330
1F
100
AcDbEntity
  8
0
  6
Continuous
 62
     7
370
    25
100
AcDbCircle
 10
9.5637751282
 20
0.8856575096
 30
0.0
 40
4.096628066679832
100
AcDbArc
 50
290.8992058591
 51
293.1701375339
  0
ARC
  5
57F
330
1F
100
AcDbEntity
  8
0
  6
Continuous
 62
     7
370
    25
100
AcDbCircle
 10
10.2263506327
 20
-0.662474901
 30
0.0
 40
2.412668370018518
100
AcDbArc
 50
293.1701375339
 51
311.1783714245
  0
ARC
  5
580
330
1F
100
AcDbEntity
  8
0
  6
Continuous
 62
     7
370
    25
100
AcDbCircle
 10
11.7490239394
 20
-2.4031359797
 30
0.0
 40
0.1000000000001053
100
AcDbArc
 50
311.1783714245
 51
88.141410177
  0
ARC
  5
581
330
1F
100
AcDbEntity
  8
0
  6
Continuous
 62
     7
370
    25
100
AcDbCircle
 10
11.0429777045
 20
-24.1611800374
 30
0.0
 40
21.86949660652245
100
AcDbArc
 50
88.1414101769
 51
89.1652562498
  0
ARC
  5
582
330
1F
100
AcDbEntity
  8
0
  6
Continuous
 62
     7
370
    25
100
AcDbCircle
 10
11.3586700142
 20
-2.4939831364
 30
0.0
 40
0.2000000000003521
100
AcDbArc
 50
89.1652562498
 51
155.1037050993
  0
ARC
  5
583
330
1F
100
AcDbEntity
  8
0
  6
Continuous
 62
     7
370
    25
100
AcDbCircle
 10
7.0113123712
 20
-2.4816748599
 30
0.0
 40
0.0499999999999895
100
AcDbArc
 50
89.33318121
 51
206.6861305448
  0
ARC
  5
584
330
1F
100
AcDbEntity
  8
0
  6
Continuous
 62
     7
370
    25
100
AcDbCircle
 10
7.1446267153
 20
-2.7469008526
 30
0.0
 40
0.050000000000015
100
AcDbArc
 50
206.6861305449
 51
353.1916741781
  0
ARC
  5
585
330
1F
100
AcDbEntity
  8
0
  6
Continuous
 62
     7
370
    25
100
AcDbCircle
 10
7.7950078466
 20
-2.8245499615
 30
0.0
 40
0.6049999999991899
100
AcDbArc
 50
148.7017563449
 51
173.1916741781
  0
ARC
  5
586
330
1F
100
AcDbEntity
  8
0
  6
Continuous
 62
     7
370
    25
100
AcDbCircle
 10
7.235326882
 20
-2.4842820995
 30
0.0
 40
0.0500000000000202
100
AcDbArc
 50
328.7017563449
 51
89.3331812101
  0
ARC
  5
587
330
1F
100
AcDbEntity
  8
0
  6
Continuous
 62
     7
370
    25
100
AcDbCircle
 10
6.4200055589
 20
-2.5247961984
 30
0.0
 40
0.1000000000000828
100
AcDbArc
 50
89.3331812102
 51
209.33318121
  0
ARC
  5
588
330
1F
100
AcDbEntity
  8
0
  6
Continuous
 62
     7
370
    25
100
AcDbCircle
 10
6.7528931574
 20
-3.0151265295
 30
0.0
 40
0.1499999999998702
100
AcDbArc
 50
209.33318121
 51
260.7434504215
  0
ARC
  5
589
330
1F
100
AcDbEntity
  8
0
  6
Continuous
 62
     7
370
    25
100
AcDbCircle
 10
7.0493974484
 20
-3.1141098045
 30
0.0
 40
0.1000000000000019
100
AcDbArc
 50
260.7434504214
 51
26.6861305449
  0
ARC
  5
58A
330
1F
100
AcDbEntity
  8
0
  6
Continuous
 62
     7
370
    25
100
AcDbCircle
 10
6.7551428972
 20
-2.5286967643
 30
0.0
 40
0.1000000000000124
100
AcDbArc
 50
26.6861305448
 51
89.3331812101
  0
ARC
  5
58B
330
1F
100
AcDbEntity
  8
0
  6
Continuous
 62
     7
370
    25
100
AcDbCircle
 10
7.7950078466
 20
-2.8245499615
 30
0.0
 40
0.6049999999998849
100
AcDbArc
 50
330.7731256224
 51
29.6429066353
  0
ARC
  5
58C
330
1F
100
AcDbEntity
  8
0
  6
Continuous
 62
     7
370
    25
100
AcDbCircle
 10
8.4102565191
 20
-3.1687796392
 30
0.0
 40
0.100000000000014
100
AcDbArc
 50
150.7731256224
 51
270.740953327
  0
ARC
  5
58D
330
1F
100
AcDbEntity
  8
0
  6
Continuous
 62
     7
370
    25
100
AcDbCircle
 10
8.6965383498
 20
-3.1650772147
 30
0.0
 40
0.09999999999999
100
AcDbArc
 50
270.740953327
 51
31.4873194762
  0
ARC
  5
58E
330
1F
100
AcDbEntity
  8
0
  6
Continuous
 62
     7
370
    25
100
AcDbCircle
 10
9.2977311756
 20
-2.7968487717
 30
0.0
 40
0.6050000000000315
100
AcDbArc
 50
151.9870302282
 51
211.4873194762
  0
ARC
  5
58F
330
1F
100
AcDbEntity
  8
0
  6
Continuous
 62
     7
370
    25
100
AcDbCircle
 10
8.6753280603
 20
-2.465730421
 30
0.0
 40
0.0999999999999985
100
AcDbArc
 50
331.9870302282
 51
92.1683369592
  0
ARC
  5
590
330
1F
100
AcDbEntity
  8
0
  6
Continuous
 62
     7
370
    25
100
AcDbCircle
 10
8.4077408245
 20
-2.4758619954
 30
0.0
 40
0.1000000000000387
100
AcDbArc
 50
92.1683369593
 51
209.6429066353
  0
ARC
  5
591
330
1F
100
AcDbEntity
  8
0
  6
Continuous
 62
     7
370
    25
100
AcDbCircle
 10
7.0512619431
 20
-2.076297655
 30
0.0
 40
0.249999999999843
100
AcDbArc
 50
200.4740691506
 51
271.4422620687
  0
ARC
  5
592
330
1F
100
AcDbEntity
  8
0
  6
Continuous
 62
     7
370
    25
100
AcDbCircle
 10
8.788286743
 20
-2.0113171751
 30
0.0
 40
0.2500000000000615
100
AcDbArc
 50
272.2181439412
 51
343.3003556914
  0
ARC
  5
593
330
1F
100
AcDbEntity
  8
0
  6
Continuous
 62
     7
370
    25
100
AcDbCircle
 10
9.5959054347
 20
-1.3833593448
 30
0.0
 40
0.3431102362204909
100
AcDbArc
 50
11.5962060023
 51
163.3003556914
  0
ARC
  5
594
330
1F
100
AcDbEntity
  8
0
  6
Continuous
 62
     7
370
    25
100
AcDbCircle
 10
10.40023947
 20
-1.9515297855
 30
0.0
 40
0.2500000000001745
100
AcDbArc
 50
197.8796177566
 51
271.6110313402
  0
ARC
  5
595
330
1F
100
AcDbEntity
  8
0
  6
Continuous
 62
     7
370
    25
100
AcDbCircle
 10
3.3963776298
 20
-2.0326168471
 30
0.0
 40
0.2499999999999306
100
AcDbArc
 50
267.0327080206
 51
336.034415188
  0
ARC
  5
596
330
1F
100
AcDbEntity
  8
0
  6
Continuous
 62
     7
370
    25
100
AcDbCircle
 10
4.4443211213
 20
-0.9060448025
 30
0.0
 40
0.2499999999999637
100
AcDbArc
 50
85.4607453991
 51
156.034415188
  0
ARC
  5
597
330
1F
100
AcDbEntity
  8
0
  6
Continuous
 62
     7
370
    25
100
AcDbCircle
 10
6.130596333
 20
-1.0399200629
 30
0.0
 40
0.2499999999999801
100
AcDbArc
 50
20.4740691506
 51
85.4607453991
  0
ARC
  5
598
330
1F
100
AcDbEntity
  8
0
  6
Continuous
 62
     7
370
    25
100
AcDbCircle
 10
10.4312068667
 20
-2.4002811832
 30
0.0
 40
0.0999999999999303
100
AcDbArc
 50
91.610349698
 51
207.1037050994
  0
ARC
  5
599
330
1F
100
AcDbEntity
  8
0
  6
Continuous
 62
     7
370
    25
100
AcDbCircle
 10
10.709144593
 20
-2.943332526
 30
0.0
 40
0.0999999999999538
100
AcDbArc
 50
207.1037050993
 51
335.1037050994
  0
ARC
  5
59A
330
1F
100
AcDbEntity
  8
0
  6
Continuous
 62
     7
370
    25
100
AcDbCircle
 10
10.9651035755
 20
-2.3918227175
 30
0.0
 40
0.0999999999999265
100
AcDbArc
 50
335.1037050993
 51
90.2049596516
  0
ARC
  5
59B
330
1F
100
AcDbEntity
  8
0
  6
Continuous
 62
     7
370
    25
100
AcDbCircle
 10
11.0429777043
 20
-24.161180027
 30
0.0
 40
21.86949659612196
100
AcDbArc
 50
90.2049596512
 51
91.6103496984
  0
ARC
  5
59C
330
1F
100
AcDbEntity
  8
0
  6
Continuous
 62
     7
370
    25
100
AcDbCircle
 10
9.2977311756
 20
-2.7968487717
 30
0.0
 40
0.605000000000002
100
AcDbArc
 50
335.1179772067
 51
32.3496436902
  0
ARC
  5
59D
330
1F
100
AcDbEntity
  8
0
  6
Continuous
 62
     7
370
    25
100
AcDbCircle
 10
9.937290308
 20
-3.0934783657
 30
0.0
 40
0.1000000000000122
100
AcDbArc
 50
155.1179772067
 51
275.3625505682
  0
ARC
  5
59E
330
1F
100
AcDbEntity
  8
0
  6
Continuous
 62
     7
370
    25
100
AcDbCircle
 10
9.5637751282
 20
0.8856575096
 30
0.0
 40
4.096628066740251
100
AcDbArc
 50
275.3625505682
 51
282.244580535
  0
ARC
  5
59F
330
1F
100
AcDbEntity
  8
0
  6
Continuous
 62
     7
370
    25
100
AcDbCircle
 10
10.4114009403
 20
-3.0200519504
 30
0.0
 40
0.1000000000000384
100
AcDbArc
 50
282.2445805349
 51
27.1037050993
  0
ARC
  5
5A0
330
1F
100
AcDbEntity
  8
0
  6
Continuous
 62
     7
370
    25
100
AcDbCircle
 10
10.1000855137
 20
-2.4117852615
 30
0.0
 40
0.1000000000001192
100
AcDbArc
 50
27.1037050994
 51
92.1683369591
  0
ARC
  5
5A1
330
1F
100
AcDbEntity
  8
0
  6
Continuous
 62
     7
370
    25
100
AcDbCircle
 10
9.8933141382
 20
-2.4196141834
 30
0.0
 40
0.1000000000000246
100
AcDbArc
 50
92.1683369592
 51
212.3496436902
  0
ARC
  5
5A2
330
1F
100
AcDbEntity
  8
0
  6
Continuous
 62
     7
370
    25
100
AcDbCircle
 10
6.2791450356
 20
-2.9885758474
 30
0.0
 40
0.1000000000000327
100
AcDbArc
 50
260.7434504215
 51
29.3331812101
  0
ARC
  5
5A3
330
1F
100
AcDbEntity
  8
0
  6
Continuous
 62
     7
370
    25
100
AcDbCircle
 10
5.9864402859
 20
-2.5697534448
 30
0.0
 40
0.1499999999999272
100
AcDbArc
 50
29.3331812101
 51
89.3331812101
  0
ARC
  5
5A4
330
1F
100
AcDbEntity
  8
0
  6
Continuous
 62
     7
370
    25
100
AcDbCircle
 10
3.680563103
 20
-2.5285113977
 30
0.0
 40
0.1360775739413553
100
AcDbArc
 50
94.1531112722
 51
260.7434504214
  0
ARC
  5
5A5
330
1F
100
AcDbEntity
  8
0
  6
Continuous
 62
     7
370
    25
100
AcDbCircle
 10
-10.8924457434
 20
-4.5454875784
 30
0.0
 40
0.1386514630836413
100
AcDbArc
 50
83.7140082344
 51
266.2252401168
  0
ARC
  5
5A6
330
1F
100
AcDbEntity
  8
0
  6
Continuous
 62
     7
370
    25
100
AcDbCircle
 10
-10.4166454821
 20
-4.5647565282
 30
0.0
 40
0.1072565709543742
100
AcDbArc
 50
275.252146586
 51
85.0446436415
  0
ARC
  5
5A7
330
1F
100
AcDbEntity
  8
0
  6
Continuous
 62
     7
370
    25
100
AcDbCircle
 10
-9.2928340877
 20
-2.3161828825
 30
0.0
 40
0.2620107678400749
100
AcDbArc
 50
4.0091535679
 51
184.0091535679
  0
ARC
  5
5A8
330
1F
100
AcDbEntity
  8
0
  6
Continuous
 62
     7
370
    25
100
AcDbCircle
 10
-19.6264625766
 20
-3.0404395691
 30
0.0
 40
10.62098878187721
100
AcDbArc
 50
353.9174457175
 51
4.0091535679
  0
ARC
  5
5A9
330
1F
100
AcDbEntity
  8
0
  6
Continuous
 62
     7
370
    25
100
AcDbCircle
 10
-8.8663932143
 20
-4.1870456641
 30
0.0
 40
0.2000000000001833
100
AcDbArc
 50
173.9174457175
 51
251.43706975
  0
ARC
  5
5AA
330
1F
100
AcDbEntity
  8
0
  6
Continuous
 62
     7
370
    25
100
AcDbCircle
 10
-9.9334004571
 20
-4.0641178614
 30
0.0
 40
0.3500000000000025
100
AcDbArc
 50
267.9796423046
 51
353.9713750098
  0
ARC
  5
5AB
330
1F
100
AcDbEntity
  8
0
  6
Continuous
 62
     7
370
    25
100
AcDbCircle
 10
-19.6264625766
 20
-3.0404395691
 30
0.0
 40
10.09696724619983
100
AcDbArc
 50
353.9713750098
 51
4.0091535679
  0
ARC
  5
5AC
330
1F
100
AcDbEntity
  8
0
  6
Continuous
 62
     7
370
    25
100
AcDbCircle
 10
-19.6264625766
 20
-3.0404395691
 30
0.0
 40
10.24086777782058
100
AcDbArc
 50
356.0091535679
 51
4.0091535679
  0
ARC
  5
5AD
330
1F
100
AcDbEntity
  8
0
  6
Continuous
 62
     7
370
    25
100
AcDbCircle
 10
-9.2926032008
 20
-3.7613944198
 30
0.0
 40
0.1181102362204754
100
AcDbArc
 50
176.0091535679
 51
356.0091535679
  0
ARC
  5
5AE
330
1F
100
AcDbEntity
  8
0
  6
Continuous
 62
     7
370
    25
100
AcDbCircle
 10
-19.6264625766
 20
-3.0404395691
 30
0.0
 40
10.47708825025131
100
AcDbArc
 50
356.0091535679
 51
4.0091535679
  0
ARC
  5
5AF
330
1F
100
AcDbEntity
  8
0
  6
Continuous
 62
     7
370
    25
100
AcDbCircle
 10
-9.2928340877
 20
-2.3161828825
 30
0.0
 40
0.1181102362204969
100
AcDbArc
 50
4.0091535679
 51
184.0091535679
  0
ARC
  5
5B0
330
1F
100
AcDbEntity
  8
0
  6
Continuous
 62
     7
370
    25
100
AcDbCircle
 10
-9.9633618961
 20
-1.7141845557
 30
0.0
 40
0.1386514630836405
100
AcDbArc
 50
263.7140082344
 51
86.2252401168
  0
ARC
  5
5B1
330
1F
100
AcDbEntity
  8
0
  6
Continuous
 62
     7
370
    25
100
AcDbCircle
 10
-10.4391621574
 20
-1.6949156058
 30
0.0
 40
0.1072565709543766
100
AcDbArc
 50
95.252146586
 51
265.0446436415
  0
ARC
  5
5B2
330
1F
100
AcDbEntity
  8
0
  6
Continuous
 62
     7
370
    25
100
AcDbCircle
 10
-11.5629735518
 20
-3.9434892515
 30
0.0
 40
0.2620107678400668
100
AcDbArc
 50
184.0091535679
 51
4.0091535679
  0
ARC
  5
5B3
330
1F
100
AcDbEntity
  8
0
  6
Continuous
 62
     7
370
    25
100
AcDbCircle
 10
-1.2293450629
 20
-3.219232565
 30
0.0
 40
10.62098878187805
100
AcDbArc
 50
173.9174457175
 51
184.0091535679
  0
ARC
  5
5B4
330
1F
100
AcDbEntity
  8
0
  6
Continuous
 62
     7
370
    25
100
AcDbCircle
 10
-11.9894144252
 20
-2.0726264699
 30
0.0
 40
0.2000000000001356
100
AcDbArc
 50
353.9174457175
 51
71.43706975
  0
ARC
  5
5B5
330
1F
100
AcDbEntity
  8
0
  6
Continuous
 62
     7
370
    25
100
AcDbCircle
 10
-10.9224071824
 20
-2.1955542727
 30
0.0
 40
0.350000000000011
100
AcDbArc
 50
87.9796423046
 51
173.9713750098
  0
ARC
  5
5B6
330
1F
100
AcDbEntity
  8
0
  6
Continuous
 62
     7
370
    25
100
AcDbCircle
 10
-1.2293450629
 20
-3.219232565
 30
0.0
 40
10.09696724619758
100
AcDbArc
 50
173.9713750098
 51
184.0091535679
  0
ARC
  5
5B7
330
1F
100
AcDbEntity
  8
0
  6
Continuous
 62
     7
370
    25
100
AcDbCircle
 10
-1.2293450629
 20
-3.219232565
 30
0.0
 40
10.24086777781898
100
AcDbArc
 50
176.0091535679
 51
184.0091535679
  0
ARC
  5
5B8
330
1F
100
AcDbEntity
  8
0
  6
Continuous
 62
     7
370
    25
100
AcDbCircle
 10
-11.5632044387
 20
-2.4982777143
 30
0.0
 40
0.1181102362204794
100
AcDbArc
 50
356.0091535679
 51
176.0091535679
  0
ARC
  5
5B9
330
1F
100
AcDbEntity
  8
0
  6
Continuous
 62
     7
370
    25
100
AcDbCircle
 10
-1.2293450629
 20
-3.219232565
 30
0.0
 40
10.47708825025857
100
AcDbArc
 50
176.0091535679
 51
184.0091535679
  0
ARC
  5
5BA
330
1F
100
AcDbEntity
  8
0
  6
Continuous
 62
     7
370
    25
100
AcDbCircle
 10
-11.5629735518
 20
-3.9434892515
 30
0.0
 40
0.1181102362204793
100
AcDbArc
 50
184.0091535679
 51
4.0091535679
  0
ARC
  5
5BB
330
1F
100
AcDbEntity
  8
0
  6
Continuous
 62
     7
370
    25
100
AcDbCircle
 10
-9.6741877017
 20
1.0983220123
 30
0.0
 40
0.0199999999999827
100
AcDbArc
 50
294.8651873779
 51
102.1558916167
  0
ARC
  5
5BC
330
1F
100
AcDbEntity
  8
0
  6
Continuous
 62
     7
370
    25
100
AcDbCircle
 10
-10.0731485597
 20
0.9834613347
 30
0.0
 40
0.0645179152575433
100
AcDbArc
 50
97.7385270169
 51
289.3397198356
  0
ARC
  5
5BD
330
1F
100
AcDbEntity
  8
0
  6
Continuous
 62
     7
370
    25
100
AcDbCircle
 10
-10.564802463
 20
0.8940602241
 30
0.0
 40
0.1096583169580196
100
AcDbArc
 50
281.4784869968
 51
92.4131255974
  0
ARC
  5
5BE
330
1F
100
AcDbEntity
  8
0
  6
Continuous
 62
     7
370
    25
100
AcDbCircle
 10
-11.2680236874
 20
0.8746311948
 30
0.0
 40
0.1238014784685612
100
AcDbArc
 50
90.9284584871
 51
260.0593269083
  0
ARC
  5
5BF
330
1F
100
AcDbEntity
  8
0
  6
Continuous
 62
     7
370
    25
100
AcDbCircle
 10
-9.6509518307
 20
-0.9178473296
 30
0.0
 40
0.0199999999999828
100
AcDbArc
 50
294.8651873779
 51
102.1558916167
  0
ARC
  5
5C0
330
1F
100
AcDbEntity
  8
0
  6
Continuous
 62
     7
370
    25
100
AcDbCircle
 10
-10.0499126887
 20
-1.0327080072
 30
0.0
 40
0.0645179152575434
100
AcDbArc
 50
97.7385270169
 51
289.3397198356
  0
ARC
  5
5C1
330
1F
100
AcDbEntity
  8
0
  6
Continuous
 62
     7
370
    25
100
AcDbCircle
 10
-10.541566592
 20
-1.1221091178
 30
0.0
 40
0.1096583169580203
100
AcDbArc
 50
281.4784869968
 51
92.4131255974
  0
ARC
  5
5C2
330
1F
100
AcDbEntity
  8
0
  6
Continuous
 62
     7
370
    25
100
AcDbCircle
 10
-11.2447878164
 20
-1.1415381471
 30
0.0
 40
0.1238014784685611
100
AcDbArc
 50
90.9284584871
 51
260.0593269083
  0
ARC
  5
5C3
330
1F
100
AcDbEntity
  8
0
  6
Continuous
 62
     7
370
    25
100
AcDbCircle
 10
-11.1499503101
 20
1.4456891114
 30
0.0
 40
0.0199999999999761
100
AcDbArc
 50
114.8651873778
 51
282.1558916167
  0
ARC
  5
5C4
330
1F
100
AcDbEntity
  8
0
  6
Continuous
 62
     7
370
    25
100
AcDbCircle
 10
-10.7509894521
 20
1.560549789
 30
0.0
 40
0.0645179152575452
100
AcDbArc
 50
277.7385270169
 51
109.3397198356
  0
ARC
  5
5C5
330
1F
100
AcDbEntity
  8
0
  6
Continuous
 62
     7
370
    25
100
AcDbCircle
 10
-10.2593355489
 20
1.6499508995
 30
0.0
 40
0.1096583169580238
100
AcDbArc
 50
101.4784869968
 51
272.4131255974
  0
ARC
  5
5C6
330
1F
100
AcDbEntity
  8
0
  6
Continuous
 62
     7
370
    25
100
AcDbCircle
 10
-9.5561143245
 20
1.6693799288
 30
0.0
 40
0.1238014784685636
100
AcDbArc
 50
270.9284584871
 51
80.0593269083
  0
ARC
  5
5C7
330
1F
100
AcDbEntity
  8
0
  6
Continuous
 62
     7
370
    25
100
AcDbCircle
 10
-11.1834315656
 20
-0.5640234628
 30
0.0
 40
0.0199999999999761
100
AcDbArc
 50
114.8651873778
 51
282.1558916167
  0
ARC
  5
5C8
330
1F
100
AcDbEntity
  8
0
  6
Continuous
 62
     7
370
    25
100
AcDbCircle
 10
-10.7844707076
 20
-0.4491627853
 30
0.0
 40
0.0645179152575452
100
AcDbArc
 50
277.7385270169
 51
109.3397198356
  0
ARC
  5
5C9
330
1F
100
AcDbEntity
  8
0
  6
Continuous
 62
     7
370
    25
100
AcDbCircle
 10
-10.2928168044
 20
-0.3597616747
 30
0.0
 40
0.1096583169580233
100
AcDbArc
 50
101.4784869968
 51
272.4131255974
  0
ARC
  5
5CA
330
1F
100
AcDbEntity
  8
0
  6
Continuous
 62
     7
370
    25
100
AcDbCircle
 10
-9.5895955799
 20
-0.3403326454
 30
0.0
 40
0.1238014784685632
100
AcDbArc
 50
270.9284584871
 51
80.0593269083
  0
ARC
  5
5CB
330
1F
100
AcDbEntity
  8
0
  6
Continuous
 62
     7
370
    25
100
AcDbCircle
 10
-8.1987929245
 20
-3.8454231296
 30
0.0
 40
0.0199999999999763
100
AcDbArc
 50
114.8651873778
 51
282.1558916167
  0
ARC
  5
5CC
330
1F
100
AcDbEntity
  8
0
  6
Continuous
 62
     7
370
    25
100
AcDbCircle
 10
-7.7998320664
 20
-3.730562452
 30
0.0
 40
0.0645179152575454
100
AcDbArc
 50
277.7385270169
 51
109.3397198356
  0
ARC
  5
5CD
330
1F
100
AcDbEntity
  8
0
  6
Continuous
 62
     7
370
    25
100
AcDbCircle
 10
-7.3081781632
 20
-3.6411613414
 30
0.0
 40
0.1096583169580234
100
AcDbArc
 50
101.4784869968
 51
272.4131255974
  0
ARC
  5
5CE
330
1F
100
AcDbEntity
  8
0
  6
Continuous
 62
     7
370
    25
100
AcDbCircle
 10
-6.6049569388
 20
-3.6217323121
 30
0.0
 40
0.1238014784685629
100
AcDbArc
 50
270.9284584871
 51
80.0593269083
  0
ARC
  5
5CF
330
1F
100
AcDbEntity
  8
0
  6
Continuous
 62
     7
370
    25
100
AcDbCircle
 10
-6.3208607117
 20
-4.1391078028
 30
0.0
 40
0.0199999999999829
100
AcDbArc
 50
294.8651873779
 51
102.1558916167
  0
ARC
  5
5D0
330
1F
100
AcDbEntity
  8
0
  6
Continuous
 62
     7
370
    25
100
AcDbCircle
 10
-6.7198215697
 20
-4.2539684803
 30
0.0
 40
0.0645179152575432
100
AcDbArc
 50
97.7385270169
 51
289.3397198356
  0
ARC
  5
5D1
330
1F
100
AcDbEntity
  8
0
  6
Continuous
 62
     7
370
    25
100
AcDbCircle
 10
-7.2114754729
 20
-4.3433695909
 30
0.0
 40
0.1096583169580204
100
AcDbArc
 50
281.4784869968
 51
92.4131255974
  0
ARC
  5
5D2
330
1F
100
AcDbEntity
  8
0
  6
Continuous
 62
     7
370
    25
100
AcDbCircle
 10
-7.9146966974
 20
-4.3627986202
 30
0.0
 40
0.1238014784685609
100
AcDbArc
 50
90.9284584871
 51
260.0593269083
  0
ARC
  5
5D3
330
1F
100
AcDbEntity
  8
0
  6
Continuous
 62
     7
370
    25
100
AcDbCircle
 10
-10.4032527558
 20
4.2215616833
 30
0.0
 40
0.1070045166464822
100
AcDbArc
 50
102.7665154859
 51
272.5144676155
  0
ARC
  5
5D4
330
1F
100
AcDbEntity
  8
0
  6
Continuous
 62
     7
370
    25
100
AcDbCircle
 10
-9.9290080616
 20
4.2645329026
 30
0.0
 40
0.1386385080950688
100
AcDbArc
 50
271.199432137
 51
93.7091378837
  0
ARC
  5
5D5
330
1F
100
AcDbEntity
  8
0
  6
Continuous
 62
     7
370
    25
100
AcDbCircle
 10
-11.2341964712
 20
4.056469139
 30
0.0
 40
0.0200000000000033
100
AcDbArc
 50
110.9800082072
 51
278.4089085046
  0
ARC
  5
5D6
330
1F
100
AcDbEntity
  8
0
  6
Continuous
 62
     7
370
    25
100
AcDbCircle
 10
-10.8468328056
 20
4.1468585089
 30
0.0
 40
0.0633623352552515
100
AcDbArc
 50
275.4248829282
 51
107.5305873583
  0
ARC
  5
5D7
330
1F
100
AcDbEntity
  8
0
  6
Continuous
 62
     7
370
    25
100
AcDbCircle
 10
-10.5556344679
 20
3.6717059243
 30
0.0
 40
0.1070045166464828
100
AcDbArc
 50
282.7665154859
 51
92.5144676155
  0
ARC
  5
5D8
330
1F
100
AcDbEntity
  8
0
  6
Continuous
 62
     7
370
    25
100
AcDbCircle
 10
-11.0298791621
 20
3.6287347049
 30
0.0
 40
0.1386385080950693
100
AcDbArc
 50
91.199432137
 51
273.7091378837
  0
ARC
  5
5D9
330
1F
100
AcDbEntity
  8
0
  6
Continuous
 62
     7
370
    25
100
AcDbCircle
 10
-9.7246907525
 20
3.8367984686
 30
0.0
 40
0.0200000000000033
100
AcDbArc
 50
290.9800082072
 51
98.4089085046
  0
ARC
  5
5DA
330
1F
100
AcDbEntity
  8
0
  6
Continuous
 62
     7
370
    25
100
AcDbCircle
 10
-10.1120544181
 20
3.7464090986
 30
0.0
 40
0.063362335255252
100
AcDbArc
 50
95.4248829282
 51
287.5305873583
  0
ARC
  5
5DB
330
1F
100
AcDbEntity
  8
0
  6
Continuous
 62
     7
370
    25
100
AcDbCircle
 10
-0.4889133271
 20
-2.1611619021
 30
0.0
 40
0.0499999999999967
100
AcDbArc
 50
165.9693889014
 51
291.4077181179
  0
ARC
  5
5DC
330
1F
100
AcDbEntity
  8
0
  6
Continuous
 62
     7
370
    25
100
AcDbCircle
 10
-4.7743265751
 20
8.7695893485
 30
0.0
 40
11.7907874355966
100
AcDbArc
 50
291.4077181179
 51
297.2970623953
  0
ARC
  5
5DD
330
1F
100
AcDbEntity
  8
0
  6
Continuous
 62
     7
370
    25
100
AcDbCircle
 10
0.5825318071
 20
-1.6002580935
 30
0.0
 40
0.1191333468268542
100
AcDbArc
 50
295.0508987849
 51
94.5678176843
  0
ARC
  5
5DE
330
1F
100
AcDbEntity
  8
0
  6
Continuous
 62
     7
370
    25
100
AcDbCircle
 10
-2.7651668659
 20
40.3021288888
 30
0.0
 40
41.91676941766951
100
AcDbArc
 50
273.4028994699
 51
274.5678176847
  0
ARC
  5
5DF
330
1F
100
AcDbEntity
  8
0
  6
Continuous
 62
     7
370
    25
100
AcDbCircle
 10
-0.2682142726
 20
-1.6904694707
 30
0.0
 40
0.149999999999991
100
AcDbArc
 50
93.4028994699
 51
165.9693889014
  0
ARC
  5
5E0
330
1F
100
AcDbEntity
  8
0
  6
Continuous
 62
     7
370
    25
100
AcDbCircle
 10
-0.5825610521
 20
-1.6078456664
 30
0.0
 40
0.0500000000000001
100
AcDbArc
 50
345.9693889053
 51
92.9811812273
  0
ARC
  5
5E1
330
1F
100
AcDbEntity
  8
0
  6
Continuous
 62
     7
370
    25
100
AcDbCircle
 10
-2.7651668659
 20
40.3021288881
 30
0.0
 40
41.91676941694988
100
AcDbArc
 50
271.7277219852
 51
272.9811812273
  0
ARC
  5
5E2
330
1F
100
AcDbEntity
  8
0
  6
Continuous
 62
     7
370
    25
100
AcDbCircle
 10
-1.4998743263
 20
-1.6455619909
 30
0.0
 40
0.050000000000002
100
AcDbArc
 50
91.7277219852
 51
234.3548856608
  0
ARC
  5
5E3
330
1F
100
AcDbEntity
  8
0
  6
Continuous
 62
     7
370
    25
100
AcDbCircle
 10
-0.7299591727
 20
-2.1976845712
 30
0.0
 40
0.0500000000000021
100
AcDbArc
 50
234.3548856608
 51
345.9693889053
  0
ARC
  5
5E4
330
1F
100
AcDbEntity
  8
0
  6
Continuous
 62
     7
370
    25
100
AcDbCircle
 10
-1.8579933673
 20
-2.5959780475
 30
0.0
 40
0.0499999999999977
100
AcDbArc
 50
178.0
 51
284.5185828479
  0
ARC
  5
5E5
330
1F
100
AcDbEntity
  8
0
  6
Continuous
 62
     7
370
    25
100
AcDbCircle
 10
-5.3317171391
 20
10.8179661038
 30
0.0
 40
13.90643007907251
100
AcDbArc
 50
284.5185828479
 51
288.4788512947
  0
ARC
  5
5E6
330
1F
100
AcDbEntity
  8
0
  6
Continuous
 62
     7
370
    25
100
AcDbCircle
 10
-0.9398579587
 20
-2.3240363112
 30
0.0
 40
0.0499999999999994
100
AcDbArc
 50
288.4788512947
 51
54.3548856608
  0
ARC
  5
5E7
330
1F
100
AcDbEntity
  8
0
  6
Continuous
 62
     7
370
    25
100
AcDbCircle
 10
-1.8262983328
 20
-1.6883510097
 30
0.0
 40
0.0500000000000011
100
AcDbArc
 50
54.3548856608
 51
178.0
  0
ARC
  5
5E8
330
1F
100
AcDbEntity
  8
0
  6
Continuous
 62
     7
370
    25
100
AcDbCircle
 10
-5.4057108596
 20
-2.2765402209
 30
0.0
 40
0.6049999999999618
100
AcDbArc
 50
298.3434231609
 51
355.427350043
  0
ARC
  5
5E9
330
1F
100
AcDbEntity
  8
0
  6
Continuous
 62
     7
370
    25
100
AcDbCircle
 10
-5.0472705579
 20
-2.9410291599
 30
0.0
 40
0.1499999999999998
100
AcDbArc
 50
118.3434231609
 51
269.9534332213
  0
ARC
  5
5EA
330
1F
100
AcDbEntity
  8
0
  6
Continuous
 62
     7
370
    25
100
AcDbCircle
 10
-5.0399244198
 20
6.0976594665
 30
0.0
 40
9.18869161166791
100
AcDbArc
 50
269.9534332213
 51
275.2698031635
  0
ARC
  5
5EB
330
1F
100
AcDbEntity
  8
0
  6
Continuous
 62
     7
370
    25
100
AcDbCircle
 10
-4.2005740358
 20
-3.0024051105
 30
0.0
 40
0.0500000000000008
100
AcDbArc
 50
275.2698031635
 51
39.3431937413
  0
ARC
  5
5EC
330
1F
100
AcDbEntity
  8
0
  6
Continuous
 62
     7
370
    25
100
AcDbCircle
 10
-4.7527956933
 20
-2.3287588543
 30
0.0
 40
0.0499999999999975
100
AcDbArc
 50
39.3431937413
 51
175.427350043
  0
ARC
  5
5ED
330
1F
100
AcDbEntity
  8
0
  6
Continuous
 62
     7
370
    25
100
AcDbCircle
 10
-5.6857002592
 20
-3.0182633012
 30
0.0
 40
0.0499999999999999
100
AcDbArc
 50
265.7773432858
 51
40.6113307116
  0
ARC
  5
5EE
330
1F
100
AcDbEntity
  8
0
  6
Continuous
 62
     7
370
    25
100
AcDbCircle
 10
-6.7635533835
 20
-1.7612136747
 30
0.0
 40
0.0499999999999994
100
AcDbArc
 50
40.6113307116
 51
178.0
  0
ARC
  5
5EF
330
1F
100
AcDbEntity
  8
0
  6
Continuous
 62
     7
370
    25
100
AcDbCircle
 10
-6.9047971001
 20
-2.2241909758
 30
0.0
 40
0.159055118110238
100
AcDbArc
 50
296.133960405
 51
59.866039595
  0
ARC
  5
5F0
330
1F
100
AcDbEntity
  8
0
  6
Continuous
 62
     7
370
    25
100
AcDbCircle
 10
-6.8034378877
 20
-2.9033564408
 30
0.0
 40
0.050000000000002
100
AcDbArc
 50
178.0
 51
262.4835315449
  0
ARC
  5
5F1
330
1F
100
AcDbEntity
  8
0
  6
Continuous
 62
     7
370
    25
100
AcDbCircle
 10
-4.2463173893
 20
16.4768554915
 30
0.0
 40
19.59818354181797
100
AcDbArc
 50
262.4835315449
 51
265.7773432858
  0
ARC
  5
5F2
330
1F
100
AcDbEntity
  8
0
  6
Continuous
 62
     7
370
    25
100
AcDbCircle
 10
-2.317712371
 20
-1.6623317083
 30
0.0
 40
0.0500000000000081
100
AcDbArc
 50
309.1123107958
 51
90.6777124647
  0
ARC
  5
5F3
330
1F
100
AcDbEntity
  8
0
  6
Continuous
 62
     7
370
    25
100
AcDbCircle
 10
-3.1083929616
 20
65.1809836789
 30
0.0
 40
66.7979916508754
100
AcDbArc
 50
269.44293119
 51
270.6777124646
  0
ARC
  5
5F4
330
1F
100
AcDbEntity
  8
0
  6
Continuous
 62
     7
370
    25
100
AcDbCircle
 10
-3.7583246805
 20
-1.6638484064
 30
0.0
 40
0.0499999999999822
100
AcDbArc
 50
89.44293119
 51
178.0
  0
ARC
  5
5F5
330
1F
100
AcDbEntity
  8
0
  6
Continuous
 62
     7
370
    25
100
AcDbCircle
 10
-3.9066246191
 20
-2.3288894659
 30
0.0
 40
0.1590551181102355
100
AcDbArc
 50
296.133960405
 51
59.866039595
  0
ARC
  5
5F6
330
1F
100
AcDbEntity
  8
0
  6
Continuous
 62
     7
370
    25
100
AcDbCircle
 10
-3.8003669491
 20
-2.8677814583
 30
0.0
 40
0.0500000000000005
100
AcDbArc
 50
178.0
 51
309.1123107958
  0
ARC
  5
5F7
330
1F
100
AcDbEntity
  8
0
  6
Continuous
 62
     7
370
    25
100
AcDbCircle
 10
-2.1824020438
 20
-2.5733718629
 30
0.0
 40
0.1499999999999946
100
AcDbArc
 50
283.308733403
 51
358.0
  0
ARC
  5
5F8
330
1F
100
AcDbEntity
  8
0
  6
Continuous
 62
     7
370
    25
100
AcDbCircle
 10
-2.0531416121
 20
-1.7372082343
 30
0.0
 40
0.0500000000000009
100
AcDbArc
 50
358.0
 51
129.1123107958
  0
ARC
  5
5F9
330
1F
100
AcDbEntity
  8
0
  6
Continuous
 62
     7
370
    25
100
AcDbCircle
 10
-3.5126558068
 20
-2.9238440476
 30
0.0
 40
0.0500000000000003
100
AcDbArc
 50
129.1123107958
 51
277.8830476768
  0
ARC
  5
5FA
330
1F
100
AcDbEntity
  8
0
  6
Continuous
 62
     7
370
    25
100
AcDbCircle
 10
-5.5073925048
 20
11.482757267
 30
0.0
 40
14.59404125173112
100
AcDbArc
 50
277.8830476768
 51
283.308733403
  0
ARC
  5
5FB
330
1F
100
AcDbEntity
  8
0
  6
Continuous
 62
     7
370
    25
100
AcDbCircle
 10
-7.8862649845
 20
-9.0396642275
 30
0.0
 40
7.510792424177368
100
AcDbArc
 50
89.9792104201
 51
92.3157190707
  0
ARC
  5
5FC
330
1F
100
AcDbEntity
  8
0
  6
Continuous
 62
     7
370
    25
100
AcDbCircle
 10
-8.0171033545
 20
-5.8042095715
 30
0.0
 40
4.272693366078714
100
AcDbArc
 50
92.3157190707
 51
98.7901836446
  0
ARC
  5
5FD
330
1F
100
AcDbEntity
  8
0
  6
Continuous
 62
     7
370
    25
100
AcDbCircle
 10
-8.639014392
 20
-1.7823510899
 30
0.0
 40
0.2030350285402543
100
AcDbArc
 50
98.7901836446
 51
214.2797179312
  0
ARC
  5
5FE
330
1F
100
AcDbEntity
  8
0
  6
Continuous
 62
     7
370
    25
100
AcDbCircle
 10
-7.6701509013
 20
-1.1219396668
 30
0.0
 40
1.375570619237242
100
AcDbArc
 50
214.2797179312
 51
234.8465907868
  0
ARC
  5
5FF
330
1F
100
AcDbEntity
  8
0
  6
Continuous
 62
     7
370
    25
100
AcDbCircle
 10
-5.8347022596
 20
1.4844716576
 30
0.0
 40
4.56339930157065
100
AcDbArc
 50
234.8465907868
 51
238.3643931411
  0
ARC
  5
600
330
1F
100
AcDbEntity
  8
0
  6
Continuous
 62
     7
370
    25
100
AcDbCircle
 10
-8.1495969077
 20
-2.2731015171
 30
0.0
 40
0.1500000000000033
100
AcDbArc
 50
238.3643931412
 51
310.6113307116
  0
ARC
  5
601
330
1F
100
AcDbEntity
  8
0
  6
Continuous
 62
     7
370
    25
100
AcDbCircle
 10
-7.2060945628
 20
-1.5958260496
 30
0.0
 40
0.0499999999999992
100
AcDbArc
 50
310.6113307116
 51
87.1536942953
  0
ARC
  5
602
330
1F
100
AcDbEntity
  8
0
  6
Continuous
 62
     7
370
    25
100
AcDbCircle
 10
-7.8885445659
 20
-15.3221570161
 30
0.0
 40
13.79328562642596
100
AcDbArc
 50
87.1536942953
 51
89.9792104201
  0
ARC
  5
603
330
1F
100
AcDbEntity
  8
0
  6
Continuous
 62
     7
370
    25
100
AcDbCircle
 10
-4.0080348446
 20
-1.6609638591
 30
0.0
 40
0.0500000000000001
100
AcDbArc
 50
4.6981908685
 51
89.1977671914
  0
ARC
  5
604
330
1F
100
AcDbEntity
  8
0
  6
Continuous
 62
     7
370
    25
100
AcDbCircle
 10
-5.02090983
 20
-1.6467810579
 30
0.0
 40
0.0500000000000017
100
AcDbArc
 50
89.1977671914
 51
219.3431937413
  0
ARC
  5
605
330
1F
100
AcDbEntity
  8
0
  6
Continuous
 62
     7
370
    25
100
AcDbCircle
 10
-4.0400311091
 20
-2.8594122014
 30
0.0
 40
0.0398102459850147
100
AcDbArc
 50
219.3431937413
 51
358.0
  0
ARC
  5
606
330
1F
100
AcDbEntity
  8
0
  6
Continuous
 62
     7
370
    25
100
AcDbCircle
 10
-3.9066246191
 20
-2.3288894659
 30
0.0
 40
0.1590551181102382
100
AcDbArc
 50
116.133960405
 51
239.866039595
  0
ARC
  5
607
330
1F
100
AcDbEntity
  8
0
  6
Continuous
 62
     7
370
    25
100
AcDbCircle
 10
-7.0124831192
 20
-1.7262015497
 30
0.0
 40
0.0500000000000004
100
AcDbArc
 50
358.0
 51
130.6113307116
  0
ARC
  5
608
330
1F
100
AcDbEntity
  8
0
  6
Continuous
 62
     7
370
    25
100
AcDbCircle
 10
-7.7548685857
 20
-2.4944851171
 30
0.0
 40
0.1499999999999995
100
AcDbArc
 50
130.6113307116
 51
241.585248563
  0
ARC
  5
609
330
1F
100
AcDbEntity
  8
0
  6
Continuous
 62
     7
370
    25
100
AcDbCircle
 10
-6.716064259
 20
-0.5744384156
 30
0.0
 40
2.333046899378266
100
AcDbArc
 50
241.585248563
 51
258.6677601726
  0
ARC
  5
60A
330
1F
100
AcDbEntity
  8
0
  6
Continuous
 62
     7
370
    25
100
AcDbCircle
 10
-7.1450283824
 20
-2.71492517
 30
0.0
 40
0.1500000000000073
100
AcDbArc
 50
258.6677601726
 51
358.0
  0
ARC
  5
60B
330
1F
100
AcDbEntity
  8
0
  6
Continuous
 62
     7
370
    25
100
AcDbCircle
 10
-6.9047971001
 20
-2.2241909758
 30
0.0
 40
0.1590551181102377
100
AcDbArc
 50
116.133960405
 51
240.6967551274
  0
ARC
  5
60C
330
1F
100
AcDbEntity
  8
0
  6
Continuous
 62
     7
370
    25
100
AcDbCircle
 10
-6.5840540121
 20
-1.6248931019
 30
0.0
 40
0.0500000000000003
100
AcDbArc
 50
89.1977671914
 51
220.6113307116
  0
ARC
  5
60D
330
1F
100
AcDbEntity
  8
0
  6
Continuous
 62
     7
370
    25
100
AcDbCircle
 10
-6.0594957157
 20
-2.2366608796
 30
0.0
 40
0.0500000000000009
100
AcDbArc
 50
220.6113307116
 51
356.5094168344
  0
ARC
  5
60E
330
1F
100
AcDbEntity
  8
0
  6
Continuous
 62
     7
370
    25
100
AcDbCircle
 10
-5.4057108596
 20
-2.2765402209
 30
0.0
 40
0.6049999999999474
100
AcDbArc
 50
134.0667408086
 51
176.5094168344
  0
ARC
  5
60F
330
1F
100
AcDbEntity
  8
0
  6
Continuous
 62
     7
370
    25
100
AcDbCircle
 10
-5.9308102034
 20
-1.7340499637
 30
0.0
 40
0.1500000000000004
100
AcDbArc
 50
314.0667408086
 51
89.1977671914
  0
ARC
  5
610
330
1F
100
AcDbEntity
  8
0
  6
Continuous
 62
     7
370
    25
100
AcDbCircle
 10
-0.8999639845
 20
-0.2863267684
 30
0.0
 40
0.0499999999999966
100
AcDbArc
 50
164.9693889014
 51
290.4077181179
  0
ARC
  5
611
330
1F
100
AcDbEntity
  8
0
  6
Continuous
 62
     7
370
    25
100
AcDbCircle
 10
-4.9939566298
 20
10.7175504496
 30
0.0
 40
11.7907874355955
100
AcDbArc
 50
290.4077181179
 51
296.2970623953
  0
ARC
  5
612
330
1F
100
AcDbEntity
  8
0
  6
Continuous
 62
     7
370
    25
100
AcDbCircle
 10
0.1811070846
 20
0.2557923158
 30
0.0
 40
0.1191333468268543
100
AcDbArc
 50
294.0508987849
 51
93.5678176843
  0
ARC
  5
613
330
1F
100
AcDbEntity
  8
0
  6
Continuous
 62
     7
370
    25
100
AcDbCircle
 10
-2.4347842294
 20
42.2102227595
 30
0.0
 40
41.91676941757434
100
AcDbArc
 50
272.4028994699
 51
273.5678176847
  0
ARC
  5
614
330
1F
100
AcDbEntity
  8
0
  6
Continuous
 62
     7
370
    25
100
AcDbCircle
 10
-0.671083828
 20
0.1804422446
 30
0.0
 40
0.1499999999999937
100
AcDbArc
 50
92.4028994699
 51
164.9693889014
  0
ARC
  5
615
330
1F
100
AcDbEntity
  8
0
  6
Continuous
 62
     7
370
    25
100
AcDbCircle
 10
-0.9839407467
 20
0.2685395727
 30
0.0
 40
0.0500000000000002
100
AcDbArc
 50
344.9693889053
 51
91.9811812273
  0
ARC
  5
616
330
1F
100
AcDbEntity
  8
0
  6
Continuous
 62
     7
370
    25
100
AcDbCircle
 10
-2.4347842293
 20
42.2102227588
 30
0.0
 40
41.91676941692559
100
AcDbArc
 50
270.7277219852
 51
271.9811812273
  0
ARC
  5
617
330
1F
100
AcDbEntity
  8
0
  6
Continuous
 62
     7
370
    25
100
AcDbCircle
 10
-1.9017725503
 20
0.2468383166
 30
0.0
 40
0.0500000000000019
100
AcDbArc
 50
90.7277219852
 51
233.3548856608
  0
ARC
  5
618
330
1F
100
AcDbEntity
  8
0
  6
Continuous
 62
     7
370
    25
100
AcDbCircle
 10
-1.1416105261
 20
-0.3186370449
 30
0.0
 40
0.0500000000000019
100
AcDbArc
 50
233.3548856608
 51
344.9693889053
  0
ARC
  5
619
330
1F
100
AcDbEntity
  8
0
  6
Continuous
 62
     7
370
    25
100
AcDbCircle
 10
-2.2764240953
 20
-0.6971829479
 30
0.0
 40
0.0499999999999983
100
AcDbArc
 50
177.0
 51
283.5185828479
  0
ARC
  5
61A
330
1F
100
AcDbEntity
  8
0
  6
Continuous
 62
     7
370
    25
100
AcDbCircle
 10
-5.5155131969
 20
12.7753430339
 30
0.0
 40
13.90643007907485
100
AcDbArc
 50
283.5185828479
 51
287.4788512947
  0
ARC
  5
61B
330
1F
100
AcDbEntity
  8
0
  6
Continuous
 62
     7
370
    25
100
AcDbCircle
 10
-1.3536824855
 20
-0.441306302
 30
0.0
 40
0.0499999999999994
100
AcDbArc
 50
287.4788512947
 51
53.3548856608
  0
ARC
  5
61C
330
1F
100
AcDbEntity
  8
0
  6
Continuous
 62
     7
370
    25
100
AcDbCircle
 10
-2.2288936121
 20
0.2097526993
 30
0.0
 40
0.050000000000003
100
AcDbArc
 50
53.3548856608
 51
177.0
  0
ARC
  5
61D
330
1F
100
AcDbEntity
  8
0
  6
Continuous
 62
     7
370
    25
100
AcDbCircle
 10
-5.8180262943
 20
-0.3158775656
 30
0.0
 40
0.6049999999999668
100
AcDbArc
 50
297.3434231609
 51
354.427350043
  0
ARC
  5
61E
330
1F
100
AcDbEntity
  8
0
  6
Continuous
 62
     7
370
    25
100
AcDbCircle
 10
-5.4712375158
 20
-0.9865209456
 30
0.0
 40
0.1500000000000003
100
AcDbArc
 50
117.3434231609
 51
268.9534332213
  0
ARC
  5
61F
330
1F
100
AcDbEntity
  8
0
  6
Continuous
 62
     7
370
    25
100
AcDbCircle
 10
-5.306145629
 20
8.050662837
 30
0.0
 40
9.188691611667885
100
AcDbArc
 50
268.9534332213
 51
274.2698031635
  0
ARC
  5
620
330
1F
100
AcDbEntity
  8
0
  6
Continuous
 62
     7
370
    25
100
AcDbCircle
 10
-4.6257411078
 20
-1.0626644402
 30
0.0
 40
0.0500000000000009
100
AcDbArc
 50
274.2698031635
 51
38.3431937413
  0
ARC
  5
621
330
1F
100
AcDbEntity
  8
0
  6
Continuous
 62
     7
370
    25
100
AcDbCircle
 10
-5.166121911
 20
-0.3794831868
 30
0.0
 40
0.0499999999999993
100
AcDbArc
 50
38.3431937413
 51
174.427350043
  0
ARC
  5
622
330
1F
100
AcDbEntity
  8
0
  6
Continuous
 62
     7
370
    25
100
AcDbCircle
 10
-6.1109179028
 20
-1.0526011891
 30
0.0
 40
0.0499999999999987
100
AcDbArc
 50
264.7773432858
 51
39.6113307116
  0
ARC
  5
623
330
1F
100
AcDbEntity
  8
0
  6
Continuous
 62
     7
370
    25
100
AcDbCircle
 10
-7.1666683238
 20
0.2230681134
 30
0.0
 40
0.0499999999999998
100
AcDbArc
 50
39.6113307116
 51
177.0
  0
ARC
  5
624
330
1F
100
AcDbEntity
  8
0
  6
Continuous
 62
     7
370
    25
100
AcDbCircle
 10
-7.3159705964
 20
-0.2373736312
 30
0.0
 40
0.159055118110236
100
AcDbArc
 50
295.133960405
 51
58.866039595
  0
ARC
  5
625
330
1F
100
AcDbEntity
  8
0
  6
Continuous
 62
     7
370
    25
100
AcDbCircle
 10
-7.2264798932
 20
-0.9182046183
 30
0.0
 40
0.0500000000000047
100
AcDbArc
 50
177.0
 51
261.4835315449
  0
ARC
  5
626
330
1F
100
AcDbEntity
  8
0
  6
Continuous
 62
     7
370
    25
100
AcDbCircle
 10
-4.3315175211
 20
18.4144277077
 30
0.0
 40
19.5981835418179
100
AcDbArc
 50
261.4835315449
 51
264.7773432858
  0
ARC
  5
627
330
1F
100
AcDbEntity
  8
0
  6
Continuous
 62
     7
370
    25
100
AcDbCircle
 10
-2.7197787062
 20
0.2443443953
 30
0.0
 40
0.0500000000000091
100
AcDbArc
 50
308.1123107958
 51
89.6777124647
  0
ARC
  5
628
330
1F
100
AcDbEntity
  8
0
  6
Continuous
 62
     7
370
    25
100
AcDbCircle
 10
-2.3437621646
 20
67.0912785009
 30
0.0
 40
66.7979916508842
100
AcDbArc
 50
268.44293119
 51
269.6777124646
  0
ARC
  5
629
330
1F
100
AcDbEntity
  8
0
  6
Continuous
 62
     7
370
    25
100
AcDbCircle
 10
-4.1601980735
 20
0.2679700797
 30
0.0
 40
0.0499999999999804
100
AcDbArc
 50
88.44293119
 51
177.0
  0
ARC
  5
62A
330
1F
100
AcDbEntity
  8
0
  6
Continuous
 62
     7
370
    25
100
AcDbCircle
 10
-4.3200819921
 20
-0.3943815
 30
0.0
 40
0.1590551181102348
100
AcDbArc
 50
295.133960405
 51
58.866039595
  0
ARC
  5
62B
330
1F
100
AcDbEntity
  8
0
  6
Continuous
 62
     7
370
    25
100
AcDbCircle
 10
-4.2232454678
 20
-0.9350458685
 30
0.0
 40
0.0500000000000006
100
AcDbArc
 50
177.0
 51
308.1123107958
  0
ARC
  5
62C
330
1F
100
AcDbEntity
  8
0
  6
Continuous
 62
     7
370
    25
100
AcDbCircle
 10
-2.6003888305
 20
-0.6689184943
 30
0.0
 40
0.1499999999999955
100
AcDbArc
 50
282.308733403
 51
357.0
  0
ARC
  5
62D
330
1F
100
AcDbEntity
  8
0
  6
Continuous
 62
     7
370
    25
100
AcDbCircle
 10
-2.4565550183
 20
0.1648618769
 30
0.0
 40
0.0500000000000009
100
AcDbArc
 50
357.0
 51
128.1123107958
  0
ARC
  5
62E
330
1F
100
AcDbEntity
  8
0
  6
Continuous
 62
     7
370
    25
100
AcDbCircle
 10
-3.9365565724
 20
-0.996121171
 30
0.0
 40
0.0499999999999996
100
AcDbArc
 50
128.1123107958
 51
276.8830476768
  0
ARC
  5
62F
330
1F
100
AcDbEntity
  8
0
  6
Continuous
 62
     7
370
    25
100
AcDbCircle
 10
-5.6795596009
 20
13.443098904
 30
0.0
 40
14.59404125173236
100
AcDbArc
 50
276.8830476768
 51
282.308733403
  0
ARC
  5
630
330
1F
100
AcDbEntity
  8
0
  6
Continuous
 62
     7
370
    25
100
AcDbCircle
 10
-8.4162354077
 20
-7.0346798769
 30
0.0
 40
7.510792424182567
100
AcDbArc
 50
88.9792104201
 51
91.3157190707
  0
ARC
  5
631
330
1F
100
AcDbEntity
  8
0
  6
Continuous
 62
     7
370
    25
100
AcDbCircle
 10
-8.4905873808
 20
-3.7974345519
 30
0.0
 40
4.272693366079046
100
AcDbArc
 50
91.3157190707
 51
97.7901836446
  0
ARC
  5
632
330
1F
100
AcDbEntity
  8
0
  6
Continuous
 62
     7
370
    25
100
AcDbCircle
 10
-9.0422125893
 20
0.2346652253
 30
0.0
 40
0.2030350285402579
100
AcDbArc
 50
97.7901836446
 51
213.2797179312
  0
ARC
  5
633
330
1F
100
AcDbEntity
  8
0
  6
Continuous
 62
     7
370
    25
100
AcDbCircle
 10
-8.0619708926
 20
0.8780670652
 30
0.0
 40
1.375570619237126
100
AcDbArc
 50
213.2797179312
 51
233.8465907868
  0
ARC
  5
634
330
1F
100
AcDbEntity
  8
0
  6
Continuous
 62
     7
370
    25
100
AcDbCircle
 10
-6.1813136489
 20
3.4520484248
 30
0.0
 40
4.563399301569842
100
AcDbArc
 50
233.8465907868
 51
237.3643931411
  0
ARC
  5
635
330
1F
100
AcDbEntity
  8
0
  6
Continuous
 62
     7
370
    25
100
AcDbCircle
 10
-8.5614344216
 20
-0.264551971
 30
0.0
 40
0.1500000000000057
100
AcDbArc
 50
237.3643931412
 51
309.6113307116
  0
ARC
  5
636
330
1F
100
AcDbEntity
  8
0
  6
Continuous
 62
     7
370
    25
100
AcDbCircle
 10
-7.6062556899
 20
0.3961539577
 30
0.0
 40
0.0500000000000001
100
AcDbArc
 50
309.6113307116
 51
86.1536942953
  0
ARC
  5
637
330
1F
100
AcDbEntity
  8
0
  6
Continuous
 62
     7
370
    25
100
AcDbCircle
 10
-8.5281592595
 20
-13.3161760273
 30
0.0
 40
13.79328562642334
100
AcDbArc
 50
86.1536942953
 51
88.9792104201
  0
ARC
  5
638
330
1F
100
AcDbEntity
  8
0
  6
Continuous
 62
     7
370
    25
100
AcDbCircle
 10
-4.4098198632
 20
0.275212231
 30
0.0
 40
0.0500000000000006
100
AcDbArc
 50
3.6981908685
 51
88.1977671914
  0
ARC
  5
639
330
1F
100
AcDbEntity
  8
0
  6
Continuous
 62
     7
370
    25
100
AcDbCircle
 10
-5.4222930589
 20
0.307069978
 30
0.0
 40
0.0500000000000022
100
AcDbArc
 50
88.1977671914
 51
218.3431937413
  0
ARC
  5
63A
330
1F
100
AcDbEntity
  8
0
  6
Continuous
 62
     7
370
    25
100
AcDbCircle
 10
-4.4627270621
 20
-0.92249517
 30
0.0
 40
0.0398102459850144
100
AcDbArc
 50
218.3431937413
 51
357.0
  0
ARC
  5
63B
330
1F
100
AcDbEntity
  8
0
  6
Continuous
 62
     7
370
    25
100
AcDbCircle
 10
-4.3200819921
 20
-0.3943815
 30
0.0
 40
0.1590551181102376
100
AcDbArc
 50
115.133960405
 51
238.866039595
  0
ARC
  5
63C
330
1F
100
AcDbEntity
  8
0
  6
Continuous
 62
     7
370
    25
100
AcDbCircle
 10
-7.4149491005
 20
0.2624193288
 30
0.0
 40
0.0499999999999998
100
AcDbArc
 50
357.0
 51
129.6113307116
  0
ARC
  5
63D
330
1F
100
AcDbEntity
  8
0
  6
Continuous
 62
     7
370
    25
100
AcDbCircle
 10
-8.1706298952
 20
-0.4927908123
 30
0.0
 40
0.1499999999999991
100
AcDbArc
 50
129.6113307116
 51
240.585248563
  0
ARC
  5
63E
330
1F
100
AcDbEntity
  8
0
  6
Continuous
 62
     7
370
    25
100
AcDbCircle
 10
-7.098474348
 20
1.4088338214
 30
0.0
 40
2.333046899378254
100
AcDbArc
 50
240.585248563
 51
257.6677601726
  0
ARC
  5
63F
330
1F
100
AcDbEntity
  8
0
  6
Continuous
 62
     7
370
    25
100
AcDbCircle
 10
-7.5647297829
 20
-0.7238404703
 30
0.0
 40
0.150000000000006
100
AcDbArc
 50
257.6677601726
 51
357.0
  0
ARC
  5
640
330
1F
100
AcDbEntity
  8
0
  6
Continuous
 62
     7
370
    25
100
AcDbCircle
 10
-7.3159705964
 20
-0.2373736312
 30
0.0
 40
0.159055118110237
100
AcDbArc
 50
115.133960405
 51
239.6967551274
  0
ARC
  5
641
330
1F
100
AcDbEntity
  8
0
  6
Continuous
 62
     7
370
    25
100
AcDbCircle
 10
-6.984817169
 20
0.356235228
 30
0.0
 40
0.0500000000000001
100
AcDbArc
 50
88.1977671914
 51
219.6113307116
  0
ARC
  5
642
330
1F
100
AcDbEntity
  8
0
  6
Continuous
 62
     7
370
    25
100
AcDbCircle
 10
-6.4710155853
 20
-0.2645941791
 30
0.0
 40
0.0500000000000013
100
AcDbArc
 50
219.6113307116
 51
355.5094168344
  0
ARC
  5
643
330
1F
100
AcDbEntity
  8
0
  6
Continuous
 62
     7
370
    25
100
AcDbCircle
 10
-5.8180262943
 20
-0.3158775656
 30
0.0
 40
0.6049999999999462
100
AcDbArc
 50
133.0667408086
 51
175.5094168344
  0
ARC
  5
644
330
1F
100
AcDbEntity
  8
0
  6
Continuous
 62
     7
370
    25
100
AcDbCircle
 10
-6.3335779025
 20
0.2356943148
 30
0.0
 40
0.1500000000000007
100
AcDbArc
 50
313.0667408086
 51
88.1977671914
  0
ARC
  5
645
330
1F
100
AcDbEntity
  8
0
  6
Continuous
 62
     7
370
    25
100
AcDbCircle
 10
-7.4056069424
 20
1.5572276948
 30
0.0
 40
0.0499999999999965
100
AcDbArc
 50
344.9693889014
 51
110.4077181179
  0
ARC
  5
646
330
1F
100
AcDbEntity
  8
0
  6
Continuous
 62
     7
370
    25
100
AcDbCircle
 10
-3.3116142971
 20
-9.4466495231
 30
0.0
 40
11.79078743559545
100
AcDbArc
 50
110.4077181179
 51
116.2970623953
  0
ARC
  5
647
330
1F
100
AcDbEntity
  8
0
  6
Continuous
 62
     7
370
    25
100
AcDbCircle
 10
-8.4866780115
 20
1.0151086106
 30
0.0
 40
0.1191333468268542
100
AcDbArc
 50
114.0508987849
 51
273.5678176843
  0
ARC
  5
648
330
1F
100
AcDbEntity
  8
0
  6
Continuous
 62
     7
370
    25
100
AcDbCircle
 10
-5.8707866976
 20
-40.939321833
 30
0.0
 40
41.91676941755883
100
AcDbArc
 50
92.4028994699
 51
93.5678176847
  0
ARC
  5
649
330
1F
100
AcDbEntity
  8
0
  6
Continuous
 62
     7
370
    25
100
AcDbCircle
 10
-7.6344870989
 20
1.0904586818
 30
0.0
 40
0.1499999999999923
100
AcDbArc
 50
272.4028994699
 51
344.9693889014
  0
ARC
  5
64A
330
1F
100
AcDbEntity
  8
0
  6
Continuous
 62
     7
370
    25
100
AcDbCircle
 10
-7.3216301802
 20
1.0023613537
 30
0.0
 40
0.0499999999999994
100
AcDbArc
 50
164.9693889053
 51
271.9811812273
  0
ARC
  5
64B
330
1F
100
AcDbEntity
  8
0
  6
Continuous
 62
     7
370
    25
100
AcDbCircle
 10
-5.8707866976
 20
-40.9393218325
 30
0.0
 40
41.91676941704308
100
AcDbArc
 50
90.7277219852
 51
91.9811812273
  0
ARC
  5
64C
330
1F
100
AcDbEntity
  8
0
  6
Continuous
 62
     7
370
    25
100
AcDbCircle
 10
-6.4037983767
 20
1.0240626098
 30
0.0
 40
0.0500000000000019
100
AcDbArc
 50
270.7277219852
 51
53.3548856608
  0
ARC
  5
64D
330
1F
100
AcDbEntity
  8
0
  6
Continuous
 62
     7
370
    25
100
AcDbCircle
 10
-7.1639604008
 20
1.5895379713
 30
0.0
 40
0.0500000000000016
100
AcDbArc
 50
53.3548856608
 51
164.9693889053
  0
ARC
  5
64E
330
1F
100
AcDbEntity
  8
0
  6
Continuous
 62
     7
370
    25
100
AcDbCircle
 10
-6.0291468316
 20
1.9680838743
 30
0.0
 40
0.0499999999999987
100
AcDbArc
 50
357.0
 51
103.5185828479
  0
ARC
  5
64F
330
1F
100
AcDbEntity
  8
0
  6
Continuous
 62
     7
370
    25
100
AcDbCircle
 10
-2.7900577301
 20
-11.5044421074
 30
0.0
 40
13.90643007907273
100
AcDbArc
 50
103.5185828479
 51
107.4788512947
  0
ARC
  5
650
330
1F
100
AcDbEntity
  8
0
  6
Continuous
 62
     7
370
    25
100
AcDbCircle
 10
-6.9518884415
 20
1.7122072284
 30
0.0
 40
0.0500000000000003
100
AcDbArc
 50
107.4788512947
 51
233.3548856608
  0
ARC
  5
651
330
1F
100
AcDbEntity
  8
0
  6
Continuous
 62
     7
370
    25
100
AcDbCircle
 10
-6.0766773148
 20
1.0611482272
 30
0.0
 40
0.0500000000000027
100
AcDbArc
 50
233.3548856608
 51
357.0
  0
ARC
  5
652
330
1F
100
AcDbEntity
  8
0
  6
Continuous
 62
     7
370
    25
100
AcDbCircle
 10
-2.4875446327
 20
1.586778492
 30
0.0
 40
0.6049999999999686
100
AcDbArc
 50
117.3434231609
 51
174.427350043
  0
ARC
  5
653
330
1F
100
AcDbEntity
  8
0
  6
Continuous
 62
     7
370
    25
100
AcDbCircle
 10
-2.8343334111
 20
2.257421872
 30
0.0
 40
0.1499999999999998
100
AcDbArc
 50
297.3434231609
 51
88.9534332213
  0
ARC
  5
654
330
1F
100
AcDbEntity
  8
0
  6
Continuous
 62
     7
370
    25
100
AcDbCircle
 10
-2.9994252979
 20
-6.7797619105
 30
0.0
 40
9.188691611666908
100
AcDbArc
 50
88.9534332213
 51
94.2698031635
  0
ARC
  5
655
330
1F
100
AcDbEntity
  8
0
  6
Continuous
 62
     7
370
    25
100
AcDbCircle
 10
-3.6798298192
 20
2.3335653666
 30
0.0
 40
0.05
100
AcDbArc
 50
94.2698031635
 51
218.3431937413
  0
ARC
  5
656
330
1F
100
AcDbEntity
  8
0
  6
Continuous
 62
     7
370
    25
100
AcDbCircle
 10
-3.139449016
 20
1.6503841132
 30
0.0
 40
0.049999999999998
100
AcDbArc
 50
218.3431937413
 51
354.427350043
  0
ARC
  5
657
330
1F
100
AcDbEntity
  8
0
  6
Continuous
 62
     7
370
    25
100
AcDbCircle
 10
-2.1946530241
 20
2.3235021155
 30
0.0
 40
0.0499999999999991
100
AcDbArc
 50
84.7773432858
 51
219.6113307116
  0
ARC
  5
658
330
1F
100
AcDbEntity
  8
0
  6
Continuous
 62
     7
370
    25
100
AcDbCircle
 10
-1.1389026031
 20
1.047832813
 30
0.0
 40
0.0499999999999994
100
AcDbArc
 50
219.6113307116
 51
357.0
  0
ARC
  5
659
330
1F
100
AcDbEntity
  8
0
  6
Continuous
 62
     7
370
    25
100
AcDbCircle
 10
-0.9896003305
 20
1.5082745577
 30
0.0
 40
0.1590551181102373
100
AcDbArc
 50
115.133960405
 51
238.866039595
  0
ARC
  5
65A
330
1F
100
AcDbEntity
  8
0
  6
Continuous
 62
     7
370
    25
100
AcDbCircle
 10
-1.0790910337
 20
2.1891055447
 30
0.0
 40
0.0500000000000009
100
AcDbArc
 50
357.0
 51
81.4835315449
  0
ARC
  5
65B
330
1F
100
AcDbEntity
  8
0
  6
Continuous
 62
     7
370
    25
100
AcDbCircle
 10
-3.9740534058
 20
-17.1435267812
 30
0.0
 40
19.5981835418235
100
AcDbArc
 50
81.4835315449
 51
84.7773432858
  0
ARC
  5
65C
330
1F
100
AcDbEntity
  8
0
  6
Continuous
 62
     7
370
    25
100
AcDbCircle
 10
-5.5857922207
 20
1.0265565312
 30
0.0
 40
0.0500000000000085
100
AcDbArc
 50
128.1123107958
 51
269.6777124647
  0
ARC
  5
65D
330
1F
100
AcDbEntity
  8
0
  6
Continuous
 62
     7
370
    25
100
AcDbCircle
 10
-5.9618087623
 20
-65.8203775745
 30
0.0
 40
66.7979916509648
100
AcDbArc
 50
88.44293119
 51
89.6777124646
  0
ARC
  5
65E
330
1F
100
AcDbEntity
  8
0
  6
Continuous
 62
     7
370
    25
100
AcDbCircle
 10
-4.1453728535
 20
1.0029308467
 30
0.0
 40
0.0499999999999795
100
AcDbArc
 50
268.44293119
 51
357.0
  0
ARC
  5
65F
330
1F
100
AcDbEntity
  8
0
  6
Continuous
 62
     7
370
    25
100
AcDbCircle
 10
-3.9854889348
 20
1.6652824264
 30
0.0
 40
0.1590551181102357
100
AcDbArc
 50
115.133960405
 51
238.866039595
  0
ARC
  5
660
330
1F
100
AcDbEntity
  8
0
  6
Continuous
 62
     7
370
    25
100
AcDbCircle
 10
-4.0823254592
 20
2.2059467949
 30
0.0
 40
0.0499999999999996
100
AcDbArc
 50
357.0
 51
128.1123107958
  0
ARC
  5
661
330
1F
100
AcDbEntity
  8
0
  6
Continuous
 62
     7
370
    25
100
AcDbCircle
 10
-5.7051820964
 20
1.9398194207
 30
0.0
 40
0.1499999999999972
100
AcDbArc
 50
102.308733403
 51
177.0
  0
ARC
  5
662
330
1F
100
AcDbEntity
  8
0
  6
Continuous
 62
     7
370
    25
100
AcDbCircle
 10
-5.8490159087
 20
1.1060390495
 30
0.0
 40
0.0500000000000014
100
AcDbArc
 50
177.0
 51
308.1123107958
  0
ARC
  5
663
330
1F
100
AcDbEntity
  8
0
  6
Continuous
 62
     7
370
    25
100
AcDbCircle
 10
-4.3690143546
 20
2.2670220975
 30
0.0
 40
0.0500000000000007
100
AcDbArc
 50
308.1123107958
 51
96.8830476768
  0
ARC
  5
664
330
1F
100
AcDbEntity
  8
0
  6
Continuous
 62
     7
370
    25
100
AcDbCircle
 10
-2.6260113261
 20
-12.1721979776
 30
0.0
 40
14.59404125173402
100
AcDbArc
 50
96.8830476768
 51
102.308733403
  0
ARC
  5
665
330
1F
100
AcDbEntity
  8
0
  6
Continuous
 62
     7
370
    25
100
AcDbCircle
 10
0.1106644808
 20
8.3055808033
 30
0.0
 40
7.510792424183248
100
AcDbArc
 50
268.9792104201
 51
271.3157190707
  0
ARC
  5
666
330
1F
100
AcDbEntity
  8
0
  6
Continuous
 62
     7
370
    25
100
AcDbCircle
 10
0.1850164538
 20
5.0683354783
 30
0.0
 40
4.272693366079093
100
AcDbArc
 50
271.3157190707
 51
277.7901836446
  0
ARC
  5
667
330
1F
100
AcDbEntity
  8
0
  6
Continuous
 62
     7
370
    25
100
AcDbCircle
 10
0.7366416623
 20
1.0362357011
 30
0.0
 40
0.2030350285402556
100
AcDbArc
 50
277.7901836446
 51
33.2797179312
  0
ARC
  5
668
330
1F
100
AcDbEntity
  8
0
  6
Continuous
 62
     7
370
    25
100
AcDbCircle
 10
-0.2436000343
 20
0.3928338612
 30
0.0
 40
1.375570619237173
100
AcDbArc
 50
33.2797179312
 51
53.8465907868
  0
ARC
  5
669
330
1F
100
AcDbEntity
  8
0
  6
Continuous
 62
     7
370
    25
100
AcDbCircle
 10
-2.1242572781
 20
-2.1811474984
 30
0.0
 40
4.563399301570829
100
AcDbArc
 50
53.8465907868
 51
57.3643931411
  0
ARC
  5
66A
330
1F
100
AcDbEntity
  8
0
  6
Continuous
 62
     7
370
    25
100
AcDbCircle
 10
0.2558634947
 20
1.5354528975
 30
0.0
 40
0.1500000000000067
100
AcDbArc
 50
57.3643931411
 51
129.6113307116
  0
ARC
  5
66B
330
1F
100
AcDbEntity
  8
0
  6
Continuous
 62
     7
370
    25
100
AcDbCircle
 10
-0.699315237
 20
0.8747469687
 30
0.0
 40
0.0499999999999994
100
AcDbArc
 50
129.6113307116
 51
266.1536942953
  0
ARC
  5
66C
330
1F
100
AcDbEntity
  8
0
  6
Continuous
 62
     7
370
    25
100
AcDbCircle
 10
0.2225883326
 20
14.5870769537
 30
0.0
 40
13.79328562642247
100
AcDbArc
 50
266.1536942953
 51
268.9792104201
  0
ARC
  5
66D
330
1F
100
AcDbEntity
  8
0
  6
Continuous
 62
     7
370
    25
100
AcDbCircle
 10
-3.8957510637
 20
0.9956886954
 30
0.0
 40
0.0499999999999991
100
AcDbArc
 50
183.6981908685
 51
268.1977671914
  0
ARC
  5
66E
330
1F
100
AcDbEntity
  8
0
  6
Continuous
 62
     7
370
    25
100
AcDbCircle
 10
-2.883277868
 20
0.9638309484
 30
0.0
 40
0.0500000000000013
100
AcDbArc
 50
268.1977671914
 51
38.3431937413
  0
ARC
  5
66F
330
1F
100
AcDbEntity
  8
0
  6
Continuous
 62
     7
370
    25
100
AcDbCircle
 10
-3.8428438648
 20
2.1933960964
 30
0.0
 40
0.0398102459850141
100
AcDbArc
 50
38.3431937413
 51
177.0
  0
ARC
  5
670
330
1F
100
AcDbEntity
  8
0
  6
Continuous
 62
     7
370
    25
100
AcDbCircle
 10
-3.9854889348
 20
1.6652824264
 30
0.0
 40
0.1590551181102376
100
AcDbArc
 50
295.133960405
 51
58.866039595
  0
ARC
  5
671
330
1F
100
AcDbEntity
  8
0
  6
Continuous
 62
     7
370
    25
100
AcDbCircle
 10
-0.8906218264
 20
1.0084815976
 30
0.0
 40
0.0499999999999991
100
AcDbArc
 50
177.0
 51
309.6113307116
  0
ARC
  5
672
330
1F
100
AcDbEntity
  8
0
  6
Continuous
 62
     7
370
    25
100
AcDbCircle
 10
-0.1349410317
 20
1.7636917388
 30
0.0
 40
0.1499999999999994
100
AcDbArc
 50
309.6113307116
 51
60.585248563
  0
ARC
  5
673
330
1F
100
AcDbEntity
  8
0
  6
Continuous
 62
     7
370
    25
100
AcDbCircle
 10
-1.2070965789
 20
-0.1379328949
 30
0.0
 40
2.333046899378265
100
AcDbArc
 50
60.585248563
 51
77.6677601726
  0
ARC
  5
674
330
1F
100
AcDbEntity
  8
0
  6
Continuous
 62
     7
370
    25
100
AcDbCircle
 10
-0.740841144
 20
1.9947413967
 30
0.0
 40
0.1500000000000062
100
AcDbArc
 50
77.6677601726
 51
177.0
  0
ARC
  5
675
330
1F
100
AcDbEntity
  8
0
  6
Continuous
 62
     7
370
    25
100
AcDbCircle
 10
-0.9896003305
 20
1.5082745577
 30
0.0
 40
0.1590551181102367
100
AcDbArc
 50
295.133960405
 51
59.6967551274
  0
ARC
  5
676
330
1F
100
AcDbEntity
  8
0
  6
Continuous
 62
     7
370
    25
100
AcDbCircle
 10
-1.3207537579
 20
0.9146656985
 30
0.0
 40
0.050000000000001
100
AcDbArc
 50
268.1977671914
 51
39.6113307116
  0
ARC
  5
677
330
1F
100
AcDbEntity
  8
0
  6
Continuous
 62
     7
370
    25
100
AcDbCircle
 10
-1.8345553416
 20
1.5354951055
 30
0.0
 40
0.0500000000000005
100
AcDbArc
 50
39.6113307116
 51
175.5094168344
  0
ARC
  5
678
330
1F
100
AcDbEntity
  8
0
  6
Continuous
 62
     7
370
    25
100
AcDbCircle
 10
-2.4875446327
 20
1.586778492
 30
0.0
 40
0.6049999999999484
100
AcDbArc
 50
313.0667408086
 51
355.5094168344
  0
ARC
  5
679
330
1F
100
AcDbEntity
  8
0
  6
Continuous
 62
     7
370
    25
100
AcDbCircle
 10
-1.9719930244
 20
1.0352066116
 30
0.0
 40
0.15
100
AcDbArc
 50
133.0667408086
 51
268.1977671914
  0
ARC
  5
67A
330
1F
100
AcDbEntity
  8
0
  6
Continuous
 62
     7
370
    25
100
AcDbCircle
 10
-3.5267605746
 20
-3.6955072843
 30
0.0
 40
0.0499999999999965
100
AcDbArc
 50
345.9693889014
 51
111.4077181179
  0
ARC
  5
67B
330
1F
100
AcDbEntity
  8
0
  6
Continuous
 62
     7
370
    25
100
AcDbCircle
 10
0.7586526734
 20
-14.6262585349
 30
0.0
 40
11.79078743559423
100
AcDbArc
 50
111.4077181179
 51
117.2970623953
  0
ARC
  5
67C
330
1F
100
AcDbEntity
  8
0
  6
Continuous
 62
     7
370
    25
100
AcDbCircle
 10
-4.5982057088
 20
-4.2564110929
 30
0.0
 40
0.1191333468268543
100
AcDbArc
 50
115.0508987849
 51
274.5678176843
  0
ARC
  5
67D
330
1F
100
AcDbEntity
  8
0
  6
Continuous
 62
     7
370
    25
100
AcDbCircle
 10
-1.2505070358
 20
-46.1587980753
 30
0.0
 40
41.91676941771633
100
AcDbArc
 50
93.4028994699
 51
94.5678176847
  0
ARC
  5
67E
330
1F
100
AcDbEntity
  8
0
  6
Continuous
 62
     7
370
    25
100
AcDbCircle
 10
-3.7474596291
 20
-4.1661997157
 30
0.0
 40
0.1499999999999913
100
AcDbArc
 50
273.4028994699
 51
345.9693889014
  0
ARC
  5
67F
330
1F
100
AcDbEntity
  8
0
  6
Continuous
 62
     7
370
    25
100
AcDbCircle
 10
-3.4331128496
 20
-4.24882352
 30
0.0
 40
0.0499999999999999
100
AcDbArc
 50
165.9693889053
 51
272.9811812273
  0
ARC
  5
680
330
1F
100
AcDbEntity
  8
0
  6
Continuous
 62
     7
370
    25
100
AcDbCircle
 10
-1.2505070358
 20
-46.1587980745
 30
0.0
 40
41.91676941692585
100
AcDbArc
 50
91.7277219852
 51
92.9811812273
  0
ARC
  5
681
330
1F
100
AcDbEntity
  8
0
  6
Continuous
 62
     7
370
    25
100
AcDbCircle
 10
-2.5157995754
 20
-4.2111071955
 30
0.0
 40
0.0500000000000017
100
AcDbArc
 50
271.7277219852
 51
54.3548856608
  0
ARC
  5
682
330
1F
100
AcDbEntity
  8
0
  6
Continuous
 62
     7
370
    25
100
AcDbCircle
 10
-3.285714729
 20
-3.6589846152
 30
0.0
 40
0.050000000000002
100
AcDbArc
 50
54.3548856608
 51
165.9693889053
  0
ARC
  5
683
330
1F
100
AcDbEntity
  8
0
  6
Continuous
 62
     7
370
    25
100
AcDbCircle
 10
-2.1576805344
 20
-3.2606911389
 30
0.0
 40
0.0499999999999993
100
AcDbArc
 50
358.0
 51
104.5185828479
  0
ARC
  5
684
330
1F
100
AcDbEntity
  8
0
  6
Continuous
 62
     7
370
    25
100
AcDbCircle
 10
1.3160432374
 20
-16.6746352902
 30
0.0
 40
13.9064300790711
100
AcDbArc
 50
104.5185828479
 51
108.4788512947
  0
ARC
  5
685
330
1F
100
AcDbEntity
  8
0
  6
Continuous
 62
     7
370
    25
100
AcDbCircle
 10
-3.075815943
 20
-3.5326328752
 30
0.0
 40
0.0499999999999998
100
AcDbArc
 50
108.4788512947
 51
234.3548856608
  0
ARC
  5
686
330
1F
100
AcDbEntity
  8
0
  6
Continuous
 62
     7
370
    25
100
AcDbCircle
 10
-2.1893755689
 20
-4.1683181767
 30
0.0
 40
0.0500000000000016
100
AcDbArc
 50
234.3548856608
 51
358.0
  0
ARC
  5
687
330
1F
100
AcDbEntity
  8
0
  6
Continuous
 62
     7
370
    25
100
AcDbCircle
 10
1.3900369579
 20
-3.5801289655
 30
0.0
 40
0.6049999999999646
100
AcDbArc
 50
118.3434231609
 51
175.427350043
  0
ARC
  5
688
330
1F
100
AcDbEntity
  8
0
  6
Continuous
 62
     7
370
    25
100
AcDbCircle
 10
1.0315966562
 20
-2.9156400265
 30
0.0
 40
0.1500000000000002
100
AcDbArc
 50
298.3434231609
 51
89.9534332213
  0
ARC
  5
689
330
1F
100
AcDbEntity
  8
0
  6
Continuous
 62
     7
370
    25
100
AcDbCircle
 10
1.0242505181
 20
-11.9543286529
 30
0.0
 40
9.188691611668409
100
AcDbArc
 50
89.9534332213
 51
95.2698031635
  0
ARC
  5
68A
330
1F
100
AcDbEntity
  8
0
  6
Continuous
 62
     7
370
    25
100
AcDbCircle
 10
0.1849001341
 20
-2.8542640759
 30
0.0
 40
0.0500000000000016
100
AcDbArc
 50
95.2698031635
 51
219.3431937413
  0
ARC
  5
68B
330
1F
100
AcDbEntity
  8
0
  6
Continuous
 62
     7
370
    25
100
AcDbCircle
 10
0.7371217916
 20
-3.5279103321
 30
0.0
 40
0.0499999999999972
100
AcDbArc
 50
219.3431937413
 51
355.427350043
  0
ARC
  5
68C
330
1F
100
AcDbEntity
  8
0
  6
Continuous
 62
     7
370
    25
100
AcDbCircle
 10
1.6700263575
 20
-2.8384058853
 30
0.0
 40
0.0499999999999995
100
AcDbArc
 50
85.7773432858
 51
220.6113307116
  0
ARC
  5
68D
330
1F
100
AcDbEntity
  8
0
  6
Continuous
 62
     7
370
    25
100
AcDbCircle
 10
2.7478794818
 20
-4.0954555117
 30
0.0
 40
0.0500000000000006
100
AcDbArc
 50
220.6113307116
 51
358.0
  0
ARC
  5
68E
330
1F
100
AcDbEntity
  8
0
  6
Continuous
 62
     7
370
    25
100
AcDbCircle
 10
2.8891231984
 20
-3.6324782106
 30
0.0
 40
0.1590551181102371
100
AcDbArc
 50
116.133960405
 51
239.866039595
  0
ARC
  5
68F
330
1F
100
AcDbEntity
  8
0
  6
Continuous
 62
     7
370
    25
100
AcDbCircle
 10
2.787763986
 20
-2.9533127456
 30
0.0
 40
0.0500000000000038
100
AcDbArc
 50
358.0
 51
82.4835315449
  0
ARC
  5
690
330
1F
100
AcDbEntity
  8
0
  6
Continuous
 62
     7
370
    25
100
AcDbCircle
 10
0.2306434876
 20
-22.3335246779
 30
0.0
 40
19.59818354182374
100
AcDbArc
 50
82.4835315449
 51
85.7773432858
  0
ARC
  5
691
330
1F
100
AcDbEntity
  8
0
  6
Continuous
 62
     7
370
    25
100
AcDbCircle
 10
-1.6979615307
 20
-4.1943374781
 30
0.0
 40
0.0500000000000087
100
AcDbArc
 50
129.1123107958
 51
270.6777124647
  0
ARC
  5
692
330
1F
100
AcDbEntity
  8
0
  6
Continuous
 62
     7
370
    25
100
AcDbCircle
 10
-0.9072809401
 20
-71.0376528654
 30
0.0
 40
66.79799165100053
100
AcDbArc
 50
89.44293119
 51
90.6777124646
  0
ARC
  5
693
330
1F
100
AcDbEntity
  8
0
  6
Continuous
 62
     7
370
    25
100
AcDbCircle
 10
-0.2573492212
 20
-4.19282078
 30
0.0
 40
0.0499999999999805
100
AcDbArc
 50
269.44293119
 51
358.0
  0
ARC
  5
694
330
1F
100
AcDbEntity
  8
0
  6
Continuous
 62
     7
370
    25
100
AcDbCircle
 10
-0.1090492826
 20
-3.5277797205
 30
0.0
 40
0.159055118110235
100
AcDbArc
 50
116.133960405
 51
239.866039595
  0
ARC
  5
695
330
1F
100
AcDbEntity
  8
0
  6
Continuous
 62
     7
370
    25
100
AcDbCircle
 10
-0.2153069526
 20
-2.9888877281
 30
0.0
 40
0.0499999999999999
100
AcDbArc
 50
358.0
 51
129.1123107958
  0
ARC
  5
696
330
1F
100
AcDbEntity
  8
0
  6
Continuous
 62
     7
370
    25
100
AcDbCircle
 10
-1.8332718579
 20
-3.2832973235
 30
0.0
 40
0.149999999999997
100
AcDbArc
 50
103.308733403
 51
178.0
  0
ARC
  5
697
330
1F
100
AcDbEntity
  8
0
  6
Continuous
 62
     7
370
    25
100
AcDbCircle
 10
-1.9625322896
 20
-4.1194609521
 30
0.0
 40
0.0500000000000013
100
AcDbArc
 50
178.0
 51
309.1123107958
  0
ARC
  5
698
330
1F
100
AcDbEntity
  8
0
  6
Continuous
 62
     7
370
    25
100
AcDbCircle
 10
-0.5030180949
 20
-2.9328251388
 30
0.0
 40
0.0500000000000002
100
AcDbArc
 50
309.1123107958
 51
97.8830476768
  0
ARC
  5
699
330
1F
100
AcDbEntity
  8
0
  6
Continuous
 62
     7
370
    25
100
AcDbCircle
 10
1.4917186031
 20
-17.3394264534
 30
0.0
 40
14.59404125173275
100
AcDbArc
 50
97.8830476768
 51
103.308733403
  0
ARC
  5
69A
330
1F
100
AcDbEntity
  8
0
  6
Continuous
 62
     7
370
    25
100
AcDbCircle
 10
3.8705910828
 20
3.1829950411
 30
0.0
 40
7.51079242417868
100
AcDbArc
 50
269.9792104201
 51
272.3157190707
  0
ARC
  5
69B
330
1F
100
AcDbEntity
  8
0
  6
Continuous
 62
     7
370
    25
100
AcDbCircle
 10
4.0014294528
 20
-0.0524596149
 30
0.0
 40
4.27269336607923
100
AcDbArc
 50
272.3157190707
 51
278.7901836446
  0
ARC
  5
69C
330
1F
100
AcDbEntity
  8
0
  6
Continuous
 62
     7
370
    25
100
AcDbCircle
 10
4.6233404903
 20
-4.0743180965
 30
0.0
 40
0.2030350285402566
100
AcDbArc
 50
278.7901836446
 51
34.2797179312
  0
ARC
  5
69D
330
1F
100
AcDbEntity
  8
0
  6
Continuous
 62
     7
370
    25
100
AcDbCircle
 10
3.6544769996
 20
-4.7347295197
 30
0.0
 40
1.375570619237204
100
AcDbArc
 50
34.2797179312
 51
54.8465907868
  0
ARC
  5
69E
330
1F
100
AcDbEntity
  8
0
  6
Continuous
 62
     7
370
    25
100
AcDbCircle
 10
1.8190283579
 20
-7.341140844
 30
0.0
 40
4.563399301571303
100
AcDbArc
 50
54.8465907868
 51
58.3643931411
  0
ARC
  5
69F
330
1F
100
AcDbEntity
  8
0
  6
Continuous
 62
     7
370
    25
100
AcDbCircle
 10
4.133923006
 20
-3.5835676693
 30
0.0
 40
0.150000000000006
100
AcDbArc
 50
58.3643931411
 51
130.6113307116
  0
ARC
  5
6A0
330
1F
100
AcDbEntity
  8
0
  6
Continuous
 62
     7
370
    25
100
AcDbCircle
 10
3.1904206611
 20
-4.2608431368
 30
0.0
 40
0.0499999999999985
100
AcDbArc
 50
130.6113307116
 51
267.1536942953
  0
ARC
  5
6A1
330
1F
100
AcDbEntity
  8
0
  6
Continuous
 62
     7
370
    25
100
AcDbCircle
 10
3.8728706642
 20
9.4654878297
 30
0.0
 40
13.79328562641973
100
AcDbArc
 50
267.1536942953
 51
269.9792104201
  0
ARC
  5
6A2
330
1F
100
AcDbEntity
  8
0
  6
Continuous
 62
     7
370
    25
100
AcDbCircle
 10
-0.0076390571
 20
-4.1957053274
 30
0.0
 40
0.0500000000000008
100
AcDbArc
 50
184.6981908685
 51
269.1977671914
  0
ARC
  5
6A3
330
1F
100
AcDbEntity
  8
0
  6
Continuous
 62
     7
370
    25
100
AcDbCircle
 10
1.0052359283
 20
-4.2098881285
 30
0.0
 40
0.0500000000000018
100
AcDbArc
 50
269.1977671914
 51
39.3431937413
  0
ARC
  5
6A4
330
1F
100
AcDbEntity
  8
0
  6
Continuous
 62
     7
370
    25
100
AcDbCircle
 10
0.0243572074
 20
-2.997256985
 30
0.0
 40
0.039810245985014
100
AcDbArc
 50
39.3431937413
 51
178.0
  0
ARC
  5
6A5
330
1F
100
AcDbEntity
  8
0
  6
Continuous
 62
     7
370
    25
100
AcDbCircle
 10
-0.1090492826
 20
-3.5277797205
 30
0.0
 40
0.1590551181102386
100
AcDbArc
 50
296.133960405
 51
59.866039595
  0
ARC
  5
6A6
330
1F
100
AcDbEntity
  8
0
  6
Continuous
 62
     7
370
    25
100
AcDbCircle
 10
2.9968092175
 20
-4.1304676367
 30
0.0
 40
0.0499999999999999
100
AcDbArc
 50
178.0
 51
310.6113307116
  0
ARC
  5
6A7
330
1F
100
AcDbEntity
  8
0
  6
Continuous
 62
     7
370
    25
100
AcDbCircle
 10
3.739194684
 20
-3.3621840693
 30
0.0
 40
0.1499999999999989
100
AcDbArc
 50
310.6113307116
 51
61.585248563
  0
ARC
  5
6A8
330
1F
100
AcDbEntity
  8
0
  6
Continuous
 62
     7
370
    25
100
AcDbCircle
 10
2.7003903573
 20
-5.2822307708
 30
0.0
 40
2.333046899378229
100
AcDbArc
 50
61.585248563
 51
78.6677601726
  0
ARC
  5
6A9
330
1F
100
AcDbEntity
  8
0
  6
Continuous
 62
     7
370
    25
100
AcDbCircle
 10
3.1293544807
 20
-3.1417440164
 30
0.0
 40
0.1500000000000055
100
AcDbArc
 50
78.6677601726
 51
178.0
  0
ARC
  5
6AA
330
1F
100
AcDbEntity
  8
0
  6
Continuous
 62
     7
370
    25
100
AcDbCircle
 10
2.8891231984
 20
-3.6324782106
 30
0.0
 40
0.1590551181102368
100
AcDbArc
 50
296.133960405
 51
60.6967551274
  0
ARC
  5
6AB
330
1F
100
AcDbEntity
  8
0
  6
Continuous
 62
     7
370
    25
100
AcDbCircle
 10
2.5683801104
 20
-4.2317760845
 30
0.0
 40
0.0500000000000009
100
AcDbArc
 50
269.1977671914
 51
40.6113307116
  0
ARC
  5
6AC
330
1F
100
AcDbEntity
  8
0
  6
Continuous
 62
     7
370
    25
100
AcDbCircle
 10
2.043821814
 20
-3.6200083068
 30
0.0
 40
0.0500000000000006
100
AcDbArc
 50
40.6113307116
 51
176.5094168344
  0
ARC
  5
6AD
330
1F
100
AcDbEntity
  8
0
  6
Continuous
 62
     7
370
    25
100
AcDbCircle
 10
1.3900369579
 20
-3.5801289655
 30
0.0
 40
0.6049999999999458
100
AcDbArc
 50
314.0667408086
 51
356.5094168344
  0
ARC
  5
6AE
330
1F
100
AcDbEntity
  8
0
  6
Continuous
 62
     7
370
    25
100
AcDbCircle
 10
1.9151363017
 20
-4.1226192227
 30
0.0
 40
0.1499999999999996
100
AcDbArc
 50
134.0667408086
 51
269.1977671914
  0
ARC
  5
6AF
330
1F
100
AcDbEntity
  8
0
  6
Continuous
 62
     7
370
    25
100
AcDbCircle
 10
2.8649111127
 20
3.4149254702
 30
0.0
 40
0.0999999999999958
100
AcDbArc
 50
268.4890178799
 51
3.5576715008
  0
ARC
  5
6B0
330
1F
100
AcDbEntity
  8
0
  6
Continuous
 62
     7
370
    25
100
AcDbCircle
 10
2.8142776277
 20
4.2293220804
 30
0.0
 40
0.1000000000000574
100
AcDbArc
 50
3.5576715009
 51
103.8498926897
  0
ARC
  5
6B1
330
1F
100
AcDbEntity
  8
0
  6
Continuous
 62
     7
370
    25
100
AcDbCircle
 10
0.7998964932
 20
3.5927570094
 30
0.0
 40
0.1000000000001217
100
AcDbArc
 50
111.0812302213
 51
183.5576715008
  0
ARC
  5
6B2
330
1F
100
AcDbEntity
  8
0
  6
Continuous
 62
     7
370
    25
100
AcDbCircle
 10
0.8103490108
 20
3.4246371396
 30
0.0
 40
0.100000000000049
100
AcDbArc
 50
183.5576715009
 51
272.523010157
  0
ARC
  5
6B3
330
1F
100
AcDbEntity
  8
0
  6
Continuous
 62
     7
370
    25
100
AcDbCircle
 10
9.6819042423
 20
3.485338903
 30
0.0
 40
0.1000000000000035
100
AcDbArc
 50
45.2859299682
 51
161.9530795773
  0
ARC
  5
6B4
330
1F
100
AcDbEntity
  8
0
  6
Continuous
 62
     7
370
    25
100
AcDbCircle
 10
9.5330220269
 20
3.028400134
 30
0.0
 40
0.1000000000000316
100
AcDbArc
 50
161.9530795774
 51
270.8162349725
  0
ARC
  5
6B5
330
1F
100
AcDbEntity
  8
0
  6
Continuous
 62
     7
370
    25
100
AcDbCircle
 10
5.1257767552
 20
3.3100380074
 30
0.0
 40
0.0999999999999811
100
AcDbArc
 50
266.2438427243
 51
3.5576715008
  0
ARC
  5
6B6
330
1F
100
AcDbEntity
  8
0
  6
Continuous
 62
     7
370
    25
100
AcDbCircle
 10
5.048027947
 20
4.560561565
 30
0.0
 40
0.100000000000045
100
AcDbArc
 50
3.5576715008
 51
92.8441787168
  0
ARC
  5
6B7
330
1F
100
AcDbEntity
  8
0
  6
Continuous
 62
     7
370
    25
100
AcDbCircle
 10
4.4787916907
 20
4.5186242884
 30
0.0
 40
0.0999999999999862
100
AcDbArc
 50
95.6174002121
 51
183.5576715008
  0
ARC
  5
6B8
330
1F
100
AcDbEntity
  8
0
  6
Continuous
 62
     7
370
    25
100
AcDbCircle
 10
4.5517273681
 20
3.345515853
 30
0.0
 40
0.0999999999999689
100
AcDbArc
 50
183.5576715008
 51
266.7145236469
  0
ARC
  5
6B9
330
1F
100
AcDbEntity
  8
0
  6
Continuous
 62
     7
370
    25
100
AcDbCircle
 10
8.9964682545
 20
3.0477344107
 30
0.0
 40
0.1000000000000161
100
AcDbArc
 50
266.485714283
 51
29.4207966178
  0
ARC
  5
6BA
330
1F
100
AcDbEntity
  8
0
  6
Continuous
 62
     7
370
    25
100
AcDbCircle
 10
8.5270845401
 20
3.8800497829
 30
0.0
 40
0.1000000000000003
100
AcDbArc
 50
29.4207966178
 51
183.5576691779
  0
ARC
  5
6BB
330
1F
100
AcDbEntity
  8
0
  6
Continuous
 62
     7
370
    25
100
AcDbCircle
 10
8.5771175478
 20
3.0753108136
 30
0.0
 40
0.1000000000000298
100
AcDbArc
 50
183.5576691779
 51
266.0903159363
  0
ARC
  5
6BC
330
1F
100
AcDbEntity
  8
0
  6
Continuous
 62
     7
370
    25
100
AcDbCircle
 10
8.7684012394
 20
4.0628692552
 30
0.0
 40
0.0999999999999959
100
AcDbArc
 50
66.7292726796
 51
209.4207966179
  0
ARC
  5
6BD
330
1F
100
AcDbEntity
  8
0
  6
Continuous
 62
     7
370
    25
100
AcDbCircle
 10
9.2666748095
 20
3.1793261341
 30
0.0
 40
0.1000000000000079
100
AcDbArc
 50
209.4207966179
 51
341.9530795774
  0
ARC
  5
6BE
330
1F
100
AcDbEntity
  8
0
  6
Continuous
 62
     7
370
    25
100
AcDbCircle
 10
9.4340050206
 20
3.6928841872
 30
0.0
 40
0.1000000000000424
100
AcDbArc
 50
341.9530795774
 51
54.1125551727
  0
ARC
  5
6BF
330
1F
100
AcDbEntity
  8
0
  6
Continuous
 62
     7
370
    25
100
AcDbCircle
 10
7.9748370799
 20
2.4637076963
 30
0.0
 40
0.0999999999999672
100
AcDbArc
 50
88.4890178799
 51
183.5576715008
  0
ARC
  5
6C0
330
1F
100
AcDbEntity
  8
0
  6
Continuous
 62
     7
370
    25
100
AcDbCircle
 10
8.025470565
 20
1.6493110861
 30
0.0
 40
0.0999999999999988
100
AcDbArc
 50
183.5576715008
 51
283.8498926898
  0
ARC
  5
6C1
330
1F
100
AcDbEntity
  8
0
  6
Continuous
 62
     7
370
    25
100
AcDbCircle
 10
10.0398516994
 20
2.2858761571
 30
0.0
 40
0.1000000000001256
100
AcDbArc
 50
291.0812302213
 51
3.5576715008
  0
ARC
  5
6C2
330
1F
100
AcDbEntity
  8
0
  6
Continuous
 62
     7
370
    25
100
AcDbCircle
 10
10.0293991818
 20
2.4539960269
 30
0.0
 40
0.1000000000000379
100
AcDbArc
 50
3.5576715009
 51
92.523010157
  0
ARC
  5
6C3
330
1F
100
AcDbEntity
  8
0
  6
Continuous
 62
     7
370
    25
100
AcDbCircle
 10
1.1578439503
 20
2.3932942635
 30
0.0
 40
0.1000000000000032
100
AcDbArc
 50
225.2859299682
 51
341.9530795773
  0
ARC
  5
6C4
330
1F
100
AcDbEntity
  8
0
  6
Continuous
 62
     7
370
    25
100
AcDbCircle
 10
1.3067261657
 20
2.8502330325
 30
0.0
 40
0.1000000000000365
100
AcDbArc
 50
341.9530795774
 51
90.8162349725
  0
ARC
  5
6C5
330
1F
100
AcDbEntity
  8
0
  6
Continuous
 62
     7
370
    25
100
AcDbCircle
 10
5.7139714374
 20
2.568595159
 30
0.0
 40
0.0999999999999795
100
AcDbArc
 50
86.2438427243
 51
183.5576715008
  0
ARC
  5
6C6
330
1F
100
AcDbEntity
  8
0
  6
Continuous
 62
     7
370
    25
100
AcDbCircle
 10
5.7917202457
 20
1.3180716014
 30
0.0
 40
0.1000000000000376
100
AcDbArc
 50
183.5576715008
 51
272.8441787168
  0
ARC
  5
6C7
330
1F
100
AcDbEntity
  8
0
  6
Continuous
 62
     7
370
    25
100
AcDbCircle
 10
6.3609565019
 20
1.360008878
 30
0.0
 40
0.1000000000000217
100
AcDbArc
 50
275.6174002121
 51
3.5576715008
  0
ARC
  5
6C8
330
1F
100
AcDbEntity
  8
0
  6
Continuous
 62
     7
370
    25
100
AcDbCircle
 10
6.2880208245
 20
2.5331173135
 30
0.0
 40
0.0999999999999676
100
AcDbArc
 50
3.5576715008
 51
86.7145236469
  0
ARC
  5
6C9
330
1F
100
AcDbEntity
  8
0
  6
Continuous
 62
     7
370
    25
100
AcDbCircle
 10
1.8432799381
 20
2.8308987557
 30
0.0
 40
0.0999999999999983
100
AcDbArc
 50
86.485714283
 51
209.4207966178
  0
ARC
  5
6CA
330
1F
100
AcDbEntity
  8
0
  6
Continuous
 62
     7
370
    25
100
AcDbCircle
 10
2.3126636525
 20
1.9985833835
 30
0.0
 40
0.1000000000000097
100
AcDbArc
 50
209.4207966178
 51
3.5576691779
  0
ARC
  5
6CB
330
1F
100
AcDbEntity
  8
0
  6
Continuous
 62
     7
370
    25
100
AcDbCircle
 10
2.2626306448
 20
2.8033223529
 30
0.0
 40
0.0999999999999854
100
AcDbArc
 50
3.5576691779
 51
86.0903159363
  0
ARC
  5
6CC
330
1F
100
AcDbEntity
  8
0
  6
Continuous
 62
     7
370
    25
100
AcDbCircle
 10
2.0713469533
 20
1.8157639113
 30
0.0
 40
0.0999999999999933
100
AcDbArc
 50
246.7292726795
 51
29.4207966179
  0
ARC
  5
6CD
330
1F
100
AcDbEntity
  8
0
  6
Continuous
 62
     7
370
    25
100
AcDbCircle
 10
1.5730733831
 20
2.6993070323
 30
0.0
 40
0.100000000000013
100
AcDbArc
 50
29.4207966179
 51
161.9530795774
  0
ARC
  5
6CE
330
1F
100
AcDbEntity
  8
0
  6
Continuous
 62
     7
370
    25
100
AcDbCircle
 10
1.405743172
 20
2.1857489793
 30
0.0
 40
0.1000000000000164
100
AcDbArc
 50
161.9530795774
 51
234.1125551728
  0
ARC
  5
6CF
330
1F
100
AcDbEntity
  8
0
  6
Continuous
 62
     7
370
    25
100
AcDbCircle
 10
-0.6916359006
 20
4.2800399044
 30
0.0
 40
0.0999999999999982
100
AcDbArc
 50
1.5576715008
 51
93.4669996323
  0
ARC
  5
6D0
330
1F
100
AcDbEntity
  8
0
  6
Continuous
 62
     7
370
    25
100
AcDbCircle
 10
-2.7945474357
 20
4.2230319623
 30
0.0
 40
0.0999999999999796
100
AcDbArc
 50
90.4857738183
 51
181.5576715008
  0
ARC
  5
6D1
330
1F
100
AcDbEntity
  8
0
  6
Continuous
 62
     7
370
    25
100
AcDbCircle
 10
-2.7843317772
 20
3.8473623139
 30
0.0
 40
0.1000000000000015
100
AcDbArc
 50
181.5576715008
 51
278.5582930692
  0
ARC
  5
6D2
330
1F
100
AcDbEntity
  8
0
  6
Continuous
 62
     7
370
    25
100
AcDbCircle
 10
-0.6899806593
 20
4.2191702188
 30
0.0
 40
0.0999999999999654
100
AcDbArc
 50
281.7952585861
 51
1.5576715008
  0
ARC
  5
6D3
330
1F
100
AcDbEntity
  8
0
  6
Continuous
 62
     7
370
    25
100
AcDbCircle
 10
-8.341936868
 20
3.9814922274
 30
0.0
 40
0.100000000000042
100
AcDbArc
 50
245.414499852
 51
1.5576715008
  0
ARC
  5
6D4
330
1F
100
AcDbEntity
  8
0
  6
Continuous
 62
     7
370
    25
100
AcDbCircle
 10
-8.3511081563
 20
4.318756305
 30
0.0
 40
0.0999999999999324
100
AcDbArc
 50
1.5576715008
 51
91.3049228003
  0
ARC
  5
6D5
330
1F
100
AcDbEntity
  8
0
  6
Continuous
 62
     7
370
    25
100
AcDbCircle
 10
-8.801147763
 20
4.3105783063
 30
0.0
 40
0.0999999997134631
100
AcDbArc
 50
90.4906403028
 51
91.2609065472
  0
ARC
  5
6D6
330
1F
100
AcDbEntity
  8
0
  6
Continuous
 62
     7
370
    25
100
AcDbCircle
 10
-3.5246019842
 20
3.0447422778
 30
0.0
 40
0.0999999999999993
100
AcDbArc
 50
1.5576715008
 51
93.4669996322
  0
ARC
  5
6D7
330
1F
100
AcDbEntity
  8
0
  6
Continuous
 62
     7
370
    25
100
AcDbCircle
 10
-5.6275135193
 20
2.9877343357
 30
0.0
 40
0.0999999999999954
100
AcDbArc
 50
90.4857738183
 51
181.5576715008
  0
ARC
  5
6D8
330
1F
100
AcDbEntity
  8
0
  6
Continuous
 62
     7
370
    25
100
AcDbCircle
 10
-5.6172978609
 20
2.6120646872
 30
0.0
 40
0.1000000000000078
100
AcDbArc
 50
181.5576715008
 51
278.5582930692
  0
ARC
  5
6D9
330
1F
100
AcDbEntity
  8
0
  6
Continuous
 62
     7
370
    25
100
AcDbCircle
 10
-3.5229467429
 20
2.9838725922
 30
0.0
 40
0.0999999999999399
100
AcDbArc
 50
281.7952585861
 51
1.5576715008
  0
ARC
  5
6DA
330
1F
100
AcDbEntity
  8
0
  6
Continuous
 62
     7
370
    25
100
AcDbCircle
 10
-11.1749029517
 20
2.7461946007
 30
0.0
 40
0.1000000000000423
100
AcDbArc
 50
245.414499852
 51
1.5576715008
  0
ARC
  5
6DB
330
1F
100
AcDbEntity
  8
0
  6
Continuous
 62
     7
370
    25
100
AcDbCircle
 10
-11.1840742399
 20
3.0834586784
 30
0.0
 40
0.0999999999998955
100
AcDbArc
 50
1.5576715008
 51
91.3049228003
  0
ARC
  5
6DC
330
1F
100
AcDbEntity
  8
0
  6
Continuous
 62
     7
370
    25
100
AcDbCircle
 10
-11.6341138467
 20
3.0752806796
 30
0.0
 40
0.0999999997271739
100
AcDbArc
 50
90.4906403029
 51
91.2609065471
  0
MTEXT
  5
6DE
330
1F
100
AcDbEntity
  8
0
  6
Continuous
 62
     7
100
AcDbMText
 10
-11.9310279588
 20
-9.0504523988
 30
0.0
 40
0.1903
 41
0.0
 71
     1
 72
     1
  1
SOLIDWORKS Educational Product.
  7
SLDTEXTSTYLE0
 73
     1
 44
1.0
  0
MTEXT
  5
6DF
330
1F
100
AcDbEntity
  8
0
  6
Continuous
 62
     7
100
AcDbMText
 10
-11.9310279588
 20
-9.3359023988
 30
0.0
 40
0.1903
 41
0.0
 71
     1
 72
     1
  1
For Instructional Use Only.
  7
SLDTEXTSTYLE0
 73
     1
 44
1.0
  0
ENDSEC
  0
SECTION
  2
OBJECTS
  0
DICTIONARY
  5
C
330
0
100
AcDbDictionary
281
     1
  3
ACAD_GROUP
350
D
  3
ACAD_LAYOUT
350
1A
  3
ACAD_MLINESTYLE
350
17
  3
ACAD_PLOTSETTINGS
350
19
  3
ACAD_PLOTSTYLENAME
350
E
  3
ACAD_SCALELIST
350
47
  3
DWGPROPS
350
6E0
  0
DICTIONARY
  5
D
102
{ACAD_REACTORS
330
C
102
}
330
C
100
AcDbDictionary
281
     1
  0
DICTIONARY
  5
1A
102
{ACAD_REACTORS
330
C
102
}
330
C
100
AcDbDictionary
281
     1
  3
Layout1
350
1E
  3
Layout2
350
26
  3
Model
350
22
  0
DICTIONARY
  5
17
102
{ACAD_REACTORS
330
C
102
}
330
C
100
AcDbDictionary
281
     1
  3
Standard
350
18
  0
DICTIONARY
  5
19
102
{ACAD_REACTORS
330
C
102
}
330
C
100
AcDbDictionary
281
     1
  0
ACDBDICTIONARYWDFLT
  5
E
102
{ACAD_REACTORS
330
C
102
}
330
C
100
AcDbDictionary
281
     1
  3
Normal
350
F
100
AcDbDictionaryWithDefault
340
F
  0
DICTIONARY
  5
47
102
{ACAD_REACTORS
330
C
102
}
330
C
100
AcDbDictionary
281
     1
  3
A0
350
48
  3
A1
350
49
  3
A2
350
4A
  3
A3
350
4B
  3
A4
350
4C
  3
A5
350
4D
  3
A6
350
4E
  3
A7
350
4F
  3
A8
350
50
  3
A9
350
51
  3
B1
350
52
  3
B2
350
53
  3
B3
350
54
  3
B4
350
55
  3
B5
350
56
  3
B6
350
57
  3
B7
350
58
  0
XRECORD
  5
6E0
102
{ACAD_REACTORS
330
C
102
}
330
C
100
AcDbXrecord
280
     1
  1
DWGPROPS COOKIE
  2

  3

  4

  6

  7

  8
xxori
  9

300
=
301
=
302
=
303
=
304
=
305
=
306
=
307
=
308
=
309
=
 40
0.0
 41
2461316.725229156
 42
2461316.72576845
  1

 90
        0
  0
LAYOUT
  5
1E
102
{ACAD_REACTORS
330
1A
102
}
330
1A
100
AcDbPlotSettings
  1

  2
none_device
  4

  6

 40
0.0
 41
0.0
 42
0.0
 43
0.0
 44
0.0
 45
0.0
 46
0.0
 47
0.0
 48
0.0
 49
0.0
140
0.0
141
0.0
142
1.0
143
1.0
 70
   688
 72
     0
 73
     0
 74
     5
  7

 75
    16
147
1.0
148
0.0
149
0.0
100
AcDbLayout
  1
Layout1
 70
     1
 71
     1
 10
0.0
 20
0.0
 11
12.0
 21
9.0
 12
0.0
 22
0.0
 32
0.0
 14
1.0000000000E+20
 24
1.0000000000E+20
 34
1.0000000000E+20
 15
-1.0000000000E+20
 25
-1.0000000000E+20
 35
-1.0000000000E+20
146
0.0
 13
0.0
 23
0.0
 33
0.0
 16
1.0
 26
0.0
 36
0.0
 17
0.0
 27
1.0
 37
0.0
 76
     0
330
1B
  0
LAYOUT
  5
26
102
{ACAD_REACTORS
330
1A
102
}
330
1A
100
AcDbPlotSettings
  1

  2
none_device
  4

  6

 40
0.0
 41
0.0
 42
0.0
 43
0.0
 44
0.0
 45
0.0
 46
0.0
 47
0.0
 48
0.0
 49
0.0
140
0.0
141
0.0
142
1.0
143
1.0
 70
   688
 72
     0
 73
     0
 74
     5
  7

 75
    16
147
1.0
148
0.0
149
0.0
100
AcDbLayout
  1
Layout2
 70
     1
 71
     2
 10
0.0
 20
0.0
 11
0.0
 21
0.0
 12
0.0
 22
0.0
 32
0.0
 14
0.0
 24
0.0
 34
0.0
 15
0.0
 25
0.0
 35
0.0
146
0.0
 13
0.0
 23
0.0
 33
0.0
 16
1.0
 26
0.0
 36
0.0
 17
0.0
 27
1.0
 37
0.0
 76
     0
330
23
  0
LAYOUT
  5
22
102
{ACAD_REACTORS
330
1A
102
}
330
1A
100
AcDbPlotSettings
  1

  2
none_device
  4
ANSI_A_(11.00_x_8.50_Inches)
  6

 40
6.35
 41
19.05
 42
6.35000508
 43
19.05000254
 44
279.4
 45
215.9
 46
132.9368819462
 47
113.3888435426
 48
0.0
 49
0.0
140
0.0
141
0.0
142
0.4550098808
143
1.0
 70
  1696
 72
     0
 73
     0
 74
     0
  7

 75
     0
147
0.5913241897
148
-39.4088153714
149
0.0
100
AcDbLayout
  1
Model
 70
     1
 71
     0
 10
0.0
 20
0.0
 11
12.0
 21
9.0
 12
0.0
 22
0.0
 32
0.0
 14
-11.9310279588
 24
-9.0103119897
 34
0.0
 15
12.0025182319
 25
4.7724798495
 35
0.0
146
0.0
 13
0.0
 23
0.0
 33
0.0
 16
1.0
 26
0.0
 36
0.0
 17
0.0
 27
1.0
 37
0.0
 76
     0
330
1F
331
29
  0
MLINESTYLE
  5
18
102
{ACAD_REACTORS
330
17
102
}
330
17
100
AcDbMlineStyle
  2
Standard
 70
     0
  3

 62
   256
 51
90.0
 52
90.0
 71
     2
 49
0.5
 62
   256
  6
BYLAYER
 49
-0.5
 62
   256
  6
BYLAYER
  0
ACDBPLACEHOLDER
  5
F
102
{ACAD_REACTORS
330
E
102
}
330
E
  0
SCALE
  5
48
102
{ACAD_REACTORS
330
47
102
}
330
47
100
AcDbScale
 70
     0
300
1:1
140
1.0
141
1.0
290
     1
  0
SCALE
  5
49
102
{ACAD_REACTORS
330
47
102
}
330
47
100
AcDbScale
 70
     0
300
1/128" = 1'-0"
140
0.0078125
141
12.0
290
     0
  0
SCALE
  5
4A
102
{ACAD_REACTORS
330
47
102
}
330
47
100
AcDbScale
 70
     0
300
1/64" = 1'-0"
140
0.015625
141
12.0
290
     0
  0
SCALE
  5
4B
102
{ACAD_REACTORS
330
47
102
}
330
47
100
AcDbScale
 70
     0
300
1/32" = 1'-0"
140
0.03125
141
12.0
290
     0
  0
SCALE
  5
4C
102
{ACAD_REACTORS
330
47
102
}
330
47
100
AcDbScale
 70
     0
300
1/16" = 1'-0"
140
0.0625
141
12.0
290
     0
  0
SCALE
  5
4D
102
{ACAD_REACTORS
330
47
102
}
330
47
100
AcDbScale
 70
     0
300
3/32" = 1'-0"
140
0.09375
141
12.0
290
     0
  0
SCALE
  5
4E
102
{ACAD_REACTORS
330
47
102
}
330
47
100
AcDbScale
 70
     0
300
1/8" = 1'-0"
140
0.125
141
12.0
290
     0
  0
SCALE
  5
4F
102
{ACAD_REACTORS
330
47
102
}
330
47
100
AcDbScale
 70
     0
300
3/16" = 1'-0"
140
0.1875
141
12.0
290
     0
  0
SCALE
  5
50
102
{ACAD_REACTORS
330
47
102
}
330
47
100
AcDbScale
 70
     0
300
1/4" = 1'-0"
140
0.25
141
12.0
290
     0
  0
SCALE
  5
51
102
{ACAD_REACTORS
330
47
102
}
330
47
100
AcDbScale
 70
     0
300
3/8" = 1'-0"
140
0.375
141
12.0
290
     0
  0
SCALE
  5
52
102
{ACAD_REACTORS
330
47
102
}
330
47
100
AcDbScale
 70
     0
300
1/2" = 1'-0"
140
0.5
141
12.0
290
     0
  0
SCALE
  5
53
102
{ACAD_REACTORS
330
47
102
}
330
47
100
AcDbScale
 70
     0
300
3/4" = 1'-0"
140
0.75
141
12.0
290
     0
  0
SCALE
  5
54
102
{ACAD_REACTORS
330
47
102
}
330
47
100
AcDbScale
 70
     0
300
1" = 1'-0"
140
1.0
141
12.0
290
     0
  0
SCALE
  5
55
102
{ACAD_REACTORS
330
47
102
}
330
47
100
AcDbScale
 70
     0
300
1-1/2" = 1'-0"
140
1.5
141
12.0
290
     0
  0
SCALE
  5
56
102
{ACAD_REACTORS
330
47
102
}
330
47
100
AcDbScale
 70
     0
300
3" = 1'-0"
140
3.0
141
12.0
290
     0
  0
SCALE
  5
57
102
{ACAD_REACTORS
330
47
102
}
330
47
100
AcDbScale
 70
     0
300
6" = 1'-0"
140
6.0
141
12.0
290
     0
  0
SCALE
  5
58
102
{ACAD_REACTORS
330
47
102
}
330
47
100
AcDbScale
 70
     0
300
1'-0" = 1'-0"
140
12.0
141
12.0
290
     0
  0
ENDSEC
  0
EOF
