  0
SECTION
  2
HEADER
  9
$ACADVER
  1
AC1015
  9
$ACADMAINTVER
 70
     6
  9
$DWGCODEPAGE
  3
ANSI_1252
  9
$INSBASE
 10
0.0
 20
0.0
 30
0.0
  9
$EXTMIN
 10
-18.0
 20
-12.0
 30
0.0
  9
$EXTMAX
 10
18.0
 20
12.0
 30
0.0
  9
$LIMMIN
 10
0.0
 20
0.0
  9
$LIMMAX
 10
12.0
 20
9.0
  9
$ORTHOMODE
 70
     0
  9
$REGENMODE
 70
     1
  9
$FILLMODE
 70
     1
  9
$QTEXTMODE
 70
     0
  9
$MIRRTEXT
 70
     1
  9
$LTSCALE
 40
1.0
  9
$ATTMODE
 70
     1
  9
$TEXTSIZE
 40
0.1377952756
  9
$TRACEWID
 40
0.05
  9
$TEXTSTYLE
  7
Standard
  9
$CLAYER
  8
0
  9
$CELTYPE
  6
ByLayer
  9
$CECOLOR
 62
   256
  9
$CELTSCALE
 40
1.0
  9
$DISPSILH
 70
     0
  9
$DIMSCALE
 40
1.0
  9
$DIMASZ
 40
0.13
  9
$DIMEXO
 40
0.0
  9
$DIMDLI
 40
0.38
  9
$DIMRND
 40
0.0
  9
$DIMDLE
 40
0.0
  9
$DIMEXE
 40
0.125
  9
$DIMTP
 40
0.0
  9
$DIMTM
 40
0.0
  9
$DIMTXT
 40
0.1377952756
  9
$DIMCEN
 40
0.09
  9
$DIMTSZ
 40
0.0
  9
$DIMTOL
 70
     0
  9
$DIMLIM
 70
     0
  9
$DIMTIH
 70
     1
  9
$DIMTOH
 70
     1
  9
$DIMSE1
 70
     0
  9
$DIMSE2
 70
     0
  9
$DIMTAD
 70
     1
  9
$DIMZIN
 70
     1
  9
$DIMBLK
  1

  9
$DIMASO
 70
     1
  9
$DIMSHO
 70
     1
  9
$DIMPOST
  1

  9
$DIMAPOST
  1

  9
$DIMALT
 70
     0
  9
$DIMALTD
 70
     2
  9
$DIMALTF
 40
25.4
  9
$DIMLFAC
 40
1.0
  9
$DIMTOFL
 70
     0
  9
$DIMTVP
 40
0.0
  9
$DIMTIX
 70
     0
  9
$DIMSOXD
 70
     0
  9
$DIMSAH
 70
     0
  9
$DIMBLK1
  1

  9
$DIMBLK2
  1

  9
$DIMSTYLE
  2
Standard
  9
$DIMCLRD
 70
     0
  9
$DIMCLRE
 70
     0
  9
$DIMCLRT
 70
     0
  9
$DIMTFAC
 40
1.0
  9
$DIMGAP
 40
0.06
  9
$DIMJUST
 70
     0
  9
$DIMSD1
 70
     0
  9
$DIMSD2
 70
     0
  9
$DIMTOLJ
 70
     1
  9
$DIMTZIN
 70
     1
  9
$DIMALTZ
 70
     0
  9
$DIMALTTZ
 70
     0
  9
$DIMUPT
 70
     0
  9
$DIMDEC
 70
     2
  9
$DIMTDEC
 70
     2
  9
$DIMALTU
 70
     2
  9
$DIMALTTD
 70
     2
  9
$DIMTXSTY
  7
Standard
  9
$DIMAUNIT
 70
     0
  9
$DIMADEC
 70
     2
  9
$DIMALTRND
 40
0.0
  9
$DIMAZIN
 70
     0
  9
$DIMDSEP
 70
    46
  9
$DIMATFIT
 70
     3
  9
$DIMFRAC
 70
     0
  9
$DIMLDRBLK
  1

  9
$DIMLUNIT
 70
     2
  9
$DIMLWD
 70
    -2
  9
$DIMLWE
 70
    -2
  9
$DIMTMOVE
 70
     0
  9
$LUNITS
 70
     2
  9
$LUPREC
 70
     2
  9
$SKETCHINC
 40
0.1
  9
$FILLETRAD
 40
0.0
  9
$AUNITS
 70
     0
  9
$AUPREC
 70
     2
  9
$MENU
  1
.
  9
$ELEVATION
 40
0.0
  9
$PELEVATION
 40
0.0
  9
$THICKNESS
 40
0.0
  9
$LIMCHECK
 70
     0
  9
$CHAMFERA
 40
0.0
  9
$CHAMFERB
 40
0.0
  9
$CHAMFERC
 40
0.0
  9
$CHAMFERD
 40
0.0
  9
$SKPOLY
 70
     0
  9
$TDCREATE
 40
2461004.435876922
  9
$TDUCREATE
 40
2461004.769210255
  9
$TDUPDATE
 40
2461004.436020753
  9
$TDUUPDATE
 40
2461004.769354086
  9
$TDINDWG
 40
0.0000000116
  9
$TDUSRTIMER
 40
0.0000000116
  9
$USRTIMER
 70
     1
  9
$ANGBASE
 50
0.0
  9
$ANGDIR
 70
     0
  9
$PDMODE
 70
     0
  9
$PDSIZE
 40
-1.0
  9
$PLINEWID
 40
0.0
  9
$SPLFRAME
 70
     0
  9
$SPLINETYPE
 70
     6
  9
$SPLINESEGS
 70
     8
  9
$HANDSEED
  5
480
  9
$SURFTAB1
 70
     6
  9
$SURFTAB2
 70
     6
  9
$SURFTYPE
 70
     6
  9
$SURFU
 70
     6
  9
$SURFV
 70
     6
  9
$UCSBASE
  2

  9
$UCSNAME
  2

  9
$UCSORG
 10
0.0
 20
0.0
 30
0.0
  9
$UCSXDIR
 10
1.0
 20
0.0
 30
0.0
  9
$UCSYDIR
 10
0.0
 20
1.0
 30
0.0
  9
$UCSORTHOREF
  2

  9
$UCSORTHOVIEW
 70
     0
  9
$UCSORGTOP
 10
0.0
 20
0.0
 30
0.0
  9
$UCSORGBOTTOM
 10
0.0
 20
0.0
 30
0.0
  9
$UCSORGLEFT
 10
0.0
 20
0.0
 30
0.0
  9
$UCSORGRIGHT
 10
0.0
 20
0.0
 30
0.0
  9
$UCSORGFRONT
 10
0.0
 20
0.0
 30
0.0
  9
$UCSORGBACK
 10
0.0
 20
0.0
 30
0.0
  9
$PUCSBASE
  2

  9
$PUCSNAME
  2

  9
$PUCSORG
 10
0.0
 20
0.0
 30
0.0
  9
$PUCSXDIR
 10
1.0
 20
0.0
 30
0.0
  9
$PUCSYDIR
 10
0.0
 20
1.0
 30
0.0
  9
$PUCSORTHOREF
  2

  9
$PUCSORTHOVIEW
 70
     0
  9
$PUCSORGTOP
 10
0.0
 20
0.0
 30
0.0
  9
$PUCSORGBOTTOM
 10
0.0
 20
0.0
 30
0.0
  9
$PUCSORGLEFT
 10
0.0
 20
0.0
 30
0.0
  9
$PUCSORGRIGHT
 10
0.0
 20
0.0
 30
0.0
  9
$PUCSORGFRONT
 10
0.0
 20
0.0
 30
0.0
  9
$PUCSORGBACK
 10
0.0
 20
0.0
 30
0.0
  9
$USERI1
 70
     0
  9
$USERI2
 70
     0
  9
$USERI3
 70
     0
  9
$USERI4
 70
     0
  9
$USERI5
 70
     0
  9
$USERR1
 40
0.0
  9
$USERR2
 40
0.0
  9
$USERR3
 40
0.0
  9
$USERR4
 40
0.0
  9
$USERR5
 40
0.0
  9
$WORLDVIEW
 70
     1
  9
$SHADEDGE
 70
     3
  9
$SHADEDIF
 70
    70
  9
$TILEMODE
 70
     1
  9
$MAXACTVP
 70
    64
  9
$PINSBASE
 10
0.0
 20
0.0
 30
0.0
  9
$PLIMCHECK
 70
     0
  9
$PEXTMIN
 10
1.0000000000E+20
 20
1.0000000000E+20
 30
1.0000000000E+20
  9
$PEXTMAX
 10
-1.0000000000E+20
 20
-1.0000000000E+20
 30
-1.0000000000E+20
  9
$PLIMMIN
 10
0.0
 20
0.0
  9
$PLIMMAX
 10
12.0
 20
9.0
  9
$UNITMODE
 70
     0
  9
$VISRETAIN
 70
     1
  9
$PLINEGEN
 70
     0
  9
$PSLTSCALE
 70
     1
  9
$TREEDEPTH
 70
  3020
  9
$CMLSTYLE
  2
Standard
  9
$CMLJUST
 70
     0
  9
$CMLSCALE
 40
1.0
  9
$PROXYGRAPHICS
 70
     1
  9
$MEASUREMENT
 70
     0
  9
$CELWEIGHT
370
    -1
  9
$ENDCAPS
280
     0
  9
$JOINSTYLE
280
     0
  9
$LWDISPLAY
290
     1
  9
$INSUNITS
 70
     1
  9
$HYPERLINKBASE
  1

  9
$STYLESHEET
  1

  9
$XEDIT
290
     1
  9
$CEPSNTYPE
380
     0
  9
$PSTYLEMODE
290
     1
  9
$FINGERPRINTGUID
  2
{f3221000-1acf-4a96-8b28-395f6335a462}
  9
$VERSIONGUID
  2
{FAEB1C32-E019-11D5-929B-00C0DF256EC4}
  9
$EXTNAMES
290
     1
  9
$PSVPSCALE
 40
0.0
  9
$OLESTARTUP
290
     0
  0
ENDSEC
  0
SECTION
  2
CLASSES
  0
CLASS
  1
ACDBDICTIONARYWDFLT
  2
AcDbDictionaryWithDefault
  3
ObjectDBX Classes
 90
        0
280
     0
281
     0
  0
CLASS
  1
VISUALSTYLE
  2
AcDbVisualStyle
  3
ObjectDBX Classes
 90
     4095
280
     0
281
     0
  0
CLASS
  1
MATERIAL
  2
AcDbMaterial
  3
ObjectDBX Classes
 90
     1153
280
     0
281
     0
  0
CLASS
  1
SCALE
  2
AcDbScale
  3
ObjectDBX Classes
 90
     1153
280
     0
281
     0
  0
CLASS
  1
TABLESTYLE
  2
AcDbTableStyle
  3
ObjectDBX Classes
 90
     4095
280
     0
281
     0
  0
CLASS
  1
MLEADERSTYLE
  2
AcDbMLeaderStyle
  3
ACDB_MLEADERSTYLE_CLASS
 90
     4095
280
     0
281
     0
  0
CLASS
  1
SUN
  2
AcDbSun
  3
SCENEOE
 90
     1153
280
     0
281
     0
  0
CLASS
  1
ACDBPLACEHOLDER
  2
AcDbPlaceHolder
  3
ObjectDBX Classes
 90
        0
280
     0
281
     0
  0
CLASS
  1
LAYOUT
  2
AcDbLayout
  3
ObjectDBX Classes
 90
        0
280
     0
281
     0
  0
ENDSEC
  0
SECTION
  2
TABLES
  0
TABLE
  2
VPORT
  5
8
330
0
100
AcDbSymbolTable
 70
     1
  0
VPORT
  5
29
330
8
100
AcDbSymbolTableRecord
100
AcDbViewportTableRecord
  2
*Active
 70
     0
 10
0.0
 20
0.0
 11
1.0
 21
1.0
 12
0.0
 22
0.0
 13
0.0
 23
0.0
 14
0.5
 24
0.5
 15
0.5
 25
0.5
 16
0.0
 26
0.0
 36
1.0
 17
0.0
 27
0.0
 37
0.0
 40
24.48
 41
1.5
 42
50.0
 43
0.0
 44
0.0
 50
0.0
 51
0.0
 71
     0
 72
   100
 73
     1
 74
     3
 75
     0
 76
     0
 77
     0
 78
     0
281
     0
 65
     1
110
0.0
120
0.0
130
0.0
111
1.0
121
0.0
131
0.0
112
0.0
122
1.0
132
0.0
 79
     0
146
0.0
  0
ENDTAB
  0
TABLE
  2
LTYPE
  5
5
330
0
100
AcDbSymbolTable
 70
     6
  0
LTYPE
  5
14
330
5
100
AcDbSymbolTableRecord
100
AcDbLinetypeTableRecord
  2
ByBlock
 70
     0
  3

 72
    65
 73
     0
 40
0.0
  0
LTYPE
  5
15
330
5
100
AcDbSymbolTableRecord
100
AcDbLinetypeTableRecord
  2
ByLayer
 70
     0
  3

 72
    65
 73
     0
 40
0.0
  0
LTYPE
  5
16
330
5
100
AcDbSymbolTableRecord
100
AcDbLinetypeTableRecord
  2
Continuous
 70
     0
  3
Solid line
 72
    65
 73
     0
 40
0.0
  0
LTYPE
  5
5E
330
5
100
AcDbSymbolTableRecord
100
AcDbLinetypeTableRecord
  2
HIDDEN
 70
     0
  3
Hidden __ __ __ __ __ __ __ __ __ __ __ __ __ __
 72
    65
 73
     2
 40
0.075
 49
0.05
 74
     0
 49
-0.025
 74
     0
  0
LTYPE
  5
5F
330
5
100
AcDbSymbolTableRecord
100
AcDbLinetypeTableRecord
  2
PHANTOM
 70
     0
  3
Phantom ______  __  __  ______  __  __  ______
 72
    65
 73
     6
 40
0.5
 49
0.25
 74
     0
 49
-0.05
 74
     0
 49
0.05
 74
     0
 49
-0.05
 74
     0
 49
0.05
 74
     0
 49
-0.05
 74
     0
  0
LTYPE
  5
60
330
5
100
AcDbSymbolTableRecord
100
AcDbLinetypeTableRecord
  2
CENTER
 70
     0
  3
Center ____ _ ____ _ ____ _ ____ _ ____ _ ____
 72
    65
 73
     4
 40
0.4
 49
0.25
 74
     0
 49
-0.05
 74
     0
 49
0.05
 74
     0
 49
-0.05
 74
     0
  0
LTYPE
  5
61
330
5
100
AcDbSymbolTableRecord
100
AcDbLinetypeTableRecord
  2
CENTERX2
 70
     0
  3
Center (2x) ________  __  ________  __  _____
 72
    65
 73
     4
 40
0.8
 49
0.5
 74
     0
 49
-0.1
 74
     0
 49
0.1
 74
     0
 49
-0.1
 74
     0
  0
LTYPE
  5
62
330
5
100
AcDbSymbolTableRecord
100
AcDbLinetypeTableRecord
  2
DOT2
 70
     0
  3
Dot (.5x) ........................................
 72
    65
 73
     2
 40
0.025
 49
0.0
 74
     0
 49
-0.025
 74
     0
  0
ENDTAB
  0
TABLE
  2
LAYER
  5
2
330
0
100
AcDbSymbolTable
 70
     1
  0
LAYER
  5
10
330
2
100
AcDbSymbolTableRecord
100
AcDbLayerTableRecord
  2
0
 70
     0
 62
     7
  6
Continuous
370
    -3
390
F
  0
ENDTAB
  0
TABLE
  2
STYLE
  5
3
330
0
100
AcDbSymbolTable
 70
     2
  0
STYLE
  5
11
330
3
100
AcDbSymbolTableRecord
100
AcDbTextStyleTableRecord
  2
Standard
 70
     0
 40
0.0
 41
1.0
 50
0.0
 71
     0
 42
0.1377952756
  3
txt
  4

  0
STYLE
  5
47C
330
3
100
AcDbSymbolTableRecord
100
AcDbTextStyleTableRecord
  2
SLDTEXTSTYLE0
 70
     0
 40
0.0
 41
0.7
 50
0.0
 71
     0
 42
0.1377952756
  3
TXT
  4

  0
ENDTAB
  0
TABLE
  2
VIEW
  5
6
330
0
100
AcDbSymbolTable
 70
     0
  0
ENDTAB
  0
TABLE
  2
UCS
  5
7
330
0
100
AcDbSymbolTable
 70
     0
  0
ENDTAB
  0
TABLE
  2
APPID
  5
9
330
0
100
AcDbSymbolTable
 70
     1
  0
APPID
  5
12
330
9
100
AcDbSymbolTableRecord
100
AcDbRegAppTableRecord
  2
ACAD
 70
     0
  0
ENDTAB
  0
TABLE
  2
DIMSTYLE
  5
A
330
0
100
AcDbSymbolTable
 70
     1
100
AcDbDimStyleTable
  0
DIMSTYLE
105
27
330
A
100
AcDbSymbolTableRecord
100
AcDbDimStyleTableRecord
  2
Standard
 70
     0
178
     0
340
11
  0
ENDTAB
  0
TABLE
  2
BLOCK_RECORD
  5
1
330
0
100
AcDbSymbolTable
 70
     1
  0
BLOCK_RECORD
  5
1F
330
1
100
AcDbSymbolTableRecord
100
AcDbBlockTableRecord
  2
*Model_Space
340
22
  0
BLOCK_RECORD
  5
1B
330
1
100
AcDbSymbolTableRecord
100
AcDbBlockTableRecord
  2
*Paper_Space
340
1E
  0
BLOCK_RECORD
  5
23
330
1
100
AcDbSymbolTableRecord
100
AcDbBlockTableRecord
  2
*Paper_Space0
340
26
  0
ENDTAB
  0
ENDSEC
  0
SECTION
  2
BLOCKS
  0
BLOCK
  5
20
330
1F
100
AcDbEntity
  8
0
100
AcDbBlockBegin
  2
*Model_Space
 70
     0
 10
0.0
 20
0.0
 30
0.0
  3
*Model_Space
  1

  0
ENDBLK
  5
21
330
1F
100
AcDbEntity
  8
0
100
AcDbBlockEnd
  0
BLOCK
  5
1C
330
1B
100
AcDbEntity
 67
     1
  8
0
100
AcDbBlockBegin
  2
*Paper_Space
 70
     0
 10
0.0
 20
0.0
 30
0.0
  3
*Paper_Space
  1

  0
ENDBLK
  5
1D
330
1B
100
AcDbEntity
 67
     1
  8
0
100
AcDbBlockEnd
  0
BLOCK
  5
24
330
23
100
AcDbEntity
  8
0
100
AcDbBlockBegin
  2
*Paper_Space0
 70
     0
 10
0.0
 20
0.0
 30
0.0
  3
*Paper_Space0
  1

  0
ENDBLK
  5
25
330
23
100
AcDbEntity
  8
0
100
AcDbBlockEnd
  0
ENDSEC
  0
SECTION
  2
ENTITIES
  0
SPLINE
  5
63
330
1F
100
AcDbEntity
  8
0
  6
Continuous
 62
     7
370
    25
100
AcDbSpline
210
0.0
220
0.0
230
1.0
 70
     8
 71
     3
 72
    91
 73
    87
 74
     0
 42
0.00000001
 43
0.00000001
 40
0.1021987028169296
 40
0.1021987028169296
 40
0.1021987028169296
 40
0.1021987028169296
 40
0.1041478079132279
 40
0.1189453636351147
 40
0.1337429193570014
 40
0.1485404750788882
 40
0.1633380308007749
 40
0.1781355865226617
 40
0.1929331422445484
 40
0.2003319201054918
 40
0.2077306979664352
 40
0.2225282536883219
 40
0.2299270315492653
 40
0.2373258094102087
 40
0.244724587271152
 40
0.2521233651320954
 40
0.2595221429930388
 40
0.2669209208539822
 40
0.2817184765758689
 40
0.2965160322977557
 40
0.3113135880196424
 40
0.3261111437415292
 40
0.340908699463416
 40
0.3557062551853027
 40
0.3705038109071894
 40
0.3853013666290762
 40
0.4000989223509629
 40
0.4148964780728497
 40
0.4296940337947365
 40
0.4444915895166232
 40
0.4592891452385099
 40
0.4666879230994533
 40
0.470387312029925
 40
0.4740867009603967
 40
0.4777860898908684
 40
0.4796357843561042
 40
0.4814854788213401
 40
0.482410326053958
 40
0.4833351732865759
 40
0.4842600205191939
 40
0.4851848677518118
 40
0.4870345622170477
 40
0.4888842566822835
 40
0.4907339511475193
 40
0.4925836456127551
 40
0.494433340077991
 40
0.4962830345432269
 40
0.4981327290084627
 40
0.4999824234736985
 40
0.5018321179389343
 40
0.5036818124041702
 40
0.5073812013346419
 40
0.5110805902651135
 40
0.5147799791955852
 40
0.5184793681260569
 40
0.5258781459870003
 40
0.5277278404522362
 40
0.5295775349174721
 40
0.5314272293827078
 40
0.5332769238479437
 40
0.5351266183131795
 40
0.5369763127784153
 40
0.540675701708887
 40
0.5480744795698305
 40
0.5554732574307738
 40
0.5628720352917171
 40
0.5776695910136039
 40
0.5924671467354907
 40
0.6220622581792642
 40
0.6516573696230377
 40
0.6812524810668112
 40
0.7108475925105847
 40
0.7256451482324715
 40
0.7404427039543582
 40
0.7700378153981317
 40
0.7848353711200184
 40
0.7922341489809618
 40
0.7996329268419051
 40
0.8144304825637919
 40
0.8292280382856787
 40
0.8440255940075654
 40
0.8588231497294522
 40
0.873620705451339
 40
0.8884182611732256
 40
0.9024818274885569
 40
0.9043315219579631
 40
0.9043315219579631
 40
0.9043315219579631
 40
0.9043315219579631
 10
-5.572939969858219
 20
5.153920328453058
 30
0.0
 10
-5.577042741646199
 20
5.158112371074128
 30
0.0
 10
-5.612427204285633
 20
5.193996050971232
 30
0.0
 10
-5.681974121873086
 20
5.258411771707353
 30
0.0
 10
-5.782363047720356
 20
5.346820086978509
 30
0.0
 10
-5.889371666228959
 20
5.42695334174563
 30
0.0
 10
-5.998886545790574
 20
5.503190912707351
 30
0.0
 10
-6.111386796840262
 20
5.575172102551702
 30
0.0
 10
-6.20721208245682
 20
5.630656734104681
 30
0.0
 10
-6.284371147163369
 20
5.675516958331982
 30
0.0
 10
-6.363084459632828
 20
5.716837600349466
 30
0.0
 10
-6.442502189490772
 20
5.75652317495698
 30
0.0
 10
-6.522058023141398
 20
5.796299345787518
 30
0.0
 10
-6.582921269582159
 20
5.823588190400296
 30
0.0
 10
-6.643188612346499
 20
5.851784881325734
 30
0.0
 10
-6.704903642594837
 20
5.877521180537546
 30
0.0
 10
-6.765866038993618
 20
5.903891573938708
 30
0.0
 10
-6.849182118483838
 20
5.935964347679296
 30
0.0
 10
-6.952231440862306
 20
5.976230989290812
 30
0.0
 10
-7.078459281761895
 20
6.020048969512515
 30
0.0
 10
-7.205063668378519
 20
6.061073668497744
 30
0.0
 10
-7.333051170892849
 20
6.098654644025206
 30
0.0
 10
-7.461550507361459
 20
6.134205793613554
 30
0.0
 10
-7.591251664936691
 20
6.164988468938883
 30
0.0
 10
-7.72125861300725
 20
6.194288387015451
 30
0.0
 10
-7.85179040377646
 20
6.220595788570597
 30
0.0
 10
-7.981769414841563
 20
6.247968111967624
 30
0.0
 10
-8.112122353904414
 20
6.27509069871524
 30
0.0
 10
-8.241409651809649
 20
6.304383543484359
 30
0.0
 10
-8.369116584762475
 20
6.340446318282249
 30
0.0
 10
-8.474087532298253
 20
6.374624900777693
 30
0.0
 10
-8.544594420591489
 20
6.405293993982118
 30
0.0
 10
-8.584136836360875
 20
6.424446078191376
 30
0.0
 10
-8.613493014766915
 20
6.439781211128286
 30
0.0
 10
-8.636405729645091
 20
6.45364803396693
 30
0.0
 10
-8.654205194512471
 20
6.465667240052823
 30
0.0
 10
-8.666132533128621
 20
6.473875457857002
 30
0.0
 10
-8.674744693044877
 20
6.480143593591198
 30
0.0
 10
-8.677878123727416
 20
6.483701792237457
 30
0.0
 10
-8.679268604014258
 20
6.487586496342427
 30
0.0
 10
-8.680077885179672
 20
6.497295470919995
 30
0.0
 10
-8.679203017921465
 20
6.51012602739746
 30
0.0
 10
-8.675507089031564
 20
6.523578649862954
 30
0.0
 10
-8.667393327540756
 20
6.535467381002016
 30
0.0
 10
-8.657837217079567
 20
6.551297298143083
 30
0.0
 10
-8.650115775028654
 20
6.564084179504249
 30
0.0
 10
-8.63985877616819
 20
6.574419602565972
 30
0.0
 10
-8.627233578274419
 20
6.585746072059304
 30
0.0
 10
-8.61513321090012
 20
6.595562902892744
 30
0.0
 10
-8.601464618198127
 20
6.606494508101351
 30
0.0
 10
-8.58523445799838
 20
6.619550044395715
 30
0.0
 10
-8.562553391988338
 20
6.635266177349473
 30
0.0
 10
-8.534633493663888
 20
6.650654689685009
 30
0.0
 10
-8.50426130481632
 20
6.66531559233046
 30
0.0
 10
-8.46498270228549
 20
6.683746916962278
 30
0.0
 10
-8.42894563113291
 20
6.69554294706625
 30
0.0
 10
-8.39702081275842
 20
6.706248664211324
 30
0.0
 10
-8.382108940367416
 20
6.710003816874727
 30
0.0
 10
-8.365075127809789
 20
6.714223337375411
 30
0.0
 10
-8.350078076551082
 20
6.717919939703039
 30
0.0
 10
-8.333086167265085
 20
6.721066117812156
 30
0.0
 10
-8.3118906697945
 20
6.726254830202272
 30
0.0
 10
-8.274197066311604
 20
6.732492954689783
 30
0.0
 10
-8.219391723689569
 20
6.738721902316537
 30
0.0
 10
-8.153527976329764
 20
6.743544719769614
 30
0.0
 10
-8.066003793074357
 20
6.74395592264662
 30
0.0
 10
-7.955684841700439
 20
6.736570774506752
 30
0.0
 10
-7.781312757897266
 20
6.710076707787456
 30
0.0
 10
-7.567726501146294
 20
6.652341204293211
 30
0.0
 10
-7.319561355616471
 20
6.557989612204994
 30
0.0
 10
-7.080005654944747
 20
6.443733002926317
 30
0.0
 10
-6.886163714517861
 20
6.336417288900375
 30
0.0
 10
-6.736076265227941
 20
6.243136071311714
 30
0.0
 10
-6.589244120500751
 20
6.143961748739999
 30
0.0
 10
-6.446530300190997
 20
6.039352113133865
 30
0.0
 10
-6.32471986954554
 20
5.943011208434188
 30
0.0
 10
-6.25658299628617
 20
5.887322691375789
 30
0.0
 10
-6.189522449707901
 20
5.828743642608208
 30
0.0
 10
-6.104248516203459
 20
5.758495638154886
 30
0.0
 10
-6.007380637431699
 20
5.667460673163449
 30
0.0
 10
-5.910204313237403
 20
5.576919003441445
 30
0.0
 10
-5.816097658446655
 20
5.483295190143177
 30
0.0
 10
-5.724151363798248
 20
5.387360311216121
 30
0.0
 10
-5.635132726195824
 20
5.291898714042669
 30
0.0
 10
-5.575141248814048
 20
5.221882069281828
 30
0.0
 10
-5.544085788708365
 20
5.186001290348061
 30
0.0
 10
-5.540490734909823
 20
5.181819316953942
 30
0.0
  0
SPLINE
  5
64
330
1F
100
AcDbEntity
  8
0
  6
Continuous
 62
     7
370
    25
100
AcDbSpline
210
0.0
220
0.0
230
1.0
 70
     8
 71
     3
 72
    91
 73
    87
 74
     0
 42
0.00000001
 43
0.00000001
 40
0.1021987028169296
 40
0.1021987028169296
 40
0.1021987028169296
 40
0.1021987028169296
 40
0.1041478079132279
 40
0.1189453636351147
 40
0.1337429193570014
 40
0.1485404750788882
 40
0.1633380308007749
 40
0.1781355865226617
 40
0.1929331422445484
 40
0.2003319201054918
 40
0.2077306979664352
 40
0.2225282536883219
 40
0.2299270315492653
 40
0.2373258094102087
 40
0.244724587271152
 40
0.2521233651320954
 40
0.2595221429930388
 40
0.2669209208539822
 40
0.2817184765758689
 40
0.2965160322977557
 40
0.3113135880196424
 40
0.3261111437415292
 40
0.340908699463416
 40
0.3557062551853027
 40
0.3705038109071894
 40
0.3853013666290762
 40
0.4000989223509629
 40
0.4148964780728497
 40
0.4296940337947365
 40
0.4444915895166232
 40
0.4592891452385099
 40
0.4666879230994533
 40
0.470387312029925
 40
0.4740867009603967
 40
0.4777860898908684
 40
0.4796357843561042
 40
0.4814854788213401
 40
0.482410326053958
 40
0.4833351732865759
 40
0.4842600205191939
 40
0.4851848677518118
 40
0.4870345622170477
 40
0.4888842566822835
 40
0.4907339511475193
 40
0.4925836456127551
 40
0.494433340077991
 40
0.4962830345432269
 40
0.4981327290084627
 40
0.4999824234736985
 40
0.5018321179389343
 40
0.5036818124041702
 40
0.5073812013346419
 40
0.5110805902651135
 40
0.5147799791955852
 40
0.5184793681260569
 40
0.5258781459870003
 40
0.5277278404522362
 40
0.5295775349174721
 40
0.5314272293827078
 40
0.5332769238479437
 40
0.5351266183131795
 40
0.5369763127784153
 40
0.540675701708887
 40
0.5480744795698305
 40
0.5554732574307738
 40
0.5628720352917171
 40
0.5776695910136039
 40
0.5924671467354907
 40
0.6220622581792642
 40
0.6516573696230377
 40
0.6812524810668112
 40
0.7108475925105847
 40
0.7256451482324715
 40
0.7404427039543582
 40
0.7700378153981317
 40
0.7848353711200184
 40
0.7922341489809618
 40
0.7996329268419051
 40
0.8144304825637919
 40
0.8292280382856787
 40
0.8440255940075654
 40
0.8588231497294522
 40
0.873620705451339
 40
0.8884182611732256
 40
0.9024818274885569
 40
0.9043315219579631
 40
0.9043315219579631
 40
0.9043315219579631
 40
0.9043315219579631
 10
-8.934416284025307
 20
6.471939607778858
 30
0.0
 10
-8.930313512237325
 20
6.467747565157791
 30
0.0
 10
-8.894929049597893
 20
6.431863885260686
 30
0.0
 10
-8.825382132010448
 20
6.36744816452455
 30
0.0
 10
-8.724993206163187
 20
6.279039849253381
 30
0.0
 10
-8.6179845876546
 20
6.198906594486244
 30
0.0
 10
-8.508469708092987
 20
6.12266902352452
 30
0.0
 10
-8.395969457043305
 20
6.050687833680155
 30
0.0
 10
-8.30014417142676
 20
5.995203202127165
 30
0.0
 10
-8.22298510672021
 20
5.950342977899847
 30
0.0
 10
-8.144271794250754
 20
5.909022335882362
 30
0.0
 10
-8.064854064392819
 20
5.869336761274837
 30
0.0
 10
-7.985298230742194
 20
5.829560590444298
 30
0.0
 10
-7.924434984301443
 20
5.802271745831504
 30
0.0
 10
-7.864167641537099
 20
5.774075054906066
 30
0.0
 10
-7.80245261128877
 20
5.748338755694243
 30
0.0
 10
-7.741490214889989
 20
5.721968362293078
 30
0.0
 10
-7.658174135399764
 20
5.68989558855248
 30
0.0
 10
-7.555124813021305
 20
5.649628946940944
 30
0.0
 10
-7.428896972121727
 20
5.60581096671923
 30
0.0
 10
-7.302292585505096
 20
5.564786267733988
 30
0.0
 10
-7.174305082990779
 20
5.527205292206511
 30
0.0
 10
-7.045805746522178
 20
5.491654142618148
 30
0.0
 10
-6.916104588946945
 20
5.460871467292801
 30
0.0
 10
-6.786097640876386
 20
5.431571549216224
 30
0.0
 10
-6.655565850107186
 20
5.40526414766106
 30
0.0
 10
-6.525586839042083
 20
5.377891824264021
 30
0.0
 10
-6.395233899979232
 20
5.35076923751639
 30
0.0
 10
-6.265946602073998
 20
5.321476392747257
 30
0.0
 10
-6.138239669121184
 20
5.285413617949351
 30
0.0
 10
-6.033268721585403
 20
5.251235035453905
 30
0.0
 10
-5.962761833292174
 20
5.220565942249467
 30
0.0
 10
-5.923219417522788
 20
5.201413858040211
 30
0.0
 10
-5.893863239116746
 20
5.186078725103298
 30
0.0
 10
-5.870950524238573
 20
5.172211902264644
 30
0.0
 10
-5.853151059371196
 20
5.16019269617875
 30
0.0
 10
-5.841223720755053
 20
5.151984478374572
 30
0.0
 10
-5.832611560838791
 20
5.145716342640371
 30
0.0
 10
-5.829478130156253
 20
5.142158143994113
 30
0.0
 10
-5.828087649869414
 20
5.138273439889143
 30
0.0
 10
-5.827278368704
 20
5.128564465311578
 30
0.0
 10
-5.828153235962204
 20
5.115733908834111
 30
0.0
 10
-5.831849164852107
 20
5.102281286368618
 30
0.0
 10
-5.83996292634292
 20
5.090392555229554
 30
0.0
 10
-5.849519036804108
 20
5.07456263808849
 30
0.0
 10
-5.857240478855024
 20
5.061775756727322
 30
0.0
 10
-5.867497477715491
 20
5.0514403336656
 30
0.0
 10
-5.880122675609261
 20
5.04011386417228
 30
0.0
 10
-5.892223042983559
 20
5.030297033338844
 30
0.0
 10
-5.905891635685559
 20
5.019365428130235
 30
0.0
 10
-5.922121795885304
 20
5.006309891835872
 30
0.0
 10
-5.944802861895343
 20
4.990593758882115
 30
0.0
 10
-5.972722760219797
 20
4.975205246546579
 30
0.0
 10
-6.00309494906737
 20
4.960544343901124
 30
0.0
 10
-6.042373551598203
 20
4.942113019269325
 30
0.0
 10
-6.07841062275078
 20
4.930316989165353
 30
0.0
 10
-6.110335441125272
 20
4.91961127202028
 30
0.0
 10
-6.125247313516277
 20
4.915856119356874
 30
0.0
 10
-6.142281126073903
 20
4.911636598856205
 30
0.0
 10
-6.157278177332612
 20
4.907939996528575
 30
0.0
 10
-6.174270086618606
 20
4.904793818419459
 30
0.0
 10
-6.195465584089198
 20
4.899605106029342
 30
0.0
 10
-6.233159187572094
 20
4.893366981541832
 30
0.0
 10
-6.287964530194129
 20
4.887138033915091
 30
0.0
 10
-6.353828277553932
 20
4.882315216462017
 30
0.0
 10
-6.441352460809339
 20
4.881904013585025
 30
0.0
 10
-6.551671412183254
 20
4.889289161724905
 30
0.0
 10
-6.726043495986428
 20
4.91578322844422
 30
0.0
 10
-6.939629752737393
 20
4.973518731938489
 30
0.0
 10
-7.187794898267214
 20
5.067870324026732
 30
0.0
 10
-7.427350598938923
 20
5.182126933305429
 30
0.0
 10
-7.621192539365799
 20
5.289442647331399
 30
0.0
 10
-7.771279988655706
 20
5.382723864920074
 30
0.0
 10
-7.918112133382879
 20
5.481898187491803
 30
0.0
 10
-8.060825953692627
 20
5.586507823097948
 30
0.0
 10
-8.18263638433807
 20
5.682848727797641
 30
0.0
 10
-8.25077325759744
 20
5.738537244856057
 30
0.0
 10
-8.317833804175697
 20
5.797116293623636
 30
0.0
 10
-8.403107737680136
 20
5.867364298076969
 30
0.0
 10
-8.49997561645188
 20
5.958399263068424
 30
0.0
 10
-8.597151940646164
 20
6.048940932790428
 30
0.0
 10
-8.691258595436908
 20
6.142564746088712
 30
0.0
 10
-8.783204890085297
 20
6.238499625015779
 30
0.0
 10
-8.872223527687716
 20
6.333961222189236
 30
0.0
 10
-8.932215005069489
 20
6.403977866950091
 30
0.0
 10
-8.963270465175162
 20
6.439858645883856
 30
0.0
 10
-8.966865518973705
 20
6.444040619277973
 30
0.0
  0
SPLINE
  5
66
330
1F
100
AcDbEntity
  8
0
  6
Continuous
 62
     7
370
    25
100
AcDbSpline
210
0.0
220
0.0
230
1.0
 70
     8
 71
     3
 72
    91
 73
    87
 74
     0
 42
0.00000001
 43
0.00000001
 40
0.1021987028169296
 40
0.1021987028169296
 40
0.1021987028169296
 40
0.1021987028169296
 40
0.1041478079132279
 40
0.1189453636351147
 40
0.1337429193570014
 40
0.1485404750788882
 40
0.1633380308007749
 40
0.1781355865226617
 40
0.1929331422445484
 40
0.2003319201054918
 40
0.2077306979664352
 40
0.2225282536883219
 40
0.2299270315492653
 40
0.2373258094102087
 40
0.244724587271152
 40
0.2521233651320954
 40
0.2595221429930388
 40
0.2669209208539822
 40
0.2817184765758689
 40
0.2965160322977557
 40
0.3113135880196424
 40
0.3261111437415292
 40
0.340908699463416
 40
0.3557062551853027
 40
0.3705038109071894
 40
0.3853013666290762
 40
0.4000989223509629
 40
0.4148964780728497
 40
0.4296940337947365
 40
0.4444915895166232
 40
0.4592891452385099
 40
0.4666879230994533
 40
0.470387312029925
 40
0.4740867009603967
 40
0.4777860898908684
 40
0.4796357843561042
 40
0.4814854788213401
 40
0.482410326053958
 40
0.4833351732865759
 40
0.4842600205191939
 40
0.4851848677518118
 40
0.4870345622170477
 40
0.4888842566822835
 40
0.4907339511475193
 40
0.4925836456127551
 40
0.494433340077991
 40
0.4962830345432269
 40
0.4981327290084627
 40
0.4999824234736985
 40
0.5018321179389343
 40
0.5036818124041702
 40
0.5073812013346419
 40
0.5110805902651135
 40
0.5147799791955852
 40
0.5184793681260569
 40
0.5258781459870003
 40
0.5277278404522362
 40
0.5295775349174721
 40
0.5314272293827078
 40
0.5332769238479437
 40
0.5351266183131795
 40
0.5369763127784153
 40
0.540675701708887
 40
0.5480744795698305
 40
0.5554732574307738
 40
0.5628720352917171
 40
0.5776695910136039
 40
0.5924671467354907
 40
0.6220622581792642
 40
0.6516573696230377
 40
0.6812524810668112
 40
0.7108475925105847
 40
0.7256451482324715
 40
0.7404427039543582
 40
0.7700378153981317
 40
0.7848353711200184
 40
0.7922341489809618
 40
0.7996329268419051
 40
0.8144304825637919
 40
0.8292280382856787
 40
0.8440255940075654
 40
0.8588231497294522
 40
0.873620705451339
 40
0.8884182611732256
 40
0.9024818274885569
 40
0.9043315219579631
 40
0.9043315219579631
 40
0.9043315219579631
 40
0.9043315219579631
 10
-11.51801142755591
 20
6.376757115843925
 30
0.0
 10
-11.51390865576792
 20
6.372565073222857
 30
0.0
 10
-11.47852419312849
 20
6.336681393325755
 30
0.0
 10
-11.40897727554104
 20
6.27226567258962
 30
0.0
 10
-11.30858834969377
 20
6.183857357318453
 30
0.0
 10
-11.20157973118519
 20
6.103724102551324
 30
0.0
 10
-11.09206485162358
 20
6.027486531589603
 30
0.0
 10
-10.97956460057389
 20
5.955505341745241
 30
0.0
 10
-10.88373931495735
 20
5.900020710192254
 30
0.0
 10
-10.80658025025079
 20
5.85516048596494
 30
0.0
 10
-10.72786693778133
 20
5.813839843947459
 30
0.0
 10
-10.6484492079234
 20
5.774154269339935
 30
0.0
 10
-10.56889337427277
 20
5.734378098509398
 30
0.0
 10
-10.50803012783202
 20
5.707089253896608
 30
0.0
 10
-10.44776278506767
 20
5.678892562971172
 30
0.0
 10
-10.38604775481934
 20
5.65315626375935
 30
0.0
 10
-10.32508535842056
 20
5.626785870358186
 30
0.0
 10
-10.24176927893034
 20
5.594713096617592
 30
0.0
 10
-10.13871995655188
 20
5.554446455006062
 30
0.0
 10
-10.01249211565229
 20
5.51062847478435
 30
0.0
 10
-9.885887729035666
 20
5.469603775799112
 30
0.0
 10
-9.757900226521345
 20
5.432022800271641
 30
0.0
 10
-9.629400890052738
 20
5.396471650683282
 30
0.0
 10
-9.49969973247751
 20
5.36568897535794
 30
0.0
 10
-9.369692784406949
 20
5.336389057281368
 30
0.0
 10
-9.239160993637743
 20
5.31008165572621
 30
0.0
 10
-9.109181982572638
 20
5.282709332329174
 30
0.0
 10
-8.978829043509792
 20
5.255586745581549
 30
0.0
 10
-8.849541745604556
 20
5.226293900812419
 30
0.0
 10
-8.721834812651737
 20
5.19023112601452
 30
0.0
 10
-8.616863865115954
 20
5.156052543519077
 30
0.0
 10
-8.546356976822729
 20
5.125383450314641
 30
0.0
 10
-8.506814561053343
 20
5.106231366105386
 30
0.0
 10
-8.4774583826473
 20
5.090896233168475
 30
0.0
 10
-8.454545667769123
 20
5.07702941032982
 30
0.0
 10
-8.436746202901745
 20
5.065010204243928
 30
0.0
 10
-8.424818864285601
 20
5.056801986439749
 30
0.0
 10
-8.416206704369339
 20
5.05053385070555
 30
0.0
 10
-8.413073273686802
 20
5.046975652059292
 30
0.0
 10
-8.411682793399962
 20
5.043090947954322
 30
0.0
 10
-8.410873512234552
 20
5.033381973376756
 30
0.0
 10
-8.411748379492757
 20
5.020551416899289
 30
0.0
 10
-8.415444308382657
 20
5.007098794433797
 30
0.0
 10
-8.423558069873469
 20
4.995210063294732
 30
0.0
 10
-8.433114180334659
 20
4.979380146153667
 30
0.0
 10
-8.440835622385569
 20
4.9665932647925
 30
0.0
 10
-8.451092621246035
 20
4.956257841730777
 30
0.0
 10
-8.463717819139806
 20
4.944931372237458
 30
0.0
 10
-8.475818186514102
 20
4.93511454140402
 30
0.0
 10
-8.489486779216106
 20
4.92418293619541
 30
0.0
 10
-8.505716939415851
 20
4.911127399901047
 30
0.0
 10
-8.52839800542589
 20
4.895411266947289
 30
0.0
 10
-8.556317903750344
 20
4.880022754611752
 30
0.0
 10
-8.586690092597916
 20
4.865361851966297
 30
0.0
 10
-8.625968695128744
 20
4.846930527334495
 30
0.0
 10
-8.66200576628132
 20
4.835134497230523
 30
0.0
 10
-8.693930584655812
 20
4.824428780085448
 30
0.0
 10
-8.708842457046817
 20
4.820673627422042
 30
0.0
 10
-8.725876269604443
 20
4.816454106921372
 30
0.0
 10
-8.74087332086315
 20
4.812757504593741
 30
0.0
 10
-8.75786523014915
 20
4.809611326484625
 30
0.0
 10
-8.779060727619742
 20
4.804422614094507
 30
0.0
 10
-8.816754331102638
 20
4.798184489606996
 30
0.0
 10
-8.871559673724672
 20
4.791955541980253
 30
0.0
 10
-8.937423421084475
 20
4.787132724527176
 30
0.0
 10
-9.024947604339882
 20
4.786721521650181
 30
0.0
 10
-9.135266555713798
 20
4.794106669790057
 30
0.0
 10
-9.309638639516969
 20
4.820600736509367
 30
0.0
 10
-9.52322489626794
 20
4.878336240003628
 30
0.0
 10
-9.77139004179776
 20
4.972687832091862
 30
0.0
 10
-10.01094574246947
 20
5.086944441370547
 30
0.0
 10
-10.20478768289635
 20
5.194260155396514
 30
0.0
 10
-10.35487513218626
 20
5.287541372985183
 30
0.0
 10
-10.50170727691344
 20
5.386715695556905
 30
0.0
 10
-10.64442109722319
 20
5.491325331163046
 30
0.0
 10
-10.76623152786864
 20
5.587666235862734
 30
0.0
 10
-10.83436840112801
 20
5.64335475292115
 30
0.0
 10
-10.90142894770627
 20
5.701933801688726
 30
0.0
 10
-10.98670288121071
 20
5.772181806142055
 30
0.0
 10
-11.08357075998246
 20
5.863216771133506
 30
0.0
 10
-11.18074708417674
 20
5.953758440855508
 30
0.0
 10
-11.2748537389675
 20
6.047382254153788
 30
0.0
 10
-11.36680003361589
 20
6.14331713308085
 30
0.0
 10
-11.45581867121831
 20
6.238778730254304
 30
0.0
 10
-11.51581014860008
 20
6.308795375015157
 30
0.0
 10
-11.54686560870576
 20
6.344676153948922
 30
0.0
 10
-11.5504606625043
 20
6.348858127343039
 30
0.0
  0
SPLINE
  5
67
330
1F
100
AcDbEntity
  8
0
  6
Continuous
 62
     7
370
    25
100
AcDbSpline
210
0.0
220
0.0
230
1.0
 70
     8
 71
     3
 72
    91
 73
    87
 74
     0
 42
0.00000001
 43
0.00000001
 40
0.1021987028169296
 40
0.1021987028169296
 40
0.1021987028169296
 40
0.1021987028169296
 40
0.1041478079132279
 40
0.1189453636351147
 40
0.1337429193570014
 40
0.1485404750788882
 40
0.1633380308007749
 40
0.1781355865226617
 40
0.1929331422445484
 40
0.2003319201054918
 40
0.2077306979664352
 40
0.2225282536883219
 40
0.2299270315492653
 40
0.2373258094102087
 40
0.244724587271152
 40
0.2521233651320954
 40
0.2595221429930388
 40
0.2669209208539822
 40
0.2817184765758689
 40
0.2965160322977557
 40
0.3113135880196424
 40
0.3261111437415292
 40
0.340908699463416
 40
0.3557062551853027
 40
0.3705038109071894
 40
0.3853013666290762
 40
0.4000989223509629
 40
0.4148964780728497
 40
0.4296940337947365
 40
0.4444915895166232
 40
0.4592891452385099
 40
0.4666879230994533
 40
0.470387312029925
 40
0.4740867009603967
 40
0.4777860898908684
 40
0.4796357843561042
 40
0.4814854788213401
 40
0.482410326053958
 40
0.4833351732865759
 40
0.4842600205191939
 40
0.4851848677518118
 40
0.4870345622170477
 40
0.4888842566822835
 40
0.4907339511475193
 40
0.4925836456127551
 40
0.494433340077991
 40
0.4962830345432269
 40
0.4981327290084627
 40
0.4999824234736985
 40
0.5018321179389343
 40
0.5036818124041702
 40
0.5073812013346419
 40
0.5110805902651135
 40
0.5147799791955852
 40
0.5184793681260569
 40
0.5258781459870003
 40
0.5277278404522362
 40
0.5295775349174721
 40
0.5314272293827078
 40
0.5332769238479437
 40
0.5351266183131795
 40
0.5369763127784153
 40
0.540675701708887
 40
0.5480744795698305
 40
0.5554732574307738
 40
0.5628720352917171
 40
0.5776695910136039
 40
0.5924671467354907
 40
0.6220622581792642
 40
0.6516573696230377
 40
0.6812524810668112
 40
0.7108475925105847
 40
0.7256451482324715
 40
0.7404427039543582
 40
0.7700378153981317
 40
0.7848353711200184
 40
0.7922341489809618
 40
0.7996329268419051
 40
0.8144304825637919
 40
0.8292280382856787
 40
0.8440255940075654
 40
0.8588231497294522
 40
0.873620705451339
 40
0.8884182611732256
 40
0.9024818274885569
 40
0.9043315219579631
 40
0.9043315219579631
 40
0.9043315219579631
 40
0.9043315219579631
 10
-14.48489565971592
 20
6.626360331174311
 30
0.0
 10
-14.48079288792793
 20
6.622168288553245
 30
0.0
 10
-14.44540842528851
 20
6.586284608656144
 30
0.0
 10
-14.37586150770105
 20
6.521868887920008
 30
0.0
 10
-14.27547258185379
 20
6.433460572648848
 30
0.0
 10
-14.16846396334519
 20
6.35332731788172
 30
0.0
 10
-14.05894908378358
 20
6.277089746919999
 30
0.0
 10
-13.94644883273389
 20
6.205108557075641
 30
0.0
 10
-13.85062354711734
 20
6.149623925522659
 30
0.0
 10
-13.77346448241079
 20
6.104763701295346
 30
0.0
 10
-13.69475116994132
 20
6.063443059277863
 30
0.0
 10
-13.6153334400834
 20
6.02375748467034
 30
0.0
 10
-13.53577760643276
 20
5.983981313839811
 30
0.0
 10
-13.47491435999202
 20
5.956692469227021
 30
0.0
 10
-13.41464701722767
 20
5.928495778301587
 30
0.0
 10
-13.35293198697934
 20
5.902759479089769
 30
0.0
 10
-13.29196959058055
 20
5.876389085688605
 30
0.0
 10
-13.20865351109033
 20
5.844316311948009
 30
0.0
 10
-13.10560418871187
 20
5.804049670336482
 30
0.0
 10
-12.97937634781228
 20
5.760231690114773
 30
0.0
 10
-12.85277196119565
 20
5.719206991129538
 30
0.0
 10
-12.72478445868134
 20
5.681626015602072
 30
0.0
 10
-12.59628512221273
 20
5.646074866013713
 30
0.0
 10
-12.4665839646375
 20
5.615292190688377
 30
0.0
 10
-12.33657701656694
 20
5.585992272611809
 30
0.0
 10
-12.20604522579774
 20
5.559684871056652
 30
0.0
 10
-12.07606621473263
 20
5.532312547659624
 30
0.0
 10
-11.94571327566978
 20
5.505189960911997
 30
0.0
 10
-11.81642597776454
 20
5.475897116142873
 30
0.0
 10
-11.68871904481172
 20
5.439834341344975
 30
0.0
 10
-11.58374809727594
 20
5.405655758849536
 30
0.0
 10
-11.51324120898271
 20
5.374986665645102
 30
0.0
 10
-11.47369879321332
 20
5.355834581435844
 30
0.0
 10
-11.44434261480728
 20
5.340499448498936
 30
0.0
 10
-11.4214298999291
 20
5.326632625660285
 30
0.0
 10
-11.40363043506173
 20
5.314613419574393
 30
0.0
 10
-11.39170309644558
 20
5.306405201770215
 30
0.0
 10
-11.38309093652932
 20
5.300137066036013
 30
0.0
 10
-11.37995750584679
 20
5.296578867389753
 30
0.0
 10
-11.37856702555995
 20
5.292694163284784
 30
0.0
 10
-11.37775774439453
 20
5.282985188707221
 30
0.0
 10
-11.37863261165273
 20
5.270154632229751
 30
0.0
 10
-11.38232854054263
 20
5.256702009764258
 30
0.0
 10
-11.39044230203345
 20
5.244813278625195
 30
0.0
 10
-11.39999841249464
 20
5.22898336148413
 30
0.0
 10
-11.40771985454555
 20
5.216196480122965
 30
0.0
 10
-11.41797685340601
 20
5.205861057061241
 30
0.0
 10
-11.43060205129978
 20
5.194534587567921
 30
0.0
 10
-11.44270241867409
 20
5.18471775673448
 30
0.0
 10
-11.45637101137608
 20
5.173786151525871
 30
0.0
 10
-11.47260117157582
 20
5.160730615231505
 30
0.0
 10
-11.49528223758586
 20
5.145014482277749
 30
0.0
 10
-11.52320213591033
 20
5.129625969942213
 30
0.0
 10
-11.55357432475789
 20
5.114965067296755
 30
0.0
 10
-11.59285292728872
 20
5.096533742664951
 30
0.0
 10
-11.62888999844129
 20
5.08473771256098
 30
0.0
 10
-11.66081481681579
 20
5.074031995415906
 30
0.0
 10
-11.6757266892068
 20
5.070276842752498
 30
0.0
 10
-11.69276050176442
 20
5.066057322251829
 30
0.0
 10
-11.70775755302313
 20
5.062360719924198
 30
0.0
 10
-11.72474946230912
 20
5.059214541815079
 30
0.0
 10
-11.74594495977972
 20
5.054025829424962
 30
0.0
 10
-11.7836385632626
 20
5.047787704937448
 30
0.0
 10
-11.83844390588464
 20
5.041558757310705
 30
0.0
 10
-11.90430765324444
 20
5.036735939857626
 30
0.0
 10
-11.99183183649985
 20
5.036324736980631
 30
0.0
 10
-12.10215078787377
 20
5.043709885120504
 30
0.0
 10
-12.27652287167695
 20
5.070203951839809
 30
0.0
 10
-12.49010912842792
 20
5.127939455334061
 30
0.0
 10
-12.73827427395774
 20
5.22229104742229
 30
0.0
 10
-12.97782997462946
 20
5.336547656700972
 30
0.0
 10
-13.17167191505634
 20
5.443863370726931
 30
0.0
 10
-13.32175936434625
 20
5.5371445883156
 30
0.0
 10
-13.46859150907343
 20
5.636318910887316
 30
0.0
 10
-13.61130532938318
 20
5.740928546493454
 30
0.0
 10
-13.73311576002863
 20
5.837269451193141
 30
0.0
 10
-13.80125263328801
 20
5.892957968251554
 30
0.0
 10
-13.86831317986627
 20
5.951537017019129
 30
0.0
 10
-13.95358711337071
 20
6.021785021472455
 30
0.0
 10
-14.05045499214245
 20
6.112819986463906
 30
0.0
 10
-14.14763131633675
 20
6.203361656185901
 30
0.0
 10
-14.2417379711275
 20
6.296985469484181
 30
0.0
 10
-14.33368426577589
 20
6.392920348411243
 30
0.0
 10
-14.42270290337832
 20
6.488381945584693
 30
0.0
 10
-14.4826943807601
 20
6.558398590345541
 30
0.0
 10
-14.51374984086577
 20
6.594279369279308
 30
0.0
 10
-14.51734489466432
 20
6.598461342673425
 30
0.0
  0
SPLINE
  5
72
330
1F
100
AcDbEntity
  8
0
  6
Continuous
 62
     7
370
    25
100
AcDbSpline
210
0.0
220
0.0
230
1.0
 70
     8
 71
     3
 72
    91
 73
    87
 74
     0
 42
0.00000001
 43
0.00000001
 40
0.1021987028169296
 40
0.1021987028169296
 40
0.1021987028169296
 40
0.1021987028169296
 40
0.1041478079132279
 40
0.1189453636351147
 40
0.1337429193570014
 40
0.1485404750788882
 40
0.1633380308007749
 40
0.1781355865226617
 40
0.1929331422445484
 40
0.2003319201054918
 40
0.2077306979664352
 40
0.2225282536883219
 40
0.2299270315492653
 40
0.2373258094102087
 40
0.244724587271152
 40
0.2521233651320954
 40
0.2595221429930388
 40
0.2669209208539822
 40
0.2817184765758689
 40
0.2965160322977557
 40
0.3113135880196424
 40
0.3261111437415292
 40
0.340908699463416
 40
0.3557062551853027
 40
0.3705038109071894
 40
0.3853013666290762
 40
0.4000989223509629
 40
0.4148964780728497
 40
0.4296940337947365
 40
0.4444915895166232
 40
0.4592891452385099
 40
0.4666879230994533
 40
0.470387312029925
 40
0.4740867009603967
 40
0.4777860898908684
 40
0.4796357843561042
 40
0.4814854788213401
 40
0.482410326053958
 40
0.4833351732865759
 40
0.4842600205191939
 40
0.4851848677518118
 40
0.4870345622170477
 40
0.4888842566822835
 40
0.4907339511475193
 40
0.4925836456127551
 40
0.494433340077991
 40
0.4962830345432269
 40
0.4981327290084627
 40
0.4999824234736985
 40
0.5018321179389343
 40
0.5036818124041702
 40
0.5073812013346419
 40
0.5110805902651135
 40
0.5147799791955852
 40
0.5184793681260569
 40
0.5258781459870003
 40
0.5277278404522362
 40
0.5295775349174721
 40
0.5314272293827078
 40
0.5332769238479437
 40
0.5351266183131795
 40
0.5369763127784153
 40
0.540675701708887
 40
0.5480744795698305
 40
0.5554732574307738
 40
0.5628720352917171
 40
0.5776695910136039
 40
0.5924671467354907
 40
0.6220622581792642
 40
0.6516573696230377
 40
0.6812524810668112
 40
0.7108475925105847
 40
0.7256451482324715
 40
0.7404427039543582
 40
0.7700378153981317
 40
0.7848353711200184
 40
0.7922341489809618
 40
0.7996329268419051
 40
0.8144304825637919
 40
0.8292280382856787
 40
0.8440255940075654
 40
0.8588231497294522
 40
0.873620705451339
 40
0.8884182611732256
 40
0.9024818274885569
 40
0.9043315219579631
 40
0.9043315219579631
 40
0.9043315219579631
 40
0.9043315219579631
 10
-11.12341934554883
 20
5.308341051848508
 30
0.0
 10
-11.12752211733681
 20
5.312533094469578
 30
0.0
 10
-11.16290657997624
 20
5.348416774366681
 30
0.0
 10
-11.2324534975637
 20
5.412832495102801
 30
0.0
 10
-11.33284242341097
 20
5.501240810373955
 30
0.0
 10
-11.43985104191957
 20
5.581374065141076
 30
0.0
 10
-11.54936592148119
 20
5.657611636102795
 30
0.0
 10
-11.66186617253088
 20
5.729592825947144
 30
0.0
 10
-11.75769145814743
 20
5.785077457500119
 30
0.0
 10
-11.83485052285399
 20
5.829937681727421
 30
0.0
 10
-11.91356383532345
 20
5.871258323744904
 30
0.0
 10
-11.99298156518139
 20
5.910943898352418
 30
0.0
 10
-12.07253739883202
 20
5.950720069182953
 30
0.0
 10
-12.13340064527278
 20
5.97800891379573
 30
0.0
 10
-12.19366798803712
 20
6.006205604721167
 30
0.0
 10
-12.25538301828546
 20
6.031941903932976
 30
0.0
 10
-12.31634541468424
 20
6.058312297334139
 30
0.0
 10
-12.39966149417446
 20
6.090385071074726
 30
0.0
 10
-12.50271081655293
 20
6.130651712686241
 30
0.0
 10
-12.62893865745252
 20
6.17446969290794
 30
0.0
 10
-12.75554304406915
 20
6.215494391893167
 30
0.0
 10
-12.88353054658347
 20
6.253075367420628
 30
0.0
 10
-13.01202988305208
 20
6.288626517008974
 30
0.0
 10
-13.14173104062732
 20
6.319409192334303
 30
0.0
 10
-13.27173798869787
 20
6.348709110410865
 30
0.0
 10
-13.40226977946708
 20
6.375016511966011
 30
0.0
 10
-13.53224879053219
 20
6.402388835363034
 30
0.0
 10
-13.66260172959504
 20
6.429511422110648
 30
0.0
 10
-13.79188902750028
 20
6.458804266879765
 30
0.0
 10
-13.9195959604531
 20
6.494867041677653
 30
0.0
 10
-14.02456690798888
 20
6.529045624173095
 30
0.0
 10
-14.09507379628212
 20
6.55971471737752
 30
0.0
 10
-14.13461621205151
 20
6.578866801586777
 30
0.0
 10
-14.16397239045755
 20
6.594201934523686
 30
0.0
 10
-14.18688510533572
 20
6.60806875736233
 30
0.0
 10
-14.2046845702031
 20
6.620087963448221
 30
0.0
 10
-14.21661190881925
 20
6.628296181252399
 30
0.0
 10
-14.22522406873551
 20
6.634564316986598
 30
0.0
 10
-14.22835749941805
 20
6.638122515632857
 30
0.0
 10
-14.22974797970489
 20
6.642007219737827
 30
0.0
 10
-14.2305572608703
 20
6.651716194315393
 30
0.0
 10
-14.2296823936121
 20
6.66454675079286
 30
0.0
 10
-14.2259864647222
 20
6.677999373258352
 30
0.0
 10
-14.21787270323139
 20
6.689888104397417
 30
0.0
 10
-14.2083165927702
 20
6.705718021538481
 30
0.0
 10
-14.20059515071929
 20
6.718504902899649
 30
0.0
 10
-14.19033815185882
 20
6.728840325961373
 30
0.0
 10
-14.17771295396505
 20
6.740166795454704
 30
0.0
 10
-14.16561258659076
 20
6.749983626288143
 30
0.0
 10
-14.15194399388876
 20
6.760915231496751
 30
0.0
 10
-14.13571383368902
 20
6.773970767791116
 30
0.0
 10
-14.11303276767898
 20
6.789686900744872
 30
0.0
 10
-14.08511286935452
 20
6.805075413080409
 30
0.0
 10
-14.05474068050696
 20
6.819736315725862
 30
0.0
 10
-14.01546207797612
 20
6.83816764035768
 30
0.0
 10
-13.97942500682355
 20
6.849963670461653
 30
0.0
 10
-13.94750018844906
 20
6.860669387606726
 30
0.0
 10
-13.93258831605805
 20
6.864424540270131
 30
0.0
 10
-13.91555450350042
 20
6.868644060770815
 30
0.0
 10
-13.90055745224172
 20
6.872340663098445
 30
0.0
 10
-13.88356554295572
 20
6.875486841207559
 30
0.0
 10
-13.86237004548514
 20
6.880675553597678
 30
0.0
 10
-13.82467644200224
 20
6.886913678085187
 30
0.0
 10
-13.76987109938021
 20
6.893142625711943
 30
0.0
 10
-13.7040073520204
 20
6.897965443165022
 30
0.0
 10
-13.616483168765
 20
6.898376646042028
 30
0.0
 10
-13.50616421739108
 20
6.890991497902162
 30
0.0
 10
-13.3317921335879
 20
6.864497431182868
 30
0.0
 10
-13.11820587683692
 20
6.806761927688629
 30
0.0
 10
-12.8700407313071
 20
6.712410335600416
 30
0.0
 10
-12.63048503063538
 20
6.598153726321742
 30
0.0
 10
-12.43664309020848
 20
6.490838012295803
 30
0.0
 10
-12.28655564091857
 20
6.397556794707144
 30
0.0
 10
-12.13972349619138
 20
6.298382472135434
 30
0.0
 10
-11.99700967588162
 20
6.193772836529303
 30
0.0
 10
-11.87519924523617
 20
6.097431931829627
 30
0.0
 10
-11.80706237197679
 20
6.041743414771226
 30
0.0
 10
-11.74000182539853
 20
5.983164366003648
 30
0.0
 10
-11.65472789189408
 20
5.912916361550329
 30
0.0
 10
-11.55786001312232
 20
5.821881396558891
 30
0.0
 10
-11.46068368892802
 20
5.73133972683689
 30
0.0
 10
-11.36657703413727
 20
5.637715913538624
 30
0.0
 10
-11.27463073948887
 20
5.54178103461157
 30
0.0
 10
-11.18561210188644
 20
5.446319437438119
 30
0.0
 10
-11.12562062450466
 20
5.376302792677278
 30
0.0
 10
-11.09456516439898
 20
5.340422013743512
 30
0.0
 10
-11.09097011060043
 20
5.336240040349393
 30
0.0
  0
SPLINE
  5
73
330
1F
100
AcDbEntity
  8
0
  6
Continuous
 62
     7
370
    25
100
AcDbSpline
210
0.0
220
0.0
230
1.0
 70
     8
 71
     3
 72
    91
 73
    87
 74
     0
 42
0.00000001
 43
0.00000001
 40
0.1021987028169296
 40
0.1021987028169296
 40
0.1021987028169296
 40
0.1021987028169296
 40
0.1041478079132279
 40
0.1189453636351147
 40
0.1337429193570014
 40
0.1485404750788882
 40
0.1633380308007749
 40
0.1781355865226617
 40
0.1929331422445484
 40
0.2003319201054918
 40
0.2077306979664352
 40
0.2225282536883219
 40
0.2299270315492653
 40
0.2373258094102087
 40
0.244724587271152
 40
0.2521233651320954
 40
0.2595221429930388
 40
0.2669209208539822
 40
0.2817184765758689
 40
0.2965160322977557
 40
0.3113135880196424
 40
0.3261111437415292
 40
0.340908699463416
 40
0.3557062551853027
 40
0.3705038109071894
 40
0.3853013666290762
 40
0.4000989223509629
 40
0.4148964780728497
 40
0.4296940337947365
 40
0.4444915895166232
 40
0.4592891452385099
 40
0.4666879230994533
 40
0.470387312029925
 40
0.4740867009603967
 40
0.4777860898908684
 40
0.4796357843561042
 40
0.4814854788213401
 40
0.482410326053958
 40
0.4833351732865759
 40
0.4842600205191939
 40
0.4851848677518118
 40
0.4870345622170477
 40
0.4888842566822835
 40
0.4907339511475193
 40
0.4925836456127551
 40
0.494433340077991
 40
0.4962830345432269
 40
0.4981327290084627
 40
0.4999824234736985
 40
0.5018321179389343
 40
0.5036818124041702
 40
0.5073812013346419
 40
0.5110805902651135
 40
0.5147799791955852
 40
0.5184793681260569
 40
0.5258781459870003
 40
0.5277278404522362
 40
0.5295775349174721
 40
0.5314272293827078
 40
0.5332769238479437
 40
0.5351266183131795
 40
0.5369763127784153
 40
0.540675701708887
 40
0.5480744795698305
 40
0.5554732574307738
 40
0.5628720352917171
 40
0.5776695910136039
 40
0.5924671467354907
 40
0.6220622581792642
 40
0.6516573696230377
 40
0.6812524810668112
 40
0.7108475925105847
 40
0.7256451482324715
 40
0.7404427039543582
 40
0.7700378153981317
 40
0.7848353711200184
 40
0.7922341489809618
 40
0.7996329268419051
 40
0.8144304825637919
 40
0.8292280382856787
 40
0.8440255940075654
 40
0.8588231497294522
 40
0.873620705451339
 40
0.8884182611732256
 40
0.9024818274885569
 40
0.9043315219579631
 40
0.9043315219579631
 40
0.9043315219579631
 40
0.9043315219579631
 10
-8.156535113388818
 20
5.058737836518125
 30
0.0
 10
-8.160637885176799
 20
5.062929879139195
 30
0.0
 10
-8.19602234781623
 20
5.098813559036296
 30
0.0
 10
-8.265569265403693
 20
5.163229279772412
 30
0.0
 10
-8.365958191250966
 20
5.251637595043559
 30
0.0
 10
-8.472966809759573
 20
5.331770849810674
 30
0.0
 10
-8.582481689321199
 20
5.408008420772387
 30
0.0
 10
-8.694981940370893
 20
5.479989610616729
 30
0.0
 10
-8.79080722598745
 20
5.535474242169701
 30
0.0
 10
-8.867966290694001
 20
5.580334466396997
 30
0.0
 10
-8.946679603163469
 20
5.621655108414476
 30
0.0
 10
-9.02609733302141
 20
5.661340683021984
 30
0.0
 10
-9.10565316667204
 20
5.701116853852517
 30
0.0
 10
-9.166516413112806
 20
5.72840569846529
 30
0.0
 10
-9.226783755877149
 20
5.756602389390723
 30
0.0
 10
-9.288498786125484
 20
5.78233868860253
 30
0.0
 10
-9.349461182524267
 20
5.80870908200369
 30
0.0
 10
-9.432777262014493
 20
5.840781855744272
 30
0.0
 10
-9.535826584392959
 20
5.88104849735578
 30
0.0
 10
-9.662054425292553
 20
5.924866477577473
 30
0.0
 10
-9.788658811909183
 20
5.965891176562693
 30
0.0
 10
-9.916646314423511
 20
6.003472152090146
 30
0.0
 10
-10.04514565089212
 20
6.039023301678484
 30
0.0
 10
-10.17484680846736
 20
6.069805977003806
 30
0.0
 10
-10.30485375653792
 20
6.099105895080362
 30
0.0
 10
-10.43538554730713
 20
6.1254132966355
 30
0.0
 10
-10.56536455837224
 20
6.152785620032517
 30
0.0
 10
-10.69571749743509
 20
6.179908206780125
 30
0.0
 10
-10.82500479534033
 20
6.209201051549234
 30
0.0
 10
-10.95271172829315
 20
6.245263826347115
 30
0.0
 10
-11.05768267582894
 20
6.27944240884255
 30
0.0
 10
-11.12818956412218
 20
6.31011150204697
 30
0.0
 10
-11.16773197989156
 20
6.329263586256225
 30
0.0
 10
-11.1970881582976
 20
6.344598719193133
 30
0.0
 10
-11.22000087317578
 20
6.358465542031777
 30
0.0
 10
-11.23780033804316
 20
6.370484748117667
 30
0.0
 10
-11.24972767665931
 20
6.378692965921845
 30
0.0
 10
-11.25833983657557
 20
6.384961101656042
 30
0.0
 10
-11.26147326725811
 20
6.388519300302301
 30
0.0
 10
-11.26286374754495
 20
6.392404004407271
 30
0.0
 10
-11.26367302871037
 20
6.402112978984837
 30
0.0
 10
-11.26279816145216
 20
6.414943535462304
 30
0.0
 10
-11.25910223256226
 20
6.428396157927796
 30
0.0
 10
-11.25098847107145
 20
6.44028488906686
 30
0.0
 10
-11.24143236061026
 20
6.456114806207927
 30
0.0
 10
-11.23371091855935
 20
6.468901687569094
 30
0.0
 10
-11.22345391969889
 20
6.479237110630818
 30
0.0
 10
-11.21082872180512
 20
6.490563580124151
 30
0.0
 10
-11.19872835443082
 20
6.50038041095759
 30
0.0
 10
-11.18505976172883
 20
6.511312016166199
 30
0.0
 10
-11.16882960152909
 20
6.524367552460564
 30
0.0
 10
-11.14614853551904
 20
6.540083685414323
 30
0.0
 10
-11.11822863719459
 20
6.555472197749862
 30
0.0
 10
-11.08785644834702
 20
6.570133100395316
 30
0.0
 10
-11.0485778458162
 20
6.588564425027139
 30
0.0
 10
-11.01254077466362
 20
6.600360455131111
 30
0.0
 10
-10.98061595628913
 20
6.611066172276185
 30
0.0
 10
-10.96570408389813
 20
6.614821324939594
 30
0.0
 10
-10.9486702713405
 20
6.619040845440278
 30
0.0
 10
-10.93367322008179
 20
6.622737447767909
 30
0.0
 10
-10.9166813107958
 20
6.62588362587702
 30
0.0
 10
-10.89548581332521
 20
6.631072338267144
 30
0.0
 10
-10.85779220984232
 20
6.637310462754652
 30
0.0
 10
-10.80298686722028
 20
6.643539410381411
 30
0.0
 10
-10.73712311986048
 20
6.648362227834497
 30
0.0
 10
-10.64959893660507
 20
6.648773430711505
 30
0.0
 10
-10.53927998523115
 20
6.641388282571645
 30
0.0
 10
-10.36490790142798
 20
6.614894215852361
 30
0.0
 10
-10.151321644677
 20
6.557158712358134
 30
0.0
 10
-9.903156499147167
 20
6.462807120269935
 30
0.0
 10
-9.663600798475436
 20
6.348550510991275
 30
0.0
 10
-9.469758858048541
 20
6.241234796965347
 30
0.0
 10
-9.319671408758614
 20
6.147953579376697
 30
0.0
 10
-9.172839264031422
 20
6.048779256804994
 30
0.0
 10
-9.03012544372166
 20
5.944169621198869
 30
0.0
 10
-8.908315013076196
 20
5.847828716499201
 30
0.0
 10
-8.840178139816818
 20
5.792140199440804
 30
0.0
 10
-8.773117593238549
 20
5.733561150673229
 30
0.0
 10
-8.687843659734098
 20
5.663313146219915
 30
0.0
 10
-8.590975780962331
 20
5.572278181228484
 30
0.0
 10
-8.493799456768034
 20
5.481736511506488
 30
0.0
 10
-8.39969280197728
 20
5.388112698208228
 30
0.0
 10
-8.307746507328865
 20
5.292177819281177
 30
0.0
 10
-8.218727869726429
 20
5.196716222107732
 30
0.0
 10
-8.158736392344647
 20
5.126699577346895
 30
0.0
 10
-8.127680932238963
 20
5.090818798413131
 30
0.0
 10
-8.12408587844042
 20
5.08663682501901
 30
0.0
  0
SPLINE
  5
79
330
1F
100
AcDbEntity
  8
0
  6
Continuous
 62
     7
370
    25
100
AcDbSpline
210
0.0
220
0.0
230
1.0
 70
     8
 71
     3
 72
    17
 73
    13
 74
     0
 42
0.00000001
 43
0.00000001
 40
0.1021987028169277
 40
0.1021987028169277
 40
0.1021987028169277
 40
0.1021987028169277
 40
0.1104820121745264
 40
0.1178807900354698
 40
0.1252795678964132
 40
0.1400771236182999
 40
0.1548746793401867
 40
0.1696722350620734
 40
0.1844697907839602
 40
0.1992673465058469
 40
0.2140649022277337
 40
0.2160140073240339
 40
0.2160140073240339
 40
0.2160140073240339
 40
0.2160140073240339
 10
-16.67018635486931
 20
6.410651862373424
 30
0.0
 10
-16.69239700735939
 20
6.421823791593385
 30
0.0
 10
-16.73436994400084
 20
6.443106966013563
 30
0.0
 10
-16.79575749270183
 20
6.475332428830861
 30
0.0
 10
-16.87291655740834
 20
6.520192653058243
 30
0.0
 10
-16.96874184302483
 20
6.575677284611316
 30
0.0
 10
-17.08124209407445
 20
6.647658474455781
 30
0.0
 10
-17.19075697363599
 20
6.723896045417621
 30
0.0
 10
-17.29776559214451
 20
6.804029300184848
 30
0.0
 10
-17.39815451799169
 20
6.892437615456104
 30
0.0
 10
-17.46770143557908
 20
6.9568533361923
 30
0.0
 10
-17.50308589821849
 20
6.992737016089453
 30
0.0
 10
-17.50718867000648
 20
6.99692905871053
 30
0.0
  0
SPLINE
  5
7B
330
1F
100
AcDbEntity
  8
0
  6
Continuous
 62
     7
370
    25
100
AcDbSpline
210
0.0
220
0.0
230
1.0
 70
     8
 71
     3
 72
    72
 73
    68
 74
     0
 42
0.00000001
 43
0.00000001
 40
0.3118232344300146
 40
0.3118232344300146
 40
0.3118232344300146
 40
0.3118232344300146
 40
0.3136729288994194
 40
0.3277364952147507
 40
0.3425340509366374
 40
0.3573316066585241
 40
0.3721291623804109
 40
0.3869267181022976
 40
0.4017242738241844
 40
0.4165218295460712
 40
0.4239206074070145
 40
0.4313193852679579
 40
0.4461169409898447
 40
0.4757120524336181
 40
0.4905096081555048
 40
0.5053071638773916
 40
0.5349022753211651
 40
0.5644973867649387
 40
0.5940924982087121
 40
0.6236876096524856
 40
0.6384851653743724
 40
0.6532827210962592
 40
0.6606814989572025
 40
0.6680802768181459
 40
0.6754790546790893
 40
0.679178443609561
 40
0.6810281380747968
 40
0.6828778325400326
 40
0.6847275270052685
 40
0.6865772214705043
 40
0.6884269159357401
 40
0.690276610400976
 40
0.6976753882619194
 40
0.7013747771923912
 40
0.7050741661228628
 40
0.7087735550533344
 40
0.7124729439838061
 40
0.714322638449042
 40
0.7161723329142777
 40
0.7180220273795136
 40
0.7198717218447495
 40
0.7217214163099853
 40
0.7235711107752212
 40
0.725420805240457
 40
0.7272704997056929
 40
0.7291201941709287
 40
0.7309698886361645
 40
0.7318947358687824
 40
0.7328195831014004
 40
0.7337444303340184
 40
0.7346692775666362
 40
0.7365189720318721
 40
0.7383686664971079
 40
0.7420680554275796
 40
0.7457674443580513
 40
0.749466833288523
 40
0.7568656111494664
 40
0.7716631668713532
 40
0.7864607225932398
 40
0.8012582783151266
 40
0.8160558340370133
 40
0.8308533897589001
 40
0.8456509454807869
 40
0.8604485012026736
 40
0.8752460569245604
 40
0.8900436126464472
 40
0.9043315219579617
 40
0.9043315219579617
 40
0.9043315219579617
 40
0.9043315219579617
 10
-17.53963790495488
 20
6.96903007020965
 30
0.0
 10
-17.53604285115634
 20
6.964848096815535
 30
0.0
 10
-17.50498739105069
 20
6.928967317881735
 30
0.0
 10
-17.44499591366899
 20
6.85895067312084
 30
0.0
 10
-17.35597727606666
 20
6.763489075947289
 30
0.0
 10
-17.26403098141835
 20
6.667554197020147
 30
0.0
 10
-17.16992432662769
 20
6.573930383721781
 30
0.0
 10
-17.0727480024335
 20
6.483388713999678
 30
0.0
 10
-16.97588012366183
 20
6.392353749008138
 30
0.0
 10
-16.89060619015745
 20
6.322105744554732
 30
0.0
 10
-16.82354564357925
 20
6.263526695787085
 30
0.0
 10
-16.75540877031993
 20
6.207838178728614
 30
0.0
 10
-16.63359833967457
 20
6.111497274028809
 30
0.0
 10
-16.49088451936493
 20
6.006887638422534
 30
0.0
 10
-16.34405237463784
 20
5.907713315850669
 30
0.0
 10
-16.19396492534802
 20
5.814432098261857
 30
0.0
 10
-16.00012298492124
 20
5.707116384235714
 30
0.0
 10
-15.76056728424963
 20
5.592859774956788
 30
0.0
 10
-15.51240213871991
 20
5.498508182868321
 30
0.0
 10
-15.29881588196899
 20
5.440772679373864
 30
0.0
 10
-15.12444379816584
 20
5.414278612654385
 30
0.0
 10
-15.01412484679193
 20
5.406893464514408
 30
0.0
 10
-14.92660066353652
 20
5.407304667391323
 30
0.0
 10
-14.86073691617672
 20
5.412127484844333
 30
0.0
 10
-14.80593157355467
 20
5.418356432471032
 30
0.0
 10
-14.76823797007177
 20
5.424594556958502
 30
0.0
 10
-14.74704247260118
 20
5.429783269348595
 30
0.0
 10
-14.73005056331518
 20
5.432929447457695
 30
0.0
 10
-14.71505351205647
 20
5.436626049785309
 30
0.0
 10
-14.69801969949884
 20
5.440845570285976
 30
0.0
 10
-14.68310782710783
 20
5.444600722949368
 30
0.0
 10
-14.65118300873333
 20
5.455306440094408
 30
0.0
 10
-14.61514593758074
 20
5.467102470198343
 30
0.0
 10
-14.57586733504989
 20
5.485533794830117
 30
0.0
 10
-14.54549514620231
 20
5.500194697475541
 30
0.0
 10
-14.51757524787784
 20
5.515583209811049
 30
0.0
 10
-14.49489418186778
 20
5.531299342764782
 30
0.0
 10
-14.47866402166802
 20
5.544354879059126
 30
0.0
 10
-14.46499542896601
 20
5.555286484267723
 30
0.0
 10
-14.45289506159171
 20
5.565103315101147
 30
0.0
 10
-14.44026986369793
 20
5.576429784594469
 30
0.0
 10
-14.43001286483745
 20
5.586765207656182
 30
0.0
 10
-14.42229142278653
 20
5.59955208901734
 30
0.0
 10
-14.41273531232532
 20
5.615382006158394
 30
0.0
 10
-14.4046215508345
 20
5.627270737297449
 30
0.0
 10
-14.40092562194459
 20
5.640723359762939
 30
0.0
 10
-14.40005075468637
 20
5.653553916240404
 30
0.0
 10
-14.40086003585177
 20
5.663262890817972
 30
0.0
 10
-14.40225051613861
 20
5.667147594922942
 30
0.0
 10
-14.40538394682114
 20
5.670705793569205
 30
0.0
 10
-14.41399610673739
 20
5.676973929303414
 30
0.0
 10
-14.42592344535353
 20
5.685182147107605
 30
0.0
 10
-14.44372291022091
 20
5.697201353193517
 30
0.0
 10
-14.46663562509906
 20
5.71106817603218
 30
0.0
 10
-14.49599180350509
 20
5.726403308969123
 30
0.0
 10
-14.53553421927446
 20
5.745555393178417
 30
0.0
 10
-14.60604110756766
 20
5.776224486382913
 30
0.0
 10
-14.7110120551034
 20
5.810403068878466
 30
0.0
 10
-14.83871898805619
 20
5.846465843676489
 30
0.0
 10
-14.9680062859614
 20
5.87575868844574
 30
0.0
 10
-15.09835922502422
 20
5.90288127519349
 30
0.0
 10
-15.2283382360893
 20
5.930253598590646
 30
0.0
 10
-15.35887002685848
 20
5.956561000145928
 30
0.0
 10
-15.48887697492901
 20
5.985860918222627
 30
0.0
 10
-15.61857813250421
 20
6.016643593548088
 30
0.0
 10
-15.74560224277559
 20
6.051786601050745
 30
0.0
 10
-15.8294636692013
 20
6.076386237442899
 30
0.0
 10
-15.87044940551471
 20
6.088998066324835
 30
0.0
  0
SPLINE
  5
82
330
1F
100
AcDbEntity
  8
0
  6
Continuous
 62
     7
370
    25
100
AcDbSpline
210
0.0
220
0.0
230
1.0
 70
     8
 71
     3
 72
    17
 73
    13
 74
     0
 42
0.00000001
 43
0.00000001
 40
0.1021987028169277
 40
0.1021987028169277
 40
0.1021987028169277
 40
0.1021987028169277
 40
0.1104820121745264
 40
0.1178807900354698
 40
0.1252795678964132
 40
0.1400771236182999
 40
0.1548746793401867
 40
0.1696722350620734
 40
0.1844697907839602
 40
0.1992673465058469
 40
0.2140649022277337
 40
0.2160140073240339
 40
0.2160140073240339
 40
0.2160140073240339
 40
0.2160140073240339
 10
-14.82610516093112
 20
7.551450989055849
 30
0.0
 10
-14.80389450844105
 20
7.540279059835887
 30
0.0
 10
-14.76192157179959
 20
7.51899588541571
 30
0.0
 10
-14.7005340230986
 20
7.486770422598412
 30
0.0
 10
-14.62337495839209
 20
7.441910198371033
 30
0.0
 10
-14.5275496727756
 20
7.386425566817961
 30
0.0
 10
-14.41504942172598
 20
7.314444376973495
 30
0.0
 10
-14.30553454216444
 20
7.238206806011656
 30
0.0
 10
-14.19852592365592
 20
7.15807355124443
 30
0.0
 10
-14.09813699780874
 20
7.069665235973173
 30
0.0
 10
-14.02859008022135
 20
7.00524951523698
 30
0.0
 10
-13.99320561758194
 20
6.969365835339826
 30
0.0
 10
-13.98910284579395
 20
6.96517379271875
 30
0.0
  0
SPLINE
  5
84
330
1F
100
AcDbEntity
  8
0
  6
Continuous
 62
     7
370
    25
100
AcDbSpline
210
0.0
220
0.0
230
1.0
 70
     8
 71
     3
 72
    72
 73
    68
 74
     0
 42
0.00000001
 43
0.00000001
 40
0.3118232344300146
 40
0.3118232344300146
 40
0.3118232344300146
 40
0.3118232344300146
 40
0.3136729288994194
 40
0.3277364952147507
 40
0.3425340509366374
 40
0.3573316066585241
 40
0.3721291623804109
 40
0.3869267181022976
 40
0.4017242738241844
 40
0.4165218295460712
 40
0.4239206074070145
 40
0.4313193852679579
 40
0.4461169409898447
 40
0.4757120524336181
 40
0.4905096081555048
 40
0.5053071638773916
 40
0.5349022753211651
 40
0.5644973867649387
 40
0.5940924982087121
 40
0.6236876096524856
 40
0.6384851653743724
 40
0.6532827210962592
 40
0.6606814989572025
 40
0.6680802768181459
 40
0.6754790546790893
 40
0.679178443609561
 40
0.6810281380747968
 40
0.6828778325400326
 40
0.6847275270052685
 40
0.6865772214705043
 40
0.6884269159357401
 40
0.690276610400976
 40
0.6976753882619194
 40
0.7013747771923912
 40
0.7050741661228628
 40
0.7087735550533344
 40
0.7124729439838061
 40
0.714322638449042
 40
0.7161723329142777
 40
0.7180220273795136
 40
0.7198717218447495
 40
0.7217214163099853
 40
0.7235711107752212
 40
0.725420805240457
 40
0.7272704997056929
 40
0.7291201941709287
 40
0.7309698886361645
 40
0.7318947358687824
 40
0.7328195831014004
 40
0.7337444303340184
 40
0.7346692775666362
 40
0.7365189720318721
 40
0.7383686664971079
 40
0.7420680554275796
 40
0.7457674443580513
 40
0.749466833288523
 40
0.7568656111494664
 40
0.7716631668713532
 40
0.7864607225932398
 40
0.8012582783151266
 40
0.8160558340370133
 40
0.8308533897589001
 40
0.8456509454807869
 40
0.8604485012026736
 40
0.8752460569245604
 40
0.8900436126464472
 40
0.9043315219579617
 40
0.9043315219579617
 40
0.9043315219579617
 40
0.9043315219579617
 10
-13.95665361084554
 20
6.993072781219627
 30
0.0
 10
-13.96024866464408
 20
6.997254754613743
 30
0.0
 10
-13.99130412474973
 20
7.033135533547543
 30
0.0
 10
-14.05129560213144
 20
7.103152178308433
 30
0.0
 10
-14.14031423973377
 20
7.198613775481983
 30
0.0
 10
-14.23226053438208
 20
7.294548654409122
 30
0.0
 10
-14.32636718917274
 20
7.388172467707485
 30
0.0
 10
-14.42354351336694
 20
7.478714137429584
 30
0.0
 10
-14.52041139213861
 20
7.569749102421122
 30
0.0
 10
-14.60568532564299
 20
7.639997106874526
 30
0.0
 10
-14.67274587222119
 20
7.69857615564217
 30
0.0
 10
-14.74088274548052
 20
7.75426467270064
 30
0.0
 10
-14.86269317612587
 20
7.850605577400442
 30
0.0
 10
-15.00540699643553
 20
7.955215213006711
 30
0.0
 10
-15.15223914116261
 20
8.054389535578574
 30
0.0
 10
-15.30232659045244
 20
8.147670753167379
 30
0.0
 10
-15.49616853087922
 20
8.254986467193516
 30
0.0
 10
-15.73572423155083
 20
8.369243076472436
 30
0.0
 10
-15.98388937708056
 20
8.463594668560896
 30
0.0
 10
-16.19747563383148
 20
8.521330172055348
 30
0.0
 10
-16.37184771763463
 20
8.54782423877482
 30
0.0
 10
-16.48216666900854
 20
8.555209386914797
 30
0.0
 10
-16.56969085226395
 20
8.554798184037876
 30
0.0
 10
-16.63555459962375
 20
8.549975366584867
 30
0.0
 10
-16.6903599422458
 20
8.543746418958165
 30
0.0
 10
-16.7280535457287
 20
8.537508294470694
 30
0.0
 10
-16.74924904319928
 20
8.5323195820806
 30
0.0
 10
-16.76624095248528
 20
8.5291734039715
 30
0.0
 10
-16.781238003744
 20
8.525476801643887
 30
0.0
 10
-16.79827181630163
 20
8.52125728114322
 30
0.0
 10
-16.81318368869264
 20
8.517502128479826
 30
0.0
 10
-16.84510850706714
 20
8.506796411334784
 30
0.0
 10
-16.88114557821973
 20
8.495000381230847
 30
0.0
 10
-16.92042418075058
 20
8.476569056599073
 30
0.0
 10
-16.95079636959816
 20
8.461908153953647
 30
0.0
 10
-16.97871626792263
 20
8.446519641618139
 30
0.0
 10
-17.00139733393268
 20
8.430803508664408
 30
0.0
 10
-17.01762749413244
 20
8.417747972370062
 30
0.0
 10
-17.03129608683445
 20
8.406816367161465
 30
0.0
 10
-17.04339645420875
 20
8.396999536328039
 30
0.0
 10
-17.05602165210253
 20
8.385673066834718
 30
0.0
 10
-17.06627865096301
 20
8.375337643773005
 30
0.0
 10
-17.07400009301394
 20
8.362550762411844
 30
0.0
 10
-17.08355620347514
 20
8.346720845270792
 30
0.0
 10
-17.09166996496596
 20
8.334832114131736
 30
0.0
 10
-17.09536589385587
 20
8.321379491666246
 30
0.0
 10
-17.09624076111409
 20
8.308548935188782
 30
0.0
 10
-17.09543147994869
 20
8.298839960611215
 30
0.0
 10
-17.09404099966185
 20
8.294955256506244
 30
0.0
 10
-17.09090756897932
 20
8.291397057859982
 30
0.0
 10
-17.08229540906306
 20
8.285128922125772
 30
0.0
 10
-17.07036807044692
 20
8.276920704321581
 30
0.0
 10
-17.05256860557955
 20
8.26490149823567
 30
0.0
 10
-17.0296558907014
 20
8.251034675397008
 30
0.0
 10
-17.00029971229537
 20
8.235699542460065
 30
0.0
 10
-16.960757296526
 20
8.216547458250771
 30
0.0
 10
-16.8902504082328
 20
8.185878365046277
 30
0.0
 10
-16.78527946069705
 20
8.151699782550729
 30
0.0
 10
-16.65757252774426
 20
8.115637007752708
 30
0.0
 10
-16.52828522983906
 20
8.086344162983464
 30
0.0
 10
-16.39793229077623
 20
8.059221576235716
 30
0.0
 10
-16.26795327971115
 20
8.031849252838562
 30
0.0
 10
-16.13742148894196
 20
8.005541851283287
 30
0.0
 10
-16.00741454087144
 20
7.97624193320659
 30
0.0
 10
-15.87771338329624
 20
7.945459257881133
 30
0.0
 10
-15.75068927302485
 20
7.910316250378481
 30
0.0
 10
-15.66682784659915
 20
7.885716613986329
 30
0.0
 10
-15.62584211028573
 20
7.873104785104393
 30
0.0
  0
SPLINE
  5
85
330
1F
100
AcDbEntity
  8
0
  6
Continuous
 62
     7
370
    25
100
AcDbSpline
210
0.0
220
0.0
230
1.0
 70
     8
 71
     3
 72
    74
 73
    70
 74
     0
 42
0.00000001
 43
0.00000001
 40
0.0
 40
0.0
 40
0.0
 40
0.0
 40
0.0078125
 40
0.015625
 40
0.03125
 40
0.046875
 40
0.0625
 40
0.09375
 40
0.125
 40
0.15625
 40
0.1875
 40
0.21875
 40
0.25
 40
0.28125
 40
0.3125
 40
0.34375
 40
0.375
 40
0.390625
 40
0.40625
 40
0.421875
 40
0.4375
 40
0.4453125
 40
0.453125
 40
0.4609375
 40
0.46875
 40
0.47265625
 40
0.4765625
 40
0.484375
 40
0.48828125
 40
0.4921875
 40
0.49609375
 40
0.5
 40
0.50390625
 40
0.5078125
 40
0.51171875
 40
0.515625
 40
0.51953125
 40
0.5234375
 40
0.53125
 40
0.546875
 40
0.5625
 40
0.578125
 40
0.5838431601305444
 40
0.5916556601305444
 40
0.5955619101305444
 40
0.609375
 40
0.625
 40
0.6316289435268143
 40
0.6394414435268143
 40
0.65625
 40
0.6875
 40
0.71875
 40
0.75
 40
0.78125
 40
0.8031091112451072
 40
0.8187341112451072
 40
0.84375
 40
0.875
 40
0.9053104542799696
 40
0.9131229542799696
 40
0.921875
 40
0.9375
 40
0.953125
 40
0.96875
 40
0.9765625
 40
0.984375
 40
0.9921875
 40
0.99609375
 40
1.0
 40
1.0
 40
1.0
 40
1.0
 10
-7.649669380226038
 20
2.162587978304065
 30
0.0
 10
-7.704895992350461
 20
2.141826150946154
 30
0.0
 10
-7.815886240840709
 20
2.100775968070803
 30
0.0
 10
-8.036325845785068
 20
2.022279391950919
 30
0.0
 10
-8.309502046927665
 20
1.930747232067058
 30
0.0
 10
-8.635710446443484
 20
1.829649182773144
 30
0.0
 10
-9.071165196553995
 20
1.704526530508088
 30
0.0
 10
-9.62329932361271
 20
1.560460518876449
 30
0.0
 10
-10.29586651460033
 20
1.412528824419523
 30
0.0
 10
-10.97272768719657
 20
1.298680670182385
 30
0.0
 10
-11.65380878529591
 20
1.223522460487244
 30
0.0
 10
-12.33904667809452
 20
1.190736398305898
 30
0.0
 10
-13.02535832886517
 20
1.196299371635545
 30
0.0
 10
-13.70982966320086
 20
1.238970719337998
 30
0.0
 10
-14.39168891894644
 20
1.318865707053532
 30
0.0
 10
-15.06588436676371
 20
1.442912028186899
 30
0.0
 10
-15.61660437930976
 20
1.592159892173864
 30
0.0
 10
-16.04470344764582
 20
1.747897633459995
 30
0.0
 10
-16.35724202781092
 20
1.88504172354003
 30
0.0
 10
-16.65909231504542
 20
2.044144251718471
 30
0.0
 10
-16.89692938013679
 20
2.196939612053601
 30
0.0
 10
-17.07779765744178
 20
2.334164254157506
 30
0.0
 10
-17.20729688181577
 20
2.444878542209522
 30
0.0
 10
-17.32693477234942
 20
2.563044820524538
 30
0.0
 10
-17.41558463910778
 20
2.667432607404674
 30
0.0
 10
-17.48498070276217
 20
2.75943537577961
 30
0.0
 10
-17.55270710948776
 20
2.856401931317166
 30
0.0
 10
-17.60581024288222
 20
2.957202885317249
 30
0.0
 10
-17.62655556309814
 20
3.055706871866995
 30
0.0
 10
-17.62306671727547
 20
3.127292989140866
 30
0.0
 10
-17.59728326010607
 20
3.201131670523573
 30
0.0
 10
-17.55267474632763
 20
3.267447036936231
 30
0.0
 10
-17.49579860626844
 20
3.316433991963903
 30
0.0
 10
-17.4288542052198
 20
3.343423731259608
 30
0.0
 10
-17.34739119001473
 20
3.358641968535066
 30
0.0
 10
-17.26409721439089
 20
3.36830243650151
 30
0.0
 10
-17.18070470013789
 20
3.373055347410773
 30
0.0
 10
-17.06863282732492
 20
3.374214037981459
 30
0.0
 10
-16.87068485791771
 20
3.366521561015751
 30
0.0
 10
-16.58665584605822
 20
3.338640352715648
 30
0.0
 10
-16.24532699557611
 20
3.298580139074544
 30
0.0
 10
-15.97608012470404
 20
3.265947893316773
 30
0.0
 10
-15.76368722196874
 20
3.239966751921547
 30
0.0
 10
-15.63665305063933
 20
3.224425439479779
 30
0.0
 10
-15.45062002334737
 20
3.201715700181087
 30
0.0
 10
-15.20761399341926
 20
3.172249150353983
 30
0.0
 10
-14.94467481401787
 20
3.141035184952332
 30
0.0
 10
-14.72550235904602
 20
3.115211874714925
 30
0.0
 10
-14.49772207016807
 20
3.088400871214213
 30
0.0
 10
-14.09056932278957
 20
3.040379378224503
 30
0.0
 10
-13.51311221488588
 20
2.969656773171707
 30
0.0
 10
-12.83017339848707
 20
2.88474589087168
 30
0.0
 10
-12.1462706406029
 20
2.804298781020817
 30
0.0
 10
-11.53007418511001
 20
2.738775021435247
 30
0.0
 10
-11.02764270884533
 20
2.69184412515223
 30
0.0
 10
-10.57030569639043
 20
2.65255641303652
 30
0.0
 10
-10.04335427609655
 20
2.61086407689277
 30
0.0
 10
-9.40730724138378
 20
2.566883860152072
 30
0.0
 10
-8.901872422564521
 20
2.536560063944818
 30
0.0
 10
-8.559109747003776
 20
2.523585974910616
 30
0.0
 10
-8.322738265490138
 20
2.518068716719434
 30
0.0
 10
-8.02656362756462
 20
2.518921598905088
 30
0.0
 10
-7.672346433969338
 20
2.536606492808048
 30
0.0
 10
-7.375853381120153
 20
2.5651869009032
 30
0.0
 10
-7.143357165853909
 20
2.594131928967381
 30
0.0
 10
-6.972437138954414
 20
2.618508742367329
 30
0.0
 10
-6.834082651724214
 20
2.640629046699196
 30
0.0
 10
-6.726118193994608
 20
2.659251673858639
 30
0.0
 10
-6.673728390299851
 20
2.668726480101921
 30
0.0
 10
-6.647364041161795
 20
2.673605281767162
 30
0.0
  0
SPLINE
  5
87
330
1F
100
AcDbEntity
  8
0
  6
Continuous
 62
     7
370
    25
100
AcDbSpline
210
0.0
220
0.0
230
1.0
 70
     8
 71
     3
 72
    74
 73
    70
 74
     0
 42
0.00000001
 43
0.00000001
 40
0.0
 40
0.0
 40
0.0
 40
0.0
 40
0.0078125
 40
0.015625
 40
0.03125
 40
0.046875
 40
0.0625
 40
0.09375
 40
0.125
 40
0.15625
 40
0.1875
 40
0.21875
 40
0.25
 40
0.28125
 40
0.3125
 40
0.34375
 40
0.375
 40
0.390625
 40
0.40625
 40
0.421875
 40
0.4375
 40
0.4453125
 40
0.453125
 40
0.4609375
 40
0.46875
 40
0.47265625
 40
0.4765625
 40
0.484375
 40
0.48828125
 40
0.4921875
 40
0.49609375
 40
0.5
 40
0.50390625
 40
0.5078125
 40
0.51171875
 40
0.515625
 40
0.51953125
 40
0.5234375
 40
0.53125
 40
0.546875
 40
0.5625
 40
0.578125
 40
0.5838431601305444
 40
0.5916556601305444
 40
0.5955619101305444
 40
0.609375
 40
0.625
 40
0.6316289435268143
 40
0.6394414435268143
 40
0.65625
 40
0.6875
 40
0.71875
 40
0.75
 40
0.78125
 40
0.8031091112451072
 40
0.8187341112451072
 40
0.84375
 40
0.875
 40
0.9053104542799696
 40
0.9131229542799696
 40
0.921875
 40
0.9375
 40
0.953125
 40
0.96875
 40
0.9765625
 40
0.984375
 40
0.9921875
 40
0.99609375
 40
1.0
 40
1.0
 40
1.0
 40
1.0
 10
-7.649669380226038
 20
-1.837412021695934
 30
0.0
 10
-7.704895992350461
 20
-1.858173849053845
 30
0.0
 10
-7.815886240840709
 20
-1.899224031929197
 30
0.0
 10
-8.036325845785068
 20
-1.97772060804908
 30
0.0
 10
-8.309502046927665
 20
-2.069252767932941
 30
0.0
 10
-8.635710446443484
 20
-2.170350817226855
 30
0.0
 10
-9.071165196553995
 20
-2.295473469491911
 30
0.0
 10
-9.62329932361271
 20
-2.43953948112355
 30
0.0
 10
-10.29586651460033
 20
-2.587471175580477
 30
0.0
 10
-10.97272768719657
 20
-2.701319329817615
 30
0.0
 10
-11.65380878529591
 20
-2.776477539512756
 30
0.0
 10
-12.33904667809452
 20
-2.809263601694101
 30
0.0
 10
-13.02535832886517
 20
-2.803700628364455
 30
0.0
 10
-13.70982966320086
 20
-2.761029280662001
 30
0.0
 10
-14.39168891894644
 20
-2.681134292946468
 30
0.0
 10
-15.06588436676371
 20
-2.5570879718131
 30
0.0
 10
-15.61660437930976
 20
-2.407840107826135
 30
0.0
 10
-16.04470344764582
 20
-2.252102366540004
 30
0.0
 10
-16.35724202781092
 20
-2.114958276459969
 30
0.0
 10
-16.65909231504542
 20
-1.955855748281529
 30
0.0
 10
-16.89692938013679
 20
-1.803060387946398
 30
0.0
 10
-17.07779765744178
 20
-1.665835745842493
 30
0.0
 10
-17.20729688181577
 20
-1.555121457790477
 30
0.0
 10
-17.32693477234942
 20
-1.436955179475461
 30
0.0
 10
-17.41558463910778
 20
-1.332567392595325
 30
0.0
 10
-17.48498070276217
 20
-1.240564624220389
 30
0.0
 10
-17.55270710948776
 20
-1.143598068682833
 30
0.0
 10
-17.60581024288222
 20
-1.04279711468275
 30
0.0
 10
-17.62655556309814
 20
-0.9442931281330046
 30
0.0
 10
-17.62306671727547
 20
-0.8727070108591332
 30
0.0
 10
-17.59728326010607
 20
-0.7988683294764259
 30
0.0
 10
-17.55267474632763
 20
-0.7325529630637689
 30
0.0
 10
-17.49579860626844
 20
-0.6835660080360962
 30
0.0
 10
-17.4288542052198
 20
-0.656576268740392
 30
0.0
 10
-17.34739119001473
 20
-0.6413580314649332
 30
0.0
 10
-17.26409721439089
 20
-0.63169756349849
 30
0.0
 10
-17.18070470013789
 20
-0.6269446525892272
 30
0.0
 10
-17.06863282732492
 20
-0.6257859620185405
 30
0.0
 10
-16.87068485791771
 20
-0.6334784389842486
 30
0.0
 10
-16.58665584605822
 20
-0.6613596472843518
 30
0.0
 10
-16.24532699557611
 20
-0.7014198609254555
 30
0.0
 10
-15.97608012470404
 20
-0.7340521066832266
 30
0.0
 10
-15.76368722196874
 20
-0.7600332480784527
 30
0.0
 10
-15.63665305063933
 20
-0.7755745605202207
 30
0.0
 10
-15.45062002334737
 20
-0.7982842998189121
 30
0.0
 10
-15.20761399341926
 20
-0.8277508496460162
 30
0.0
 10
-14.94467481401787
 20
-0.8589648150476679
 30
0.0
 10
-14.72550235904602
 20
-0.8847881252850746
 30
0.0
 10
-14.49772207016807
 20
-0.9115991287857866
 30
0.0
 10
-14.09056932278957
 20
-0.9596206217754966
 30
0.0
 10
-13.51311221488588
 20
-1.030343226828292
 30
0.0
 10
-12.83017339848707
 20
-1.115254109128319
 30
0.0
 10
-12.1462706406029
 20
-1.195701218979183
 30
0.0
 10
-11.53007418511001
 20
-1.261224978564752
 30
0.0
 10
-11.02764270884533
 20
-1.30815587484777
 30
0.0
 10
-10.57030569639043
 20
-1.347443586963479
 30
0.0
 10
-10.04335427609655
 20
-1.38913592310723
 30
0.0
 10
-9.40730724138378
 20
-1.433116139847927
 30
0.0
 10
-8.901872422564521
 20
-1.463439936055181
 30
0.0
 10
-8.559109747003776
 20
-1.476414025089383
 30
0.0
 10
-8.322738265490138
 20
-1.481931283280566
 30
0.0
 10
-8.02656362756462
 20
-1.481078401094911
 30
0.0
 10
-7.672346433969338
 20
-1.463393507191951
 30
0.0
 10
-7.375853381120153
 20
-1.4348130990968
 30
0.0
 10
-7.143357165853909
 20
-1.405868071032619
 30
0.0
 10
-6.972437138954414
 20
-1.38149125763267
 30
0.0
 10
-6.834082651724214
 20
-1.359370953300803
 30
0.0
 10
-6.726118193994608
 20
-1.34074832614136
 30
0.0
 10
-6.673728390299851
 20
-1.331273519898078
 30
0.0
 10
-6.647364041161795
 20
-1.326394718232837
 30
0.0
  0
SPLINE
  5
89
330
1F
100
AcDbEntity
  8
0
  6
Continuous
 62
     7
370
    25
100
AcDbSpline
210
0.0
220
0.0
230
1.0
 70
     8
 71
     3
 72
    74
 73
    70
 74
     0
 42
0.00000001
 43
0.00000001
 40
0.0
 40
0.0
 40
0.0
 40
0.0
 40
0.0078125
 40
0.015625
 40
0.03125
 40
0.046875
 40
0.0625
 40
0.09375
 40
0.125
 40
0.15625
 40
0.1875
 40
0.21875
 40
0.25
 40
0.28125
 40
0.3125
 40
0.34375
 40
0.375
 40
0.390625
 40
0.40625
 40
0.421875
 40
0.4375
 40
0.4453125
 40
0.453125
 40
0.4609375
 40
0.46875
 40
0.47265625
 40
0.4765625
 40
0.484375
 40
0.48828125
 40
0.4921875
 40
0.49609375
 40
0.5
 40
0.50390625
 40
0.5078125
 40
0.51171875
 40
0.515625
 40
0.51953125
 40
0.5234375
 40
0.53125
 40
0.546875
 40
0.5625
 40
0.578125
 40
0.5838431601305444
 40
0.5916556601305444
 40
0.5955619101305444
 40
0.609375
 40
0.625
 40
0.6316289435268143
 40
0.6394414435268143
 40
0.65625
 40
0.6875
 40
0.71875
 40
0.75
 40
0.78125
 40
0.8031091112451072
 40
0.8187341112451072
 40
0.84375
 40
0.875
 40
0.9053104542799696
 40
0.9131229542799696
 40
0.921875
 40
0.9375
 40
0.953125
 40
0.96875
 40
0.9765625
 40
0.984375
 40
0.9921875
 40
0.99609375
 40
1.0
 40
1.0
 40
1.0
 40
1.0
 10
-7.649669380226038
 20
-5.837412021695934
 30
0.0
 10
-7.704895992350461
 20
-5.858173849053845
 30
0.0
 10
-7.815886240840709
 20
-5.899224031929196
 30
0.0
 10
-8.036325845785068
 20
-5.977720608049079
 30
0.0
 10
-8.309502046927665
 20
-6.069252767932941
 30
0.0
 10
-8.635710446443484
 20
-6.170350817226854
 30
0.0
 10
-9.071165196553995
 20
-6.295473469491911
 30
0.0
 10
-9.62329932361271
 20
-6.43953948112355
 30
0.0
 10
-10.29586651460033
 20
-6.587471175580476
 30
0.0
 10
-10.97272768719657
 20
-6.701319329817614
 30
0.0
 10
-11.65380878529591
 20
-6.776477539512755
 30
0.0
 10
-12.33904667809452
 20
-6.8092636016941
 30
0.0
 10
-13.02535832886517
 20
-6.803700628364454
 30
0.0
 10
-13.70982966320086
 20
-6.761029280662001
 30
0.0
 10
-14.39168891894644
 20
-6.681134292946467
 30
0.0
 10
-15.06588436676371
 20
-6.557087971813099
 30
0.0
 10
-15.61660437930976
 20
-6.407840107826134
 30
0.0
 10
-16.04470344764582
 20
-6.252102366540004
 30
0.0
 10
-16.35724202781092
 20
-6.114958276459968
 30
0.0
 10
-16.65909231504542
 20
-5.955855748281528
 30
0.0
 10
-16.89692938013679
 20
-5.803060387946398
 30
0.0
 10
-17.07779765744178
 20
-5.665835745842493
 30
0.0
 10
-17.20729688181577
 20
-5.555121457790476
 30
0.0
 10
-17.32693477234942
 20
-5.43695517947546
 30
0.0
 10
-17.41558463910778
 20
-5.332567392595324
 30
0.0
 10
-17.48498070276217
 20
-5.240564624220389
 30
0.0
 10
-17.55270710948776
 20
-5.143598068682833
 30
0.0
 10
-17.60581024288222
 20
-5.042797114682749
 30
0.0
 10
-17.62655556309814
 20
-4.944293128133004
 30
0.0
 10
-17.62306671727547
 20
-4.872707010859132
 30
0.0
 10
-17.59728326010607
 20
-4.798868329476425
 30
0.0
 10
-17.55267474632763
 20
-4.732552963063768
 30
0.0
 10
-17.49579860626844
 20
-4.683566008036095
 30
0.0
 10
-17.4288542052198
 20
-4.656576268740391
 30
0.0
 10
-17.34739119001473
 20
-4.641358031464932
 30
0.0
 10
-17.26409721439089
 20
-4.63169756349849
 30
0.0
 10
-17.18070470013789
 20
-4.626944652589226
 30
0.0
 10
-17.06863282732492
 20
-4.62578596201854
 30
0.0
 10
-16.87068485791771
 20
-4.633478438984248
 30
0.0
 10
-16.58665584605822
 20
-4.661359647284351
 30
0.0
 10
-16.24532699557611
 20
-4.701419860925455
 30
0.0
 10
-15.97608012470404
 20
-4.734052106683226
 30
0.0
 10
-15.76368722196874
 20
-4.760033248078452
 30
0.0
 10
-15.63665305063933
 20
-4.77557456052022
 30
0.0
 10
-15.45062002334737
 20
-4.798284299818912
 30
0.0
 10
-15.20761399341926
 20
-4.827750849646016
 30
0.0
 10
-14.94467481401787
 20
-4.858964815047667
 30
0.0
 10
-14.72550235904602
 20
-4.884788125285074
 30
0.0
 10
-14.49772207016807
 20
-4.911599128785786
 30
0.0
 10
-14.09056932278957
 20
-4.959620621775496
 30
0.0
 10
-13.51311221488588
 20
-5.030343226828291
 30
0.0
 10
-12.83017339848707
 20
-5.115254109128319
 30
0.0
 10
-12.1462706406029
 20
-5.195701218979182
 30
0.0
 10
-11.53007418511001
 20
-5.261224978564751
 30
0.0
 10
-11.02764270884533
 20
-5.30815587484777
 30
0.0
 10
-10.57030569639043
 20
-5.347443586963479
 30
0.0
 10
-10.04335427609655
 20
-5.389135923107229
 30
0.0
 10
-9.40730724138378
 20
-5.433116139847926
 30
0.0
 10
-8.901872422564521
 20
-5.463439936055181
 30
0.0
 10
-8.559109747003776
 20
-5.476414025089382
 30
0.0
 10
-8.322738265490138
 20
-5.481931283280565
 30
0.0
 10
-8.02656362756462
 20
-5.48107840109491
 30
0.0
 10
-7.672346433969338
 20
-5.463393507191951
 30
0.0
 10
-7.375853381120153
 20
-5.434813099096799
 30
0.0
 10
-7.143357165853909
 20
-5.405868071032618
 30
0.0
 10
-6.972437138954414
 20
-5.381491257632669
 30
0.0
 10
-6.834082651724214
 20
-5.359370953300802
 30
0.0
 10
-6.726118193994608
 20
-5.34074832614136
 30
0.0
 10
-6.673728390299851
 20
-5.331273519898078
 30
0.0
 10
-6.647364041161795
 20
-5.326394718232836
 30
0.0
  0
SPLINE
  5
91
330
1F
100
AcDbEntity
  8
0
  6
Continuous
 62
     7
370
    25
100
AcDbSpline
210
0.0
220
0.0
230
1.0
 70
     8
 71
     3
 72
    15
 73
    11
 74
     0
 42
0.00000001
 43
0.00000001
 40
0.026992045300439
 40
0.026992045300439
 40
0.026992045300439
 40
0.026992045300439
 40
0.0445444983804174
 40
0.169178500998668
 40
0.3473564945203452
 40
0.5255344880420223
 40
0.7037124815636995
 40
0.8818904750853768
 40
0.9777277508097935
 40
0.9814516417040832
 40
0.9814516417040832
 40
0.9814516417040832
 40
0.9814516417040832
 10
-11.99474787423019
 20
-8.418247487992009
 30
0.0
 10
-11.97222728312689
 20
-8.420225216857133
 30
0.0
 10
-11.78981278955653
 20
-8.43635334783549
 30
0.0
 10
-11.37909379144204
 20
-8.474717605674742
 30
0.0
 10
-10.76289733594915
 20
-8.540241365260307
 30
0.0
 10
-10.07899457806498
 20
-8.620688475111162
 30
0.0
 10
-9.396055761666162
 20
-8.705599357411183
 30
0.0
 10
-8.818598653762477
 20
-8.776321962463973
 30
0.0
 10
-8.463618918096886
 20
-8.818189927245031
 30
0.0
 10
-8.3363494449148
 20
-8.833179097919157
 30
0.0
 10
-8.331589151909228
 20
-8.833739716171163
 30
0.0
  0
SPLINE
  5
97
330
1F
100
AcDbEntity
  8
0
  6
Continuous
 62
     7
370
    25
100
AcDbSpline
210
0.0
220
0.0
230
1.0
 70
     8
 71
     3
 72
    48
 73
    44
 74
     0
 42
0.00000001
 43
0.00000001
 40
0.0065387106436082
 40
0.0065387106436082
 40
0.0065387106436082
 40
0.0065387106436082
 40
0.0163750230364447
 40
0.0429594818732976
 40
0.0695439407101504
 40
0.0961283995470033
 40
0.1094206289654297
 40
0.1160667436746429
 40
0.122712858383856
 40
0.1293589730930693
 40
0.1360050878022825
 40
0.1426512025114958
 40
0.1492973172207089
 40
0.1559434319299221
 40
0.1625895466391354
 40
0.1692356613483486
 40
0.1758817760575618
 40
0.1891740054759882
 40
0.1958201201852015
 40
0.2024662348944146
 40
0.2157584643128411
 40
0.2290506937312675
 40
0.2423429231496939
 40
0.2556351525681203
 40
0.2822196114049732
 40
0.308804070241826
 40
0.3353885290786789
 40
0.3619729879155317
 40
0.4151419055892374
 40
0.468310823262943
 40
0.5214797409366487
 40
0.5746486586103545
 40
0.6278175762840601
 40
0.6809864939577659
 40
0.7341554116314715
 40
0.7873243293051773
 40
0.840493246978883
 40
0.8936621646525886
 40
0.9202466234894414
 40
0.9468310823262943
 40
0.9734155411631471
 40
0.9867077705815736
 40
1.0
 40
1.0
 40
1.0
 40
1.0
 10
-7.13160494002362
 20
-8.977606456260144
 30
0.0
 10
-7.089488051012903
 20
-8.982758690431092
 30
0.0
 10
-6.933547616682874
 20
-9.001834754869348
 30
0.0
 10
-6.663840980975954
 20
-9.034522723314007
 30
0.0
 10
-6.32251213049384
 20
-9.074582936955109
 30
0.0
 10
-6.038483118634362
 20
-9.10246414525521
 30
0.0
 10
-5.840535149227143
 20
-9.110156622220916
 30
0.0
 10
-5.72846327641417
 20
-9.10899793165023
 30
0.0
 10
-5.645070762161176
 20
-9.104245020740965
 30
0.0
 10
-5.561776786537336
 20
-9.094584552774522
 30
0.0
 10
-5.480313771332263
 20
-9.079366315499064
 30
0.0
 10
-5.413369370283629
 20
-9.052376576203358
 30
0.0
 10
-5.356493230224437
 20
-9.003389621175684
 30
0.0
 10
-5.311884716445994
 20
-8.937074254763026
 30
0.0
 10
-5.286101259276602
 20
-8.863235573380319
 30
0.0
 10
-5.282612413453933
 20
-8.791649456106448
 30
0.0
 10
-5.303357733669852
 20
-8.693145469556702
 30
0.0
 10
-5.35646086706431
 20
-8.592344515556618
 30
0.0
 10
-5.424187273789903
 20
-8.495377960019065
 30
0.0
 10
-5.493583337444291
 20
-8.40337519164413
 30
0.0
 10
-5.582233204202648
 20
-8.298987404763993
 30
0.0
 10
-5.701871094736306
 20
-8.18082112644898
 30
0.0
 10
-5.831370319110287
 20
-8.070106838396963
 30
0.0
 10
-6.012238596415289
 20
-7.932882196293059
 30
0.0
 10
-6.25007566150666
 20
-7.78008683595793
 30
0.0
 10
-6.551925948741157
 20
-7.620984307779492
 30
0.0
 10
-6.864464528906262
 20
-7.483840217699459
 30
0.0
 10
-7.292563597242317
 20
-7.328102476413331
 30
0.0
 10
-7.843283609788369
 20
-7.178854612426369
 30
0.0
 10
-8.517479057605637
 20
-7.054808291293008
 30
0.0
 10
-9.199338313351227
 20
-6.974913303577479
 30
0.0
 10
-9.883809647686917
 20
-6.932241955875031
 30
0.0
 10
-10.57012129845756
 20
-6.926678982545388
 30
0.0
 10
-11.25535919125617
 20
-6.959465044726739
 30
0.0
 10
-11.93644028935551
 20
-7.034623254421883
 30
0.0
 10
-12.61330146195175
 20
-7.148471408659027
 30
0.0
 10
-13.28586865293937
 20
-7.296403103115959
 30
0.0
 10
-13.83800277999808
 20
-7.440469114747602
 30
0.0
 10
-14.27345753010859
 20
-7.565591767012661
 30
0.0
 10
-14.59966592962441
 20
-7.666689816306577
 30
0.0
 10
-14.87284213076701
 20
-7.75822197619044
 30
0.0
 10
-15.09328173571137
 20
-7.836718552310325
 30
0.0
 10
-15.20427198420161
 20
-7.877768735185677
 30
0.0
 10
-15.25949859632604
 20
-7.898530562543589
 30
0.0
  0
SPLINE
  5
9A
330
1F
100
AcDbEntity
  8
0
  6
Continuous
 62
     7
370
    25
100
AcDbSpline
210
0.0
220
0.0
230
1.0
 70
     8
 71
     3
 72
    16
 73
    12
 74
     0
 42
0.00000001
 43
0.00000001
 40
0.0
 40
0.0
 40
0.0
 40
0.0
 40
0.0430282902710052
 40
0.0860565805420104
 40
0.1721131610840209
 40
0.2581697416260313
 40
0.3442263221680418
 40
0.5163394832520629
 40
0.6884526443360839
 40
0.8605658054201047
 40
0.9499268310885237
 40
0.9499268310885237
 40
0.9499268310885237
 40
0.9499268310885237
 10
-16.26180393539028
 20
-8.409547866006692
 30
0.0
 10
-16.23543958625222
 20
-8.404669064341451
 30
0.0
 10
-16.18304978255746
 20
-8.395194258098169
 30
0.0
 10
-16.07508532482786
 20
-8.376571630938725
 30
0.0
 10
-15.93673083759766
 20
-8.354451326606856
 30
0.0
 10
-15.76581081069816
 20
-8.330074513206908
 30
0.0
 10
-15.53331459543192
 20
-8.301129485142726
 30
0.0
 10
-15.23682154258274
 20
-8.272549077047572
 30
0.0
 10
-14.88260434898745
 20
-8.254864183144608
 30
0.0
 10
-14.59116498518669
 20
-8.254024936937284
 30
0.0
 10
-14.41682000714286
 20
-8.257973498602238
 30
0.0
 10
-14.3573617256034
 20
-8.259749068670255
 30
0.0
  0
SPLINE
  5
A1
330
1F
100
AcDbEntity
  8
0
  6
Continuous
 62
     7
370
    25
100
AcDbSpline
210
0.0
220
0.0
230
1.0
 70
     8
 71
     3
 72
    15
 73
    11
 74
     0
 42
0.00000001
 43
0.00000001
 40
0.0269920453004516
 40
0.0269920453004516
 40
0.0269920453004516
 40
0.0269920453004516
 40
0.0445444983804174
 40
0.169178500998668
 40
0.3473564945203452
 40
0.5255344880420223
 40
0.7037124815636995
 40
0.8818904750853768
 40
0.9777277508097935
 40
0.9814516417040846
 40
0.9814516417040846
 40
0.9814516417040846
 40
0.9814516417040846
 10
-10.98837110962357
 20
-10.30770183301754
 30
0.0
 10
-11.01089170072686
 20
-10.30572410415242
 30
0.0
 10
-11.19330619429724
 20
-10.28959597317406
 30
0.0
 10
-11.60402519241179
 20
-10.2512317153348
 30
0.0
 10
-12.22022164790481
 20
-10.18570795574923
 30
0.0
 10
-12.90412440578911
 20
-10.10526084589836
 30
0.0
 10
-13.58706322218807
 20
-10.02034996359833
 30
0.0
 10
-14.16452033009187
 20
-9.949627358545525
 30
0.0
 10
-14.51950006575753
 20
-9.907759393764463
 30
0.0
 10
-14.64676953893965
 20
-9.892770223090334
 30
0.0
 10
-14.65152983194522
 20
-9.892209604838328
 30
0.0
  0
SPLINE
  5
A7
330
1F
100
AcDbEntity
  8
0
  6
Continuous
 62
     7
370
    25
100
AcDbSpline
210
0.0
220
0.0
230
1.0
 70
     8
 71
     3
 72
    48
 73
    44
 74
     0
 42
0.00000001
 43
0.00000001
 40
0.0065387106436078
 40
0.0065387106436078
 40
0.0065387106436078
 40
0.0065387106436078
 40
0.0163750230364447
 40
0.0429594818732976
 40
0.0695439407101504
 40
0.0961283995470033
 40
0.1094206289654297
 40
0.1160667436746429
 40
0.122712858383856
 40
0.1293589730930693
 40
0.1360050878022825
 40
0.1426512025114958
 40
0.1492973172207089
 40
0.1559434319299221
 40
0.1625895466391354
 40
0.1692356613483486
 40
0.1758817760575618
 40
0.1891740054759882
 40
0.1958201201852015
 40
0.2024662348944146
 40
0.2157584643128411
 40
0.2290506937312675
 40
0.2423429231496939
 40
0.2556351525681203
 40
0.2822196114049732
 40
0.308804070241826
 40
0.3353885290786789
 40
0.3619729879155317
 40
0.4151419055892374
 40
0.468310823262943
 40
0.5214797409366487
 40
0.5746486586103545
 40
0.6278175762840601
 40
0.6809864939577659
 40
0.7341554116314715
 40
0.7873243293051773
 40
0.840493246978883
 40
0.8936621646525886
 40
0.9202466234894414
 40
0.9468310823262943
 40
0.9734155411631471
 40
0.9867077705815736
 40
1.0
 40
1.0
 40
1.0
 40
1.0
 10
-15.85151404383012
 20
-9.748342864749402
 30
0.0
 10
-15.89363093284111
 20
-9.743190630578642
 30
0.0
 10
-16.04957136717087
 20
-9.724114566140194
 30
0.0
 10
-16.31927800287778
 20
-9.691426597695536
 30
0.0
 10
-16.6606068533599
 20
-9.651366384054432
 30
0.0
 10
-16.94463586521938
 20
-9.623485175754329
 30
0.0
 10
-17.1425838346266
 20
-9.61579269878862
 30
0.0
 10
-17.25465570743957
 20
-9.616951389359308
 30
0.0
 10
-17.33804822169256
 20
-9.62170430026857
 30
0.0
 10
-17.4213421973164
 20
-9.631364768235013
 30
0.0
 10
-17.50280521252148
 20
-9.646583005510472
 30
0.0
 10
-17.56974961357011
 20
-9.673572744806176
 30
0.0
 10
-17.6266257536293
 20
-9.72255969983385
 30
0.0
 10
-17.67123426740775
 20
-9.788875066246506
 30
0.0
 10
-17.69701772457714
 20
-9.862713747629213
 30
0.0
 10
-17.70050657039981
 20
-9.934299864903085
 30
0.0
 10
-17.67976125018389
 20
-10.03280385145283
 30
0.0
 10
-17.62665811678943
 20
-10.13360480545291
 30
0.0
 10
-17.55893171006384
 20
-10.23057136099047
 30
0.0
 10
-17.48953564640945
 20
-10.3225741293654
 30
0.0
 10
-17.4008857796511
 20
-10.42696191624554
 30
0.0
 10
-17.28124788911744
 20
-10.54512819456056
 30
0.0
 10
-17.15174866474346
 20
-10.65584248261257
 30
0.0
 10
-16.97088038743846
 20
-10.79306712471648
 30
0.0
 10
-16.73304332234709
 20
-10.94586248505161
 30
0.0
 10
-16.4311930351126
 20
-11.10496501323005
 30
0.0
 10
-16.11865445494749
 20
-11.24210910331008
 30
0.0
 10
-15.69055538661144
 20
-11.39784684459622
 30
0.0
 10
-15.13983537406538
 20
-11.54709470858318
 30
0.0
 10
-14.46563992624812
 20
-11.67114102971655
 30
0.0
 10
-13.78378067050253
 20
-11.75103601743208
 30
0.0
 10
-13.09930933616684
 20
-11.79370736513454
 30
0.0
 10
-12.41299768539619
 20
-11.79927033846418
 30
0.0
 10
-11.72775979259758
 20
-11.76648427628284
 30
0.0
 10
-11.04667869449824
 20
-11.6913260665877
 30
0.0
 10
-10.369817521902
 20
-11.57747791235056
 30
0.0
 10
-9.697250330914382
 20
-11.42954621789363
 30
0.0
 10
-9.145116203855668
 20
-11.28548020626199
 30
0.0
 10
-8.709661453745158
 20
-11.16035755399693
 30
0.0
 10
-8.383453054229339
 20
-11.05925950470302
 30
0.0
 10
-8.110276853086743
 20
-10.96772734481916
 30
0.0
 10
-7.889837248142383
 20
-10.88923076869927
 30
0.0
 10
-7.778846999652134
 20
-10.84818058582392
 30
0.0
 10
-7.723620387527711
 20
-10.82741875846601
 30
0.0
  0
SPLINE
  5
AA
330
1F
100
AcDbEntity
  8
0
  6
Continuous
 62
     7
370
    25
100
AcDbSpline
210
0.0
220
0.0
230
1.0
 70
     8
 71
     3
 72
    16
 73
    12
 74
     0
 42
0.00000001
 43
0.00000001
 40
0.0
 40
0.0
 40
0.0
 40
0.0
 40
0.0430282902710052
 40
0.0860565805420104
 40
0.1721131610840209
 40
0.2581697416260313
 40
0.3442263221680418
 40
0.5163394832520629
 40
0.6884526443360839
 40
0.8605658054201047
 40
0.9499268310885228
 40
0.9499268310885228
 40
0.9499268310885228
 40
0.9499268310885228
 10
-6.721315048463469
 20
-10.31640145500292
 30
0.0
 10
-6.747679397601525
 20
-10.32128025666816
 30
0.0
 10
-6.800069201296281
 20
-10.33075506291144
 30
0.0
 10
-6.908033659025888
 20
-10.34937769007088
 30
0.0
 10
-7.046388146256087
 20
-10.37149799440275
 30
0.0
 10
-7.217308173155582
 20
-10.3958748078027
 30
0.0
 10
-7.449804388421827
 20
-10.42481983586688
 30
0.0
 10
-7.746297441271012
 20
-10.45340024396203
 30
0.0
 10
-8.100514634866293
 20
-10.47108513786499
 30
0.0
 10
-8.391953998667056
 20
-10.47192438407231
 30
0.0
 10
-8.56629897671088
 20
-10.46797582240735
 30
0.0
 10
-8.625757258250347
 20
-10.46620025233934
 30
0.0
  0
SPLINE
  5
AE
330
1F
100
AcDbEntity
  8
0
  6
Continuous
 62
     7
370
    25
100
AcDbSpline
210
0.0
220
0.0
230
1.0
 70
     8
 71
     3
 72
    74
 73
    70
 74
     0
 42
0.00000001
 43
0.00000001
 40
0.0
 40
0.0
 40
0.0
 40
0.0
 40
0.0078125
 40
0.015625
 40
0.03125
 40
0.046875
 40
0.0625
 40
0.09375
 40
0.125
 40
0.15625
 40
0.1875
 40
0.21875
 40
0.25
 40
0.28125
 40
0.3125
 40
0.34375
 40
0.375
 40
0.390625
 40
0.40625
 40
0.421875
 40
0.4375
 40
0.4453125
 40
0.453125
 40
0.4609375
 40
0.46875
 40
0.47265625
 40
0.4765625
 40
0.484375
 40
0.48828125
 40
0.4921875
 40
0.49609375
 40
0.5
 40
0.50390625
 40
0.5078125
 40
0.51171875
 40
0.515625
 40
0.51953125
 40
0.5234375
 40
0.53125
 40
0.546875
 40
0.5625
 40
0.578125
 40
0.5838431601305444
 40
0.5916556601305444
 40
0.5955619101305444
 40
0.609375
 40
0.625
 40
0.6316289435268143
 40
0.6394414435268143
 40
0.65625
 40
0.6875
 40
0.71875
 40
0.75
 40
0.78125
 40
0.8031091112451072
 40
0.8187341112451072
 40
0.84375
 40
0.875
 40
0.9053104542799696
 40
0.9131229542799696
 40
0.921875
 40
0.9375
 40
0.953125
 40
0.96875
 40
0.9765625
 40
0.984375
 40
0.9921875
 40
0.99609375
 40
1.0
 40
1.0
 40
1.0
 40
1.0
 10
-7.411940565493395
 20
-3.841260856974647
 30
0.0
 10
-7.467167177617819
 20
-3.862022684332558
 30
0.0
 10
-7.578157426108067
 20
-3.90307286720791
 30
0.0
 10
-7.798597031052426
 20
-3.981569443327793
 30
0.0
 10
-8.071773232195023
 20
-4.073101603211654
 30
0.0
 10
-8.397981631710842
 20
-4.174199652505568
 30
0.0
 10
-8.833436381821352
 20
-4.299322304770624
 30
0.0
 10
-9.385570508880066
 20
-4.443388316402263
 30
0.0
 10
-10.05813769986769
 20
-4.59132001085919
 30
0.0
 10
-10.73499887246393
 20
-4.705168165096328
 30
0.0
 10
-11.41607997056327
 20
-4.780326374791469
 30
0.0
 10
-12.10131786336188
 20
-4.813112436972815
 30
0.0
 10
-12.78762951413252
 20
-4.807549463643168
 30
0.0
 10
-13.47210084846821
 20
-4.764878115940714
 30
0.0
 10
-14.1539601042138
 20
-4.684983128225181
 30
0.0
 10
-14.82815555203107
 20
-4.560936807091814
 30
0.0
 10
-15.37887556457712
 20
-4.411688943104848
 30
0.0
 10
-15.80697463291317
 20
-4.255951201818718
 30
0.0
 10
-16.11951321307828
 20
-4.118807111738683
 30
0.0
 10
-16.42136350031277
 20
-3.959704583560242
 30
0.0
 10
-16.65920056540415
 20
-3.806909223225111
 30
0.0
 10
-16.84006884270914
 20
-3.669684581121206
 30
0.0
 10
-16.96956806708312
 20
-3.55897029306919
 30
0.0
 10
-17.08920595761678
 20
-3.440804014754174
 30
0.0
 10
-17.17785582437514
 20
-3.336416227874038
 30
0.0
 10
-17.24725188802952
 20
-3.244413459499103
 30
0.0
 10
-17.31497829475512
 20
-3.147446903961546
 30
0.0
 10
-17.36808142814957
 20
-3.046645949961463
 30
0.0
 10
-17.38882674836549
 20
-2.948141963411718
 30
0.0
 10
-17.38533790254282
 20
-2.876555846137846
 30
0.0
 10
-17.35955444537343
 20
-2.802717164755139
 30
0.0
 10
-17.31494593159499
 20
-2.736401798342482
 30
0.0
 10
-17.2580697915358
 20
-2.68741484331481
 30
0.0
 10
-17.19112539048716
 20
-2.660425104019105
 30
0.0
 10
-17.10966237528209
 20
-2.645206866743646
 30
0.0
 10
-17.02636839965825
 20
-2.635546398777203
 30
0.0
 10
-16.94297588540525
 20
-2.63079348786794
 30
0.0
 10
-16.83090401259228
 20
-2.629634797297253
 30
0.0
 10
-16.63295604318506
 20
-2.637327274262962
 30
0.0
 10
-16.34892703132558
 20
-2.665208482563065
 30
0.0
 10
-16.00759818084347
 20
-2.705268696204168
 30
0.0
 10
-15.73835130997139
 20
-2.73790094196194
 30
0.0
 10
-15.5259584072361
 20
-2.763882083357166
 30
0.0
 10
-15.39892423590669
 20
-2.779423395798934
 30
0.0
 10
-15.21289120861472
 20
-2.802133135097625
 30
0.0
 10
-14.96988517868662
 20
-2.831599684924729
 30
0.0
 10
-14.70694599928523
 20
-2.862813650326381
 30
0.0
 10
-14.48777354431338
 20
-2.888636960563788
 30
0.0
 10
-14.25999325543543
 20
-2.9154479640645
 30
0.0
 10
-13.85284050805693
 20
-2.963469457054209
 30
0.0
 10
-13.27538340015324
 20
-3.034192062107005
 30
0.0
 10
-12.59244458375442
 20
-3.119102944407032
 30
0.0
 10
-11.90854182587026
 20
-3.199550054257896
 30
0.0
 10
-11.29234537037737
 20
-3.265073813843465
 30
0.0
 10
-10.78991389411269
 20
-3.312004710126483
 30
0.0
 10
-10.33257688165778
 20
-3.351292422242192
 30
0.0
 10
-9.805625461363903
 20
-3.392984758385943
 30
0.0
 10
-9.169578426651137
 20
-3.43696497512664
 30
0.0
 10
-8.664143607831878
 20
-3.467288771333894
 30
0.0
 10
-8.321380932271133
 20
-3.480262860368096
 30
0.0
 10
-8.085009450757497
 20
-3.485780118559278
 30
0.0
 10
-7.788834812831978
 20
-3.484927236373624
 30
0.0
 10
-7.434617619236696
 20
-3.467242342470664
 30
0.0
 10
-7.138124566387511
 20
-3.438661934375513
 30
0.0
 10
-6.905628351121266
 20
-3.409716906311332
 30
0.0
 10
-6.734708324221771
 20
-3.385340092911383
 30
0.0
 10
-6.596353836991572
 20
-3.363219788579516
 30
0.0
 10
-6.488389379261965
 20
-3.344597161420074
 30
0.0
 10
-6.435999575567209
 20
-3.335122355176791
 30
0.0
 10
-6.409635226429153
 20
-3.33024355351155
 30
0.0
  0
SPLINE
  5
B0
330
1F
100
AcDbEntity
  8
0
  6
Continuous
 62
     7
370
    25
100
AcDbSpline
210
0.0
220
0.0
230
1.0
 70
     8
 71
     3
 72
    74
 73
    70
 74
     0
 42
0.00000001
 43
0.00000001
 40
0.0
 40
0.0
 40
0.0
 40
0.0
 40
0.0078125
 40
0.015625
 40
0.03125
 40
0.046875
 40
0.0625
 40
0.09375
 40
0.125
 40
0.15625
 40
0.1875
 40
0.21875
 40
0.25
 40
0.28125
 40
0.3125
 40
0.34375
 40
0.375
 40
0.390625
 40
0.40625
 40
0.421875
 40
0.4375
 40
0.4453125
 40
0.453125
 40
0.4609375
 40
0.46875
 40
0.47265625
 40
0.4765625
 40
0.484375
 40
0.48828125
 40
0.4921875
 40
0.49609375
 40
0.5
 40
0.50390625
 40
0.5078125
 40
0.51171875
 40
0.515625
 40
0.51953125
 40
0.5234375
 40
0.53125
 40
0.546875
 40
0.5625
 40
0.578125
 40
0.5838431601305444
 40
0.5916556601305444
 40
0.5955619101305444
 40
0.609375
 40
0.625
 40
0.6316289435268143
 40
0.6394414435268143
 40
0.65625
 40
0.6875
 40
0.71875
 40
0.75
 40
0.78125
 40
0.8031091112451072
 40
0.8187341112451072
 40
0.84375
 40
0.875
 40
0.9053104542799696
 40
0.9131229542799696
 40
0.921875
 40
0.9375
 40
0.953125
 40
0.96875
 40
0.9765625
 40
0.984375
 40
0.9921875
 40
0.99609375
 40
1.0
 40
1.0
 40
1.0
 40
1.0
 10
-7.411940565493395
 20
0.1587391430253522
 30
0.0
 10
-7.467167177617819
 20
0.1379773156674413
 30
0.0
 10
-7.578157426108067
 20
0.0969271327920895
 30
0.0
 10
-7.798597031052426
 20
0.0184305566722062
 30
0.0
 10
-8.071773232195023
 20
-0.073101603211655
 30
0.0
 10
-8.397981631710842
 20
-0.1741996525055685
 30
0.0
 10
-8.833436381821352
 20
-0.2993223047706248
 30
0.0
 10
-9.385570508880066
 20
-0.443388316402264
 30
0.0
 10
-10.05813769986769
 20
-0.5913200108591905
 30
0.0
 10
-10.73499887246393
 20
-0.7051681650963284
 30
0.0
 10
-11.41607997056327
 20
-0.7803263747914693
 30
0.0
 10
-12.10131786336188
 20
-0.8131124369728149
 30
0.0
 10
-12.78762951413252
 20
-0.8075494636431683
 30
0.0
 10
-13.47210084846821
 20
-0.7648781159407151
 30
0.0
 10
-14.1539601042138
 20
-0.6849831282251811
 30
0.0
 10
-14.82815555203107
 20
-0.5609368070918139
 30
0.0
 10
-15.37887556457712
 20
-0.4116889431048487
 30
0.0
 10
-15.80697463291317
 20
-0.2559512018187181
 30
0.0
 10
-16.11951321307828
 20
-0.118807111738683
 30
0.0
 10
-16.42136350031277
 20
0.0402954164397578
 30
0.0
 10
-16.65920056540415
 20
0.1930907767748878
 30
0.0
 10
-16.84006884270914
 20
0.330315418878793
 30
0.0
 10
-16.96956806708312
 20
0.4410297069308091
 30
0.0
 10
-17.08920595761678
 20
0.559195985245825
 30
0.0
 10
-17.17785582437514
 20
0.6635837721259614
 30
0.0
 10
-17.24725188802952
 20
0.7555865405008969
 30
0.0
 10
-17.31497829475512
 20
0.8525530960384531
 30
0.0
 10
-17.36808142814957
 20
0.9533540500385366
 30
0.0
 10
-17.38882674836549
 20
1.051858036588282
 30
0.0
 10
-17.38533790254282
 20
1.123444153862153
 30
0.0
 10
-17.35955444537343
 20
1.19728283524486
 30
0.0
 10
-17.31494593159499
 20
1.263598201657517
 30
0.0
 10
-17.2580697915358
 20
1.31258515668519
 30
0.0
 10
-17.19112539048716
 20
1.339574895980894
 30
0.0
 10
-17.10966237528209
 20
1.354793133256353
 30
0.0
 10
-17.02636839965825
 20
1.364453601222796
 30
0.0
 10
-16.94297588540525
 20
1.369206512132059
 30
0.0
 10
-16.83090401259228
 20
1.370365202702746
 30
0.0
 10
-16.63295604318506
 20
1.362672725737038
 30
0.0
 10
-16.34892703132558
 20
1.334791517436934
 30
0.0
 10
-16.00759818084347
 20
1.294731303795831
 30
0.0
 10
-15.73835130997139
 20
1.26209905803806
 30
0.0
 10
-15.5259584072361
 20
1.236117916642834
 30
0.0
 10
-15.39892423590669
 20
1.220576604201066
 30
0.0
 10
-15.21289120861472
 20
1.197866864902374
 30
0.0
 10
-14.96988517868662
 20
1.16840031507527
 30
0.0
 10
-14.70694599928523
 20
1.137186349673619
 30
0.0
 10
-14.48777354431338
 20
1.111363039436212
 30
0.0
 10
-14.25999325543543
 20
1.0845520359355
 30
0.0
 10
-13.85284050805693
 20
1.03653054294579
 30
0.0
 10
-13.27538340015324
 20
0.9658079378929942
 30
0.0
 10
-12.59244458375442
 20
0.880897055592967
 30
0.0
 10
-11.90854182587026
 20
0.8004499457421036
 30
0.0
 10
-11.29234537037737
 20
0.7349261861565343
 30
0.0
 10
-10.78991389411269
 20
0.6879952898735164
 30
0.0
 10
-10.33257688165778
 20
0.6487075777578073
 30
0.0
 10
-9.805625461363903
 20
0.6070152416140566
 30
0.0
 10
-9.169578426651137
 20
0.5630350248733592
 30
0.0
 10
-8.664143607831878
 20
0.532711228666105
 30
0.0
 10
-8.321380932271133
 20
0.5197371396319035
 30
0.0
 10
-8.085009450757497
 20
0.5142198814407207
 30
0.0
 10
-7.788834812831978
 20
0.5150727636263751
 30
0.0
 10
-7.434617619236696
 20
0.532757657529335
 30
0.0
 10
-7.138124566387511
 20
0.5613380656244865
 30
0.0
 10
-6.905628351121266
 20
0.5902830936886677
 30
0.0
 10
-6.734708324221771
 20
0.6146599070886162
 30
0.0
 10
-6.596353836991572
 20
0.6367802114204834
 30
0.0
 10
-6.488389379261965
 20
0.6554028385799259
 30
0.0
 10
-6.435999575567209
 20
0.6648776448232081
 30
0.0
 10
-6.409635226429153
 20
0.6697564464884492
 30
0.0
  0
SPLINE
  5
B2
330
1F
100
AcDbEntity
  8
0
  6
Continuous
 62
     7
370
    25
100
AcDbSpline
210
0.0
220
0.0
230
1.0
 70
     8
 71
     3
 72
    74
 73
    70
 74
     0
 42
0.00000001
 43
0.00000001
 40
0.0
 40
0.0
 40
0.0
 40
0.0
 40
0.0078125
 40
0.015625
 40
0.03125
 40
0.046875
 40
0.0625
 40
0.09375
 40
0.125
 40
0.15625
 40
0.1875
 40
0.21875
 40
0.25
 40
0.28125
 40
0.3125
 40
0.34375
 40
0.375
 40
0.390625
 40
0.40625
 40
0.421875
 40
0.4375
 40
0.4453125
 40
0.453125
 40
0.4609375
 40
0.46875
 40
0.47265625
 40
0.4765625
 40
0.484375
 40
0.48828125
 40
0.4921875
 40
0.49609375
 40
0.5
 40
0.50390625
 40
0.5078125
 40
0.51171875
 40
0.515625
 40
0.51953125
 40
0.5234375
 40
0.53125
 40
0.546875
 40
0.5625
 40
0.578125
 40
0.5838431601305444
 40
0.5916556601305444
 40
0.5955619101305444
 40
0.609375
 40
0.625
 40
0.6316289435268143
 40
0.6394414435268143
 40
0.65625
 40
0.6875
 40
0.71875
 40
0.75
 40
0.78125
 40
0.8031091112451072
 40
0.8187341112451072
 40
0.84375
 40
0.875
 40
0.9053104542799696
 40
0.9131229542799696
 40
0.921875
 40
0.9375
 40
0.953125
 40
0.96875
 40
0.9765625
 40
0.984375
 40
0.9921875
 40
0.99609375
 40
1.0
 40
1.0
 40
1.0
 40
1.0
 10
-7.411940565493395
 20
4.158739143025351
 30
0.0
 10
-7.467167177617819
 20
4.137977315667441
 30
0.0
 10
-7.578157426108067
 20
4.096927132792089
 30
0.0
 10
-7.798597031052426
 20
4.018430556672206
 30
0.0
 10
-8.071773232195023
 20
3.926898396788344
 30
0.0
 10
-8.397981631710842
 20
3.825800347494431
 30
0.0
 10
-8.833436381821352
 20
3.700677695229375
 30
0.0
 10
-9.385570508880066
 20
3.556611683597735
 30
0.0
 10
-10.05813769986769
 20
3.408679989140809
 30
0.0
 10
-10.73499887246393
 20
3.294831834903671
 30
0.0
 10
-11.41607997056327
 20
3.21967362520853
 30
0.0
 10
-12.10131786336188
 20
3.186887563027184
 30
0.0
 10
-12.78762951413252
 20
3.192450536356831
 30
0.0
 10
-13.47210084846821
 20
3.235121884059284
 30
0.0
 10
-14.1539601042138
 20
3.315016871774818
 30
0.0
 10
-14.82815555203107
 20
3.439063192908185
 30
0.0
 10
-15.37887556457712
 20
3.588311056895151
 30
0.0
 10
-15.80697463291317
 20
3.744048798181281
 30
0.0
 10
-16.11951321307828
 20
3.881192888261316
 30
0.0
 10
-16.42136350031277
 20
4.040295416439757
 30
0.0
 10
-16.65920056540415
 20
4.193090776774887
 30
0.0
 10
-16.84006884270914
 20
4.330315418878793
 30
0.0
 10
-16.96956806708312
 20
4.441029706930808
 30
0.0
 10
-17.08920595761678
 20
4.559195985245824
 30
0.0
 10
-17.17785582437514
 20
4.663583772125961
 30
0.0
 10
-17.24725188802952
 20
4.755586540500897
 30
0.0
 10
-17.31497829475512
 20
4.852553096038452
 30
0.0
 10
-17.36808142814957
 20
4.953354050038536
 30
0.0
 10
-17.38882674836549
 20
5.051858036588281
 30
0.0
 10
-17.38533790254282
 20
5.123444153862152
 30
0.0
 10
-17.35955444537343
 20
5.197282835244859
 30
0.0
 10
-17.31494593159499
 20
5.263598201657516
 30
0.0
 10
-17.2580697915358
 20
5.31258515668519
 30
0.0
 10
-17.19112539048716
 20
5.339574895980894
 30
0.0
 10
-17.10966237528209
 20
5.354793133256353
 30
0.0
 10
-17.02636839965825
 20
5.364453601222795
 30
0.0
 10
-16.94297588540525
 20
5.369206512132059
 30
0.0
 10
-16.83090401259228
 20
5.370365202702745
 30
0.0
 10
-16.63295604318506
 20
5.362672725737037
 30
0.0
 10
-16.34892703132558
 20
5.334791517436934
 30
0.0
 10
-16.00759818084347
 20
5.29473130379583
 30
0.0
 10
-15.73835130997139
 20
5.262099058038059
 30
0.0
 10
-15.5259584072361
 20
5.236117916642833
 30
0.0
 10
-15.39892423590669
 20
5.220576604201065
 30
0.0
 10
-15.21289120861472
 20
5.197866864902374
 30
0.0
 10
-14.96988517868662
 20
5.16840031507527
 30
0.0
 10
-14.70694599928523
 20
5.137186349673618
 30
0.0
 10
-14.48777354431338
 20
5.111363039436212
 30
0.0
 10
-14.25999325543543
 20
5.084552035935499
 30
0.0
 10
-13.85284050805693
 20
5.03653054294579
 30
0.0
 10
-13.27538340015324
 20
4.965807937892993
 30
0.0
 10
-12.59244458375442
 20
4.880897055592967
 30
0.0
 10
-11.90854182587026
 20
4.800449945742103
 30
0.0
 10
-11.29234537037737
 20
4.734926186156533
 30
0.0
 10
-10.78991389411269
 20
4.687995289873516
 30
0.0
 10
-10.33257688165778
 20
4.648707577757807
 30
0.0
 10
-9.805625461363903
 20
4.607015241614056
 30
0.0
 10
-9.169578426651137
 20
4.563035024873359
 30
0.0
 10
-8.664143607831878
 20
4.532711228666105
 30
0.0
 10
-8.321380932271133
 20
4.519737139631903
 30
0.0
 10
-8.085009450757497
 20
4.51421988144072
 30
0.0
 10
-7.788834812831978
 20
4.515072763626375
 30
0.0
 10
-7.434617619236696
 20
4.532757657529334
 30
0.0
 10
-7.138124566387511
 20
4.561338065624486
 30
0.0
 10
-6.905628351121266
 20
4.590283093688667
 30
0.0
 10
-6.734708324221771
 20
4.614659907088615
 30
0.0
 10
-6.596353836991572
 20
4.636780211420483
 30
0.0
 10
-6.488389379261965
 20
4.655402838579925
 30
0.0
 10
-6.435999575567209
 20
4.664877644823208
 30
0.0
 10
-6.409635226429153
 20
4.669756446488448
 30
0.0
  0
CIRCLE
  5
B7
330
1F
100
AcDbEntity
  8
0
  6
Continuous
 62
     7
370
    25
100
AcDbCircle
 10
-13.2236557181
 20
-9.319308953
 30
0.0
 40
0.078740157480313
  0
CIRCLE
  5
B8
330
1F
100
AcDbEntity
  8
0
  6
Continuous
 62
     7
370
    25
100
AcDbCircle
 10
-13.6674166511
 20
-9.3111878005
 30
0.0
 40
0.0787401574803148
  0
SPLINE
  5
BB
330
1F
100
AcDbEntity
  8
0
  6
Continuous
 62
     7
370
    25
100
AcDbSpline
210
0.0
220
0.0
230
1.0
 70
     8
 71
     3
 72
     9
 73
     5
 74
     0
 42
0.00000001
 43
0.00000001
 40
0.0
 40
0.0
 40
0.0
 40
0.0
 40
0.1542996554702313
 40
1.0
 40
1.0
 40
1.0
 40
1.0
 10
-8.629041303167297
 20
-8.59273891734883
 30
0.0
 10
-8.610879618677352
 20
-8.594903634006783
 30
0.0
 10
-8.49316177062814
 20
-8.608912665995565
 30
0.0
 10
-8.375337888304127
 20
-8.622790302575565
 30
0.0
 10
-8.275635321165346
 20
-8.63452118588926
 30
0.0
  0
CIRCLE
  5
BF
330
1F
100
AcDbEntity
  8
0
  6
Continuous
 62
     7
370
    25
100
AcDbCircle
 10
-12.2392470948
 20
-7.7421134097
 30
0.0
 40
0.0787401574803157
  0
CIRCLE
  5
C8
330
1F
100
AcDbEntity
  8
0
  6
Continuous
 62
     7
370
    25
100
AcDbCircle
 10
-6.6869463855
 20
6.030919378
 30
0.0
 40
0.0590551181102361
  0
CIRCLE
  5
C9
330
1F
100
AcDbEntity
  8
0
  6
Continuous
 62
     7
370
    25
100
AcDbCircle
 10
-15.1031092615
 20
7.8421728422
 30
0.0
 40
0.059055118110237
  0
CIRCLE
  5
D2
330
1F
100
AcDbEntity
  8
0
  6
Continuous
 62
     7
370
    25
100
AcDbCircle
 10
-10.432192067
 20
-3.9976780098
 30
0.0
 40
0.0787401574803126
  0
CIRCLE
  5
D3
330
1F
100
AcDbEntity
  8
0
  6
Continuous
 62
     7
370
    25
100
AcDbCircle
 10
-10.6699208818
 20
-5.9938291745
 30
0.0
 40
0.0787401574803157
  0
CIRCLE
  5
D4
330
1F
100
AcDbEntity
  8
0
  6
Continuous
 62
     7
370
    25
100
AcDbCircle
 10
-14.932192067
 20
-3.6816844049
 30
0.0
 40
0.0787401574803144
  0
SPLINE
  5
D5
330
1F
100
AcDbEntity
  8
0
  6
Continuous
 62
     7
370
    25
100
AcDbSpline
210
0.0
220
0.0
230
1.0
 70
     8
 71
     3
 72
     9
 73
     5
 74
     0
 42
0.00000001
 43
0.00000001
 40
0.3725327752316475
 40
0.3725327752316475
 40
0.3725327752316475
 40
0.3725327752316475
 40
0.6946233157815396
 40
0.860985010703849
 40
0.860985010703849
 40
0.860985010703849
 40
0.860985010703849
 10
-14.70878459817476
 20
-4.368502278326598
 30
0.0
 10
-14.63262543550902
 20
-4.385083972628603
 30
0.0
 10
-14.51659296436
 20
-4.408605871608525
 30
0.0
 10
-14.39992297040803
 20
-4.429842773368764
 30
0.0
 10
-14.36011830344406
 20
-4.436821177768842
 30
0.0
  0
CIRCLE
  5
DD
330
1F
100
AcDbEntity
  8
0
  6
Continuous
 62
     7
370
    25
100
AcDbCircle
 10
-7.7392470948
 20
-8.0581070146
 30
0.0
 40
0.0787401574803148
  0
SPLINE
  5
DE
330
1F
100
AcDbEntity
  8
0
  6
Continuous
 62
     7
370
    25
100
AcDbSpline
210
0.0
220
0.0
230
1.0
 70
     8
 71
     3
 72
     9
 73
     5
 74
     0
 42
0.00000001
 43
0.00000001
 40
0.0
 40
0.0
 40
0.0
 40
0.0
 40
0.6594105158276479
 40
1.0
 40
1.0
 40
1.0
 40
1.0
 10
-7.962654563645247
 20
-7.371289141191486
 30
0.0
 10
-8.038813726310996
 20
-7.354707446889511
 30
0.0
 10
-8.154846197460026
 20
-7.331185547909635
 30
0.0
 10
-8.271516191412003
 20
-7.30994864614944
 30
0.0
 10
-8.311320858375973
 20
-7.302970241749379
 30
0.0
  0
CIRCLE
  5
E6
330
1F
100
AcDbEntity
  8
0
  6
Continuous
 62
     7
370
    25
100
AcDbCircle
 10
-15.1699208818
 20
-5.6778355696
 30
0.0
 40
0.0787401574803148
  0
CIRCLE
  5
E7
330
1F
100
AcDbEntity
  8
0
  6
Continuous
 62
     7
370
    25
100
AcDbCircle
 10
-7.7392470948
 20
-9.3637107829
 30
0.0
 40
0.0787401574803148
  0
CIRCLE
  5
E8
330
1F
100
AcDbEntity
  8
0
  6
Continuous
 62
     7
370
    25
100
AcDbCircle
 10
-13.4199208818
 20
2.0777681987
 30
0.0
 40
0.5954999999999968
  0
SPLINE
  5
ED
330
1F
100
AcDbEntity
  8
0
  6
Continuous
 62
     7
370
    25
100
AcDbSpline
210
0.0
220
0.0
230
1.0
 70
     8
 71
     3
 72
    10
 73
     6
 74
     0
 42
0.00000001
 43
0.00000001
 40
0.0844788101782624
 40
0.0844788101782624
 40
0.0844788101782624
 40
0.0844788101782624
 40
0.3050121124017814
 40
0.69321852318255
 40
0.762064289687951
 40
0.762064289687951
 40
0.762064289687951
 40
0.762064289687951
 10
-11.40849590927079
 20
2.522796460699198
 30
0.0
 10
-11.53035912995818
 20
2.534603461033883
 30
0.0
 10
-11.8666146052698
 20
2.568402047703414
 30
0.0
 10
-12.24057846020169
 20
2.610101511209523
 30
0.0
 10
-12.49242357295071
 20
2.63948192661949
 30
0.0
 10
-12.53034960709737
 20
2.643933319472007
 30
0.0
  0
SPLINE
  5
F5
330
1F
100
AcDbEntity
  8
0
  6
Continuous
 62
     7
370
    25
100
AcDbSpline
210
0.0
220
0.0
230
1.0
 70
     8
 71
     3
 72
    43
 73
    39
 74
     0
 42
0.00000001
 43
0.00000001
 40
0.0313593449105655
 40
0.0313593449105655
 40
0.0313593449105655
 40
0.0313593449105655
 40
0.0695790336230814
 40
0.1280614037779614
 40
0.1865437739328404
 40
0.2450261440877194
 40
0.3035085142425984
 40
0.3327496993200383
 40
0.3473702918587575
 40
0.3619908843974775
 40
0.3766114769361974
 40
0.3912320694749163
 40
0.3985423657442764
 40
0.4058526620136365
 40
0.4131629582829965
 40
0.4204732545523565
 40
0.4277835508217164
 40
0.4350938470910764
 40
0.4424041433604364
 40
0.4497144396297965
 40
0.4643350321685155
 40
0.4716453284378755
 40
0.4789556247072355
 40
0.4935762172459554
 40
0.5081968097846754
 40
0.5228174023233954
 40
0.5374379948621144
 40
0.5520585874008344
 40
0.5666791799395544
 40
0.5959203650169939
 40
0.6251615500944334
 40
0.654402735171873
 40
0.6836439202493124
 40
0.7128851053267524
 40
0.7713674754816314
 40
0.8298498456365103
 40
0.8883322157913898
 40
0.9799038488633409
 40
0.9799038488633409
 40
0.9799038488633409
 40
0.9799038488633409
 10
-15.16718041098912
 20
4.986493351956979
 30
0.0
 10
-15.23690103938874
 20
4.994927368911545
 30
0.0
 10
-15.41326868252475
 20
5.016357728605171
 30
0.0
 10
-15.69597890189857
 20
5.051065149997212
 30
0.0
 10
-16.01464577557654
 20
5.089713451090009
 30
0.0
 10
-16.33328492249601
 20
5.127149792460679
 30
0.0
 10
-16.59382127474976
 20
5.153922055747888
 30
0.0
 10
-16.76956630794938
 20
5.163756532251311
 30
0.0
 10
-16.86777715713775
 20
5.165647546123673
 30
0.0
 10
-16.93845996489975
 20
5.164698072256624
 30
0.0
 10
-17.00657925210152
 20
5.160791749958046
 30
0.0
 10
-17.06124833774386
 20
5.154660162799972
 30
0.0
 10
-17.1040015679785
 20
5.147822573976744
 30
0.0
 10
-17.12747399321806
 20
5.142757715829974
 30
0.0
 10
-17.14283505097989
 20
5.137992507219302
 30
0.0
 10
-17.14943903602278
 20
5.134832844077688
 30
0.0
 10
-17.14983773477692
 20
5.134559062448553
 30
0.0
 10
-17.15539590414839
 20
5.130213705199183
 30
0.0
 10
-17.16214642714307
 20
5.12284929283619
 30
0.0
 10
-17.17159048173362
 20
5.10964878932056
 30
0.0
 10
-17.17881700517121
 20
5.093859479431311
 30
0.0
 10
-17.18167122369229
 20
5.082002343463083
 30
0.0
 10
-17.18240752768933
 20
5.075371988352059
 30
0.0
 10
-17.18192414672772
 20
5.060220646044774
 30
0.0
 10
-17.17232176640842
 20
5.026250889218908
 30
0.0
 10
-17.14993067444896
 20
4.979122998323868
 30
0.0
 10
-17.11609163673598
 20
4.924261193203827
 30
0.0
 10
-17.07285196655999
 20
4.863616921892138
 30
0.0
 10
-17.01318454886532
 20
4.785367370285562
 30
0.0
 10
-16.93927415118145
 20
4.698928510085208
 30
0.0
 10
-16.83871825659837
 20
4.598939613552847
 30
0.0
 10
-16.72790981772654
 20
4.502882693382963
 30
0.0
 10
-16.60997382988991
 20
4.411735241518082
 30
0.0
 10
-16.44707860944326
 20
4.298193006423119
 30
0.0
 10
-16.23185714472713
 20
4.169099194523398
 30
0.0
 10
-15.95899488942812
 20
4.032288666618042
 30
0.0
 10
-15.62319768985801
 20
3.890487927957019
 30
0.0
 10
-15.3727067580275
 20
3.806508865656115
 30
0.0
 10
-15.21747220953875
 20
3.760838491859732
 30
0.0
  0
SPLINE
  5
FD
330
1F
100
AcDbEntity
  8
0
  6
Continuous
 62
     7
370
    25
100
AcDbSpline
210
0.0
220
0.0
230
1.0
 70
     8
 71
     3
 72
    43
 73
    39
 74
     0
 42
0.00000001
 43
0.00000001
 40
0.0313593449105655
 40
0.0313593449105655
 40
0.0313593449105655
 40
0.0313593449105655
 40
0.0695790336230814
 40
0.1280614037779614
 40
0.1865437739328404
 40
0.2450261440877194
 40
0.3035085142425984
 40
0.3327496993200383
 40
0.3473702918587575
 40
0.3619908843974775
 40
0.3766114769361974
 40
0.3912320694749163
 40
0.3985423657442764
 40
0.4058526620136365
 40
0.4131629582829965
 40
0.4204732545523565
 40
0.4277835508217164
 40
0.4350938470910764
 40
0.4424041433604364
 40
0.4497144396297965
 40
0.4643350321685155
 40
0.4716453284378755
 40
0.4789556247072355
 40
0.4935762172459554
 40
0.5081968097846754
 40
0.5228174023233954
 40
0.5374379948621144
 40
0.5520585874008344
 40
0.5666791799395544
 40
0.5959203650169939
 40
0.6251615500944334
 40
0.654402735171873
 40
0.6836439202493124
 40
0.7128851053267524
 40
0.7713674754816314
 40
0.8298498456365103
 40
0.8883322157913898
 40
0.9799038488633409
 40
0.9799038488633409
 40
0.9799038488633409
 40
0.9799038488633409
 10
-15.40490922572177
 20
2.990342187235693
 30
0.0
 10
-15.47462985412138
 20
2.998776204190259
 30
0.0
 10
-15.6509974972574
 20
3.020206563883885
 30
0.0
 10
-15.93370771663121
 20
3.054913985275927
 30
0.0
 10
-16.25237459030918
 20
3.093562286368722
 30
0.0
 10
-16.57101373722865
 20
3.130998627739393
 30
0.0
 10
-16.83155008948241
 20
3.157770891026601
 30
0.0
 10
-17.00729512268202
 20
3.167605367530024
 30
0.0
 10
-17.10550597187039
 20
3.169496381402387
 30
0.0
 10
-17.17618877963239
 20
3.168546907535339
 30
0.0
 10
-17.24430806683417
 20
3.16464058523676
 30
0.0
 10
-17.2989771524765
 20
3.158508998078685
 30
0.0
 10
-17.34173038271114
 20
3.151671409255458
 30
0.0
 10
-17.3652028079507
 20
3.146606551108687
 30
0.0
 10
-17.38056386571253
 20
3.141841342498015
 30
0.0
 10
-17.38716785075543
 20
3.138681679356402
 30
0.0
 10
-17.38756654950956
 20
3.138407897727267
 30
0.0
 10
-17.39312471888104
 20
3.134062540477897
 30
0.0
 10
-17.39987524187571
 20
3.126698128114904
 30
0.0
 10
-17.40931929646626
 20
3.113497624599273
 30
0.0
 10
-17.41654581990386
 20
3.097708314710024
 30
0.0
 10
-17.41940003842493
 20
3.085851178741797
 30
0.0
 10
-17.42013634242197
 20
3.079220823630773
 30
0.0
 10
-17.41965296146036
 20
3.064069481323488
 30
0.0
 10
-17.41005058114106
 20
3.030099724497622
 30
0.0
 10
-17.3876594891816
 20
2.982971833602582
 30
0.0
 10
-17.35382045146862
 20
2.92811002848254
 30
0.0
 10
-17.31058078129264
 20
2.867465757170852
 30
0.0
 10
-17.25091336359796
 20
2.789216205564276
 30
0.0
 10
-17.17700296591409
 20
2.702777345363922
 30
0.0
 10
-17.07644707133101
 20
2.602788448831561
 30
0.0
 10
-16.96563863245919
 20
2.506731528661677
 30
0.0
 10
-16.84770264462255
 20
2.415584076796796
 30
0.0
 10
-16.68480742417591
 20
2.302041841701833
 30
0.0
 10
-16.46958595945977
 20
2.172948029802112
 30
0.0
 10
-16.19672370416076
 20
2.036137501896756
 30
0.0
 10
-15.86092650459065
 20
1.894336763235733
 30
0.0
 10
-15.61043557276014
 20
1.810357700934829
 30
0.0
 10
-15.45520102427139
 20
1.764687327138446
 30
0.0
  0
SPLINE
  5
101
330
1F
100
AcDbEntity
  8
0
  6
Continuous
 62
     7
370
    25
100
AcDbSpline
210
0.0
220
0.0
230
1.0
 70
     8
 71
     3
 72
    10
 73
     6
 74
     0
 42
0.00000001
 43
0.00000001
 40
0.0819444852812978
 40
0.0819444852812978
 40
0.0819444852812978
 40
0.0819444852812978
 40
0.1401553290205298
 40
0.6735790516941245
 40
0.872988498963244
 40
0.872988498963244
 40
0.872988498963244
 40
0.872988498963244
 10
-10.15896077537362
 20
-0.3966986900821124
 30
0.0
 10
-10.1363256411071
 20
-0.3924173536720322
 30
0.0
 10
-9.906318143451395
 20
-0.3482992221611696
 30
0.0
 10
-9.59944678064134
 20
-0.2812072657475435
 30
0.0
 10
-9.316980744990968
 20
-0.2118597552384899
 30
0.0
 10
-9.240311539364184
 20
-0.1925137130960865
 30
0.0
  0
SPLINE
  5
108
330
1F
100
AcDbEntity
  8
0
  6
Continuous
 62
     7
370
    25
100
AcDbSpline
210
0.0
220
0.0
230
1.0
 70
     8
 71
     3
 72
     9
 73
     5
 74
     0
 42
0.00000001
 43
0.00000001
 40
0.1162311485180566
 40
0.1162311485180566
 40
0.1162311485180566
 40
0.1162311485180566
 40
0.4091497814873666
 40
0.899273887872696
 40
0.899273887872696
 40
0.899273887872696
 40
0.899273887872696
 10
-9.262789623433626
 20
0.3652881744811507
 30
0.0
 10
-9.376127462002113
 20
0.3726522540715834
 30
0.0
 10
-9.679283368305075
 20
0.3932034495577589
 30
0.0
 10
-9.982559561256044
 20
0.416080071715193
 30
0.0
 10
-10.17225750596314
 20
0.4312044405281049
 30
0.0
  0
SPLINE
  5
10C
330
1F
100
AcDbEntity
  8
0
  6
Continuous
 62
     7
370
    25
100
AcDbSpline
210
0.0
220
0.0
230
1.0
 70
     8
 71
     3
 72
    10
 73
     6
 74
     0
 42
0.00000001
 43
0.00000001
 40
0.0819444852812978
 40
0.0819444852812978
 40
0.0819444852812978
 40
0.0819444852812978
 40
0.1401553290205298
 40
0.6735790516941245
 40
0.872988498963244
 40
0.872988498963244
 40
0.872988498963244
 40
0.872988498963244
 10
-10.39668959010626
 20
-2.392849854803398
 30
0.0
 10
-10.37405445583974
 20
-2.388568518393319
 30
0.0
 10
-10.14404695818404
 20
-2.344450386882456
 30
0.0
 10
-9.837175595373983
 20
-2.27735843046883
 30
0.0
 10
-9.554709559723609
 20
-2.208010919959777
 30
0.0
 10
-9.478040354096827
 20
-2.188664877817373
 30
0.0
  0
SPLINE
  5
113
330
1F
100
AcDbEntity
  8
0
  6
Continuous
 62
     7
370
    25
100
AcDbSpline
210
0.0
220
0.0
230
1.0
 70
     8
 71
     3
 72
     9
 73
     5
 74
     0
 42
0.00000001
 43
0.00000001
 40
0.1162311485180566
 40
0.1162311485180566
 40
0.1162311485180566
 40
0.1162311485180566
 40
0.4091497814873666
 40
0.899273887872696
 40
0.899273887872696
 40
0.899273887872696
 40
0.899273887872696
 10
-9.50051843816627
 20
-1.630862990240136
 30
0.0
 10
-9.613856276734758
 20
-1.623498910649703
 30
0.0
 10
-9.91701218303772
 20
-1.602947715163527
 30
0.0
 10
-10.22028837598869
 20
-1.580071093006093
 30
0.0
 10
-10.40998632069579
 20
-1.564946724193181
 30
0.0
  0
SPLINE
  5
11C
330
1F
100
AcDbEntity
  8
0
  6
Continuous
 62
     7
370
    25
100
AcDbSpline
210
0.0
220
0.0
230
1.0
 70
     8
 71
     3
 72
    10
 73
     6
 74
     0
 42
0.00000001
 43
0.00000001
 40
0.0662027140514129
 40
0.0662027140514129
 40
0.0662027140514129
 40
0.0662027140514129
 40
0.2679569574533339
 40
0.6550105278039998
 40
0.686215677605141
 40
0.686215677605141
 40
0.686215677605141
 40
0.686215677605141
 10
-11.9049582316143
 20
1.418369375268999
 30
0.0
 10
-11.79568085987629
 20
1.424667069456509
 30
0.0
 10
-11.47718583336095
 20
1.447676514085134
 30
0.0
 10
-11.14325558581527
 20
1.486689603226906
 30
0.0
 10
-10.91841189379401
 20
1.519449820909911
 30
0.0
 10
-10.90163929806803
 20
1.52192952136416
 30
0.0
  0
SPLINE
  5
120
330
1F
100
AcDbEntity
  8
0
  6
Continuous
 62
     7
370
    25
100
AcDbSpline
210
0.0
220
0.0
230
1.0
 70
     8
 71
     3
 72
    10
 73
     6
 74
     0
 42
0.00000001
 43
0.00000001
 40
0.0819444852812978
 40
0.0819444852812978
 40
0.0819444852812978
 40
0.0819444852812978
 40
0.1401553290205298
 40
0.6735790516941245
 40
0.872988498963244
 40
0.872988498963244
 40
0.872988498963244
 40
0.872988498963244
 10
-10.39668959010626
 20
1.607150145196601
 30
0.0
 10
-10.37405445583974
 20
1.611431481606681
 30
0.0
 10
-10.14404695818404
 20
1.655549613117544
 30
0.0
 10
-9.837175595373983
 20
1.722641569531169
 30
0.0
 10
-9.554709559723609
 20
1.791989080040222
 30
0.0
 10
-9.478040354096827
 20
1.811335122182627
 30
0.0
  0
SPLINE
  5
127
330
1F
100
AcDbEntity
  8
0
  6
Continuous
 62
     7
370
    25
100
AcDbSpline
210
0.0
220
0.0
230
1.0
 70
     8
 71
     3
 72
     9
 73
     5
 74
     0
 42
0.00000001
 43
0.00000001
 40
0.1162311485180566
 40
0.1162311485180566
 40
0.1162311485180566
 40
0.1162311485180566
 40
0.4091497814873666
 40
0.899273887872696
 40
0.899273887872696
 40
0.899273887872696
 40
0.899273887872696
 10
-9.50051843816627
 20
2.369137009759864
 30
0.0
 10
-9.613856276734758
 20
2.376501089350297
 30
0.0
 10
-9.91701218303772
 20
2.397052284836472
 30
0.0
 10
-10.22028837598869
 20
2.419928906993906
 30
0.0
 10
-10.40998632069579
 20
2.435053275806818
 30
0.0
  0
SPLINE
  5
12B
330
1F
100
AcDbEntity
  8
0
  6
Continuous
 62
     7
370
    25
100
AcDbSpline
210
0.0
220
0.0
230
1.0
 70
     8
 71
     3
 72
    10
 73
     6
 74
     0
 42
0.00000001
 43
0.00000001
 40
0.0819444852812978
 40
0.0819444852812978
 40
0.0819444852812978
 40
0.0819444852812978
 40
0.1401553290205298
 40
0.6735790516941245
 40
0.872988498963244
 40
0.872988498963244
 40
0.872988498963244
 40
0.872988498963244
 10
-10.15896077537362
 20
3.603301309917887
 30
0.0
 10
-10.1363256411071
 20
3.607582646327967
 30
0.0
 10
-9.906318143451395
 20
3.65170077783883
 30
0.0
 10
-9.59944678064134
 20
3.718792734252456
 30
0.0
 10
-9.316980744990968
 20
3.78814024476151
 30
0.0
 10
-9.240311539364184
 20
3.807486286903913
 30
0.0
  0
SPLINE
  5
132
330
1F
100
AcDbEntity
  8
0
  6
Continuous
 62
     7
370
    25
100
AcDbSpline
210
0.0
220
0.0
230
1.0
 70
     8
 71
     3
 72
     9
 73
     5
 74
     0
 42
0.00000001
 43
0.00000001
 40
0.1162311485180566
 40
0.1162311485180566
 40
0.1162311485180566
 40
0.1162311485180566
 40
0.4091497814873666
 40
0.899273887872696
 40
0.899273887872696
 40
0.899273887872696
 40
0.899273887872696
 10
-9.262789623433626
 20
4.36528817448115
 30
0.0
 10
-9.376127462002113
 20
4.372652254071583
 30
0.0
 10
-9.679283368305075
 20
4.393203449557759
 30
0.0
 10
-9.982559561256044
 20
4.416080071715192
 30
0.0
 10
-10.17225750596314
 20
4.431204440528104
 30
0.0
  0
SPLINE
  5
13B
330
1F
100
AcDbEntity
  8
0
  6
Continuous
 62
     7
370
    25
100
AcDbSpline
210
0.0
220
0.0
230
1.0
 70
     8
 71
     3
 72
    10
 73
     6
 74
     0
 42
0.00000001
 43
0.00000001
 40
0.0662027140514129
 40
0.0662027140514129
 40
0.0662027140514129
 40
0.0662027140514129
 40
0.2679569574533339
 40
0.6550105278039998
 40
0.686215677605141
 40
0.686215677605141
 40
0.686215677605141
 40
0.686215677605141
 10
-11.66722941688165
 20
3.414520539990285
 30
0.0
 10
-11.55795204514365
 20
3.420818234177795
 30
0.0
 10
-11.2394570186283
 20
3.443827678806421
 30
0.0
 10
-10.90552677108263
 20
3.482840767948192
 30
0.0
 10
-10.68068307906137
 20
3.515600985631198
 30
0.0
 10
-10.66391048333539
 20
3.518080686085447
 30
0.0
  0
SPLINE
  5
151
330
1F
100
AcDbEntity
  8
0
  6
Continuous
 62
     7
370
    25
100
AcDbSpline
210
0.0
220
0.0
230
1.0
 70
     8
 71
     3
 72
     9
 73
     5
 74
     0
 42
0.00000001
 43
0.00000001
 40
0.3535925717893845
 40
0.3535925717893845
 40
0.3535925717893845
 40
0.3535925717893845
 40
0.4296047463407775
 40
0.846219559968615
 40
0.846219559968615
 40
0.846219559968615
 40
0.846219559968615
 10
-14.04239785865213
 20
4.85294749783064
 30
0.0
 10
-14.06055954314208
 20
4.855112214488592
 30
0.0
 10
-14.17827739119129
 20
4.869121246477376
 30
0.0
 10
-14.2961012735153
 20
4.882998883057377
 30
0.0
 10
-14.39580384065408
 20
4.894729766371075
 30
0.0
  0
SPLINE
  5
15A
330
1F
100
AcDbEntity
  8
0
  6
Continuous
 62
     7
370
    25
100
AcDbSpline
210
0.0
220
0.0
230
1.0
 70
     8
 71
     3
 72
     9
 73
     5
 74
     0
 42
0.00000001
 43
0.00000001
 40
0.3725327752316475
 40
0.3725327752316475
 40
0.3725327752316475
 40
0.3725327752316475
 40
0.6946233157815396
 40
0.860985010703849
 40
0.860985010703849
 40
0.860985010703849
 40
0.860985010703849
 10
-14.70878459817476
 20
3.631497721673401
 30
0.0
 10
-14.63262543550902
 20
3.614916027371395
 30
0.0
 10
-14.51659296436
 20
3.591394128391474
 30
0.0
 10
-14.39992297040803
 20
3.570157226631234
 30
0.0
 10
-14.36011830344406
 20
3.563178822231158
 30
0.0
  0
SPLINE
  5
15E
330
1F
100
AcDbEntity
  8
0
  6
Continuous
 62
     7
370
    25
100
AcDbSpline
210
0.0
220
0.0
230
1.0
 70
     8
 71
     3
 72
    10
 73
     6
 74
     0
 42
0.00000001
 43
0.00000001
 40
0.0844788101782624
 40
0.0844788101782624
 40
0.0844788101782624
 40
0.0844788101782624
 40
0.3050121124017814
 40
0.69321852318255
 40
0.762064289687951
 40
0.762064289687951
 40
0.762064289687951
 40
0.762064289687951
 10
-11.17076709453815
 20
4.518947625420485
 30
0.0
 10
-11.29263031522553
 20
4.530754625755169
 30
0.0
 10
-11.62888579053716
 20
4.5645532124247
 30
0.0
 10
-12.00284964546904
 20
4.60625267593081
 30
0.0
 10
-12.25469475821806
 20
4.635633091340777
 30
0.0
 10
-12.29262079236473
 20
4.640084484193293
 30
0.0
  0
CIRCLE
  5
161
330
1F
100
AcDbEntity
  8
0
  6
Continuous
 62
     7
370
    25
100
AcDbCircle
 10
-13.182192067
 20
4.0739193634
 30
0.0
 40
0.5954999999999977
  0
CIRCLE
  5
162
330
1F
100
AcDbEntity
  8
0
  6
Continuous
 62
     7
370
    25
100
AcDbCircle
 10
-13.6745652541
 20
6.677555525
 30
0.0
 40
0.0590551181102343
  0
CIRCLE
  5
163
330
1F
100
AcDbEntity
  8
0
  6
Continuous
 62
     7
370
    25
100
AcDbCircle
 10
-12.2374257612
 20
6.1853401014
 30
0.0
 40
0.059055118110237
  0
CIRCLE
  5
164
330
1F
100
AcDbEntity
  8
0
  6
Continuous
 62
     7
370
    25
100
AcDbCircle
 10
-14.9560427614
 20
5.6277145856
 30
0.0
 40
0.0590551181102361
  0
CIRCLE
  5
165
330
1F
100
AcDbEntity
  8
0
  6
Continuous
 62
     7
370
    25
100
AcDbCircle
 10
-13.370889244
 20
5.7493612817
 30
0.0
 40
0.059055118110237
  0
CIRCLE
  5
166
330
1F
100
AcDbEntity
  8
0
  6
Continuous
 62
     7
370
    25
100
AcDbCircle
 10
-6.3832703754
 20
5.1027251347
 30
0.0
 40
0.0590551181102352
  0
CIRCLE
  5
16F
330
1F
100
AcDbEntity
  8
0
  6
Continuous
 62
     7
370
    25
100
AcDbCircle
 10
-11.9337497511
 20
5.2571458581
 30
0.0
 40
0.0590551181102352
  0
CIRCLE
  5
170
330
1F
100
AcDbEntity
  8
0
  6
Continuous
 62
     7
370
    25
100
AcDbCircle
 10
-7.8204098683
 20
5.5949405583
 30
0.0
 40
0.0590551181102361
  0
CIRCLE
  5
171
330
1F
100
AcDbEntity
  8
0
  6
Continuous
 62
     7
370
    25
100
AcDbCircle
 10
-16.5402487544
 20
8.3343882658
 30
0.0
 40
0.059055118110237
  0
CIRCLE
  5
17A
330
1F
100
AcDbEntity
  8
0
  6
Continuous
 62
     7
370
    25
100
AcDbCircle
 10
-16.3931822543
 20
6.1199300092
 30
0.0
 40
0.059055118110237
  0
SPLINE
  5
18B
330
1F
100
AcDbEntity
  8
0
  6
Continuous
 62
     7
370
    25
100
AcDbSpline
210
0.0
220
0.0
230
1.0
 70
     8
 71
     3
 72
     9
 73
     5
 74
     0
 42
0.00000001
 43
0.00000001
 40
0.3535925717893845
 40
0.3535925717893845
 40
0.3535925717893845
 40
0.3535925717893845
 40
0.4296047463407775
 40
0.846219559968615
 40
0.846219559968615
 40
0.846219559968615
 40
0.846219559968615
 10
-14.28012667338477
 20
2.856796333109354
 30
0.0
 10
-14.29828835787472
 20
2.858961049767306
 30
0.0
 10
-14.41600620592393
 20
2.872970081756089
 30
0.0
 10
-14.53383008824794
 20
2.88684771833609
 30
0.0
 10
-14.63353265538672
 20
2.898578601649787
 30
0.0
  0
CIRCLE
  5
191
330
1F
100
AcDbEntity
  8
0
  6
Continuous
 62
     7
370
    25
100
AcDbCircle
 10
-10.6699208818
 20
2.0061708255
 30
0.0
 40
0.0787401574803157
  0
CIRCLE
  5
192
330
1F
100
AcDbEntity
  8
0
  6
Continuous
 62
     7
370
    25
100
AcDbCircle
 10
-15.1699208818
 20
2.3221644304
 30
0.0
 40
0.0787401574803153
  0
SPLINE
  5
193
330
1F
100
AcDbEntity
  8
0
  6
Continuous
 62
     7
370
    25
100
AcDbSpline
210
0.0
220
0.0
230
1.0
 70
     8
 71
     3
 72
     9
 73
     5
 74
     0
 42
0.00000001
 43
0.00000001
 40
0.3725327752316475
 40
0.3725327752316475
 40
0.3725327752316475
 40
0.3725327752316475
 40
0.6946233157815396
 40
0.860985010703849
 40
0.860985010703849
 40
0.860985010703849
 40
0.860985010703849
 10
-14.9465134129074
 20
1.635346556952115
 30
0.0
 10
-14.87035425024166
 20
1.618764862650109
 30
0.0
 10
-14.75432177909264
 20
1.595242963670187
 30
0.0
 10
-14.63765178514067
 20
1.574006061909947
 30
0.0
 10
-14.59784711817671
 20
1.56702765750987
 30
0.0
  0
CIRCLE
  5
19B
330
1F
100
AcDbEntity
  8
0
  6
Continuous
 62
     7
370
    25
100
AcDbCircle
 10
-14.932192067
 20
0.3183155951
 30
0.0
 40
0.0787401574803149
  0
SPLINE
  5
1A2
330
1F
100
AcDbEntity
  8
0
  6
Continuous
 62
     7
370
    25
100
AcDbSpline
210
0.0
220
0.0
230
1.0
 70
     8
 71
     3
 72
    43
 73
    39
 74
     0
 42
0.00000001
 43
0.00000001
 40
0.0313593449105655
 40
0.0313593449105655
 40
0.0313593449105655
 40
0.0313593449105655
 40
0.0695790336230814
 40
0.1280614037779614
 40
0.1865437739328404
 40
0.2450261440877194
 40
0.3035085142425984
 40
0.3327496993200383
 40
0.3473702918587575
 40
0.3619908843974775
 40
0.3766114769361974
 40
0.3912320694749163
 40
0.3985423657442764
 40
0.4058526620136365
 40
0.4131629582829965
 40
0.4204732545523565
 40
0.4277835508217164
 40
0.4350938470910764
 40
0.4424041433604364
 40
0.4497144396297965
 40
0.4643350321685155
 40
0.4716453284378755
 40
0.4789556247072355
 40
0.4935762172459554
 40
0.5081968097846754
 40
0.5228174023233954
 40
0.5374379948621144
 40
0.5520585874008344
 40
0.5666791799395544
 40
0.5959203650169939
 40
0.6251615500944334
 40
0.654402735171873
 40
0.6836439202493124
 40
0.7128851053267524
 40
0.7713674754816314
 40
0.8298498456365103
 40
0.8883322157913898
 40
0.9799038488633409
 40
0.9799038488633409
 40
0.9799038488633409
 40
0.9799038488633409
 10
-15.40490922572177
 20
-1.009657812764306
 30
0.0
 10
-15.47462985412138
 20
-1.001223795809741
 30
0.0
 10
-15.6509974972574
 20
-0.9797934361161145
 30
0.0
 10
-15.93370771663121
 20
-0.9450860147240729
 30
0.0
 10
-16.25237459030918
 20
-0.9064377136312768
 30
0.0
 10
-16.57101373722865
 20
-0.8690013722606061
 30
0.0
 10
-16.83155008948241
 20
-0.8422291089733983
 30
0.0
 10
-17.00729512268202
 20
-0.8323946324699751
 30
0.0
 10
-17.10550597187039
 20
-0.8305036185976123
 30
0.0
 10
-17.17618877963239
 20
-0.8314530924646611
 30
0.0
 10
-17.24430806683417
 20
-0.8353594147632397
 30
0.0
 10
-17.2989771524765
 20
-0.8414910019213145
 30
0.0
 10
-17.34173038271114
 20
-0.8483285907445415
 30
0.0
 10
-17.3652028079507
 20
-0.853393448891312
 30
0.0
 10
-17.38056386571253
 20
-0.8581586575019843
 30
0.0
 10
-17.38716785075543
 20
-0.8613183206435974
 30
0.0
 10
-17.38756654950956
 20
-0.8615921022727322
 30
0.0
 10
-17.39312471888104
 20
-0.8659374595221024
 30
0.0
 10
-17.39987524187571
 20
-0.8733018718850958
 30
0.0
 10
-17.40931929646626
 20
-0.8865023754007259
 30
0.0
 10
-17.41654581990386
 20
-0.9022916852899753
 30
0.0
 10
-17.41940003842493
 20
-0.9141488212582024
 30
0.0
 10
-17.42013634242197
 20
-0.9207791763692266
 30
0.0
 10
-17.41965296146036
 20
-0.9359305186765117
 30
0.0
 10
-17.41005058114106
 20
-0.9699002755023773
 30
0.0
 10
-17.3876594891816
 20
-1.017028166397418
 30
0.0
 10
-17.35382045146862
 20
-1.071889971517459
 30
0.0
 10
-17.31058078129264
 20
-1.132534242829148
 30
0.0
 10
-17.25091336359796
 20
-1.210783794435724
 30
0.0
 10
-17.17700296591409
 20
-1.297222654636077
 30
0.0
 10
-17.07644707133101
 20
-1.397211551168439
 30
0.0
 10
-16.96563863245919
 20
-1.493268471338322
 30
0.0
 10
-16.84770264462255
 20
-1.584415923203203
 30
0.0
 10
-16.68480742417591
 20
-1.697958158298166
 30
0.0
 10
-16.46958595945977
 20
-1.827051970197888
 30
0.0
 10
-16.19672370416076
 20
-1.963862498103243
 30
0.0
 10
-15.86092650459065
 20
-2.105663236764267
 30
0.0
 10
-15.61043557276014
 20
-2.189642299065171
 30
0.0
 10
-15.45520102427139
 20
-2.235312672861554
 30
0.0
  0
CIRCLE
  5
1A4
330
1F
100
AcDbEntity
  8
0
  6
Continuous
 62
     7
370
    25
100
AcDbCircle
 10
-10.432192067
 20
0.0023219902
 30
0.0
 40
0.0787401574803136
  0
CIRCLE
  5
1A5
330
1F
100
AcDbEntity
  8
0
  6
Continuous
 62
     7
370
    25
100
AcDbCircle
 10
-15.1699208818
 20
-1.6778355696
 30
0.0
 40
0.0787401574803146
  0
CIRCLE
  5
1A6
330
1F
100
AcDbEntity
  8
0
  6
Continuous
 62
     7
370
    25
100
AcDbCircle
 10
-10.707681022
 20
6.4279523096
 30
0.0
 40
0.0590551181102352
  0
CIRCLE
  5
1AF
330
1F
100
AcDbEntity
  8
0
  6
Continuous
 62
     7
370
    25
100
AcDbCircle
 10
-8.1240858784
 20
6.5231348016
 30
0.0
 40
0.0590551181102361
  0
CIRCLE
  5
1B0
330
1F
100
AcDbEntity
  8
0
  6
Continuous
 62
     7
370
    25
100
AcDbCircle
 10
-9.2705415291
 20
5.935736886
 30
0.0
 40
0.0590551181102361
  0
CIRCLE
  5
1B1
330
1F
100
AcDbEntity
  8
0
  6
Continuous
 62
     7
370
    25
100
AcDbCircle
 10
-10.432192067
 20
4.0023219902
 30
0.0
 40
0.0787401574803139
  0
CIRCLE
  5
1B2
330
1F
100
AcDbEntity
  8
0
  6
Continuous
 62
     7
370
    25
100
AcDbCircle
 10
-14.932192067
 20
4.3183155951
 30
0.0
 40
0.0787401574803148
  0
CIRCLE
  5
1B3
330
1F
100
AcDbEntity
  8
0
  6
Continuous
 62
     7
370
    25
100
AcDbCircle
 10
-10.4040050119
 20
5.4997580663
 30
0.0
 40
0.0590551181102343
  0
CIRCLE
  5
1B4
330
1F
100
AcDbEntity
  8
0
  6
Continuous
 62
     7
370
    25
100
AcDbCircle
 10
-8.966865519
 20
5.0075426427
 30
0.0
 40
0.0590551181102361
  0
SPLINE
  5
1B9
330
1F
100
AcDbEntity
  8
0
  6
Continuous
 62
     7
370
    25
100
AcDbSpline
210
0.0
220
0.0
230
1.0
 70
     8
 71
     3
 72
     9
 73
     5
 74
     0
 42
0.00000001
 43
0.00000001
 40
0.0
 40
0.0
 40
0.0
 40
0.0
 40
0.1542996554702313
 40
1.0
 40
1.0
 40
1.0
 40
1.0
 10
-14.35407768068645
 20
-10.13321040366072
 30
0.0
 10
-14.37223936517639
 20
-10.13104568700277
 30
0.0
 10
-14.4899572132256
 20
-10.11703665501399
 30
0.0
 10
-14.60778109554962
 20
-10.10315901843399
 30
0.0
 10
-14.7074836626884
 20
-10.09142813512029
 30
0.0
  0
CIRCLE
  5
1BB
330
1F
100
AcDbEntity
  8
0
  6
Continuous
 62
     7
370
    25
100
AcDbCircle
 10
-15.2438718891
 20
-10.6678423064
 30
0.0
 40
0.078740157480313
  0
SPLINE
  5
1C2
330
1F
100
AcDbEntity
  8
0
  6
Continuous
 62
     7
370
    25
100
AcDbSpline
210
0.0
220
0.0
230
1.0
 70
     8
 71
     3
 72
     9
 73
     5
 74
     0
 42
0.00000001
 43
0.00000001
 40
0.0
 40
0.0
 40
0.0
 40
0.0
 40
0.6594105158276479
 40
1.0
 40
1.0
 40
1.0
 40
1.0
 10
-15.0204644202085
 20
-11.35466017981807
 30
0.0
 10
-14.94430525754276
 20
-11.37124187412004
 30
0.0
 10
-14.82827278639373
 20
-11.39476377309992
 30
0.0
 10
-14.71160279244175
 20
-11.41600067486011
 30
0.0
 10
-14.67179812547778
 20
-11.42297907926018
 30
0.0
  0
CIRCLE
  5
1C4
330
1F
100
AcDbEntity
  8
0
  6
Continuous
 62
     7
370
    25
100
AcDbCircle
 10
-10.7438718891
 20
-10.9838359113
 30
0.0
 40
0.0787401574803148
  0
SPLINE
  5
1CB
330
1F
100
AcDbEntity
  8
0
  6
Continuous
 62
     7
370
    25
100
AcDbSpline
210
0.0
220
0.0
230
1.0
 70
     8
 71
     3
 72
    10
 73
     6
 74
     0
 42
0.00000001
 43
0.00000001
 40
0.0
 40
0.0
 40
0.0
 40
0.0
 40
0.3254032661599949
 40
0.9496701655683413
 40
1.0
 40
1.0
 40
1.0
 40
1.0
 10
-11.97890923891565
 20
-11.57163736149906
 30
0.0
 10
-11.86963186717765
 20
-11.56533966731154
 30
0.0
 10
-11.55113684066231
 20
-11.54233022268288
 30
0.0
 10
-11.21720659311664
 20
-11.50331713354106
 30
0.0
 10
-10.99236290109538
 20
-11.47055691585803
 30
0.0
 10
-10.9755903053694
 20
-11.46807721540378
 30
0.0
  0
CIRCLE
  5
1CE
330
1F
100
AcDbEntity
  8
0
  6
Continuous
 62
     7
370
    25
100
AcDbCircle
 10
-10.2368533181
 20
-9.3979037777
 30
0.0
 40
0.0787401574803148
  0
SPLINE
  5
1D3
330
1F
100
AcDbEntity
  8
0
  6
Continuous
 62
     7
370
    25
100
AcDbSpline
210
0.0
220
0.0
230
1.0
 70
     8
 71
     3
 72
     9
 73
     5
 74
     0
 42
0.00000001
 43
0.00000001
 40
0.0
 40
0.0
 40
0.0
 40
0.0
 40
0.3740774522866079
 40
1.0
 40
1.0
 40
1.0
 40
1.0
 10
-9.57446944546789
 20
-10.6208697270095
 30
0.0
 10
-9.687807284036378
 20
-10.61350564741907
 30
0.0
 10
-9.990963190339338
 20
-10.59295445193288
 30
0.0
 10
-10.29423938329031
 20
-10.57007782977544
 30
0.0
 10
-10.4839373279974
 20
-10.55495346096253
 30
0.0
  0
SPLINE
  5
1D7
330
1F
100
AcDbEntity
  8
0
  6
Continuous
 62
     7
370
    25
100
AcDbSpline
210
0.0
220
0.0
230
1.0
 70
     8
 71
     3
 72
    10
 73
     6
 74
     0
 42
0.00000001
 43
0.00000001
 40
0.0
 40
0.0
 40
0.0
 40
0.0
 40
0.0735873639549932
 40
0.7479161161450926
 40
1.0
 40
1.0
 40
1.0
 40
1.0
 10
-10.47064059740836
 20
-11.38285659157371
 30
0.0
 10
-10.44800546314184
 20
-11.37857525516363
 30
0.0
 10
-10.21799796548613
 20
-11.33445712365277
 30
0.0
 10
-9.911126602676077
 20
-11.26736516723915
 30
0.0
 10
-9.628660567025705
 20
-11.1980176567301
 30
0.0
 10
-9.55199136139892
 20
-11.17867161458769
 30
0.0
  0
SPLINE
  5
1DD
330
1F
100
AcDbEntity
  8
0
  6
Continuous
 62
     7
370
    25
100
AcDbSpline
210
0.0
220
0.0
230
1.0
 70
     8
 71
     3
 72
    43
 73
    39
 74
     0
 42
0.00000001
 43
0.00000001
 40
0.0
 40
0.0
 40
0.0
 40
0.0
 40
0.0402929842018448
 40
0.1019478353038987
 40
0.1636026864059517
 40
0.2252575375080046
 40
0.2869123886100575
 40
0.3177398141610843
 40
0.3331535269365971
 40
0.3485672397121105
 40
0.3639809524876239
 40
0.3793946652631361
 40
0.3871015216508931
 40
0.3948083780386499
 40
0.4025152344264066
 40
0.4102220908141634
 40
0.4179289472019201
 40
0.4256358035896768
 40
0.4333426599774335
 40
0.4410495163651903
 40
0.4564632291407028
 40
0.4641700855284595
 40
0.4718769419162162
 40
0.4872906546917297
 40
0.5027043674672431
 40
0.5181180802427566
 40
0.5335317930182691
 40
0.5489455057937825
 40
0.5643592185692962
 40
0.5951866441203225
 40
0.626014069671349
 40
0.6568414952223756
 40
0.6876689207734019
 40
0.7184963463244289
 40
0.7801511974264818
 40
0.8418060485285346
 40
0.903460899630588
 40
1.0
 40
1.0
 40
1.0
 40
1.0
 10
-15.47886023302344
 20
-9.99966454953441
 30
0.0
 10
-15.54858086142305
 20
-9.991230532579845
 30
0.0
 10
-15.72494850455907
 20
-9.969800172886218
 30
0.0
 10
-16.00765872393288
 20
-9.935092751494173
 30
0.0
 10
-16.32632559761085
 20
-9.896444450401377
 30
0.0
 10
-16.64496474453033
 20
-9.859008109030704
 30
0.0
 10
-16.90550109678408
 20
-9.832235845743494
 30
0.0
 10
-17.08124612998369
 20
-9.82240136924007
 30
0.0
 10
-17.17945697917207
 20
-9.820510355367707
 30
0.0
 10
-17.25013978693406
 20
-9.821459829234756
 30
0.0
 10
-17.31825907413584
 20
-9.825366151533336
 30
0.0
 10
-17.37292815977817
 20
-9.83149773869141
 30
0.0
 10
-17.41568139001281
 20
-9.838335327514637
 30
0.0
 10
-17.43915381525237
 20
-9.843400185661407
 30
0.0
 10
-17.4545148730142
 20
-9.848165394272078
 30
0.0
 10
-17.4611188580571
 20
-9.85132505741369
 30
0.0
 10
-17.46151755681123
 20
-9.851598839042826
 30
0.0
 10
-17.46707572618271
 20
-9.855944196292196
 30
0.0
 10
-17.47382624917739
 20
-9.863308608655188
 30
0.0
 10
-17.48327030376794
 20
-9.876509112170819
 30
0.0
 10
-17.49049682720553
 20
-9.892298422060069
 30
0.0
 10
-17.4933510457266
 20
-9.904155558028297
 30
0.0
 10
-17.49408734972364
 20
-9.91078591313932
 30
0.0
 10
-17.49360396876203
 20
-9.925937255446605
 30
0.0
 10
-17.48400158844273
 20
-9.95990701227247
 30
0.0
 10
-17.46161049648327
 20
-10.00703490316751
 30
0.0
 10
-17.4277714587703
 20
-10.06189670828756
 30
0.0
 10
-17.38453178859431
 20
-10.12254097959924
 30
0.0
 10
-17.32486437089963
 20
-10.20079053120582
 30
0.0
 10
-17.25095397321576
 20
-10.28722939140617
 30
0.0
 10
-17.15039807863269
 20
-10.38721828793853
 30
0.0
 10
-17.03958963976086
 20
-10.48327520810842
 30
0.0
 10
-16.92165365192422
 20
-10.5744226599733
 30
0.0
 10
-16.75875843147758
 20
-10.68796489506826
 30
0.0
 10
-16.54353696676145
 20
-10.81705870696799
 30
0.0
 10
-16.27067471146244
 20
-10.95386923487334
 30
0.0
 10
-15.93487751189233
 20
-11.09566997353437
 30
0.0
 10
-15.68438658006182
 20
-11.17964903583528
 30
0.0
 10
-15.52915203157307
 20
-11.22531940963166
 30
0.0
  0
CIRCLE
  5
1E2
330
1F
100
AcDbEntity
  8
0
  6
Continuous
 62
     7
370
    25
100
AcDbCircle
 10
-15.2438718891
 20
-9.3622385381
 30
0.0
 40
0.078740157480313
  0
SPLINE
  5
1E5
330
1F
100
AcDbEntity
  8
0
  6
Continuous
 62
     7
370
    25
100
AcDbSpline
210
0.0
220
0.0
230
1.0
 70
     8
 71
     3
 72
    10
 73
     6
 74
     0
 42
0.00000001
 43
0.00000001
 40
0.0
 40
0.0
 40
0.0
 40
0.0
 40
0.3254693450383563
 40
0.8983954518104211
 40
1.0
 40
1.0
 40
1.0
 40
1.0
 10
-11.48244691657245
 20
-10.46721027607072
 30
0.0
 10
-11.60431013725984
 20
-10.45540327573604
 30
0.0
 10
-11.94056561257146
 20
-10.42160468906651
 30
0.0
 10
-12.31452946750334
 20
-10.37990522556041
 30
0.0
 10
-12.56637458025236
 20
-10.35052481015044
 30
0.0
 10
-12.60430061439903
 20
-10.34607341729793
 30
0.0
  0
CIRCLE
  5
1E9
330
1F
100
AcDbEntity
  8
0
  6
Continuous
 62
     7
370
    25
100
AcDbCircle
 10
-13.4938718891
 20
-10.9122385381
 30
0.0
 40
0.5954999999999977
  0
SPLINE
  5
1EE
330
1F
100
AcDbEntity
  8
0
  6
Continuous
 62
     7
370
    25
100
AcDbSpline
210
0.0
220
0.0
230
1.0
 70
     8
 71
     3
 72
    43
 73
    39
 74
     0
 42
0.00000001
 43
0.00000001
 40
0.0313593449105655
 40
0.0313593449105655
 40
0.0313593449105655
 40
0.0313593449105655
 40
0.0695790336230814
 40
0.1280614037779614
 40
0.1865437739328404
 40
0.2450261440877194
 40
0.3035085142425984
 40
0.3327496993200383
 40
0.3473702918587575
 40
0.3619908843974775
 40
0.3766114769361974
 40
0.3912320694749163
 40
0.3985423657442764
 40
0.4058526620136365
 40
0.4131629582829965
 40
0.4204732545523565
 40
0.4277835508217164
 40
0.4350938470910764
 40
0.4424041433604364
 40
0.4497144396297965
 40
0.4643350321685155
 40
0.4716453284378755
 40
0.4789556247072355
 40
0.4935762172459554
 40
0.5081968097846754
 40
0.5228174023233954
 40
0.5374379948621144
 40
0.5520585874008344
 40
0.5666791799395544
 40
0.5959203650169939
 40
0.6251615500944334
 40
0.654402735171873
 40
0.6836439202493124
 40
0.7128851053267524
 40
0.7713674754816314
 40
0.8298498456365103
 40
0.8883322157913898
 40
0.9799038488633409
 40
0.9799038488633409
 40
0.9799038488633409
 40
0.9799038488633409
 10
-15.16718041098912
 20
0.9864933519569801
 30
0.0
 10
-15.23690103938874
 20
0.9949273689115458
 30
0.0
 10
-15.41326868252475
 20
1.016357728605172
 30
0.0
 10
-15.69597890189857
 20
1.051065149997213
 30
0.0
 10
-16.01464577557654
 20
1.089713451090009
 30
0.0
 10
-16.33328492249601
 20
1.12714979246068
 30
0.0
 10
-16.59382127474976
 20
1.153922055747888
 30
0.0
 10
-16.76956630794938
 20
1.163756532251311
 30
0.0
 10
-16.86777715713775
 20
1.165647546123674
 30
0.0
 10
-16.93845996489975
 20
1.164698072256625
 30
0.0
 10
-17.00657925210152
 20
1.160791749958047
 30
0.0
 10
-17.06124833774386
 20
1.154660162799972
 30
0.0
 10
-17.1040015679785
 20
1.147822573976745
 30
0.0
 10
-17.12747399321806
 20
1.142757715829974
 30
0.0
 10
-17.14283505097989
 20
1.137992507219302
 30
0.0
 10
-17.14943903602278
 20
1.134832844077689
 30
0.0
 10
-17.14983773477692
 20
1.134559062448554
 30
0.0
 10
-17.15539590414839
 20
1.130213705199184
 30
0.0
 10
-17.16214642714307
 20
1.122849292836191
 30
0.0
 10
-17.17159048173362
 20
1.10964878932056
 30
0.0
 10
-17.17881700517121
 20
1.093859479431311
 30
0.0
 10
-17.18167122369229
 20
1.082002343463084
 30
0.0
 10
-17.18240752768933
 20
1.07537198835206
 30
0.0
 10
-17.18192414672772
 20
1.060220646044775
 30
0.0
 10
-17.17232176640842
 20
1.026250889218909
 30
0.0
 10
-17.14993067444896
 20
0.9791229983238686
 30
0.0
 10
-17.11609163673598
 20
0.924261193203827
 30
0.0
 10
-17.07285196655999
 20
0.8636169218921383
 30
0.0
 10
-17.01318454886532
 20
0.7853673702855625
 30
0.0
 10
-16.93927415118145
 20
0.6989285100852092
 30
0.0
 10
-16.83871825659837
 20
0.5989396135528475
 30
0.0
 10
-16.72790981772654
 20
0.502882693382964
 30
0.0
 10
-16.60997382988991
 20
0.4117352415180829
 30
0.0
 10
-16.44707860944326
 20
0.29819300642312
 30
0.0
 10
-16.23185714472713
 20
0.1690991945233988
 30
0.0
 10
-15.95899488942812
 20
0.032288666618043
 30
0.0
 10
-15.62319768985801
 20
-0.1095120720429803
 30
0.0
 10
-15.3727067580275
 20
-0.1934911343438845
 30
0.0
 10
-15.21747220953875
 20
-0.2391615081402671
 30
0.0
  0
SPLINE
  5
1F8
330
1F
100
AcDbEntity
  8
0
  6
Continuous
 62
     7
370
    25
100
AcDbSpline
210
0.0
220
0.0
230
1.0
 70
     8
 71
     3
 72
    43
 73
    39
 74
     0
 42
0.00000001
 43
0.00000001
 40
0.0313593449105655
 40
0.0313593449105655
 40
0.0313593449105655
 40
0.0313593449105655
 40
0.0695790336230814
 40
0.1280614037779614
 40
0.1865437739328404
 40
0.2450261440877194
 40
0.3035085142425984
 40
0.3327496993200383
 40
0.3473702918587575
 40
0.3619908843974775
 40
0.3766114769361974
 40
0.3912320694749163
 40
0.3985423657442764
 40
0.4058526620136365
 40
0.4131629582829965
 40
0.4204732545523565
 40
0.4277835508217164
 40
0.4350938470910764
 40
0.4424041433604364
 40
0.4497144396297965
 40
0.4643350321685155
 40
0.4716453284378755
 40
0.4789556247072355
 40
0.4935762172459554
 40
0.5081968097846754
 40
0.5228174023233954
 40
0.5374379948621144
 40
0.5520585874008344
 40
0.5666791799395544
 40
0.5959203650169939
 40
0.6251615500944334
 40
0.654402735171873
 40
0.6836439202493124
 40
0.7128851053267524
 40
0.7713674754816314
 40
0.8298498456365103
 40
0.8883322157913898
 40
0.9799038488633409
 40
0.9799038488633409
 40
0.9799038488633409
 40
0.9799038488633409
 10
-15.16718041098912
 20
-3.013506648043019
 30
0.0
 10
-15.23690103938874
 20
-3.005072631088454
 30
0.0
 10
-15.41326868252475
 20
-2.983642271394828
 30
0.0
 10
-15.69597890189857
 20
-2.948934850002786
 30
0.0
 10
-16.01464577557654
 20
-2.91028654890999
 30
0.0
 10
-16.33328492249601
 20
-2.872850207539319
 30
0.0
 10
-16.59382127474976
 20
-2.846077944252111
 30
0.0
 10
-16.76956630794938
 20
-2.836243467748688
 30
0.0
 10
-16.86777715713775
 20
-2.834352453876325
 30
0.0
 10
-16.93845996489975
 20
-2.835301927743374
 30
0.0
 10
-17.00657925210152
 20
-2.839208250041953
 30
0.0
 10
-17.06124833774386
 20
-2.845339837200028
 30
0.0
 10
-17.1040015679785
 20
-2.852177426023255
 30
0.0
 10
-17.12747399321806
 20
-2.857242284170025
 30
0.0
 10
-17.14283505097989
 20
-2.862007492780697
 30
0.0
 10
-17.14943903602278
 20
-2.86516715592231
 30
0.0
 10
-17.14983773477692
 20
-2.865440937551445
 30
0.0
 10
-17.15539590414839
 20
-2.869786294800815
 30
0.0
 10
-17.16214642714307
 20
-2.877150707163809
 30
0.0
 10
-17.17159048173362
 20
-2.890351210679439
 30
0.0
 10
-17.17881700517121
 20
-2.906140520568688
 30
0.0
 10
-17.18167122369229
 20
-2.917997656536916
 30
0.0
 10
-17.18240752768933
 20
-2.92462801164794
 30
0.0
 10
-17.18192414672772
 20
-2.939779353955225
 30
0.0
 10
-17.17232176640842
 20
-2.97374911078109
 30
0.0
 10
-17.14993067444896
 20
-3.020877001676131
 30
0.0
 10
-17.11609163673598
 20
-3.075738806796172
 30
0.0
 10
-17.07285196655999
 20
-3.136383078107861
 30
0.0
 10
-17.01318454886532
 20
-3.214632629714437
 30
0.0
 10
-16.93927415118145
 20
-3.30107148991479
 30
0.0
 10
-16.83871825659837
 20
-3.401060386447152
 30
0.0
 10
-16.72790981772654
 20
-3.497117306617036
 30
0.0
 10
-16.60997382988991
 20
-3.588264758481917
 30
0.0
 10
-16.44707860944326
 20
-3.701806993576879
 30
0.0
 10
-16.23185714472713
 20
-3.830900805476601
 30
0.0
 10
-15.95899488942812
 20
-3.967711333381956
 30
0.0
 10
-15.62319768985801
 20
-4.10951207204298
 30
0.0
 10
-15.3727067580275
 20
-4.193491134343884
 30
0.0
 10
-15.21747220953875
 20
-4.239161508140266
 30
0.0
  0
SPLINE
  5
1FD
330
1F
100
AcDbEntity
  8
0
  6
Continuous
 62
     7
370
    25
100
AcDbSpline
210
0.0
220
0.0
230
1.0
 70
     8
 71
     3
 72
     9
 73
     5
 74
     0
 42
0.00000001
 43
0.00000001
 40
0.3535925717893845
 40
0.3535925717893845
 40
0.3535925717893845
 40
0.3535925717893845
 40
0.4296047463407775
 40
0.846219559968615
 40
0.846219559968615
 40
0.846219559968615
 40
0.846219559968615
 10
-14.04239785865213
 20
0.8529474978306408
 30
0.0
 10
-14.06055954314208
 20
0.8551122144885925
 30
0.0
 10
-14.17827739119129
 20
0.8691212464773769
 30
0.0
 10
-14.2961012735153
 20
0.8829988830573777
 30
0.0
 10
-14.39580384065408
 20
0.8947297663710753
 30
0.0
  0
SPLINE
  5
207
330
1F
100
AcDbEntity
  8
0
  6
Continuous
 62
     7
370
    25
100
AcDbSpline
210
0.0
220
0.0
230
1.0
 70
     8
 71
     3
 72
     9
 73
     5
 74
     0
 42
0.00000001
 43
0.00000001
 40
0.3725327752316475
 40
0.3725327752316475
 40
0.3725327752316475
 40
0.3725327752316475
 40
0.6946233157815396
 40
0.860985010703849
 40
0.860985010703849
 40
0.860985010703849
 40
0.860985010703849
 10
-14.70878459817476
 20
-0.368502278326598
 30
0.0
 10
-14.63262543550902
 20
-0.3850839726286038
 30
0.0
 10
-14.51659296436
 20
-0.408605871608526
 30
0.0
 10
-14.39992297040803
 20
-0.4298427733687652
 30
0.0
 10
-14.36011830344406
 20
-0.4368211777688421
 30
0.0
  0
SPLINE
  5
20C
330
1F
100
AcDbEntity
  8
0
  6
Continuous
 62
     7
370
    25
100
AcDbSpline
210
0.0
220
0.0
230
1.0
 70
     8
 71
     3
 72
    10
 73
     6
 74
     0
 42
0.00000001
 43
0.00000001
 40
0.0844788101782624
 40
0.0844788101782624
 40
0.0844788101782624
 40
0.0844788101782624
 40
0.3050121124017814
 40
0.69321852318255
 40
0.762064289687951
 40
0.762064289687951
 40
0.762064289687951
 40
0.762064289687951
 10
-11.17076709453815
 20
-3.481052374579514
 30
0.0
 10
-11.29263031522553
 20
-3.46924537424483
 30
0.0
 10
-11.62888579053716
 20
-3.435446787575298
 30
0.0
 10
-12.00284964546904
 20
-3.393747324069189
 30
0.0
 10
-12.25469475821806
 20
-3.364366908659222
 30
0.0
 10
-12.29262079236473
 20
-3.359915515806705
 30
0.0
  0
SPLINE
  5
216
330
1F
100
AcDbEntity
  8
0
  6
Continuous
 62
     7
370
    25
100
AcDbSpline
210
0.0
220
0.0
230
1.0
 70
     8
 71
     3
 72
    10
 73
     6
 74
     0
 42
0.00000001
 43
0.00000001
 40
0.0662027140514129
 40
0.0662027140514129
 40
0.0662027140514129
 40
0.0662027140514129
 40
0.2679569574533339
 40
0.6550105278039998
 40
0.686215677605141
 40
0.686215677605141
 40
0.686215677605141
 40
0.686215677605141
 10
-11.66722941688165
 20
-4.585479460009713
 30
0.0
 10
-11.55795204514365
 20
-4.579181765822204
 30
0.0
 10
-11.2394570186283
 20
-4.556172321193579
 30
0.0
 10
-10.90552677108263
 20
-4.517159232051807
 30
0.0
 10
-10.68068307906137
 20
-4.4843990143688
 30
0.0
 10
-10.66391048333539
 20
-4.481919313914553
 30
0.0
  0
SPLINE
  5
21A
330
1F
100
AcDbEntity
  8
0
  6
Continuous
 62
     7
370
    25
100
AcDbSpline
210
0.0
220
0.0
230
1.0
 70
     8
 71
     3
 72
     9
 73
     5
 74
     0
 42
0.00000001
 43
0.00000001
 40
0.3535925717893845
 40
0.3535925717893845
 40
0.3535925717893845
 40
0.3535925717893845
 40
0.4296047463407775
 40
0.846219559968615
 40
0.846219559968615
 40
0.846219559968615
 40
0.846219559968615
 10
-14.04239785865213
 20
-3.147052502169359
 30
0.0
 10
-14.06055954314208
 20
-3.144887785511407
 30
0.0
 10
-14.17827739119129
 20
-3.130878753522623
 30
0.0
 10
-14.2961012735153
 20
-3.117001116942622
 30
0.0
 10
-14.39580384065408
 20
-3.105270233628924
 30
0.0
  0
CIRCLE
  5
21D
330
1F
100
AcDbEntity
  8
0
  6
Continuous
 62
     7
370
    25
100
AcDbCircle
 10
-13.182192067
 20
-3.9260806366
 30
0.0
 40
0.5954999999999977
  0
CIRCLE
  5
21E
330
1F
100
AcDbEntity
  8
0
  6
Continuous
 62
     7
370
    25
100
AcDbCircle
 10
-13.4199208818
 20
-1.9222318013
 30
0.0
 40
0.595499999999997
  0
SPLINE
  5
221
330
1F
100
AcDbEntity
  8
0
  6
Continuous
 62
     7
370
    25
100
AcDbSpline
210
0.0
220
0.0
230
1.0
 70
     8
 71
     3
 72
     9
 73
     5
 74
     0
 42
0.00000001
 43
0.00000001
 40
0.3535925717893845
 40
0.3535925717893845
 40
0.3535925717893845
 40
0.3535925717893845
 40
0.4296047463407775
 40
0.846219559968615
 40
0.846219559968615
 40
0.846219559968615
 40
0.846219559968615
 10
-14.28012667338477
 20
-1.143203666890646
 30
0.0
 10
-14.29828835787472
 20
-1.141038950232694
 30
0.0
 10
-14.41600620592393
 20
-1.12702991824391
 30
0.0
 10
-14.53383008824794
 20
-1.113152281663909
 30
0.0
 10
-14.63353265538672
 20
-1.101421398350211
 30
0.0
  0
SPLINE
  5
22A
330
1F
100
AcDbEntity
  8
0
  6
Continuous
 62
     7
370
    25
100
AcDbSpline
210
0.0
220
0.0
230
1.0
 70
     8
 71
     3
 72
    10
 73
     6
 74
     0
 42
0.00000001
 43
0.00000001
 40
0.0662027140514129
 40
0.0662027140514129
 40
0.0662027140514129
 40
0.0662027140514129
 40
0.2679569574533339
 40
0.6550105278039998
 40
0.686215677605141
 40
0.686215677605141
 40
0.686215677605141
 40
0.686215677605141
 10
-11.9049582316143
 20
-2.581630624731
 30
0.0
 10
-11.79568085987629
 20
-2.575332930543491
 30
0.0
 10
-11.47718583336095
 20
-2.552323485914866
 30
0.0
 10
-11.14325558581527
 20
-2.513310396773094
 30
0.0
 10
-10.91841189379401
 20
-2.480550179090089
 30
0.0
 10
-10.90163929806803
 20
-2.478070478635839
 30
0.0
  0
SPLINE
  5
22F
330
1F
100
AcDbEntity
  8
0
  6
Continuous
 62
     7
370
    25
100
AcDbSpline
210
0.0
220
0.0
230
1.0
 70
     8
 71
     3
 72
    10
 73
     6
 74
     0
 42
0.00000001
 43
0.00000001
 40
0.0844788101782624
 40
0.0844788101782624
 40
0.0844788101782624
 40
0.0844788101782624
 40
0.3050121124017814
 40
0.69321852318255
 40
0.762064289687951
 40
0.762064289687951
 40
0.762064289687951
 40
0.762064289687951
 10
-11.40849590927079
 20
-1.477203539300801
 30
0.0
 10
-11.53035912995818
 20
-1.465396538966117
 30
0.0
 10
-11.8666146052698
 20
-1.431597952296585
 30
0.0
 10
-12.24057846020169
 20
-1.389898488790476
 30
0.0
 10
-12.49242357295071
 20
-1.360518073380509
 30
0.0
 10
-12.53034960709737
 20
-1.356066680527992
 30
0.0
  0
SPLINE
  5
238
330
1F
100
AcDbEntity
  8
0
  6
Continuous
 62
     7
370
    25
100
AcDbSpline
210
0.0
220
0.0
230
1.0
 70
     8
 71
     3
 72
    10
 73
     6
 74
     0
 42
0.00000001
 43
0.00000001
 40
0.0844788101782624
 40
0.0844788101782624
 40
0.0844788101782624
 40
0.0844788101782624
 40
0.3050121124017814
 40
0.69321852318255
 40
0.762064289687951
 40
0.762064289687951
 40
0.762064289687951
 40
0.762064289687951
 10
-11.17076709453815
 20
0.5189476254204853
 30
0.0
 10
-11.29263031522553
 20
0.5307546257551691
 30
0.0
 10
-11.62888579053716
 20
0.5645532124247011
 30
0.0
 10
-12.00284964546904
 20
0.6062526759308102
 30
0.0
 10
-12.25469475821806
 20
0.6356330913407777
 30
0.0
 10
-12.29262079236473
 20
0.6400844841932941
 30
0.0
  0
CIRCLE
  5
23A
330
1F
100
AcDbEntity
  8
0
  6
Continuous
 62
     7
370
    25
100
AcDbCircle
 10
-13.182192067
 20
0.0739193634
 30
0.0
 40
0.5954999999999974
  0
SPLINE
  5
23F
330
1F
100
AcDbEntity
  8
0
  6
Continuous
 62
     7
370
    25
100
AcDbSpline
210
0.0
220
0.0
230
1.0
 70
     8
 71
     3
 72
     9
 73
     5
 74
     0
 42
0.00000001
 43
0.00000001
 40
0.3725327752316475
 40
0.3725327752316475
 40
0.3725327752316475
 40
0.3725327752316475
 40
0.6946233157815396
 40
0.860985010703849
 40
0.860985010703849
 40
0.860985010703849
 40
0.860985010703849
 10
-14.9465134129074
 20
-2.364653443047885
 30
0.0
 10
-14.87035425024166
 20
-2.381235137349891
 30
0.0
 10
-14.75432177909264
 20
-2.404757036329813
 30
0.0
 10
-14.63765178514067
 20
-2.425993938090052
 30
0.0
 10
-14.59784711817671
 20
-2.432972342490129
 30
0.0
  0
SPLINE
  5
24B
330
1F
100
AcDbEntity
  8
0
  6
Continuous
 62
     7
370
    25
100
AcDbSpline
210
0.0
220
0.0
230
1.0
 70
     8
 71
     3
 72
    10
 73
     6
 74
     0
 42
0.00000001
 43
0.00000001
 40
0.0662027140514129
 40
0.0662027140514129
 40
0.0662027140514129
 40
0.0662027140514129
 40
0.2679569574533339
 40
0.6550105278039998
 40
0.686215677605141
 40
0.686215677605141
 40
0.686215677605141
 40
0.686215677605141
 10
-11.66722941688165
 20
-0.5854794600097141
 30
0.0
 10
-11.55795204514365
 20
-0.5791817658222045
 30
0.0
 10
-11.2394570186283
 20
-0.556172321193579
 30
0.0
 10
-10.90552677108263
 20
-0.5171592320518075
 30
0.0
 10
-10.68068307906137
 20
-0.4843990143688011
 30
0.0
 10
-10.66391048333539
 20
-0.481919313914553
 30
0.0
  0
SPLINE
  5
251
330
1F
100
AcDbEntity
  8
0
  6
Continuous
 62
     7
370
    25
100
AcDbSpline
210
0.0
220
0.0
230
1.0
 70
     8
 71
     3
 72
    10
 73
     6
 74
     0
 42
0.00000001
 43
0.00000001
 40
0.0
 40
0.0
 40
0.0
 40
0.0
 40
0.3254693450383563
 40
0.8983954518104211
 40
1.0
 40
1.0
 40
1.0
 40
1.0
 10
-11.5006720672813
 20
-8.258739044938853
 30
0.0
 10
-11.37880884659391
 20
-8.270546045273534
 30
0.0
 10
-11.04255337128229
 20
-8.304344631943058
 30
0.0
 10
-10.6685895163504
 20
-8.34604409544916
 30
0.0
 10
-10.41674440360138
 20
-8.375424510859121
 30
0.0
 10
-10.37881836945472
 20
-8.379875903711637
 30
0.0
  0
SPLINE
  5
255
330
1F
100
AcDbEntity
  8
0
  6
Continuous
 62
     7
370
    25
100
AcDbSpline
210
0.0
220
0.0
230
1.0
 70
     8
 71
     3
 72
    10
 73
     6
 74
     0
 42
0.00000001
 43
0.00000001
 40
0.0
 40
0.0
 40
0.0
 40
0.0
 40
0.3254032661599949
 40
0.9496701655683413
 40
1.0
 40
1.0
 40
1.0
 40
1.0
 10
-11.0042097449381
 20
-7.154311959510513
 30
0.0
 10
-11.1134871166761
 20
-7.160609653698036
 30
0.0
 10
-11.43198214319145
 20
-7.183619098326701
 30
0.0
 10
-11.76591239073711
 20
-7.222632187468514
 30
0.0
 10
-11.99075608275837
 20
-7.255392405151549
 30
0.0
 10
-12.00752867848436
 20
-7.2578721056058
 30
0.0
  0
SPLINE
  5
261
330
1F
100
AcDbEntity
  8
0
  6
Continuous
 62
     7
370
    25
100
AcDbSpline
210
0.0
220
0.0
230
1.0
 70
     8
 71
     3
 72
    43
 73
    39
 74
     0
 42
0.00000001
 43
0.00000001
 40
0.0
 40
0.0
 40
0.0
 40
0.0
 40
0.0402929842018448
 40
0.1019478353038987
 40
0.1636026864059517
 40
0.2252575375080046
 40
0.2869123886100575
 40
0.3177398141610843
 40
0.3331535269365971
 40
0.3485672397121105
 40
0.3639809524876239
 40
0.3793946652631361
 40
0.3871015216508931
 40
0.3948083780386499
 40
0.4025152344264066
 40
0.4102220908141634
 40
0.4179289472019201
 40
0.4256358035896768
 40
0.4333426599774335
 40
0.4410495163651903
 40
0.4564632291407028
 40
0.4641700855284595
 40
0.4718769419162162
 40
0.4872906546917297
 40
0.5027043674672431
 40
0.5181180802427566
 40
0.5335317930182691
 40
0.5489455057937825
 40
0.5643592185692962
 40
0.5951866441203225
 40
0.626014069671349
 40
0.6568414952223756
 40
0.6876689207734019
 40
0.7184963463244289
 40
0.7801511974264818
 40
0.8418060485285346
 40
0.903460899630588
 40
1.0
 40
1.0
 40
1.0
 40
1.0
 10
-7.504258750830309
 20
-8.726284771475214
 30
0.0
 10
-7.434538122430692
 20
-8.73471878842978
 30
0.0
 10
-7.258170479294679
 20
-8.756149148123406
 30
0.0
 10
-6.975460259920863
 20
-8.790856569515448
 30
0.0
 10
-6.656793386242896
 20
-8.829504870608245
 30
0.0
 10
-6.338154239323419
 20
-8.866941211978917
 30
0.0
 10
-6.077617887069669
 20
-8.893713475266123
 30
0.0
 10
-5.901872853870055
 20
-8.903547951769548
 30
0.0
 10
-5.803662004681682
 20
-8.90543896564191
 30
0.0
 10
-5.732979196919685
 20
-8.904489491774862
 30
0.0
 10
-5.66485990971791
 20
-8.900583169476285
 30
0.0
 10
-5.61019082407558
 20
-8.89445158231821
 30
0.0
 10
-5.567437593840937
 20
-8.887613993494984
 30
0.0
 10
-5.543965168601378
 20
-8.882549135348212
 30
0.0
 10
-5.528604110839546
 20
-8.87778392673754
 30
0.0
 10
-5.52200012579665
 20
-8.874624263595926
 30
0.0
 10
-5.521601427042516
 20
-8.874350481966792
 30
0.0
 10
-5.516043257671041
 20
-8.870005124717423
 30
0.0
 10
-5.509292734676364
 20
-8.862640712354429
 30
0.0
 10
-5.49984868008581
 20
-8.849440208838798
 30
0.0
 10
-5.492622156648221
 20
-8.83365089894955
 30
0.0
 10
-5.489767938127145
 20
-8.821793762981322
 30
0.0
 10
-5.489031634130107
 20
-8.815163407870298
 30
0.0
 10
-5.489515015091716
 20
-8.800012065563013
 30
0.0
 10
-5.499117395411018
 20
-8.766042308737147
 30
0.0
 10
-5.521508487370475
 20
-8.718914417842107
 30
0.0
 10
-5.555347525083449
 20
-8.664052612722065
 30
0.0
 10
-5.598587195259438
 20
-8.603408341410377
 30
0.0
 10
-5.658254612954114
 20
-8.5251587898038
 30
0.0
 10
-5.732165010637981
 20
-8.438719929603446
 30
0.0
 10
-5.832720905221061
 20
-8.338731033071083
 30
0.0
 10
-5.943529344092886
 20
-8.2426741129012
 30
0.0
 10
-6.061465331929523
 20
-8.15152666103632
 30
0.0
 10
-6.224360552376168
 20
-8.037984425941357
 30
0.0
 10
-6.439582017092303
 20
-7.908890614041635
 30
0.0
 10
-6.712444272391314
 20
-7.772080086136279
 30
0.0
 10
-7.04824147196142
 20
-7.630279347475255
 30
0.0
 10
-7.298732403791931
 20
-7.546300285174349
 30
0.0
 10
-7.453966952280684
 20
-7.500629911377967
 30
0.0
  0
CIRCLE
  5
263
330
1F
100
AcDbEntity
  8
0
  6
Continuous
 62
     7
370
    25
100
AcDbCircle
 10
-9.4892470948
 20
-7.8137107829
 30
0.0
 40
0.5955000000000004
  0
CIRCLE
  5
264
330
1F
100
AcDbEntity
  8
0
  6
Continuous
 62
     7
370
    25
100
AcDbCircle
 10
-9.3157023328
 20
-9.4147615205
 30
0.0
 40
0.078740157480313
  0
CIRCLE
  5
265
330
1F
100
AcDbEntity
  8
0
  6
Continuous
 62
     7
370
    25
100
AcDbCircle
 10
-9.7594632657
 20
-9.406640368
 30
0.0
 40
0.0787401574803148
  0
SPLINE
  5
26D
330
1F
100
AcDbEntity
  8
0
  6
Continuous
 62
     7
370
    25
100
AcDbSpline
210
0.0
220
0.0
230
1.0
 70
     8
 71
     3
 72
     9
 73
     5
 74
     0
 42
0.00000001
 43
0.00000001
 40
0.0
 40
0.0
 40
0.0
 40
0.0
 40
0.3740774522866079
 40
1.0
 40
1.0
 40
1.0
 40
1.0
 10
-13.40864953838586
 20
-8.10507959400009
 30
0.0
 10
-13.29531169981737
 20
-8.112443673590523
 30
0.0
 10
-12.99215579351441
 20
-8.132994869076702
 30
0.0
 10
-12.68887960056344
 20
-8.15587149123414
 30
0.0
 10
-12.49918165585634
 20
-8.170995860047055
 30
0.0
  0
SPLINE
  5
270
330
1F
100
AcDbEntity
  8
0
  6
Continuous
 62
     7
370
    25
100
AcDbSpline
210
0.0
220
0.0
230
1.0
 70
     8
 71
     3
 72
    10
 73
     6
 74
     0
 42
0.00000001
 43
0.00000001
 40
0.0
 40
0.0
 40
0.0
 40
0.0
 40
0.0735873639549932
 40
0.7479161161450926
 40
1.0
 40
1.0
 40
1.0
 40
1.0
 10
-12.5124783864454
 20
-7.343092729435869
 30
0.0
 10
-12.53511352071192
 20
-7.347374065845949
 30
0.0
 10
-12.76512101836762
 20
-7.39149219735681
 30
0.0
 10
-13.07199238117768
 20
-7.458584153770437
 30
0.0
 10
-13.35445841682805
 20
-7.527931664279492
 30
0.0
 10
-13.43112762245483
 20
-7.547277706421895
 30
0.0
  0
CIRCLE
  5
271
330
1F
100
AcDbEntity
  8
0
  6
Continuous
 62
     7
370
    25
100
AcDbCircle
 10
-12.7462656657
 20
-9.3280455433
 30
0.0
 40
0.0787401574803184
  0
SPLINE
  5
276
330
1F
100
AcDbEntity
  8
0
  6
Continuous
 62
     7
370
    25
100
AcDbSpline
210
0.0
220
0.0
230
1.0
 70
     8
 71
     3
 72
    10
 73
     6
 74
     0
 42
0.00000001
 43
0.00000001
 40
0.0662027140514129
 40
0.0662027140514129
 40
0.0662027140514129
 40
0.0662027140514129
 40
0.2679569574533339
 40
0.6550105278039998
 40
0.686215677605141
 40
0.686215677605141
 40
0.686215677605141
 40
0.686215677605141
 10
-11.9049582316143
 20
-6.581630624731
 30
0.0
 10
-11.79568085987629
 20
-6.575332930543491
 30
0.0
 10
-11.47718583336095
 20
-6.552323485914865
 30
0.0
 10
-11.14325558581527
 20
-6.513310396773093
 30
0.0
 10
-10.91841189379401
 20
-6.480550179090088
 30
0.0
 10
-10.90163929806803
 20
-6.478070478635839
 30
0.0
  0
SPLINE
  5
27F
330
1F
100
AcDbEntity
  8
0
  6
Continuous
 62
     7
370
    25
100
AcDbSpline
210
0.0
220
0.0
230
1.0
 70
     8
 71
     3
 72
    10
 73
     6
 74
     0
 42
0.00000001
 43
0.00000001
 40
0.0844788101782624
 40
0.0844788101782624
 40
0.0844788101782624
 40
0.0844788101782624
 40
0.3050121124017814
 40
0.69321852318255
 40
0.762064289687951
 40
0.762064289687951
 40
0.762064289687951
 40
0.762064289687951
 10
-11.40849590927079
 20
-5.477203539300801
 30
0.0
 10
-11.53035912995818
 20
-5.465396538966116
 30
0.0
 10
-11.8666146052698
 20
-5.431597952296585
 30
0.0
 10
-12.24057846020169
 20
-5.389898488790475
 30
0.0
 10
-12.49242357295071
 20
-5.360518073380509
 30
0.0
 10
-12.53034960709737
 20
-5.356066680527992
 30
0.0
  0
SPLINE
  5
287
330
1F
100
AcDbEntity
  8
0
  6
Continuous
 62
     7
370
    25
100
AcDbSpline
210
0.0
220
0.0
230
1.0
 70
     8
 71
     3
 72
     9
 73
     5
 74
     0
 42
0.00000001
 43
0.00000001
 40
0.1162311485180566
 40
0.1162311485180566
 40
0.1162311485180566
 40
0.1162311485180566
 40
0.4091497814873666
 40
0.899273887872696
 40
0.899273887872696
 40
0.899273887872696
 40
0.899273887872696
 10
-9.262789623433626
 20
-3.634711825518849
 30
0.0
 10
-9.376127462002113
 20
-3.627347745928416
 30
0.0
 10
-9.679283368305075
 20
-3.60679655044224
 30
0.0
 10
-9.982559561256044
 20
-3.583919928284807
 30
0.0
 10
-10.17225750596314
 20
-3.568795559471894
 30
0.0
  0
SPLINE
  5
289
330
1F
100
AcDbEntity
  8
0
  6
Continuous
 62
     7
370
    25
100
AcDbSpline
210
0.0
220
0.0
230
1.0
 70
     8
 71
     3
 72
    10
 73
     6
 74
     0
 42
0.00000001
 43
0.00000001
 40
0.0819444852812978
 40
0.0819444852812978
 40
0.0819444852812978
 40
0.0819444852812978
 40
0.1401553290205298
 40
0.6735790516941245
 40
0.872988498963244
 40
0.872988498963244
 40
0.872988498963244
 40
0.872988498963244
 10
-10.15896077537362
 20
-4.396698690082112
 30
0.0
 10
-10.1363256411071
 20
-4.392417353672031
 30
0.0
 10
-9.906318143451395
 20
-4.348299222161169
 30
0.0
 10
-9.59944678064134
 20
-4.281207265747543
 30
0.0
 10
-9.316980744990968
 20
-4.211859755238489
 30
0.0
 10
-9.240311539364184
 20
-4.192513713096086
 30
0.0
  0
SPLINE
  5
294
330
1F
100
AcDbEntity
  8
0
  6
Continuous
 62
     7
370
    25
100
AcDbSpline
210
0.0
220
0.0
230
1.0
 70
     8
 71
     3
 72
     9
 73
     5
 74
     0
 42
0.00000001
 43
0.00000001
 40
0.1162311485180566
 40
0.1162311485180566
 40
0.1162311485180566
 40
0.1162311485180566
 40
0.4091497814873666
 40
0.899273887872696
 40
0.899273887872696
 40
0.899273887872696
 40
0.899273887872696
 10
-9.50051843816627
 20
-5.630862990240135
 30
0.0
 10
-9.613856276734758
 20
-5.623498910649702
 30
0.0
 10
-9.91701218303772
 20
-5.602947715163527
 30
0.0
 10
-10.22028837598869
 20
-5.580071093006093
 30
0.0
 10
-10.40998632069579
 20
-5.564946724193181
 30
0.0
  0
SPLINE
  5
296
330
1F
100
AcDbEntity
  8
0
  6
Continuous
 62
     7
370
    25
100
AcDbSpline
210
0.0
220
0.0
230
1.0
 70
     8
 71
     3
 72
    10
 73
     6
 74
     0
 42
0.00000001
 43
0.00000001
 40
0.0819444852812978
 40
0.0819444852812978
 40
0.0819444852812978
 40
0.0819444852812978
 40
0.1401553290205298
 40
0.6735790516941245
 40
0.872988498963244
 40
0.872988498963244
 40
0.872988498963244
 40
0.872988498963244
 10
-10.39668959010626
 20
-6.392849854803398
 30
0.0
 10
-10.37405445583974
 20
-6.388568518393318
 30
0.0
 10
-10.14404695818404
 20
-6.344450386882455
 30
0.0
 10
-9.837175595373983
 20
-6.27735843046883
 30
0.0
 10
-9.554709559723609
 20
-6.208010919959777
 30
0.0
 10
-9.478040354096827
 20
-6.188664877817372
 30
0.0
  0
SPLINE
  5
29D
330
1F
100
AcDbEntity
  8
0
  6
Continuous
 62
     7
370
    25
100
AcDbSpline
210
0.0
220
0.0
230
1.0
 70
     8
 71
     3
 72
     9
 73
     5
 74
     0
 42
0.00000001
 43
0.00000001
 40
0.3725327752316475
 40
0.3725327752316475
 40
0.3725327752316475
 40
0.3725327752316475
 40
0.6946233157815396
 40
0.860985010703849
 40
0.860985010703849
 40
0.860985010703849
 40
0.860985010703849
 10
-14.9465134129074
 20
-6.364653443047884
 30
0.0
 10
-14.87035425024166
 20
-6.38123513734989
 30
0.0
 10
-14.75432177909264
 20
-6.404757036329812
 30
0.0
 10
-14.63765178514067
 20
-6.425993938090052
 30
0.0
 10
-14.59784711817671
 20
-6.432972342490128
 30
0.0
  0
SPLINE
  5
29F
330
1F
100
AcDbEntity
  8
0
  6
Continuous
 62
     7
370
    25
100
AcDbSpline
210
0.0
220
0.0
230
1.0
 70
     8
 71
     3
 72
    43
 73
    39
 74
     0
 42
0.00000001
 43
0.00000001
 40
0.0313593449105655
 40
0.0313593449105655
 40
0.0313593449105655
 40
0.0313593449105655
 40
0.0695790336230814
 40
0.1280614037779614
 40
0.1865437739328404
 40
0.2450261440877194
 40
0.3035085142425984
 40
0.3327496993200383
 40
0.3473702918587575
 40
0.3619908843974775
 40
0.3766114769361974
 40
0.3912320694749163
 40
0.3985423657442764
 40
0.4058526620136365
 40
0.4131629582829965
 40
0.4204732545523565
 40
0.4277835508217164
 40
0.4350938470910764
 40
0.4424041433604364
 40
0.4497144396297965
 40
0.4643350321685155
 40
0.4716453284378755
 40
0.4789556247072355
 40
0.4935762172459554
 40
0.5081968097846754
 40
0.5228174023233954
 40
0.5374379948621144
 40
0.5520585874008344
 40
0.5666791799395544
 40
0.5959203650169939
 40
0.6251615500944334
 40
0.654402735171873
 40
0.6836439202493124
 40
0.7128851053267524
 40
0.7713674754816314
 40
0.8298498456365103
 40
0.8883322157913898
 40
0.9799038488633409
 40
0.9799038488633409
 40
0.9799038488633409
 40
0.9799038488633409
 10
-15.40490922572177
 20
-5.009657812764305
 30
0.0
 10
-15.47462985412138
 20
-5.00122379580974
 30
0.0
 10
-15.6509974972574
 20
-4.979793436116114
 30
0.0
 10
-15.93370771663121
 20
-4.945086014724072
 30
0.0
 10
-16.25237459030918
 20
-4.906437713631276
 30
0.0
 10
-16.57101373722865
 20
-4.869001372260605
 30
0.0
 10
-16.83155008948241
 20
-4.842229108973398
 30
0.0
 10
-17.00729512268202
 20
-4.832394632469975
 30
0.0
 10
-17.10550597187039
 20
-4.830503618597612
 30
0.0
 10
-17.17618877963239
 20
-4.831453092464661
 30
0.0
 10
-17.24430806683417
 20
-4.835359414763239
 30
0.0
 10
-17.2989771524765
 20
-4.841491001921314
 30
0.0
 10
-17.34173038271114
 20
-4.848328590744541
 30
0.0
 10
-17.3652028079507
 20
-4.853393448891311
 30
0.0
 10
-17.38056386571253
 20
-4.858158657501984
 30
0.0
 10
-17.38716785075543
 20
-4.861318320643597
 30
0.0
 10
-17.38756654950956
 20
-4.861592102272732
 30
0.0
 10
-17.39312471888104
 20
-4.865937459522102
 30
0.0
 10
-17.39987524187571
 20
-4.873301871885095
 30
0.0
 10
-17.40931929646626
 20
-4.886502375400725
 30
0.0
 10
-17.41654581990386
 20
-4.902291685289975
 30
0.0
 10
-17.41940003842493
 20
-4.914148821258202
 30
0.0
 10
-17.42013634242197
 20
-4.920779176369226
 30
0.0
 10
-17.41965296146036
 20
-4.935930518676511
 30
0.0
 10
-17.41005058114106
 20
-4.969900275502376
 30
0.0
 10
-17.3876594891816
 20
-5.017028166397417
 30
0.0
 10
-17.35382045146862
 20
-5.071889971517459
 30
0.0
 10
-17.31058078129264
 20
-5.132534242829148
 30
0.0
 10
-17.25091336359796
 20
-5.210783794435724
 30
0.0
 10
-17.17700296591409
 20
-5.297222654636077
 30
0.0
 10
-17.07644707133101
 20
-5.397211551168438
 30
0.0
 10
-16.96563863245919
 20
-5.493268471338322
 30
0.0
 10
-16.84770264462255
 20
-5.584415923203203
 30
0.0
 10
-16.68480742417591
 20
-5.697958158298166
 30
0.0
 10
-16.46958595945977
 20
-5.827051970197887
 30
0.0
 10
-16.19672370416076
 20
-5.963862498103243
 30
0.0
 10
-15.86092650459065
 20
-6.105663236764266
 30
0.0
 10
-15.61043557276014
 20
-6.18964229906517
 30
0.0
 10
-15.45520102427139
 20
-6.235312672861553
 30
0.0
  0
CIRCLE
  5
2A7
330
1F
100
AcDbEntity
  8
0
  6
Continuous
 62
     7
370
    25
100
AcDbCircle
 10
-13.4199208818
 20
-5.9222318013
 30
0.0
 40
0.595499999999995
  0
SPLINE
  5
2A9
330
1F
100
AcDbEntity
  8
0
  6
Continuous
 62
     7
370
    25
100
AcDbSpline
210
0.0
220
0.0
230
1.0
 70
     8
 71
     3
 72
     9
 73
     5
 74
     0
 42
0.00000001
 43
0.00000001
 40
0.3535925717893845
 40
0.3535925717893845
 40
0.3535925717893845
 40
0.3535925717893845
 40
0.4296047463407775
 40
0.846219559968615
 40
0.846219559968615
 40
0.846219559968615
 40
0.846219559968615
 10
-14.28012667338477
 20
-5.143203666890644
 30
0.0
 10
-14.29828835787472
 20
-5.141038950232693
 30
0.0
 10
-14.41600620592393
 20
-5.127029918243909
 30
0.0
 10
-14.53383008824794
 20
-5.113152281663908
 30
0.0
 10
-14.63353265538672
 20
-5.101421398350211
 30
0.0
  0
LINE
  5
2AE
330
1F
100
AcDbEntity
  8
0
  6
Continuous
 62
     7
370
    25
100
AcDbLine
 10
-6.6473640412
 20
2.6736052818
 30
0.0
 11
-5.9442638417
 21
2.8037160767
 31
0.0
  0
LINE
  5
2AF
330
1F
100
AcDbEntity
  8
0
  6
Continuous
 62
     7
370
    25
100
AcDbLine
 10
-6.6473640412
 20
-1.3263947182
 30
0.0
 11
-5.9442638417
 21
-1.1962839233
 31
0.0
  0
LINE
  5
2B0
330
1F
100
AcDbEntity
  8
0
  6
Continuous
 62
     7
370
    25
100
AcDbLine
 10
-6.6473640412
 20
-5.3263947182
 30
0.0
 11
-5.9442638417
 21
-5.1962839233
 31
0.0
  0
LINE
  5
2B1
330
1F
100
AcDbEntity
  8
0
  6
Continuous
 62
     7
370
    25
100
AcDbLine
 10
18.0
 20
12.0
 30
0.0
 11
-18.0
 21
12.0
 31
0.0
  0
LINE
  5
2B2
330
1F
100
AcDbEntity
  8
0
  6
Continuous
 62
     7
370
    25
100
AcDbLine
 10
-6.4096352264
 20
-3.3302435535
 30
0.0
 11
-5.706535027
 21
-3.2001327586
 31
0.0
  0
LINE
  5
2B3
330
1F
100
AcDbEntity
  8
0
  6
Continuous
 62
     7
370
    25
100
AcDbLine
 10
-6.4096352264
 20
0.6697564465
 30
0.0
 11
-5.706535027
 21
0.7998672414
 31
0.0
  0
LINE
  5
2B4
330
1F
100
AcDbEntity
  8
0
  6
Continuous
 62
     7
370
    25
100
AcDbLine
 10
-6.4096352264
 20
4.6697564465
 30
0.0
 11
-5.706535027
 21
4.7998672414
 31
0.0
  0
LINE
  5
2B5
330
1F
100
AcDbEntity
  8
0
  6
Continuous
 62
     7
370
    25
100
AcDbLine
 10
-8.934416284
 20
6.4719396078
 30
0.0
 11
-8.966865519
 21
6.4440406193
 31
0.0
  0
LINE
  5
2B6
330
1F
100
AcDbEntity
  8
0
  6
Continuous
 62
     7
370
    25
100
AcDbLine
 10
-15.9581391232
 20
6.2201545202
 30
0.0
 11
-15.8313175844
 21
7.570912106
 31
0.0
  0
LINE
  5
2B7
330
1F
100
AcDbEntity
  8
0
  6
Continuous
 62
     7
370
    25
100
AcDbLine
 10
-16.2622805355
 20
7.6344089025
 30
0.0
 11
-16.4914827039
 21
6.497615444
 31
0.0
  0
LINE
  5
2B8
330
1F
100
AcDbEntity
  8
0
  6
Continuous
 62
     7
370
    25
100
AcDbLine
 10
-17.50718867
 20
6.9969290587
 30
0.0
 11
-17.539637905
 21
6.9690300702
 31
0.0
  0
LINE
  5
2B9
330
1F
100
AcDbEntity
  8
0
  6
Continuous
 62
     7
370
    25
100
AcDbLine
 10
-11.5180114276
 20
6.3767571158
 30
0.0
 11
-11.5504606625
 21
6.3488581273
 31
0.0
  0
LINE
  5
2BA
330
1F
100
AcDbEntity
  8
0
  6
Continuous
 62
     7
370
    25
100
AcDbLine
 10
-14.4848956597
 20
6.6263603312
 30
0.0
 11
-14.5173448947
 21
6.5984613427
 31
0.0
  0
LINE
  5
2BB
330
1F
100
AcDbEntity
  8
0
  6
Continuous
 62
     7
370
    25
100
AcDbLine
 10
-15.5381523926
 20
7.7419483312
 30
0.0
 11
-15.6649739314
 21
6.3911907455
 31
0.0
  0
LINE
  5
2BC
330
1F
100
AcDbEntity
  8
0
  6
Continuous
 62
     7
370
    25
100
AcDbLine
 10
-15.2340109803
 20
6.3276939489
 30
0.0
 11
-15.0048088119
 21
7.4644874075
 31
0.0
  0
LINE
  5
2BD
330
1F
100
AcDbEntity
  8
0
  6
Continuous
 62
     7
370
    25
100
AcDbLine
 10
-13.9891028458
 20
6.9651737927
 30
0.0
 11
-13.9566536108
 21
6.9930727812
 31
0.0
  0
LINE
  5
2BE
330
1F
100
AcDbEntity
  8
0
  6
Continuous
 62
     7
370
    25
100
AcDbLine
 10
-5.9442638417
 20
2.8037160767
 30
0.0
 11
-7.6496693802
 21
2.1625879783
 31
0.0
  0
LINE
  5
2BF
330
1F
100
AcDbEntity
  8
0
  6
Continuous
 62
     7
370
    25
100
AcDbLine
 10
-5.9442638417
 20
-1.1962839233
 30
0.0
 11
-7.6496693802
 21
-1.8374120217
 31
0.0
  0
LINE
  5
2C0
330
1F
100
AcDbEntity
  8
0
  6
Continuous
 62
     7
370
    25
100
AcDbLine
 10
-5.9442638417
 20
-5.1962839233
 30
0.0
 11
-7.6496693802
 21
-5.8374120217
 31
0.0
  0
LINE
  5
2C1
330
1F
100
AcDbEntity
  8
0
  6
Continuous
 62
     7
370
    25
100
AcDbLine
 10
-14.2384203262
 20
-8.3606840539
 30
0.0
 11
-13.9870983323
 21
-9.6447817407
 31
0.0
  0
LINE
  5
2C2
330
1F
100
AcDbEntity
  8
0
  6
Continuous
 62
     7
370
    25
100
AcDbLine
 10
-13.8907900656
 20
-9.7255575458
 30
0.0
 11
-12.5446792685
 21
-9.7501923667
 31
0.0
  0
LINE
  5
2C3
330
1F
100
AcDbEntity
  8
0
  6
Continuous
 62
     7
370
    25
100
AcDbLine
 10
-12.4464135003
 20
-9.676668469
 30
0.0
 11
-12.1262281257
 21
-8.5096940497
 31
0.0
  0
LINE
  5
2C4
330
1F
100
AcDbEntity
  8
0
  6
Continuous
 62
     7
370
    25
100
AcDbLine
 10
-8.2317140021
 20
-8.9077238113
 30
0.0
 11
-7.9848260374
 21
-9.4712936891
 31
0.0
  0
LINE
  5
2C5
330
1F
100
AcDbEntity
  8
0
  6
Continuous
 62
     7
370
    25
100
AcDbLine
 10
-7.5042592355
 20
-9.4927991431
 30
0.0
 11
-7.2563407446
 21
-9.0414971406
 31
0.0
  0
LINE
  5
2C6
330
1F
100
AcDbEntity
  8
0
  6
Continuous
 62
     7
370
    25
100
AcDbLine
 10
-15.2594985963
 20
-7.8985305625
 30
0.0
 11
-16.9649041348
 21
-8.5396586609
 31
0.0
  0
LINE
  5
2C7
330
1F
100
AcDbEntity
  8
0
  6
Continuous
 62
     7
370
    25
100
AcDbLine
 10
-16.9649041348
 20
-8.5396586609
 30
0.0
 11
-16.2618039354
 21
-8.409547866
 31
0.0
  0
LINE
  5
2C8
330
1F
100
AcDbEntity
  8
0
  6
Continuous
 62
     7
370
    25
100
AcDbLine
 10
-8.7446986577
 20
-10.3652652671
 30
0.0
 11
-8.9960206516
 21
-9.0811675803
 31
0.0
  0
LINE
  5
2C9
330
1F
100
AcDbEntity
  8
0
  6
Continuous
 62
     7
370
    25
100
AcDbLine
 10
-9.0923289183
 20
-9.0003917753
 30
0.0
 11
-10.4384397154
 21
-8.9757569543
 31
0.0
  0
LINE
  5
2CA
330
1F
100
AcDbEntity
  8
0
  6
Continuous
 62
     7
370
    25
100
AcDbLine
 10
-10.5367054835
 20
-9.049280852
 30
0.0
 11
-10.8568908582
 21
-10.2162552713
 31
0.0
  0
LINE
  5
2CB
330
1F
100
AcDbEntity
  8
0
  6
Continuous
 62
     7
370
    25
100
AcDbLine
 10
-14.7514049817
 20
-9.8182255097
 30
0.0
 11
-14.9982929464
 21
-9.2546556319
 31
0.0
  0
LINE
  5
2CC
330
1F
100
AcDbEntity
  8
0
  6
Continuous
 62
     7
370
    25
100
AcDbLine
 10
-15.4788597484
 20
-9.2331501779
 30
0.0
 11
-15.7267782392
 21
-9.6844521804
 31
0.0
  0
LINE
  5
2CD
330
1F
100
AcDbEntity
  8
0
  6
Continuous
 62
     7
370
    25
100
AcDbLine
 10
-7.7236203875
 20
-10.8274187585
 30
0.0
 11
-6.018214849
 21
-10.1862906601
 31
0.0
  0
LINE
  5
2CE
330
1F
100
AcDbEntity
  8
0
  6
Continuous
 62
     7
370
    25
100
AcDbLine
 10
-6.018214849
 20
-10.1862906601
 30
0.0
 11
-6.7213150485
 21
-10.316401455
 31
0.0
  0
LINE
  5
2CF
330
1F
100
AcDbEntity
  8
0
  6
Continuous
 62
     7
370
    25
100
AcDbLine
 10
18.0
 20
-12.0
 30
0.0
 11
18.0
 21
12.0
 31
0.0
  0
LINE
  5
2D0
330
1F
100
AcDbEntity
  8
0
  6
Continuous
 62
     7
370
    25
100
AcDbLine
 10
18.0
 20
-12.0
 30
0.0
 11
-18.0
 21
-12.0
 31
0.0
  0
LINE
  5
2D1
330
1F
100
AcDbEntity
  8
0
  6
Continuous
 62
     7
370
    25
100
AcDbLine
 10
-18.0
 20
-12.0
 30
0.0
 11
-18.0
 21
12.0
 31
0.0
  0
LINE
  5
2D2
330
1F
100
AcDbEntity
  8
0
  6
Continuous
 62
     7
370
    25
100
AcDbLine
 10
-5.706535027
 20
-3.2001327586
 30
0.0
 11
-7.4119405655
 21
-3.841260857
 31
0.0
  0
LINE
  5
2D3
330
1F
100
AcDbEntity
  8
0
  6
Continuous
 62
     7
370
    25
100
AcDbLine
 10
-5.706535027
 20
0.7998672414
 30
0.0
 11
-7.4119405655
 21
0.158739143
 31
0.0
  0
LINE
  5
2D4
330
1F
100
AcDbEntity
  8
0
  6
Continuous
 62
     7
370
    25
100
AcDbLine
 10
-5.706535027
 20
4.7998672414
 30
0.0
 11
-7.4119405655
 21
4.158739143
 31
0.0
  0
LINE
  5
2D5
330
1F
100
AcDbEntity
  8
0
  6
Continuous
 62
     7
370
    25
100
AcDbLine
 10
-11.1234193455
 20
5.3083410518
 30
0.0
 11
-11.0909701106
 21
5.3362400403
 31
0.0
  0
LINE
  5
2D6
330
1F
100
AcDbEntity
  8
0
  6
Continuous
 62
     7
370
    25
100
AcDbLine
 10
-8.1565351134
 20
5.0587378365
 30
0.0
 11
-8.1240858784
 21
5.086636825
 31
0.0
  0
LINE
  5
2D7
330
1F
100
AcDbEntity
  8
0
  6
Continuous
 62
     7
370
    25
100
AcDbLine
 10
-5.5729399699
 20
5.1539203285
 30
0.0
 11
-5.5404907349
 21
5.181819317
 31
0.0
  0
LINE
  5
2D8
330
1F
100
AcDbEntity
  8
0
  6
Continuous
 62
     7
370
    25
100
AcDbLine
 10
-8.1540942672
 20
-8.4456471586
 30
0.0
 11
-8.5073126331
 21
-7.8621310225
 31
0.0
  0
LINE
  5
2D9
330
1F
100
AcDbEntity
  8
0
  6
Continuous
 62
     7
370
    25
100
AcDbLine
 10
-8.7392470948
 20
-7.9268613933
 30
0.0
 11
-8.7392470948
 21
-8.4686174792
 31
0.0
  0
LINE
  5
2DA
330
1F
100
AcDbEntity
  8
0
  6
Continuous
 62
     7
370
    25
100
AcDbLine
 10
-12.2112480834
 20
5.4102479903
 30
0.0
 11
-13.0656163323
 21
5.667212673
 31
0.0
  0
LINE
  5
2DB
330
1F
100
AcDbEntity
  8
0
  6
Continuous
 62
     7
370
    25
100
AcDbLine
 10
-12.2763658771
 20
5.2304944383
 30
0.0
 11
-12.1978622247
 21
5.3781383349
 31
0.0
  0
LINE
  5
2DC
330
1F
100
AcDbEntity
  8
0
  6
Continuous
 62
     7
370
    25
100
AcDbLine
 10
-13.1180740847
 20
5.5544689355
 30
0.0
 11
-12.3047845975
 21
5.2202463384
 31
0.0
  0
LINE
  5
2DD
330
1F
100
AcDbEntity
  8
0
  6
Continuous
 62
     7
370
    25
100
AcDbLine
 10
-13.0919631153
 20
5.656229238
 30
0.0
 11
-13.129388006
 21
5.5858432557
 31
0.0
  0
LINE
  5
2DE
330
1F
100
AcDbEntity
  8
0
  6
Continuous
 62
     7
370
    25
100
AcDbLine
 10
-13.3970669219
 20
6.5244533927
 30
0.0
 11
-12.542698673
 21
6.26748871
 31
0.0
  0
LINE
  5
2DF
330
1F
100
AcDbEntity
  8
0
  6
Continuous
 62
     7
370
    25
100
AcDbLine
 10
-13.3319491281
 20
6.7042069448
 30
0.0
 11
-13.4104527805
 21
6.5565630481
 31
0.0
  0
LINE
  5
2E0
330
1F
100
AcDbEntity
  8
0
  6
Continuous
 62
     7
370
    25
100
AcDbLine
 10
-12.4902409205
 20
6.3802324475
 30
0.0
 11
-13.3035304077
 21
6.7144550446
 31
0.0
  0
LINE
  5
2E1
330
1F
100
AcDbEntity
  8
0
  6
Continuous
 62
     7
370
    25
100
AcDbLine
 10
-12.5163518899
 20
6.278472145
 30
0.0
 11
-12.4789269993
 21
6.3488581273
 31
0.0
  0
LINE
  5
2E2
330
1F
100
AcDbEntity
  8
0
  6
Continuous
 62
     7
370
    25
100
AcDbLine
 10
-14.807192067
 20
-3.9627353058
 30
0.0
 11
-14.807192067
 21
-4.2463636796
 31
0.0
  0
LINE
  5
2E3
330
1F
100
AcDbEntity
  8
0
  6
Continuous
 62
     7
370
    25
100
AcDbLine
 10
-14.6677813155
 20
-3.7949399012
 30
0.0
 11
-14.7577152049
 21
-3.8631298057
 31
0.0
  0
LINE
  5
2E4
330
1F
100
AcDbEntity
  8
0
  6
Continuous
 62
     7
370
    25
100
AcDbLine
 10
-14.2315985225
 20
-4.2489686157
 30
0.0
 11
-14.4853237159
 21
-3.8298150305
 31
0.0
  0
LINE
  5
2E5
330
1F
100
AcDbEntity
  8
0
  6
Continuous
 62
     7
370
    25
100
AcDbLine
 10
-7.8642470948
 20
-7.7770561138
 30
0.0
 11
-7.8642470948
 21
-7.4934277399
 31
0.0
  0
LINE
  5
2E6
330
1F
100
AcDbEntity
  8
0
  6
Continuous
 62
     7
370
    25
100
AcDbLine
 10
-8.0036578463
 20
-7.9448515183
 30
0.0
 11
-7.9137239569
 21
-7.8766616138
 31
0.0
  0
LINE
  5
2E7
330
1F
100
AcDbEntity
  8
0
  6
Continuous
 62
     7
370
    25
100
AcDbLine
 10
-8.4398406393
 20
-7.4908228038
 30
0.0
 11
-8.1861154459
 21
-7.909976389
 31
0.0
  0
LINE
  5
2E8
330
1F
100
AcDbEntity
  8
0
  6
Continuous
 62
     7
370
    25
100
AcDbLine
 10
-12.4830778185
 20
1.649643955
 30
0.0
 11
-11.358707314
 21
2.2897492496
 31
0.0
  0
LINE
  5
2E9
330
1F
100
AcDbEntity
  8
0
  6
Continuous
 62
     7
370
    25
100
AcDbLine
 10
-12.6699208818
 20
2.5197855126
 30
0.0
 11
-12.6699208818
 21
1.7582737646
 31
0.0
  0
LINE
  5
2EA
330
1F
100
AcDbEntity
  8
0
  6
Continuous
 62
     7
370
    25
100
AcDbLine
 10
-15.057192067
 20
4.5978240923
 30
0.0
 11
-15.057192067
 21
4.862398025
 31
0.0
  0
LINE
  5
2EB
330
1F
100
AcDbEntity
  8
0
  6
Continuous
 62
     7
370
    25
100
AcDbLine
 10
-15.057192067
 20
3.8807564286
 30
0.0
 11
-15.057192067
 21
4.0388070979
 31
0.0
  0
LINE
  5
2EC
330
1F
100
AcDbEntity
  8
0
  6
Continuous
 62
     7
370
    25
100
AcDbLine
 10
-15.2949208818
 20
2.6016729276
 30
0.0
 11
-15.2949208818
 21
2.8662468602
 31
0.0
  0
LINE
  5
2ED
330
1F
100
AcDbEntity
  8
0
  6
Continuous
 62
     7
370
    25
100
AcDbLine
 10
-15.2949208818
 20
1.8846052638
 30
0.0
 11
-15.2949208818
 21
2.0426559332
 31
0.0
  0
LINE
  5
2EE
330
1F
100
AcDbEntity
  8
0
  6
Continuous
 62
     7
370
    25
100
AcDbLine
 10
-9.1458943573
 20
-0.0713126766
 30
0.0
 11
-9.1458943573
 21
0.2405511981
 31
0.0
  0
LINE
  5
2EF
330
1F
100
AcDbEntity
  8
0
  6
Continuous
 62
     7
370
    25
100
AcDbLine
 10
-10.307192067
 20
0.3065998479
 30
0.0
 11
-10.307192067
 21
0.2818304874
 31
0.0
  0
LINE
  5
2F0
330
1F
100
AcDbEntity
  8
0
  6
Continuous
 62
     7
370
    25
100
AcDbLine
 10
-9.3836231721
 20
-2.0674638413
 30
0.0
 11
-9.3836231721
 21
-1.7555999667
 31
0.0
  0
LINE
  5
2F1
330
1F
100
AcDbEntity
  8
0
  6
Continuous
 62
     7
370
    25
100
AcDbLine
 10
-10.5449208818
 20
-1.6895513168
 30
0.0
 11
-10.5449208818
 21
-1.7143206773
 31
0.0
  0
LINE
  5
2F2
330
1F
100
AcDbEntity
  8
0
  6
Continuous
 62
     7
370
    25
100
AcDbLine
 10
-11.157015041
 20
2.1168986106
 30
0.0
 11
-11.9739931567
 21
1.6517921218
 31
0.0
  0
LINE
  5
2F3
330
1F
100
AcDbEntity
  8
0
  6
Continuous
 62
     7
370
    25
100
AcDbLine
 10
-10.8909551342
 20
1.889363894
 30
0.0
 11
-10.9846548515
 21
2.0666722668
 31
0.0
  0
LINE
  5
2F4
330
1F
100
AcDbEntity
  8
0
  6
Continuous
 62
     7
370
    25
100
AcDbLine
 10
-10.7949208818
 20
1.6455854298
 30
0.0
 11
-10.7949208818
 21
1.7266623283
 31
0.0
  0
LINE
  5
2F5
330
1F
100
AcDbEntity
  8
0
  6
Continuous
 62
     7
370
    25
100
AcDbLine
 10
-9.3836231721
 20
1.9325361587
 30
0.0
 11
-9.3836231721
 21
2.2444000333
 31
0.0
  0
LINE
  5
2F6
330
1F
100
AcDbEntity
  8
0
  6
Continuous
 62
     7
370
    25
100
AcDbLine
 10
-10.5449208818
 20
2.3104486832
 30
0.0
 11
-10.5449208818
 21
2.2856793227
 31
0.0
  0
LINE
  5
2F7
330
1F
100
AcDbEntity
  8
0
  6
Continuous
 62
     7
370
    25
100
AcDbLine
 10
-9.1458943573
 20
3.9286873234
 30
0.0
 11
-9.1458943573
 21
4.2405511981
 31
0.0
  0
LINE
  5
2F8
330
1F
100
AcDbEntity
  8
0
  6
Continuous
 62
     7
370
    25
100
AcDbLine
 10
-10.307192067
 20
4.3065998479
 30
0.0
 11
-10.307192067
 21
4.2818304874
 31
0.0
  0
LINE
  5
2F9
330
1F
100
AcDbEntity
  8
0
  6
Continuous
 62
     7
370
    25
100
AcDbLine
 10
-10.9192862263
 20
4.1130497754
 30
0.0
 11
-11.7362643419
 21
3.6479432865
 31
0.0
  0
LINE
  5
2FA
330
1F
100
AcDbEntity
  8
0
  6
Continuous
 62
     7
370
    25
100
AcDbLine
 10
-10.6532263195
 20
3.8855150587
 30
0.0
 11
-10.7469260368
 21
4.0628234316
 31
0.0
  0
LINE
  5
2FB
330
1F
100
AcDbEntity
  8
0
  6
Continuous
 62
     7
370
    25
100
AcDbLine
 10
-10.557192067
 20
3.6417365945
 30
0.0
 11
-10.557192067
 21
3.722813493
 31
0.0
  0
LINE
  5
2FC
330
1F
100
AcDbEntity
  8
0
  6
Continuous
 62
     7
370
    25
100
AcDbLine
 10
-7.8465875462
 20
6.3700326693
 30
0.0
 11
-6.9922192973
 21
6.1130679866
 31
0.0
  0
LINE
  5
2FD
330
1F
100
AcDbEntity
  8
0
  6
Continuous
 62
     7
370
    25
100
AcDbLine
 10
-7.7814697525
 20
6.5497862214
 30
0.0
 11
-7.8599734049
 21
6.4021423247
 31
0.0
  0
LINE
  5
2FE
330
1F
100
AcDbEntity
  8
0
  6
Continuous
 62
     7
370
    25
100
AcDbLine
 10
-6.9397615449
 20
6.2258117241
 30
0.0
 11
-7.753051032
 21
6.5600343212
 31
0.0
  0
LINE
  5
2FF
330
1F
100
AcDbEntity
  8
0
  6
Continuous
 62
     7
370
    25
100
AcDbLine
 10
-6.9658725142
 20
6.1240514216
 30
0.0
 11
-6.9284476236
 21
6.1944374039
 31
0.0
  0
LINE
  5
300
330
1F
100
AcDbEntity
  8
0
  6
Continuous
 62
     7
370
    25
100
AcDbLine
 10
-9.2443638512
 20
5.160644775
 30
0.0
 11
-10.0987321001
 21
5.4176094577
 31
0.0
  0
LINE
  5
301
330
1F
100
AcDbEntity
  8
0
  6
Continuous
 62
     7
370
    25
100
AcDbLine
 10
-9.309481645
 20
4.9808912229
 30
0.0
 11
-9.2309779926
 21
5.1285351196
 31
0.0
  0
LINE
  5
302
330
1F
100
AcDbEntity
  8
0
  6
Continuous
 62
     7
370
    25
100
AcDbLine
 10
-10.1250788832
 20
5.4066260227
 30
0.0
 11
-10.1625037738
 21
5.3362400403
 31
0.0
  0
LINE
  5
303
330
1F
100
AcDbEntity
  8
0
  6
Continuous
 62
     7
370
    25
100
AcDbLine
 10
-10.1511898526
 20
5.3048657202
 30
0.0
 11
-9.3379003654
 21
4.9706431231
 31
0.0
  0
LINE
  5
304
330
1F
100
AcDbEntity
  8
0
  6
Continuous
 62
     7
370
    25
100
AcDbLine
 10
-13.932192067
 20
4.1870699738
 30
0.0
 11
-13.932192067
 21
4.7288260597
 31
0.0
  0
LINE
  5
305
330
1F
100
AcDbEntity
  8
0
  6
Continuous
 62
     7
370
    25
100
AcDbLine
 10
-14.5173448947
 20
4.7058557391
 30
0.0
 11
-14.1641265287
 21
4.122339603
 31
0.0
  0
LINE
  5
306
330
1F
100
AcDbEntity
  8
0
  6
Continuous
 62
     7
370
    25
100
AcDbLine
 10
-14.807192067
 20
4.0372646942
 30
0.0
 11
-14.807192067
 21
3.7536363204
 31
0.0
  0
LINE
  5
307
330
1F
100
AcDbEntity
  8
0
  6
Continuous
 62
     7
370
    25
100
AcDbLine
 10
-14.6677813155
 20
4.2050600988
 30
0.0
 11
-14.7577152049
 21
4.1368701943
 31
0.0
  0
LINE
  5
308
330
1F
100
AcDbEntity
  8
0
  6
Continuous
 62
     7
370
    25
100
AcDbLine
 10
-14.2315985225
 20
3.7510313843
 30
0.0
 11
-14.4853237159
 21
4.1701849695
 31
0.0
  0
LINE
  5
309
330
1F
100
AcDbEntity
  8
0
  6
Continuous
 62
     7
370
    25
100
AcDbLine
 10
-12.2453490037
 20
3.6457951197
 30
0.0
 11
-11.1209784993
 21
4.2859004144
 31
0.0
  0
LINE
  5
30A
330
1F
100
AcDbEntity
  8
0
  6
Continuous
 62
     7
370
    25
100
AcDbLine
 10
-12.432192067
 20
4.5159366773
 30
0.0
 11
-12.432192067
 21
3.7544249293
 31
0.0
  0
LINE
  5
30B
330
1F
100
AcDbEntity
  8
0
  6
Continuous
 62
     7
370
    25
100
AcDbLine
 10
-6.7258865014
 20
5.0760737149
 30
0.0
 11
-6.647382849
 21
5.2237176115
 31
0.0
  0
LINE
  5
30C
330
1F
100
AcDbEntity
  8
0
  6
Continuous
 62
     7
370
    25
100
AcDbLine
 10
-7.567594709
 20
5.4000482121
 30
0.0
 11
-6.7543052218
 21
5.065825615
 31
0.0
  0
LINE
  5
30D
330
1F
100
AcDbEntity
  8
0
  6
Continuous
 62
     7
370
    25
100
AcDbLine
 10
-7.5414837397
 20
5.5018085146
 30
0.0
 11
-7.5789086303
 21
5.4314225323
 31
0.0
  0
LINE
  5
30E
330
1F
100
AcDbEntity
  8
0
  6
Continuous
 62
     7
370
    25
100
AcDbLine
 10
-6.6607687077
 20
5.2558272669
 30
0.0
 11
-7.5151369566
 21
5.5127919496
 31
0.0
  0
LINE
  5
30F
330
1F
100
AcDbEntity
  8
0
  6
Continuous
 62
     7
370
    25
100
AcDbLine
 10
-15.3820353902
 20
7.9353048859
 30
0.0
 11
-15.3446104995
 21
8.0056908682
 31
0.0
  0
LINE
  5
310
330
1F
100
AcDbEntity
  8
0
  6
Continuous
 62
     7
370
    25
100
AcDbLine
 10
-16.2627504222
 20
8.1812861336
 30
0.0
 11
-15.4083821732
 21
7.9243214509
 31
0.0
  0
LINE
  5
311
330
1F
100
AcDbEntity
  8
0
  6
Continuous
 62
     7
370
    25
100
AcDbLine
 10
-16.1976326284
 20
8.3610396856
 30
0.0
 11
-16.2761362808
 21
8.213395789
 31
0.0
  0
LINE
  5
312
330
1F
100
AcDbEntity
  8
0
  6
Continuous
 62
     7
370
    25
100
AcDbLine
 10
-15.3559244208
 20
8.0370651884
 30
0.0
 11
-16.169213908
 21
8.3712877855
 31
0.0
  0
LINE
  5
313
330
1F
100
AcDbEntity
  8
0
  6
Continuous
 62
     7
370
    25
100
AcDbLine
 10
-16.140367095
 20
5.9250376631
 30
0.0
 11
-15.3270776078
 21
5.590815066
 31
0.0
  0
LINE
  5
314
330
1F
100
AcDbEntity
  8
0
  6
Continuous
 62
     7
370
    25
100
AcDbLine
 10
-16.1142561256
 20
6.0267979655
 30
0.0
 11
-16.1516810163
 21
5.9564119832
 31
0.0
  0
LINE
  5
315
330
1F
100
AcDbEntity
  8
0
  6
Continuous
 62
     7
370
    25
100
AcDbLine
 10
-15.2335410936
 20
5.7808167178
 30
0.0
 11
-16.0879093426
 21
6.0377814005
 31
0.0
  0
LINE
  5
316
330
1F
100
AcDbEntity
  8
0
  6
Continuous
 62
     7
370
    25
100
AcDbLine
 10
-15.2986588874
 20
5.6010631658
 30
0.0
 11
-15.220155235
 21
5.7487070625
 31
0.0
  0
LINE
  5
317
330
1F
100
AcDbEntity
  8
0
  6
Continuous
 62
     7
370
    25
100
AcDbLine
 10
-14.1699208818
 20
2.1909188091
 30
0.0
 11
-14.1699208818
 21
2.732674895
 31
0.0
  0
LINE
  5
318
330
1F
100
AcDbEntity
  8
0
  6
Continuous
 62
     7
370
    25
100
AcDbLine
 10
-14.7550737094
 20
2.7097045743
 30
0.0
 11
-14.4018553435
 21
2.1261884383
 31
0.0
  0
LINE
  5
319
330
1F
100
AcDbEntity
  8
0
  6
Continuous
 62
     7
370
    25
100
AcDbLine
 10
-14.9055101302
 20
2.2089089341
 30
0.0
 11
-14.9954440197
 21
2.1407190296
 31
0.0
  0
LINE
  5
31A
330
1F
100
AcDbEntity
  8
0
  6
Continuous
 62
     7
370
    25
100
AcDbLine
 10
-14.4693273373
 20
1.7548802196
 30
0.0
 11
-14.7230525306
 21
2.1740338048
 31
0.0
  0
LINE
  5
31B
330
1F
100
AcDbEntity
  8
0
  6
Continuous
 62
     7
370
    25
100
AcDbLine
 10
-15.0449208818
 20
2.0411135295
 30
0.0
 11
-15.0449208818
 21
1.7574851556
 31
0.0
  0
LINE
  5
31C
330
1F
100
AcDbEntity
  8
0
  6
Continuous
 62
     7
370
    25
100
AcDbLine
 10
-15.2949208818
 20
-1.3983270724
 30
0.0
 11
-15.2949208818
 21
-1.1337531398
 31
0.0
  0
LINE
  5
31D
330
1F
100
AcDbEntity
  8
0
  6
Continuous
 62
     7
370
    25
100
AcDbLine
 10
-15.2949208818
 20
-2.1153947362
 30
0.0
 11
-15.2949208818
 21
-1.9573440668
 31
0.0
  0
LINE
  5
31E
330
1F
100
AcDbEntity
  8
0
  6
Continuous
 62
     7
370
    25
100
AcDbLine
 10
-9.5494676578
 20
6.0288689297
 30
0.0
 11
-9.5120427671
 21
6.099254912
 31
0.0
  0
LINE
  5
31F
330
1F
100
AcDbEntity
  8
0
  6
Continuous
 62
     7
370
    25
100
AcDbLine
 10
-10.4301826897
 20
6.2748501774
 30
0.0
 11
-9.5758144408
 21
6.0178854947
 31
0.0
  0
LINE
  5
320
330
1F
100
AcDbEntity
  8
0
  6
Continuous
 62
     7
370
    25
100
AcDbLine
 10
-10.365064896
 20
6.4546037294
 30
0.0
 11
-10.4435685484
 21
6.3069598328
 31
0.0
  0
LINE
  5
321
330
1F
100
AcDbEntity
  8
0
  6
Continuous
 62
     7
370
    25
100
AcDbLine
 10
-9.5233566884
 20
6.1306292322
 30
0.0
 11
-10.3366461756
 21
6.4648518293
 31
0.0
  0
LINE
  5
322
330
1F
100
AcDbEntity
  8
0
  6
Continuous
 62
     7
370
    25
100
AcDbLine
 10
-14.2438718891
 20
-10.7990879277
 30
0.0
 11
-14.2438718891
 21
-10.2573318418
 31
0.0
  0
LINE
  5
323
330
1F
100
AcDbEntity
  8
0
  6
Continuous
 62
     7
370
    25
100
AcDbLine
 10
-14.8290247167
 20
-10.2803021624
 30
0.0
 11
-14.4758063508
 21
-10.8638182985
 31
0.0
  0
LINE
  5
324
330
1F
100
AcDbEntity
  8
0
  6
Continuous
 62
     7
370
    25
100
AcDbLine
 10
-15.1188718891
 20
-10.9488932073
 30
0.0
 11
-15.1188718891
 21
-11.2325215811
 31
0.0
  0
LINE
  5
325
330
1F
100
AcDbEntity
  8
0
  6
Continuous
 62
     7
370
    25
100
AcDbLine
 10
-14.9794611375
 20
-10.7810978027
 30
0.0
 11
-15.069395027
 21
-10.8492877072
 31
0.0
  0
LINE
  5
326
330
1F
100
AcDbEntity
  8
0
  6
Continuous
 62
     7
370
    25
100
AcDbLine
 10
-14.5432783446
 20
-11.2351265172
 30
0.0
 11
-14.7970035379
 21
-10.815972932
 31
0.0
  0
LINE
  5
327
330
1F
100
AcDbEntity
  8
0
  6
Continuous
 62
     7
370
    25
100
AcDbLine
 10
-11.2309660483
 20
-10.8731081261
 30
0.0
 11
-12.047944164
 21
-11.338214615
 31
0.0
  0
LINE
  5
328
330
1F
100
AcDbEntity
  8
0
  6
Continuous
 62
     7
370
    25
100
AcDbLine
 10
-10.9649061415
 20
-11.1006428428
 30
0.0
 11
-11.0586058588
 21
-10.9233344699
 31
0.0
  0
LINE
  5
329
330
1F
100
AcDbEntity
  8
0
  6
Continuous
 62
     7
370
    25
100
AcDbLine
 10
-10.8688718891
 20
-11.3444213069
 30
0.0
 11
-10.8688718891
 21
-11.2633444085
 31
0.0
  0
LINE
  5
32A
330
1F
100
AcDbEntity
  8
0
  6
Continuous
 62
     7
370
    25
100
AcDbLine
 10
-10.6188718891
 20
-10.6795580536
 30
0.0
 11
-10.6188718891
 21
-10.7043274141
 31
0.0
  0
LINE
  5
32B
330
1F
100
AcDbEntity
  8
0
  6
Continuous
 62
     7
370
    25
100
AcDbLine
 10
-9.4575741794
 20
-11.0574705781
 30
0.0
 11
-9.4575741794
 21
-10.7456067034
 31
0.0
  0
LINE
  5
32C
330
1F
100
AcDbEntity
  8
0
  6
Continuous
 62
     7
370
    25
100
AcDbLine
 10
-15.3688718891
 20
-11.1054014729
 30
0.0
 11
-15.3688718891
 21
-10.9473508036
 31
0.0
  0
LINE
  5
32D
330
1F
100
AcDbEntity
  8
0
  6
Continuous
 62
     7
370
    25
100
AcDbLine
 10
-15.3688718891
 20
-10.3883338092
 30
0.0
 11
-15.3688718891
 21
-10.1237598765
 31
0.0
  0
LINE
  5
32E
330
1F
100
AcDbEntity
  8
0
  6
Continuous
 62
     7
370
    25
100
AcDbLine
 10
-12.7438718891
 20
-10.4702212242
 30
0.0
 11
-12.7438718891
 21
-11.2317329722
 31
0.0
  0
LINE
  5
32F
330
1F
100
AcDbEntity
  8
0
  6
Continuous
 62
     7
370
    25
100
AcDbLine
 10
-12.5570288258
 20
-11.3403627818
 30
0.0
 11
-11.4326583213
 21
-10.7002574871
 31
0.0
  0
LINE
  5
330
330
1F
100
AcDbEntity
  8
0
  6
Continuous
 62
     7
370
    25
100
AcDbLine
 10
-15.057192067
 20
-0.1192435714
 30
0.0
 11
-15.057192067
 21
0.0388070979
 31
0.0
  0
LINE
  5
331
330
1F
100
AcDbEntity
  8
0
  6
Continuous
 62
     7
370
    25
100
AcDbLine
 10
-15.057192067
 20
0.5978240923
 30
0.0
 11
-15.057192067
 21
0.862398025
 31
0.0
  0
LINE
  5
332
330
1F
100
AcDbEntity
  8
0
  6
Continuous
 62
     7
370
    25
100
AcDbLine
 10
-15.057192067
 20
-3.4021759077
 30
0.0
 11
-15.057192067
 21
-3.137601975
 31
0.0
  0
LINE
  5
333
330
1F
100
AcDbEntity
  8
0
  6
Continuous
 62
     7
370
    25
100
AcDbLine
 10
-15.057192067
 20
-4.1192435714
 30
0.0
 11
-15.057192067
 21
-3.9611929021
 31
0.0
  0
LINE
  5
334
330
1F
100
AcDbEntity
  8
0
  6
Continuous
 62
     7
370
    25
100
AcDbLine
 10
-13.932192067
 20
0.1870699738
 30
0.0
 11
-13.932192067
 21
0.7288260597
 31
0.0
  0
LINE
  5
335
330
1F
100
AcDbEntity
  8
0
  6
Continuous
 62
     7
370
    25
100
AcDbLine
 10
-14.5173448947
 20
0.7058557391
 30
0.0
 11
-14.1641265287
 21
0.122339603
 31
0.0
  0
LINE
  5
336
330
1F
100
AcDbEntity
  8
0
  6
Continuous
 62
     7
370
    25
100
AcDbLine
 10
-14.807192067
 20
0.0372646942
 30
0.0
 11
-14.807192067
 21
-0.2463636796
 31
0.0
  0
LINE
  5
337
330
1F
100
AcDbEntity
  8
0
  6
Continuous
 62
     7
370
    25
100
AcDbLine
 10
-14.6677813155
 20
0.2050600988
 30
0.0
 11
-14.7577152049
 21
0.1368701943
 31
0.0
  0
LINE
  5
338
330
1F
100
AcDbEntity
  8
0
  6
Continuous
 62
     7
370
    25
100
AcDbLine
 10
-14.2315985225
 20
-0.2489686157
 30
0.0
 11
-14.4853237159
 21
0.1701849695
 31
0.0
  0
LINE
  5
339
330
1F
100
AcDbEntity
  8
0
  6
Continuous
 62
     7
370
    25
100
AcDbLine
 10
-12.2453490037
 20
-4.3542048803
 30
0.0
 11
-11.1209784993
 21
-3.7140995856
 31
0.0
  0
LINE
  5
33A
330
1F
100
AcDbEntity
  8
0
  6
Continuous
 62
     7
370
    25
100
AcDbLine
 10
-12.432192067
 20
-3.4840633227
 30
0.0
 11
-12.432192067
 21
-4.2455750707
 31
0.0
  0
LINE
  5
33B
330
1F
100
AcDbEntity
  8
0
  6
Continuous
 62
     7
370
    25
100
AcDbLine
 10
-10.9192862263
 20
-3.8869502246
 30
0.0
 11
-11.7362643419
 21
-4.3520567135
 31
0.0
  0
LINE
  5
33C
330
1F
100
AcDbEntity
  8
0
  6
Continuous
 62
     7
370
    25
100
AcDbLine
 10
-10.6532263195
 20
-4.1144849413
 30
0.0
 11
-10.7469260368
 21
-3.9371765684
 31
0.0
  0
LINE
  5
33D
330
1F
100
AcDbEntity
  8
0
  6
Continuous
 62
     7
370
    25
100
AcDbLine
 10
-10.557192067
 20
-4.3582634055
 30
0.0
 11
-10.557192067
 21
-4.277186507
 31
0.0
  0
LINE
  5
33E
330
1F
100
AcDbEntity
  8
0
  6
Continuous
 62
     7
370
    25
100
AcDbLine
 10
-13.932192067
 20
-3.8129300262
 30
0.0
 11
-13.932192067
 21
-3.2711739403
 31
0.0
  0
LINE
  5
33F
330
1F
100
AcDbEntity
  8
0
  6
Continuous
 62
     7
370
    25
100
AcDbLine
 10
-14.5173448947
 20
-3.2941442609
 30
0.0
 11
-14.1641265287
 21
-3.877660397
 31
0.0
  0
LINE
  5
340
330
1F
100
AcDbEntity
  8
0
  6
Continuous
 62
     7
370
    25
100
AcDbLine
 10
-14.7550737094
 20
-1.2902954257
 30
0.0
 11
-14.4018553435
 21
-1.8738115617
 31
0.0
  0
LINE
  5
341
330
1F
100
AcDbEntity
  8
0
  6
Continuous
 62
     7
370
    25
100
AcDbLine
 10
-14.1699208818
 20
-1.8090811909
 30
0.0
 11
-14.1699208818
 21
-1.267325105
 31
0.0
  0
LINE
  5
342
330
1F
100
AcDbEntity
  8
0
  6
Continuous
 62
     7
370
    25
100
AcDbLine
 10
-11.157015041
 20
-1.8831013894
 30
0.0
 11
-11.9739931567
 21
-2.3482078782
 31
0.0
  0
LINE
  5
343
330
1F
100
AcDbEntity
  8
0
  6
Continuous
 62
     7
370
    25
100
AcDbLine
 10
-10.8909551342
 20
-2.110636106
 30
0.0
 11
-10.9846548515
 21
-1.9333277332
 31
0.0
  0
LINE
  5
344
330
1F
100
AcDbEntity
  8
0
  6
Continuous
 62
     7
370
    25
100
AcDbLine
 10
-10.7949208818
 20
-2.3544145702
 30
0.0
 11
-10.7949208818
 21
-2.2733376717
 31
0.0
  0
LINE
  5
345
330
1F
100
AcDbEntity
  8
0
  6
Continuous
 62
     7
370
    25
100
AcDbLine
 10
-12.6699208818
 20
-1.4802144874
 30
0.0
 11
-12.6699208818
 21
-2.2417262354
 31
0.0
  0
LINE
  5
346
330
1F
100
AcDbEntity
  8
0
  6
Continuous
 62
     7
370
    25
100
AcDbLine
 10
-12.4830778185
 20
-2.350356045
 30
0.0
 11
-11.358707314
 21
-1.7102507504
 31
0.0
  0
LINE
  5
347
330
1F
100
AcDbEntity
  8
0
  6
Continuous
 62
     7
370
    25
100
AcDbLine
 10
-12.2453490037
 20
-0.3542048803
 30
0.0
 11
-11.1209784993
 21
0.2859004144
 31
0.0
  0
LINE
  5
348
330
1F
100
AcDbEntity
  8
0
  6
Continuous
 62
     7
370
    25
100
AcDbLine
 10
-12.432192067
 20
0.5159366773
 30
0.0
 11
-12.432192067
 21
-0.2455750707
 31
0.0
  0
LINE
  5
349
330
1F
100
AcDbEntity
  8
0
  6
Continuous
 62
     7
370
    25
100
AcDbLine
 10
-15.0449208818
 20
-1.9588864705
 30
0.0
 11
-15.0449208818
 21
-2.2425148444
 31
0.0
  0
LINE
  5
34A
330
1F
100
AcDbEntity
  8
0
  6
Continuous
 62
     7
370
    25
100
AcDbLine
 10
-14.4693273373
 20
-2.2451197804
 30
0.0
 11
-14.7230525306
 21
-1.8259661952
 31
0.0
  0
LINE
  5
34B
330
1F
100
AcDbEntity
  8
0
  6
Continuous
 62
     7
370
    25
100
AcDbLine
 10
-14.9055101302
 20
-1.7910910659
 30
0.0
 11
-14.9954440197
 21
-1.8592809704
 31
0.0
  0
LINE
  5
34C
330
1F
100
AcDbEntity
  8
0
  6
Continuous
 62
     7
370
    25
100
AcDbLine
 10
-10.9192862263
 20
0.1130497754
 30
0.0
 11
-11.7362643419
 21
-0.3520567135
 31
0.0
  0
LINE
  5
34D
330
1F
100
AcDbEntity
  8
0
  6
Continuous
 62
     7
370
    25
100
AcDbLine
 10
-10.6532263195
 20
-0.1144849413
 30
0.0
 11
-10.7469260368
 21
0.0628234316
 31
0.0
  0
LINE
  5
34E
330
1F
100
AcDbEntity
  8
0
  6
Continuous
 62
     7
370
    25
100
AcDbLine
 10
-10.557192067
 20
-0.3582634055
 30
0.0
 11
-10.557192067
 21
-0.277186507
 31
0.0
  0
LINE
  5
34F
330
1F
100
AcDbEntity
  8
0
  6
Continuous
 62
     7
370
    25
100
AcDbLine
 10
-10.2392470948
 20
-8.2557280968
 30
0.0
 11
-10.2392470948
 21
-7.4942163488
 31
0.0
  0
LINE
  5
350
330
1F
100
AcDbEntity
  8
0
  6
Continuous
 62
     7
370
    25
100
AcDbLine
 10
-10.4260901581
 20
-7.3855865392
 30
0.0
 11
-11.5504606625
 21
-8.0256918339
 31
0.0
  0
LINE
  5
351
330
1F
100
AcDbEntity
  8
0
  6
Continuous
 62
     7
370
    25
100
AcDbLine
 10
-11.7521529356
 20
-7.8528411949
 30
0.0
 11
-10.9351748199
 21
-7.3877347061
 31
0.0
  0
LINE
  5
352
330
1F
100
AcDbEntity
  8
0
  6
Continuous
 62
     7
370
    25
100
AcDbLine
 10
-12.0182128424
 20
-7.6253064782
 30
0.0
 11
-11.9245131251
 21
-7.8026148511
 31
0.0
  0
LINE
  5
353
330
1F
100
AcDbEntity
  8
0
  6
Continuous
 62
     7
370
    25
100
AcDbLine
 10
-12.1142470948
 20
-7.3815280141
 30
0.0
 11
-12.1142470948
 21
-7.4626049125
 31
0.0
  0
LINE
  5
354
330
1F
100
AcDbEntity
  8
0
  6
Continuous
 62
     7
370
    25
100
AcDbLine
 10
-7.6142470948
 20
-8.3376155118
 30
0.0
 11
-7.6142470948
 21
-8.6021894445
 31
0.0
  0
LINE
  5
355
330
1F
100
AcDbEntity
  8
0
  6
Continuous
 62
     7
370
    25
100
AcDbLine
 10
-7.6142470948
 20
-7.6205478481
 30
0.0
 11
-7.6142470948
 21
-7.7785985175
 31
0.0
  0
LINE
  5
356
330
1F
100
AcDbEntity
  8
0
  6
Continuous
 62
     7
370
    25
100
AcDbLine
 10
-12.3642470948
 20
-8.0463912674
 30
0.0
 11
-12.3642470948
 21
-8.0216219069
 31
0.0
  0
LINE
  5
357
330
1F
100
AcDbEntity
  8
0
  6
Continuous
 62
     7
370
    25
100
AcDbLine
 10
-13.5255448045
 20
-7.6684787429
 30
0.0
 11
-13.5255448045
 21
-7.9803426176
 31
0.0
  0
LINE
  5
358
330
1F
100
AcDbEntity
  8
0
  6
Continuous
 62
     7
370
    25
100
AcDbLine
 10
-10.8909551342
 20
-6.110636106
 30
0.0
 11
-10.9846548515
 21
-5.9333277332
 31
0.0
  0
LINE
  5
359
330
1F
100
AcDbEntity
  8
0
  6
Continuous
 62
     7
370
    25
100
AcDbLine
 10
-10.7949208818
 20
-6.3544145702
 30
0.0
 11
-10.7949208818
 21
-6.2733376717
 31
0.0
  0
LINE
  5
35A
330
1F
100
AcDbEntity
  8
0
  6
Continuous
 62
     7
370
    25
100
AcDbLine
 10
-11.157015041
 20
-5.8831013894
 30
0.0
 11
-11.9739931567
 21
-6.3482078782
 31
0.0
  0
LINE
  5
35B
330
1F
100
AcDbEntity
  8
0
  6
Continuous
 62
     7
370
    25
100
AcDbLine
 10
-12.4830778185
 20
-6.350356045
 30
0.0
 11
-11.358707314
 21
-5.7102507504
 31
0.0
  0
LINE
  5
35C
330
1F
100
AcDbEntity
  8
0
  6
Continuous
 62
     7
370
    25
100
AcDbLine
 10
-12.6699208818
 20
-5.4802144874
 30
0.0
 11
-12.6699208818
 21
-6.2417262354
 31
0.0
  0
LINE
  5
35D
330
1F
100
AcDbEntity
  8
0
  6
Continuous
 62
     7
370
    25
100
AcDbLine
 10
-9.1458943573
 20
-4.0713126766
 30
0.0
 11
-9.1458943573
 21
-3.7594488019
 31
0.0
  0
LINE
  5
35E
330
1F
100
AcDbEntity
  8
0
  6
Continuous
 62
     7
370
    25
100
AcDbLine
 10
-10.307192067
 20
-3.6934001521
 30
0.0
 11
-10.307192067
 21
-3.7181695126
 31
0.0
  0
LINE
  5
35F
330
1F
100
AcDbEntity
  8
0
  6
Continuous
 62
     7
370
    25
100
AcDbLine
 10
-9.3836231721
 20
-6.0674638413
 30
0.0
 11
-9.3836231721
 21
-5.7555999667
 31
0.0
  0
LINE
  5
360
330
1F
100
AcDbEntity
  8
0
  6
Continuous
 62
     7
370
    25
100
AcDbLine
 10
-10.5449208818
 20
-5.6895513168
 30
0.0
 11
-10.5449208818
 21
-5.7143206773
 31
0.0
  0
LINE
  5
361
330
1F
100
AcDbEntity
  8
0
  6
Continuous
 62
     7
370
    25
100
AcDbLine
 10
-15.0449208818
 20
-5.9588864705
 30
0.0
 11
-15.0449208818
 21
-6.2425148444
 31
0.0
  0
LINE
  5
362
330
1F
100
AcDbEntity
  8
0
  6
Continuous
 62
     7
370
    25
100
AcDbLine
 10
-14.9055101302
 20
-5.7910910659
 30
0.0
 11
-14.9954440197
 21
-5.8592809704
 31
0.0
  0
LINE
  5
363
330
1F
100
AcDbEntity
  8
0
  6
Continuous
 62
     7
370
    25
100
AcDbLine
 10
-14.4693273373
 20
-6.2451197804
 30
0.0
 11
-14.7230525306
 21
-5.8259661952
 31
0.0
  0
LINE
  5
364
330
1F
100
AcDbEntity
  8
0
  6
Continuous
 62
     7
370
    25
100
AcDbLine
 10
-15.2949208818
 20
-5.3983270724
 30
0.0
 11
-15.2949208818
 21
-5.1337531398
 31
0.0
  0
LINE
  5
365
330
1F
100
AcDbEntity
  8
0
  6
Continuous
 62
     7
370
    25
100
AcDbLine
 10
-15.2949208818
 20
-6.1153947362
 30
0.0
 11
-15.2949208818
 21
-5.9573440668
 31
0.0
  0
LINE
  5
366
330
1F
100
AcDbEntity
  8
0
  6
Continuous
 62
     7
370
    25
100
AcDbLine
 10
-14.7550737094
 20
-5.2902954257
 30
0.0
 11
-14.4018553435
 21
-5.8738115617
 31
0.0
  0
LINE
  5
367
330
1F
100
AcDbEntity
  8
0
  6
Continuous
 62
     7
370
    25
100
AcDbLine
 10
-14.1699208818
 20
-5.8090811909
 30
0.0
 11
-14.1699208818
 21
-5.267325105
 31
0.0
  0
ARC
  5
368
330
1F
100
AcDbEntity
  8
0
  6
Continuous
 62
     7
370
    25
100
AcDbCircle
 10
-15.833686456
 20
6.2084697598
 30
0.0
 40
0.1250000000000213
100
AcDbArc
 50
174.6362694067
 51
252.8962071428
  0
ARC
  5
369
330
1F
100
AcDbEntity
  8
0
  6
Continuous
 62
     7
370
    25
100
AcDbCircle
 10
-15.6626050598
 20
7.7536330916
 30
0.0
 40
0.1250000000000273
100
AcDbArc
 50
354.6362694067
 51
72.8962071428
  0
ARC
  5
36A
330
1F
100
AcDbEntity
  8
0
  6
Continuous
 62
     7
370
    25
100
AcDbCircle
 10
-14.3610928688
 20
-8.3846933705
 30
0.0
 40
0.1249999999999969
100
AcDbArc
 50
11.0738764151
 51
88.2895158743
  0
ARC
  5
36B
330
1F
100
AcDbEntity
  8
0
  6
Continuous
 62
     7
370
    25
100
AcDbCircle
 10
-8.6220261151
 20
-10.3412559505
 30
0.0
 40
0.125000000000001
100
AcDbArc
 50
191.0738764151
 51
268.2895158743
  0
ARC
  5
36C
330
1F
100
AcDbEntity
  8
0
  6
Continuous
 62
     7
370
    25
100
AcDbCircle
 10
-16.0484727895
 20
7.5913006328
 30
0.0
 40
0.2181102362204715
100
AcDbArc
 50
354.6362694067
 51
168.6007555654
  0
ARC
  5
36D
330
1F
100
AcDbEntity
  8
0
  6
Continuous
 62
     7
370
    25
100
AcDbCircle
 10
-16.6140169266
 20
6.5223209956
 30
0.0
 40
0.1250000000000052
100
AcDbArc
 50
243.2976636976
 51
348.6007555654
  0
ARC
  5
36E
330
1F
100
AcDbEntity
  8
0
  6
Continuous
 62
     7
370
    25
100
AcDbCircle
 10
-15.4478187263
 20
6.3708022186
 30
0.0
 40
0.2181102362204735
100
AcDbArc
 50
174.6362694067
 51
348.6007555654
  0
ARC
  5
36F
330
1F
100
AcDbEntity
  8
0
  6
Continuous
 62
     7
370
    25
100
AcDbCircle
 10
-14.8822745892
 20
7.4397818558
 30
0.0
 40
0.1250000000000139
100
AcDbArc
 50
63.2976636976
 51
168.6007555654
  0
ARC
  5
370
330
1F
100
AcDbEntity
  8
0
  6
Continuous
 62
     7
370
    25
100
AcDbCircle
 10
-13.8889602982
 20
-9.6255742874
 30
0.0
 40
0.1000000000004339
100
AcDbArc
 50
191.0738764156
 51
268.9515619905
  0
ARC
  5
371
330
1F
100
AcDbEntity
  8
0
  6
Continuous
 62
     7
370
    25
100
AcDbCircle
 10
-12.5428495011
 20
-9.6502091084
 30
0.0
 40
0.1000000000000077
100
AcDbArc
 50
268.9515619894
 51
344.65719377
  0
ARC
  5
372
330
1F
100
AcDbEntity
  8
0
  6
Continuous
 62
     7
370
    25
100
AcDbCircle
 10
-12.0056831248
 20
-8.5427682505
 30
0.0
 40
0.1250000000000358
100
AcDbArc
 50
84.9812349044
 51
164.65719377
  0
ARC
  5
373
330
1F
100
AcDbEntity
  8
0
  6
Continuous
 62
     7
370
    25
100
AcDbCircle
 10
-8.3462093241
 20
-8.9578817742
 30
0.0
 40
0.1250000000000117
100
AcDbArc
 50
23.6572024607
 51
83.283232721
  0
ARC
  5
374
330
1F
100
AcDbEntity
  8
0
  6
Continuous
 62
     7
370
    25
100
AcDbCircle
 10
-7.7392470948
 20
-9.3637107829
 30
0.0
 40
0.2681102362204124
100
AcDbArc
 50
203.6572024619
 51
331.2182228743
  0
ARC
  5
375
330
1F
100
AcDbEntity
  8
0
  6
Continuous
 62
     7
370
    25
100
AcDbCircle
 10
-7.1467832625
 20
-9.1016815083
 30
0.0
 40
0.1250000000000016
100
AcDbArc
 50
83.0255583042
 51
151.2182228765
  0
ARC
  5
376
330
1F
100
AcDbEntity
  8
0
  6
Continuous
 62
     7
370
    25
100
AcDbCircle
 10
-9.0941586857
 20
-9.1003750336
 30
0.0
 40
0.1000000000004258
100
AcDbArc
 50
11.0738764153
 51
88.9515619948
  0
ARC
  5
377
330
1F
100
AcDbEntity
  8
0
  6
Continuous
 62
     7
370
    25
100
AcDbCircle
 10
-10.4402694828
 20
-9.0757402126
 30
0.0
 40
0.1000000000000024
100
AcDbArc
 50
88.9515619894
 51
164.65719377
  0
ARC
  5
378
330
1F
100
AcDbEntity
  8
0
  6
Continuous
 62
     7
370
    25
100
AcDbCircle
 10
-10.9774358591
 20
-10.1831810705
 30
0.0
 40
0.1249999999999948
100
AcDbArc
 50
264.9812349079
 51
344.65719377
  0
ARC
  5
379
330
1F
100
AcDbEntity
  8
0
  6
Continuous
 62
     7
370
    25
100
AcDbCircle
 10
-14.6369096597
 20
-9.7680675468
 30
0.0
 40
0.1250000000000001
100
AcDbArc
 50
203.6572024607
 51
263.283232721
  0
ARC
  5
37A
330
1F
100
AcDbEntity
  8
0
  6
Continuous
 62
     7
370
    25
100
AcDbCircle
 10
-15.2438718891
 20
-9.3622385381
 30
0.0
 40
0.2681102362203437
100
AcDbArc
 50
23.6572024622
 51
151.218222874
  0
ARC
  5
37B
330
1F
100
AcDbEntity
  8
0
  6
Continuous
 62
     7
370
    25
100
AcDbCircle
 10
-15.8363357214
 20
-9.6242678128
 30
0.0
 40
0.1250000000000214
100
AcDbArc
 50
263.025558304
 51
331.2182228764
  0
ARC
  5
37C
330
1F
100
AcDbEntity
  8
0
  6
Continuous
 62
     7
370
    25
100
AcDbCircle
 10
-8.2610287289
 20
-8.5103775293
 30
0.0
 40
0.1249999999999878
100
AcDbArc
 50
263.2895002765
 51
31.1876728299
  0
ARC
  5
37D
330
1F
100
AcDbEntity
  8
0
  6
Continuous
 62
     7
370
    25
100
AcDbCircle
 10
-8.6142470948
 20
-8.4686174792
 30
0.0
 40
0.1250000000001954
100
AcDbArc
 50
180.0000000006
 51
263.2029024632
  0
ARC
  5
37E
330
1F
100
AcDbEntity
  8
0
  6
Continuous
 62
     7
370
    25
100
AcDbCircle
 10
-8.6142470948
 20
-7.9268613933
 30
0.0
 40
0.1249999999983256
100
AcDbArc
 50
31.1876728305
 51
180.0
  0
ARC
  5
37F
330
1F
100
AcDbEntity
  8
0
  6
Continuous
 62
     7
370
    25
100
AcDbCircle
 10
-13.0720967945
 20
5.6456661278
 30
0.0
 40
0.0225000000004144
100
AcDbArc
 50
73.2605141602
 51
151.9999999998
  0
ARC
  5
380
330
1F
100
AcDbEntity
  8
0
  6
Continuous
 62
     7
370
    25
100
AcDbCircle
 10
-12.2177285456
 20
5.3887014451
 30
0.0
 40
0.0225000000002957
100
AcDbArc
 50
331.9999999999
 51
73.2605141656
  0
ARC
  5
381
330
1F
100
AcDbEntity
  8
0
  6
Continuous
 62
     7
370
    25
100
AcDbCircle
 10
-12.296232198
 20
5.2410575484
 30
0.0
 40
0.0224999999995506
100
AcDbArc
 50
247.6597111894
 51
331.9999999997
  0
ARC
  5
382
330
1F
100
AcDbEntity
  8
0
  6
Continuous
 62
     7
370
    25
100
AcDbCircle
 10
-13.1095216852
 20
5.5752801455
 30
0.0
 40
0.0225000000008542
100
AcDbArc
 50
152.0
 51
247.6597112048
  0
ARC
  5
383
330
1F
100
AcDbEntity
  8
0
  6
Continuous
 62
     7
370
    25
100
AcDbCircle
 10
-12.5362182108
 20
6.2890352552
 30
0.0
 40
0.0225000000004073
100
AcDbArc
 50
253.2605141602
 51
331.9999999999
  0
ARC
  5
384
330
1F
100
AcDbEntity
  8
0
  6
Continuous
 62
     7
370
    25
100
AcDbCircle
 10
-13.3905864597
 20
6.5459999379
 30
0.0
 40
0.0225000000002983
100
AcDbArc
 50
152.0
 51
253.2605141656
  0
ARC
  5
385
330
1F
100
AcDbEntity
  8
0
  6
Continuous
 62
     7
370
    25
100
AcDbCircle
 10
-13.3120828073
 20
6.6936438346
 30
0.0
 40
0.0224999999995505
100
AcDbArc
 50
67.6597111894
 51
151.9999999997
  0
ARC
  5
386
330
1F
100
AcDbEntity
  8
0
  6
Continuous
 62
     7
370
    25
100
AcDbCircle
 10
-12.4987933201
 20
6.3594212375
 30
0.0
 40
0.0225000000008574
100
AcDbArc
 50
332.0
 51
67.6597112048
  0
ARC
  5
387
330
1F
100
AcDbEntity
  8
0
  6
Continuous
 62
     7
370
    25
100
AcDbCircle
 10
-14.682192067
 20
-4.2463636796
 30
0.0
 40
0.124999999999984
100
AcDbArc
 50
179.9999999996
 51
257.7170136289
  0
ARC
  5
388
330
1F
100
AcDbEntity
  8
0
  6
Continuous
 62
     7
370
    25
100
AcDbCircle
 10
-14.682192067
 20
-3.9627353058
 30
0.0
 40
0.1250000000004194
100
AcDbArc
 50
127.1702252985
 51
180.0000000001
  0
ARC
  5
389
330
1F
100
AcDbEntity
  8
0
  6
Continuous
 62
     7
370
    25
100
AcDbCircle
 10
-14.5922581776
 20
-3.8945454013
 30
0.0
 40
0.125000000000146
100
AcDbArc
 50
31.1876728318
 51
127.1702252988
  0
ARC
  5
38A
330
1F
100
AcDbEntity
  8
0
  6
Continuous
 62
     7
370
    25
100
AcDbCircle
 10
-14.3385329843
 20
-4.3136989864
 30
0.0
 40
0.1249999999998581
100
AcDbArc
 50
260.0561748369
 51
31.187672832
  0
ARC
  5
38B
330
1F
100
AcDbEntity
  8
0
  6
Continuous
 62
     7
370
    25
100
AcDbCircle
 10
-7.9892470948
 20
-7.4934277399
 30
0.0
 40
0.1250000000000277
100
AcDbArc
 50
359.9999999996
 51
77.7170136289
  0
ARC
  5
38C
330
1F
100
AcDbEntity
  8
0
  6
Continuous
 62
     7
370
    25
100
AcDbCircle
 10
-7.9892470948
 20
-7.7770561138
 30
0.0
 40
0.1249999999999405
100
AcDbArc
 50
307.1702252989
 51
360.0
  0
ARC
  5
38D
330
1F
100
AcDbEntity
  8
0
  6
Continuous
 62
     7
370
    25
100
AcDbCircle
 10
-8.0791809842
 20
-7.8452460182
 30
0.0
 40
0.1249999999998246
100
AcDbArc
 50
211.1876728348
 51
307.1702252988
  0
ARC
  5
38E
330
1F
100
AcDbEntity
  8
0
  6
Continuous
 62
     7
370
    25
100
AcDbCircle
 10
-8.3329061776
 20
-7.4260924331
 30
0.0
 40
0.1249999999998745
100
AcDbArc
 50
80.0561748374
 51
211.1876728339
  0
ARC
  5
38F
330
1F
100
AcDbEntity
  8
0
  6
Continuous
 62
     7
370
    25
100
AcDbCircle
 10
-12.5449208818
 20
1.7582737646
 30
0.0
 40
0.1250000000000995
100
AcDbArc
 50
180.0
 51
299.6529042023
  0
ARC
  5
390
330
1F
100
AcDbEntity
  8
0
  6
Continuous
 62
     7
370
    25
100
AcDbCircle
 10
-12.5449208818
 20
2.5197855126
 30
0.0
 40
0.124999999999968
100
AcDbArc
 50
83.3058000853
 51
180.0000000002
  0
ARC
  5
391
330
1F
100
AcDbEntity
  8
0
  6
Continuous
 62
     7
370
    25
100
AcDbCircle
 10
-11.4205503773
 20
2.3983790592
 30
0.0
 40
0.1249999999990789
100
AcDbArc
 50
299.6529042034
 51
84.4660386337
  0
ARC
  5
392
330
1F
100
AcDbEntity
  8
0
  6
Continuous
 62
     7
370
    25
100
AcDbCircle
 10
-15.182192067
 20
4.5978240923
 30
0.0
 40
0.1249999999999606
100
AcDbArc
 50
311.8103148958
 51
0.0
  0
ARC
  5
393
330
1F
100
AcDbEntity
  8
0
  6
Continuous
 62
     7
370
    25
100
AcDbCircle
 10
-14.932192067
 20
4.3183155951
 30
0.0
 40
0.2499999999999912
100
AcDbArc
 50
131.8103148958
 51
228.1896851043
  0
ARC
  5
394
330
1F
100
AcDbEntity
  8
0
  6
Continuous
 62
     7
370
    25
100
AcDbCircle
 10
-15.182192067
 20
4.0388070979
 30
0.0
 40
0.1250000000003624
100
AcDbArc
 50
359.9999999997
 51
48.1896851041
  0
ARC
  5
395
330
1F
100
AcDbEntity
  8
0
  6
Continuous
 62
     7
370
    25
100
AcDbCircle
 10
-15.182192067
 20
3.8807564286
 30
0.0
 40
0.1249999999999932
100
AcDbArc
 50
253.6059914017
 51
360.0
  0
ARC
  5
396
330
1F
100
AcDbEntity
  8
0
  6
Continuous
 62
     7
370
    25
100
AcDbCircle
 10
-15.182192067
 20
4.862398025
 30
0.0
 40
0.1250000000000092
100
AcDbArc
 50
359.9999999999
 51
83.1025157702
  0
ARC
  5
397
330
1F
100
AcDbEntity
  8
0
  6
Continuous
 62
     7
370
    25
100
AcDbCircle
 10
-15.4199208818
 20
2.6016729276
 30
0.0
 40
0.124999999999954
100
AcDbArc
 50
311.8103148958
 51
0.0
  0
ARC
  5
398
330
1F
100
AcDbEntity
  8
0
  6
Continuous
 62
     7
370
    25
100
AcDbCircle
 10
-15.1699208818
 20
2.3221644304
 30
0.0
 40
0.2499999999999925
100
AcDbArc
 50
131.8103148958
 51
228.1896851043
  0
ARC
  5
399
330
1F
100
AcDbEntity
  8
0
  6
Continuous
 62
     7
370
    25
100
AcDbCircle
 10
-15.4199208818
 20
2.0426559332
 30
0.0
 40
0.1250000000003735
100
AcDbArc
 50
359.9999999997
 51
48.1896851041
  0
ARC
  5
39A
330
1F
100
AcDbEntity
  8
0
  6
Continuous
 62
     7
370
    25
100
AcDbCircle
 10
-15.4199208818
 20
1.8846052638
 30
0.0
 40
0.1249999999999929
100
AcDbArc
 50
253.6059914017
 51
360.0
  0
ARC
  5
39B
330
1F
100
AcDbEntity
  8
0
  6
Continuous
 62
     7
370
    25
100
AcDbCircle
 10
-15.4199208818
 20
2.8662468602
 30
0.0
 40
0.125000000000007
100
AcDbArc
 50
359.9999999999
 51
83.1025157702
  0
ARC
  5
39C
330
1F
100
AcDbEntity
  8
0
  6
Continuous
 62
     7
370
    25
100
AcDbCircle
 10
-9.2708943573
 20
-0.0713126766
 30
0.0
 40
0.1250000000000089
100
AcDbArc
 50
284.1618919973
 51
0.0
  0
ARC
  5
39D
330
1F
100
AcDbEntity
  8
0
  6
Continuous
 62
     7
370
    25
100
AcDbCircle
 10
-10.182192067
 20
-0.273876432
 30
0.0
 40
0.1249999999995255
100
AcDbArc
 50
180.7586354829
 51
280.7107127046
  0
ARC
  5
39E
330
1F
100
AcDbEntity
  8
0
  6
Continuous
 62
     7
370
    25
100
AcDbCircle
 10
-10.182192067
 20
-0.277186507
 30
0.0
 40
0.1249999999998889
100
AcDbArc
 50
131.8103148957
 51
179.2413645158
  0
ARC
  5
39F
330
1F
100
AcDbEntity
  8
0
  6
Continuous
 62
     7
370
    25
100
AcDbCircle
 10
-10.432192067
 20
0.0023219902
 30
0.0
 40
0.2499999999998012
100
AcDbArc
 50
311.8103148959
 51
48.1896851041
  0
ARC
  5
3A0
330
1F
100
AcDbEntity
  8
0
  6
Continuous
 62
     7
370
    25
100
AcDbCircle
 10
-10.182192067
 20
0.2818304874
 30
0.0
 40
0.1249999999997939
100
AcDbArc
 50
180.0
 51
228.1896851044
  0
ARC
  5
3A1
330
1F
100
AcDbEntity
  8
0
  6
Continuous
 62
     7
370
    25
100
AcDbCircle
 10
-10.182192067
 20
0.3065998479
 30
0.0
 40
0.1250000000000124
100
AcDbArc
 50
85.44152508
 51
180.0000000004
  0
ARC
  5
3A2
330
1F
100
AcDbEntity
  8
0
  6
Continuous
 62
     7
370
    25
100
AcDbCircle
 10
-9.2708943573
 20
0.2405511981
 30
0.0
 40
0.1250000000000089
100
AcDbArc
 50
359.9999999998
 51
86.2824557903
  0
ARC
  5
3A3
330
1F
100
AcDbEntity
  8
0
  6
Continuous
 62
     7
370
    25
100
AcDbCircle
 10
-9.5086231721
 20
-2.0674638413
 30
0.0
 40
0.125000000000011
100
AcDbArc
 50
284.1618919973
 51
0.0
  0
ARC
  5
3A4
330
1F
100
AcDbEntity
  8
0
  6
Continuous
 62
     7
370
    25
100
AcDbCircle
 10
-10.4199208818
 20
-2.2700275967
 30
0.0
 40
0.1249999999995252
100
AcDbArc
 50
180.7586354829
 51
280.7107127046
  0
ARC
  5
3A5
330
1F
100
AcDbEntity
  8
0
  6
Continuous
 62
     7
370
    25
100
AcDbCircle
 10
-10.4199208818
 20
-2.2733376717
 30
0.0
 40
0.1249999999998781
100
AcDbArc
 50
131.8103148957
 51
179.2413645158
  0
ARC
  5
3A6
330
1F
100
AcDbEntity
  8
0
  6
Continuous
 62
     7
370
    25
100
AcDbCircle
 10
-10.6699208818
 20
-1.9938291745
 30
0.0
 40
0.2499999999998036
100
AcDbArc
 50
311.8103148959
 51
48.1896851041
  0
ARC
  5
3A7
330
1F
100
AcDbEntity
  8
0
  6
Continuous
 62
     7
370
    25
100
AcDbCircle
 10
-10.4199208818
 20
-1.7143206773
 30
0.0
 40
0.1249999999997939
100
AcDbArc
 50
180.0
 51
228.1896851044
  0
ARC
  5
3A8
330
1F
100
AcDbEntity
  8
0
  6
Continuous
 62
     7
370
    25
100
AcDbCircle
 10
-10.4199208818
 20
-1.6895513168
 30
0.0
 40
0.1250000000000125
100
AcDbArc
 50
85.44152508
 51
180.0000000004
  0
ARC
  5
3A9
330
1F
100
AcDbEntity
  8
0
  6
Continuous
 62
     7
370
    25
100
AcDbCircle
 10
-9.5086231721
 20
-1.7555999667
 30
0.0
 40
0.1250000000000125
100
AcDbArc
 50
359.9999999999
 51
86.2824557903
  0
ARC
  5
3AA
330
1F
100
AcDbEntity
  8
0
  6
Continuous
 62
     7
370
    25
100
AcDbCircle
 10
-11.0951719777
 20
2.0082688011
 30
0.0
 40
0.1249999999994741
100
AcDbArc
 50
27.8544921875
 51
119.6529041987
  0
ARC
  5
3AB
330
1F
100
AcDbEntity
  8
0
  6
Continuous
 62
     7
370
    25
100
AcDbCircle
 10
-10.6699208818
 20
2.0061708255
 30
0.0
 40
0.2500000000016161
100
AcDbArc
 50
207.8544921877
 51
228.1896851041
  0
ARC
  5
3AC
330
1F
100
AcDbEntity
  8
0
  6
Continuous
 62
     7
370
    25
100
AcDbCircle
 10
-10.9199208818
 20
1.7266623283
 30
0.0
 40
0.1250000000002705
100
AcDbArc
 50
359.9999999996
 51
48.1896851041
  0
ARC
  5
3AD
330
1F
100
AcDbEntity
  8
0
  6
Continuous
 62
     7
370
    25
100
AcDbCircle
 10
-10.9199208818
 20
1.6455854298
 30
0.0
 40
0.1249999999999238
100
AcDbArc
 50
278.4098252341
 51
360.0
  0
ARC
  5
3AE
330
1F
100
AcDbEntity
  8
0
  6
Continuous
 62
     7
370
    25
100
AcDbCircle
 10
-11.9121500934
 20
1.5431623123
 30
0.0
 40
0.1249999999998329
100
AcDbArc
 50
119.6529041982
 51
273.2983280502
  0
ARC
  5
3AF
330
1F
100
AcDbEntity
  8
0
  6
Continuous
 62
     7
370
    25
100
AcDbCircle
 10
-9.5086231721
 20
1.9325361587
 30
0.0
 40
0.125000000000011
100
AcDbArc
 50
284.1618919973
 51
0.0
  0
ARC
  5
3B0
330
1F
100
AcDbEntity
  8
0
  6
Continuous
 62
     7
370
    25
100
AcDbCircle
 10
-10.4199208818
 20
1.7299724033
 30
0.0
 40
0.1249999999995254
100
AcDbArc
 50
180.7586354829
 51
280.7107127046
  0
ARC
  5
3B1
330
1F
100
AcDbEntity
  8
0
  6
Continuous
 62
     7
370
    25
100
AcDbCircle
 10
-10.4199208818
 20
1.7266623283
 30
0.0
 40
0.1249999999998746
100
AcDbArc
 50
131.8103148957
 51
179.2413645158
  0
ARC
  5
3B2
330
1F
100
AcDbEntity
  8
0
  6
Continuous
 62
     7
370
    25
100
AcDbCircle
 10
-10.6699208818
 20
2.0061708255
 30
0.0
 40
0.249999999999804
100
AcDbArc
 50
311.8103148959
 51
48.1896851041
  0
ARC
  5
3B3
330
1F
100
AcDbEntity
  8
0
  6
Continuous
 62
     7
370
    25
100
AcDbCircle
 10
-10.4199208818
 20
2.2856793227
 30
0.0
 40
0.1249999999997926
100
AcDbArc
 50
180.0
 51
228.1896851044
  0
ARC
  5
3B4
330
1F
100
AcDbEntity
  8
0
  6
Continuous
 62
     7
370
    25
100
AcDbCircle
 10
-10.4199208818
 20
2.3104486832
 30
0.0
 40
0.1250000000000125
100
AcDbArc
 50
85.44152508
 51
180.0000000004
  0
ARC
  5
3B5
330
1F
100
AcDbEntity
  8
0
  6
Continuous
 62
     7
370
    25
100
AcDbCircle
 10
-9.5086231721
 20
2.2444000333
 30
0.0
 40
0.1250000000000125
100
AcDbArc
 50
359.9999999999
 51
86.2824557903
  0
ARC
  5
3B6
330
1F
100
AcDbEntity
  8
0
  6
Continuous
 62
     7
370
    25
100
AcDbCircle
 10
-9.2708943573
 20
3.9286873234
 30
0.0
 40
0.1250000000000089
100
AcDbArc
 50
284.1618919973
 51
0.0
  0
ARC
  5
3B7
330
1F
100
AcDbEntity
  8
0
  6
Continuous
 62
     7
370
    25
100
AcDbCircle
 10
-10.182192067
 20
3.726123568
 30
0.0
 40
0.1249999999995255
100
AcDbArc
 50
180.7586354829
 51
280.7107127046
  0
ARC
  5
3B8
330
1F
100
AcDbEntity
  8
0
  6
Continuous
 62
     7
370
    25
100
AcDbCircle
 10
-10.182192067
 20
3.722813493
 30
0.0
 40
0.1249999999998877
100
AcDbArc
 50
131.8103148957
 51
179.2413645158
  0
ARC
  5
3B9
330
1F
100
AcDbEntity
  8
0
  6
Continuous
 62
     7
370
    25
100
AcDbCircle
 10
-10.432192067
 20
4.0023219902
 30
0.0
 40
0.2499999999998016
100
AcDbArc
 50
311.8103148959
 51
48.1896851041
  0
ARC
  5
3BA
330
1F
100
AcDbEntity
  8
0
  6
Continuous
 62
     7
370
    25
100
AcDbCircle
 10
-10.182192067
 20
4.2818304874
 30
0.0
 40
0.1249999999997975
100
AcDbArc
 50
180.0
 51
228.1896851044
  0
ARC
  5
3BB
330
1F
100
AcDbEntity
  8
0
  6
Continuous
 62
     7
370
    25
100
AcDbCircle
 10
-10.182192067
 20
4.3065998479
 30
0.0
 40
0.1250000000000124
100
AcDbArc
 50
85.44152508
 51
180.0000000004
  0
ARC
  5
3BC
330
1F
100
AcDbEntity
  8
0
  6
Continuous
 62
     7
370
    25
100
AcDbCircle
 10
-9.2708943573
 20
4.2405511981
 30
0.0
 40
0.1250000000000089
100
AcDbArc
 50
359.9999999998
 51
86.2824557903
  0
ARC
  5
3BD
330
1F
100
AcDbEntity
  8
0
  6
Continuous
 62
     7
370
    25
100
AcDbCircle
 10
-10.857443163
 20
4.0044199658
 30
0.0
 40
0.1249999999994763
100
AcDbArc
 50
27.8544921875
 51
119.6529041987
  0
ARC
  5
3BE
330
1F
100
AcDbEntity
  8
0
  6
Continuous
 62
     7
370
    25
100
AcDbCircle
 10
-10.432192067
 20
4.0023219902
 30
0.0
 40
0.2500000000015924
100
AcDbArc
 50
207.8544921877
 51
228.1896851041
  0
ARC
  5
3BF
330
1F
100
AcDbEntity
  8
0
  6
Continuous
 62
     7
370
    25
100
AcDbCircle
 10
-10.682192067
 20
3.722813493
 30
0.0
 40
0.1250000000002565
100
AcDbArc
 50
359.9999999996
 51
48.1896851041
  0
ARC
  5
3C0
330
1F
100
AcDbEntity
  8
0
  6
Continuous
 62
     7
370
    25
100
AcDbCircle
 10
-10.682192067
 20
3.6417365945
 30
0.0
 40
0.1249999999999275
100
AcDbArc
 50
278.4098252341
 51
360.0
  0
ARC
  5
3C1
330
1F
100
AcDbEntity
  8
0
  6
Continuous
 62
     7
370
    25
100
AcDbCircle
 10
-11.6744212787
 20
3.539313477
 30
0.0
 40
0.1249999999998363
100
AcDbArc
 50
119.6529041982
 51
273.2983280502
  0
ARC
  5
3C2
330
1F
100
AcDbEntity
  8
0
  6
Continuous
 62
     7
370
    25
100
AcDbCircle
 10
-6.9857388351
 20
6.1346145318
 30
0.0
 40
0.0225000000004095
100
AcDbArc
 50
253.2605141602
 51
331.9999999999
  0
ARC
  5
3C3
330
1F
100
AcDbEntity
  8
0
  6
Continuous
 62
     7
370
    25
100
AcDbCircle
 10
-7.840107084
 20
6.3915792145
 30
0.0
 40
0.0225000000002959
100
AcDbArc
 50
152.0
 51
253.2605141656
  0
ARC
  5
3C4
330
1F
100
AcDbEntity
  8
0
  6
Continuous
 62
     7
370
    25
100
AcDbCircle
 10
-7.7616034316
 20
6.5392231112
 30
0.0
 40
0.0224999999995546
100
AcDbArc
 50
67.6597111894
 51
151.9999999997
  0
ARC
  5
3C5
330
1F
100
AcDbEntity
  8
0
  6
Continuous
 62
     7
370
    25
100
AcDbCircle
 10
-6.9483139444
 20
6.2050005141
 30
0.0
 40
0.0225000000008551
100
AcDbArc
 50
332.0
 51
67.6597112049
  0
ARC
  5
3C6
330
1F
100
AcDbEntity
  8
0
  6
Continuous
 62
     7
370
    25
100
AcDbCircle
 10
-10.1052125623
 20
5.3960629125
 30
0.0
 40
0.0225000000004135
100
AcDbArc
 50
73.2605141602
 51
151.9999999998
  0
ARC
  5
3C7
330
1F
100
AcDbEntity
  8
0
  6
Continuous
 62
     7
370
    25
100
AcDbCircle
 10
-9.3293479658
 20
4.9914543331
 30
0.0
 40
0.0224999999995445
100
AcDbArc
 50
247.6597111894
 51
331.9999999997
  0
ARC
  5
3C8
330
1F
100
AcDbEntity
  8
0
  6
Continuous
 62
     7
370
    25
100
AcDbCircle
 10
-10.142637453
 20
5.3256769302
 30
0.0
 40
0.0225000000008551
100
AcDbArc
 50
152.0
 51
247.6597112049
  0
ARC
  5
3C9
330
1F
100
AcDbEntity
  8
0
  6
Continuous
 62
     7
370
    25
100
AcDbCircle
 10
-9.2508443134
 20
5.1390982298
 30
0.0
 40
0.0225000000002946
100
AcDbArc
 50
331.9999999999
 51
73.2605141656
  0
ARC
  5
3CA
330
1F
100
AcDbEntity
  8
0
  6
Continuous
 62
     7
370
    25
100
AcDbCircle
 10
-14.057192067
 20
4.1870699738
 30
0.0
 40
0.1250000000001439
100
AcDbArc
 50
211.1876728312
 51
0.0
  0
ARC
  5
3CB
330
1F
100
AcDbEntity
  8
0
  6
Continuous
 62
     7
370
    25
100
AcDbCircle
 10
-14.410410433
 20
4.7705861098
 30
0.0
 40
0.1249999999999958
100
AcDbArc
 50
83.2895002766
 51
211.1876728313
  0
ARC
  5
3CC
330
1F
100
AcDbEntity
  8
0
  6
Continuous
 62
     7
370
    25
100
AcDbCircle
 10
-14.057192067
 20
4.7288260597
 30
0.0
 40
0.1249999999999896
100
AcDbArc
 50
0.0000000004
 51
83.2029024638
  0
ARC
  5
3CD
330
1F
100
AcDbEntity
  8
0
  6
Continuous
 62
     7
370
    25
100
AcDbCircle
 10
-14.682192067
 20
4.0372646942
 30
0.0
 40
0.125000000000169
100
AcDbArc
 50
127.1702252985
 51
180.0000000001
  0
ARC
  5
3CE
330
1F
100
AcDbEntity
  8
0
  6
Continuous
 62
     7
370
    25
100
AcDbCircle
 10
-14.5922581776
 20
4.1054545987
 30
0.0
 40
0.1250000000003212
100
AcDbArc
 50
31.1876728318
 51
127.1702252987
  0
ARC
  5
3CF
330
1F
100
AcDbEntity
  8
0
  6
Continuous
 62
     7
370
    25
100
AcDbCircle
 10
-14.3385329843
 20
3.6863010136
 30
0.0
 40
0.1249999999998566
100
AcDbArc
 50
260.0561748369
 51
31.187672832
  0
ARC
  5
3D0
330
1F
100
AcDbEntity
  8
0
  6
Continuous
 62
     7
370
    25
100
AcDbCircle
 10
-14.682192067
 20
3.7536363204
 30
0.0
 40
0.124999999999984
100
AcDbArc
 50
179.9999999996
 51
257.7170136289
  0
ARC
  5
3D1
330
1F
100
AcDbEntity
  8
0
  6
Continuous
 62
     7
370
    25
100
AcDbCircle
 10
-12.307192067
 20
4.5159366773
 30
0.0
 40
0.1249999999999662
100
AcDbArc
 50
83.3058000853
 51
180.0000000002
  0
ARC
  5
3D2
330
1F
100
AcDbEntity
  8
0
  6
Continuous
 62
     7
370
    25
100
AcDbCircle
 10
-11.1828215626
 20
4.3945302239
 30
0.0
 40
0.1249999999990786
100
AcDbArc
 50
299.6529042034
 51
84.4660386337
  0
ARC
  5
3D3
330
1F
100
AcDbEntity
  8
0
  6
Continuous
 62
     7
370
    25
100
AcDbCircle
 10
-12.307192067
 20
3.7544249293
 30
0.0
 40
0.1250000000000977
100
AcDbArc
 50
180.0
 51
299.6529042023
  0
ARC
  5
3D4
330
1F
100
AcDbEntity
  8
0
  6
Continuous
 62
     7
370
    25
100
AcDbCircle
 10
-6.7457528223
 20
5.086636825
 30
0.0
 40
0.022499999999477
100
AcDbArc
 50
247.6597111893
 51
331.9999999999
  0
ARC
  5
3D5
330
1F
100
AcDbEntity
  8
0
  6
Continuous
 62
     7
370
    25
100
AcDbCircle
 10
-7.5590423095
 20
5.4208594221
 30
0.0
 40
0.0225000000008546
100
AcDbArc
 50
152.0
 51
247.6597112048
  0
ARC
  5
3D6
330
1F
100
AcDbEntity
  8
0
  6
Continuous
 62
     7
370
    25
100
AcDbCircle
 10
-7.5216174188
 20
5.4912454044
 30
0.0
 40
0.0225000000004108
100
AcDbArc
 50
73.2605141602
 51
151.9999999999
  0
ARC
  5
3D7
330
1F
100
AcDbEntity
  8
0
  6
Continuous
 62
     7
370
    25
100
AcDbCircle
 10
-6.6672491699
 20
5.2342807217
 30
0.0
 40
0.0225000000002916
100
AcDbArc
 50
331.9999999999
 51
73.2605141656
  0
ARC
  5
3D8
330
1F
100
AcDbEntity
  8
0
  6
Continuous
 62
     7
370
    25
100
AcDbCircle
 10
-15.401901711
 20
7.9458679961
 30
0.0
 40
0.0225000000006179
100
AcDbArc
 50
253.2605141602
 51
331.9999999999
  0
ARC
  5
3D9
330
1F
100
AcDbEntity
  8
0
  6
Continuous
 62
     7
370
    25
100
AcDbCircle
 10
-16.2562699599
 20
8.2028326788
 30
0.0
 40
0.0225000000004146
100
AcDbArc
 50
152.0000000018
 51
253.2605141653
  0
ARC
  5
3DA
330
1F
100
AcDbEntity
  8
0
  6
Continuous
 62
     7
370
    25
100
AcDbCircle
 10
-16.1777663076
 20
8.3504765755
 30
0.0
 40
0.0224999999993436
100
AcDbArc
 50
67.659711191
 51
152.0000000001
  0
ARC
  5
3DB
330
1F
100
AcDbEntity
  8
0
  6
Continuous
 62
     7
370
    25
100
AcDbCircle
 10
-15.3644768204
 20
8.0162539784
 30
0.0
 40
0.0225000000008714
100
AcDbArc
 50
332.0000000008
 51
67.659711207
  0
ARC
  5
3DC
330
1F
100
AcDbEntity
  8
0
  6
Continuous
 62
     7
370
    25
100
AcDbCircle
 10
-16.1318146954
 20
5.9458488731
 30
0.0
 40
0.0225000000008718
100
AcDbArc
 50
152.0000000001
 51
247.6597112049
  0
ARC
  5
3DD
330
1F
100
AcDbEntity
  8
0
  6
Continuous
 62
     7
370
    25
100
AcDbCircle
 10
-16.0943898048
 20
6.0162348554
 30
0.0
 40
0.0225000000006186
100
AcDbArc
 50
73.2605141602
 51
151.9999999999
  0
ARC
  5
3DE
330
1F
100
AcDbEntity
  8
0
  6
Continuous
 62
     7
370
    25
100
AcDbCircle
 10
-15.2400215559
 20
5.7592701726
 30
0.0
 40
0.0225000000002393
100
AcDbArc
 50
332.0000000008
 51
73.2605141655
  0
ARC
  5
3DF
330
1F
100
AcDbEntity
  8
0
  6
Continuous
 62
     7
370
    25
100
AcDbCircle
 10
-15.3185252082
 20
5.611626276
 30
0.0
 40
0.0224999999994077
100
AcDbArc
 50
247.6597111894
 51
332.0000000004
  0
ARC
  5
3E0
330
1F
100
AcDbEntity
  8
0
  6
Continuous
 62
     7
370
    25
100
AcDbCircle
 10
-25.6158831173
 20
8.1736540564
 30
0.0
 40
10.20854499220345
100
AcDbArc
 50
349.9456450522
 51
355.9456450526
  0
ARC
  5
3E1
330
1F
100
AcDbEntity
  8
0
  6
Continuous
 62
     7
370
    25
100
AcDbCircle
 10
-15.3150711149
 20
7.4435305749
 30
0.0
 40
0.1181102362373171
100
AcDbArc
 50
355.9456450526
 51
175.9456450526
  0
ARC
  5
3E2
330
1F
100
AcDbEntity
  8
0
  6
Continuous
 62
     7
370
    25
100
AcDbCircle
 10
-25.6158831172
 20
8.1736540568
 30
0.0
 40
10.44476546466139
100
AcDbArc
 50
349.9456450504
 51
355.9456450509
  0
ARC
  5
3E3
330
1F
100
AcDbEntity
  8
0
  6
Continuous
 62
     7
370
    25
100
AcDbCircle
 10
-15.4478187264
 20
6.3708022186
 30
0.0
 40
0.1181102362204889
100
AcDbArc
 50
169.9456450522
 51
349.9456450522
  0
ARC
  5
3E4
330
1F
100
AcDbEntity
  8
0
  6
Continuous
 62
     7
370
    25
100
AcDbCircle
 10
-5.8804083985
 20
5.788448795
 30
0.0
 40
10.20854499220347
100
AcDbArc
 50
169.9456450522
 51
175.9456450526
  0
ARC
  5
3E5
330
1F
100
AcDbEntity
  8
0
  6
Continuous
 62
     7
370
    25
100
AcDbCircle
 10
-16.1812204009
 20
6.5185722765
 30
0.0
 40
0.1181102362373159
100
AcDbArc
 50
175.9456450526
 51
355.9456450526
  0
ARC
  5
3E6
330
1F
100
AcDbEntity
  8
0
  6
Continuous
 62
     7
370
    25
100
AcDbCircle
 10
-5.8804083986
 20
5.7884487947
 30
0.0
 40
10.44476546465996
100
AcDbArc
 50
169.9456450504
 51
175.9456450509
  0
ARC
  5
3E7
330
1F
100
AcDbEntity
  8
0
  6
Continuous
 62
     7
370
    25
100
AcDbCircle
 10
-16.0484727894
 20
7.5913006328
 30
0.0
 40
0.1181102362204901
100
AcDbArc
 50
349.9456450522
 51
169.9456450522
  0
ARC
  5
3E8
330
1F
100
AcDbEntity
  8
0
  6
Continuous
 62
     7
370
    25
100
AcDbCircle
 10
-14.2949208818
 20
2.732674895
 30
0.0
 40
0.1249999999999876
100
AcDbArc
 50
0.0000000004
 51
83.2029024638
  0
ARC
  5
3E9
330
1F
100
AcDbEntity
  8
0
  6
Continuous
 62
     7
370
    25
100
AcDbCircle
 10
-14.2949208818
 20
2.1909188091
 30
0.0
 40
0.1250000000001634
100
AcDbArc
 50
211.1876728312
 51
0.0
  0
ARC
  5
3EA
330
1F
100
AcDbEntity
  8
0
  6
Continuous
 62
     7
370
    25
100
AcDbCircle
 10
-14.6481392477
 20
2.7744349451
 30
0.0
 40
0.1249999999999949
100
AcDbArc
 50
83.2895002766
 51
211.1876728313
  0
ARC
  5
3EB
330
1F
100
AcDbEntity
  8
0
  6
Continuous
 62
     7
370
    25
100
AcDbCircle
 10
-14.9199208818
 20
1.7574851556
 30
0.0
 40
0.1249999999999865
100
AcDbArc
 50
179.9999999996
 51
257.7170136289
  0
ARC
  5
3EC
330
1F
100
AcDbEntity
  8
0
  6
Continuous
 62
     7
370
    25
100
AcDbCircle
 10
-14.9199208818
 20
2.0411135295
 30
0.0
 40
0.1250000000004159
100
AcDbArc
 50
127.1702252985
 51
180.0000000001
  0
ARC
  5
3ED
330
1F
100
AcDbEntity
  8
0
  6
Continuous
 62
     7
370
    25
100
AcDbCircle
 10
-14.8299869923
 20
2.109303434
 30
0.0
 40
0.1250000000001442
100
AcDbArc
 50
31.1876728318
 51
127.1702252988
  0
ARC
  5
3EE
330
1F
100
AcDbEntity
  8
0
  6
Continuous
 62
     7
370
    25
100
AcDbCircle
 10
-14.576261799
 20
1.6901498488
 30
0.0
 40
0.124999999999857
100
AcDbArc
 50
260.0561748369
 51
31.187672832
  0
ARC
  5
3EF
330
1F
100
AcDbEntity
  8
0
  6
Continuous
 62
     7
370
    25
100
AcDbCircle
 10
-15.4199208818
 20
-1.3983270724
 30
0.0
 40
0.1250000000000907
100
AcDbArc
 50
311.8103148958
 51
360.0
  0
ARC
  5
3F0
330
1F
100
AcDbEntity
  8
0
  6
Continuous
 62
     7
370
    25
100
AcDbCircle
 10
-15.1699208818
 20
-1.6778355696
 30
0.0
 40
0.2500000000000437
100
AcDbArc
 50
131.8103148958
 51
228.1896851042
  0
ARC
  5
3F1
330
1F
100
AcDbEntity
  8
0
  6
Continuous
 62
     7
370
    25
100
AcDbCircle
 10
-15.4199208818
 20
-1.9573440668
 30
0.0
 40
0.1250000000001358
100
AcDbArc
 50
359.9999999997
 51
48.1896851042
  0
ARC
  5
3F2
330
1F
100
AcDbEntity
  8
0
  6
Continuous
 62
     7
370
    25
100
AcDbCircle
 10
-15.4199208818
 20
-2.1153947362
 30
0.0
 40
0.1249999999999858
100
AcDbArc
 50
253.6059914017
 51
360.0
  0
ARC
  5
3F3
330
1F
100
AcDbEntity
  8
0
  6
Continuous
 62
     7
370
    25
100
AcDbCircle
 10
-15.4199208818
 20
-1.1337531398
 30
0.0
 40
0.1250000000000661
100
AcDbArc
 50
359.9999999999
 51
83.1025157702
  0
ARC
  5
3F4
330
1F
100
AcDbEntity
  8
0
  6
Continuous
 62
     7
370
    25
100
AcDbCircle
 10
-9.5693339786
 20
6.0394320399
 30
0.0
 40
0.0225000000004123
100
AcDbArc
 50
253.2605141602
 51
331.9999999999
  0
ARC
  5
3F5
330
1F
100
AcDbEntity
  8
0
  6
Continuous
 62
     7
370
    25
100
AcDbCircle
 10
-10.4237022275
 20
6.2963967226
 30
0.0
 40
0.0225000000003231
100
AcDbArc
 50
152.0
 51
253.2605141655
  0
ARC
  5
3F6
330
1F
100
AcDbEntity
  8
0
  6
Continuous
 62
     7
370
    25
100
AcDbCircle
 10
-10.3451985751
 20
6.4440406193
 30
0.0
 40
0.0224999999994761
100
AcDbArc
 50
67.6597111893
 51
151.9999999999
  0
ARC
  5
3F7
330
1F
100
AcDbEntity
  8
0
  6
Continuous
 62
     7
370
    25
100
AcDbCircle
 10
-9.531909088
 20
6.1098180222
 30
0.0
 40
0.0225000000008538
100
AcDbArc
 50
332.0
 51
67.6597112049
  0
ARC
  5
3F8
330
1F
100
AcDbEntity
  8
0
  6
Continuous
 62
     7
370
    25
100
AcDbCircle
 10
-14.3688718891
 20
-10.7990879277
 30
0.0
 40
0.1249999999983231
100
AcDbArc
 50
211.1876728305
 51
0.0
  0
ARC
  5
3F9
330
1F
100
AcDbEntity
  8
0
  6
Continuous
 62
     7
370
    25
100
AcDbCircle
 10
-14.722090255
 20
-10.2155717917
 30
0.0
 40
0.1249999999999896
100
AcDbArc
 50
83.2895002765
 51
211.1876728299
  0
ARC
  5
3FA
330
1F
100
AcDbEntity
  8
0
  6
Continuous
 62
     7
370
    25
100
AcDbCircle
 10
-14.3688718891
 20
-10.2573318418
 30
0.0
 40
0.1250000000001938
100
AcDbArc
 50
0.0000000006
 51
83.2029024632
  0
ARC
  5
3FB
330
1F
100
AcDbEntity
  8
0
  6
Continuous
 62
     7
370
    25
100
AcDbCircle
 10
-14.9938718891
 20
-10.9488932073
 30
0.0
 40
0.1249999999999557
100
AcDbArc
 50
127.1702252989
 51
180.0
  0
ARC
  5
3FC
330
1F
100
AcDbEntity
  8
0
  6
Continuous
 62
     7
370
    25
100
AcDbCircle
 10
-14.9039379996
 20
-10.8807033028
 30
0.0
 40
0.1249999999998204
100
AcDbArc
 50
31.1876728348
 51
127.1702252988
  0
ARC
  5
3FD
330
1F
100
AcDbEntity
  8
0
  6
Continuous
 62
     7
370
    25
100
AcDbCircle
 10
-14.6502128063
 20
-11.2998568879
 30
0.0
 40
0.1249999999998775
100
AcDbArc
 50
260.0561748374
 51
31.1876728339
  0
ARC
  5
3FE
330
1F
100
AcDbEntity
  8
0
  6
Continuous
 62
     7
370
    25
100
AcDbCircle
 10
-14.9938718891
 20
-11.2325215811
 30
0.0
 40
0.1250000000000288
100
AcDbArc
 50
179.9999999996
 51
257.7170136289
  0
ARC
  5
3FF
330
1F
100
AcDbEntity
  8
0
  6
Continuous
 62
     7
370
    25
100
AcDbCircle
 10
-11.169122985
 20
-10.9817379357
 30
0.0
 40
0.1249999999994778
100
AcDbArc
 50
27.8544921897
 51
119.6529042003
  0
ARC
  5
400
330
1F
100
AcDbEntity
  8
0
  6
Continuous
 62
     7
370
    25
100
AcDbCircle
 10
-10.7438718891
 20
-10.9838359113
 30
0.0
 40
0.2500000000005789
100
AcDbArc
 50
207.8544921858
 51
228.1896851043
  0
ARC
  5
401
330
1F
100
AcDbEntity
  8
0
  6
Continuous
 62
     7
370
    25
100
AcDbCircle
 10
-10.9938718891
 20
-11.2633444085
 30
0.0
 40
0.1249999999992291
100
AcDbArc
 50
359.9999999996
 51
48.1896851041
  0
ARC
  5
402
330
1F
100
AcDbEntity
  8
0
  6
Continuous
 62
     7
370
    25
100
AcDbCircle
 10
-11.9861011007
 20
-11.4468444245
 30
0.0
 40
0.1249999999969588
100
AcDbArc
 50
119.6529042009
 51
273.2983280502
  0
ARC
  5
403
330
1F
100
AcDbEntity
  8
0
  6
Continuous
 62
     7
370
    25
100
AcDbCircle
 10
-10.9938718891
 20
-11.3444213069
 30
0.0
 40
0.1249999999993031
100
AcDbArc
 50
278.4098252341
 51
0.0
  0
ARC
  5
404
330
1F
100
AcDbEntity
  8
0
  6
Continuous
 62
     7
370
    25
100
AcDbCircle
 10
-10.4938718891
 20
-11.2633444085
 30
0.0
 40
0.1249999999996632
100
AcDbArc
 50
131.8103148957
 51
179.2413645159
  0
ARC
  5
405
330
1F
100
AcDbEntity
  8
0
  6
Continuous
 62
     7
370
    25
100
AcDbCircle
 10
-10.4938718891
 20
-10.7043274141
 30
0.0
 40
0.1250000000010587
100
AcDbArc
 50
180.0
 51
228.1896851043
  0
ARC
  5
406
330
1F
100
AcDbEntity
  8
0
  6
Continuous
 62
     7
370
    25
100
AcDbCircle
 10
-10.4938718891
 20
-10.6795580536
 30
0.0
 40
0.1250000000007753
100
AcDbArc
 50
85.44152508
 51
180.0000000004
  0
ARC
  5
407
330
1F
100
AcDbEntity
  8
0
  6
Continuous
 62
     7
370
    25
100
AcDbCircle
 10
-9.5825741794
 20
-10.7456067034
 30
0.0
 40
0.1249999999985061
100
AcDbArc
 50
359.9999999988
 51
86.2824557907
  0
ARC
  5
408
330
1F
100
AcDbEntity
  8
0
  6
Continuous
 62
     7
370
    25
100
AcDbCircle
 10
-9.5825741794
 20
-11.0574705781
 30
0.0
 40
0.1250000000000119
100
AcDbArc
 50
284.1618919973
 51
0.0
  0
ARC
  5
409
330
1F
100
AcDbEntity
  8
0
  6
Continuous
 62
     7
370
    25
100
AcDbCircle
 10
-10.4938718891
 20
-11.2600343335
 30
0.0
 40
0.1249999999995257
100
AcDbArc
 50
180.7586354829
 51
280.7107127046
  0
ARC
  5
40A
330
1F
100
AcDbEntity
  8
0
  6
Continuous
 62
     7
370
    25
100
AcDbCircle
 10
-10.7438718891
 20
-10.9838359113
 30
0.0
 40
0.2499999999993809
100
AcDbArc
 50
311.8103148959
 51
48.1896851041
  0
ARC
  5
40B
330
1F
100
AcDbEntity
  8
0
  6
Continuous
 62
     7
370
    25
100
AcDbCircle
 10
-15.4938718891
 20
-10.3883338092
 30
0.0
 40
0.1250000000000799
100
AcDbArc
 50
311.8103148958
 51
360.0
  0
ARC
  5
40C
330
1F
100
AcDbEntity
  8
0
  6
Continuous
 62
     7
370
    25
100
AcDbCircle
 10
-15.2438718891
 20
-10.6678423064
 30
0.0
 40
0.2499999999999175
100
AcDbArc
 50
131.8103148958
 51
228.1896851042
  0
ARC
  5
40D
330
1F
100
AcDbEntity
  8
0
  6
Continuous
 62
     7
370
    25
100
AcDbCircle
 10
-15.4938718891
 20
-10.1237598765
 30
0.0
 40
0.125000000000262
100
AcDbArc
 50
359.9999999999
 51
83.1025157702
  0
ARC
  5
40E
330
1F
100
AcDbEntity
  8
0
  6
Continuous
 62
     7
370
    25
100
AcDbCircle
 10
-15.4938718891
 20
-10.9473508036
 30
0.0
 40
0.1250000000000764
100
AcDbArc
 50
359.9999999996
 51
48.1896851042
  0
ARC
  5
40F
330
1F
100
AcDbEntity
  8
0
  6
Continuous
 62
     7
370
    25
100
AcDbCircle
 10
-15.4938718891
 20
-11.1054014729
 30
0.0
 40
0.1250000000000586
100
AcDbArc
 50
253.6059914018
 51
360.0
  0
ARC
  5
410
330
1F
100
AcDbEntity
  8
0
  6
Continuous
 62
     7
370
    25
100
AcDbCircle
 10
-12.6188718891
 20
-11.2317329722
 30
0.0
 40
0.1250000000002616
100
AcDbArc
 50
180.0
 51
299.6529042024
  0
ARC
  5
411
330
1F
100
AcDbEntity
  8
0
  6
Continuous
 62
     7
370
    25
100
AcDbCircle
 10
-11.4945013846
 20
-10.5916276776
 30
0.0
 40
0.1249999999980337
100
AcDbArc
 50
299.6529042026
 51
84.4660386342
  0
ARC
  5
412
330
1F
100
AcDbEntity
  8
0
  6
Continuous
 62
     7
370
    25
100
AcDbCircle
 10
-12.6188718891
 20
-10.4702212242
 30
0.0
 40
0.1250000000000789
100
AcDbArc
 50
83.3058000853
 51
180.0000000002
  0
ARC
  5
413
330
1F
100
AcDbEntity
  8
0
  6
Continuous
 62
     7
370
    25
100
AcDbCircle
 10
-15.182192067
 20
0.5978240923
 30
0.0
 40
0.1249999999999664
100
AcDbArc
 50
311.8103148958
 51
0.0
  0
ARC
  5
414
330
1F
100
AcDbEntity
  8
0
  6
Continuous
 62
     7
370
    25
100
AcDbCircle
 10
-15.182192067
 20
0.0388070979
 30
0.0
 40
0.1250000000003593
100
AcDbArc
 50
359.9999999997
 51
48.1896851041
  0
ARC
  5
415
330
1F
100
AcDbEntity
  8
0
  6
Continuous
 62
     7
370
    25
100
AcDbCircle
 10
-15.182192067
 20
-0.1192435714
 30
0.0
 40
0.124999999999993
100
AcDbArc
 50
253.6059914017
 51
360.0
  0
ARC
  5
416
330
1F
100
AcDbEntity
  8
0
  6
Continuous
 62
     7
370
    25
100
AcDbCircle
 10
-15.182192067
 20
0.862398025
 30
0.0
 40
0.1250000000000075
100
AcDbArc
 50
359.9999999999
 51
83.1025157702
  0
ARC
  5
417
330
1F
100
AcDbEntity
  8
0
  6
Continuous
 62
     7
370
    25
100
AcDbCircle
 10
-14.932192067
 20
0.3183155951
 30
0.0
 40
0.2499999999999913
100
AcDbArc
 50
131.8103148958
 51
228.1896851043
  0
ARC
  5
418
330
1F
100
AcDbEntity
  8
0
  6
Continuous
 62
     7
370
    25
100
AcDbCircle
 10
-15.182192067
 20
-3.4021759077
 30
0.0
 40
0.1249999999999645
100
AcDbArc
 50
311.8103148958
 51
0.0
  0
ARC
  5
419
330
1F
100
AcDbEntity
  8
0
  6
Continuous
 62
     7
370
    25
100
AcDbCircle
 10
-14.932192067
 20
-3.6816844049
 30
0.0
 40
0.2499999999999912
100
AcDbArc
 50
131.8103148958
 51
228.1896851043
  0
ARC
  5
41A
330
1F
100
AcDbEntity
  8
0
  6
Continuous
 62
     7
370
    25
100
AcDbCircle
 10
-15.182192067
 20
-3.9611929021
 30
0.0
 40
0.125000000000359
100
AcDbArc
 50
359.9999999997
 51
48.1896851041
  0
ARC
  5
41B
330
1F
100
AcDbEntity
  8
0
  6
Continuous
 62
     7
370
    25
100
AcDbCircle
 10
-15.182192067
 20
-4.1192435714
 30
0.0
 40
0.1249999999999936
100
AcDbArc
 50
253.6059914017
 51
360.0
  0
ARC
  5
41C
330
1F
100
AcDbEntity
  8
0
  6
Continuous
 62
     7
370
    25
100
AcDbCircle
 10
-15.182192067
 20
-3.137601975
 30
0.0
 40
0.1250000000000077
100
AcDbArc
 50
359.9999999999
 51
83.1025157702
  0
ARC
  5
41D
330
1F
100
AcDbEntity
  8
0
  6
Continuous
 62
     7
370
    25
100
AcDbCircle
 10
-14.057192067
 20
0.1870699738
 30
0.0
 40
0.1250000000001421
100
AcDbArc
 50
211.1876728312
 51
0.0
  0
ARC
  5
41E
330
1F
100
AcDbEntity
  8
0
  6
Continuous
 62
     7
370
    25
100
AcDbCircle
 10
-14.410410433
 20
0.7705861098
 30
0.0
 40
0.124999999999995
100
AcDbArc
 50
83.2895002766
 51
211.1876728313
  0
ARC
  5
41F
330
1F
100
AcDbEntity
  8
0
  6
Continuous
 62
     7
370
    25
100
AcDbCircle
 10
-14.057192067
 20
0.7288260597
 30
0.0
 40
0.1249999999999893
100
AcDbArc
 50
0.0000000004
 51
83.2029024638
  0
ARC
  5
420
330
1F
100
AcDbEntity
  8
0
  6
Continuous
 62
     7
370
    25
100
AcDbCircle
 10
-14.682192067
 20
0.0372646942
 30
0.0
 40
0.1250000000001616
100
AcDbArc
 50
127.1702252985
 51
180.0000000001
  0
ARC
  5
421
330
1F
100
AcDbEntity
  8
0
  6
Continuous
 62
     7
370
    25
100
AcDbCircle
 10
-14.5922581776
 20
0.1054545987
 30
0.0
 40
0.1250000000003239
100
AcDbArc
 50
31.1876728318
 51
127.1702252987
  0
ARC
  5
422
330
1F
100
AcDbEntity
  8
0
  6
Continuous
 62
     7
370
    25
100
AcDbCircle
 10
-14.3385329843
 20
-0.3136989864
 30
0.0
 40
0.1249999999998567
100
AcDbArc
 50
260.0561748369
 51
31.187672832
  0
ARC
  5
423
330
1F
100
AcDbEntity
  8
0
  6
Continuous
 62
     7
370
    25
100
AcDbCircle
 10
-14.682192067
 20
-0.2463636796
 30
0.0
 40
0.124999999999984
100
AcDbArc
 50
179.9999999996
 51
257.7170136289
  0
ARC
  5
424
330
1F
100
AcDbEntity
  8
0
  6
Continuous
 62
     7
370
    25
100
AcDbCircle
 10
-12.307192067
 20
-4.2455750707
 30
0.0
 40
0.1250000000000977
100
AcDbArc
 50
180.0
 51
299.6529042023
  0
ARC
  5
425
330
1F
100
AcDbEntity
  8
0
  6
Continuous
 62
     7
370
    25
100
AcDbCircle
 10
-12.307192067
 20
-3.4840633227
 30
0.0
 40
0.1249999999999662
100
AcDbArc
 50
83.3058000853
 51
180.0000000002
  0
ARC
  5
426
330
1F
100
AcDbEntity
  8
0
  6
Continuous
 62
     7
370
    25
100
AcDbCircle
 10
-11.1828215626
 20
-3.6054697761
 30
0.0
 40
0.1249999999990792
100
AcDbArc
 50
299.6529042034
 51
84.4660386337
  0
ARC
  5
427
330
1F
100
AcDbEntity
  8
0
  6
Continuous
 62
     7
370
    25
100
AcDbCircle
 10
-10.857443163
 20
-3.9955800342
 30
0.0
 40
0.1249999999994792
100
AcDbArc
 50
27.8544921875
 51
119.6529041987
  0
ARC
  5
428
330
1F
100
AcDbEntity
  8
0
  6
Continuous
 62
     7
370
    25
100
AcDbCircle
 10
-10.432192067
 20
-3.9976780098
 30
0.0
 40
0.2500000000014706
100
AcDbArc
 50
207.8544921876
 51
228.1896851041
  0
ARC
  5
429
330
1F
100
AcDbEntity
  8
0
  6
Continuous
 62
     7
370
    25
100
AcDbCircle
 10
-10.682192067
 20
-4.277186507
 30
0.0
 40
0.1250000000002562
100
AcDbArc
 50
359.9999999996
 51
48.1896851041
  0
ARC
  5
42A
330
1F
100
AcDbEntity
  8
0
  6
Continuous
 62
     7
370
    25
100
AcDbCircle
 10
-10.682192067
 20
-4.3582634055
 30
0.0
 40
0.124999999999928
100
AcDbArc
 50
278.4098252341
 51
360.0
  0
ARC
  5
42B
330
1F
100
AcDbEntity
  8
0
  6
Continuous
 62
     7
370
    25
100
AcDbCircle
 10
-11.6744212787
 20
-4.460686523
 30
0.0
 40
0.124999999999835
100
AcDbArc
 50
119.6529041982
 51
273.2983280502
  0
ARC
  5
42C
330
1F
100
AcDbEntity
  8
0
  6
Continuous
 62
     7
370
    25
100
AcDbCircle
 10
-14.057192067
 20
-3.8129300262
 30
0.0
 40
0.1250000000001439
100
AcDbArc
 50
211.1876728312
 51
0.0
  0
ARC
  5
42D
330
1F
100
AcDbEntity
  8
0
  6
Continuous
 62
     7
370
    25
100
AcDbCircle
 10
-14.410410433
 20
-3.2294138902
 30
0.0
 40
0.1249999999999977
100
AcDbArc
 50
83.2895002766
 51
211.1876728313
  0
ARC
  5
42E
330
1F
100
AcDbEntity
  8
0
  6
Continuous
 62
     7
370
    25
100
AcDbCircle
 10
-14.057192067
 20
-3.2711739403
 30
0.0
 40
0.1249999999999893
100
AcDbArc
 50
0.0000000004
 51
83.2029024638
  0
ARC
  5
42F
330
1F
100
AcDbEntity
  8
0
  6
Continuous
 62
     7
370
    25
100
AcDbCircle
 10
-14.2949208818
 20
-1.8090811909
 30
0.0
 40
0.1250000000001421
100
AcDbArc
 50
211.1876728312
 51
0.0
  0
ARC
  5
430
330
1F
100
AcDbEntity
  8
0
  6
Continuous
 62
     7
370
    25
100
AcDbCircle
 10
-14.2949208818
 20
-1.267325105
 30
0.0
 40
0.1249999999999876
100
AcDbArc
 50
0.0000000004
 51
83.2029024638
  0
ARC
  5
431
330
1F
100
AcDbEntity
  8
0
  6
Continuous
 62
     7
370
    25
100
AcDbCircle
 10
-14.6481392477
 20
-1.2255650549
 30
0.0
 40
0.1249999999999958
100
AcDbArc
 50
83.2895002766
 51
211.1876728313
  0
ARC
  5
432
330
1F
100
AcDbEntity
  8
0
  6
Continuous
 62
     7
370
    25
100
AcDbCircle
 10
-10.6699208818
 20
-1.9938291745
 30
0.0
 40
0.2500000000015096
100
AcDbArc
 50
207.8544921876
 51
228.1896851041
  0
ARC
  5
433
330
1F
100
AcDbEntity
  8
0
  6
Continuous
 62
     7
370
    25
100
AcDbCircle
 10
-10.9199208818
 20
-2.3544145702
 30
0.0
 40
0.1249999999999238
100
AcDbArc
 50
278.4098252341
 51
360.0
  0
ARC
  5
434
330
1F
100
AcDbEntity
  8
0
  6
Continuous
 62
     7
370
    25
100
AcDbCircle
 10
-11.9121500934
 20
-2.4568376877
 30
0.0
 40
0.1249999999998336
100
AcDbArc
 50
119.6529041982
 51
273.2983280502
  0
ARC
  5
435
330
1F
100
AcDbEntity
  8
0
  6
Continuous
 62
     7
370
    25
100
AcDbCircle
 10
-11.0951719777
 20
-1.9917311989
 30
0.0
 40
0.1249999999994784
100
AcDbArc
 50
27.8544921875
 51
119.6529041987
  0
ARC
  5
436
330
1F
100
AcDbEntity
  8
0
  6
Continuous
 62
     7
370
    25
100
AcDbCircle
 10
-10.9199208818
 20
-2.2733376717
 30
0.0
 40
0.1250000000002691
100
AcDbArc
 50
359.9999999996
 51
48.1896851041
  0
ARC
  5
437
330
1F
100
AcDbEntity
  8
0
  6
Continuous
 62
     7
370
    25
100
AcDbCircle
 10
-11.4205503773
 20
-1.6016209408
 30
0.0
 40
0.1249999999990792
100
AcDbArc
 50
299.6529042034
 51
84.4660386337
  0
ARC
  5
438
330
1F
100
AcDbEntity
  8
0
  6
Continuous
 62
     7
370
    25
100
AcDbCircle
 10
-12.5449208818
 20
-1.4802144874
 30
0.0
 40
0.1249999999999681
100
AcDbArc
 50
83.3058000853
 51
180.0000000002
  0
ARC
  5
439
330
1F
100
AcDbEntity
  8
0
  6
Continuous
 62
     7
370
    25
100
AcDbCircle
 10
-12.5449208818
 20
-2.2417262354
 30
0.0
 40
0.1250000000000985
100
AcDbArc
 50
180.0
 51
299.6529042023
  0
ARC
  5
43A
330
1F
100
AcDbEntity
  8
0
  6
Continuous
 62
     7
370
    25
100
AcDbCircle
 10
-12.307192067
 20
-0.2455750707
 30
0.0
 40
0.1250000000000977
100
AcDbArc
 50
180.0
 51
299.6529042023
  0
ARC
  5
43B
330
1F
100
AcDbEntity
  8
0
  6
Continuous
 62
     7
370
    25
100
AcDbCircle
 10
-12.307192067
 20
0.5159366773
 30
0.0
 40
0.1249999999999662
100
AcDbArc
 50
83.3058000853
 51
180.0000000002
  0
ARC
  5
43C
330
1F
100
AcDbEntity
  8
0
  6
Continuous
 62
     7
370
    25
100
AcDbCircle
 10
-11.1828215626
 20
0.3945302239
 30
0.0
 40
0.1249999999990801
100
AcDbArc
 50
299.6529042034
 51
84.4660386337
  0
ARC
  5
43D
330
1F
100
AcDbEntity
  8
0
  6
Continuous
 62
     7
370
    25
100
AcDbCircle
 10
-14.9199208818
 20
-1.9588864705
 30
0.0
 40
0.1250000000001759
100
AcDbArc
 50
127.1702252985
 51
180.0000000001
  0
ARC
  5
43E
330
1F
100
AcDbEntity
  8
0
  6
Continuous
 62
     7
370
    25
100
AcDbCircle
 10
-14.8299869923
 20
-1.890696566
 30
0.0
 40
0.1250000000003189
100
AcDbArc
 50
31.1876728318
 51
127.1702252987
  0
ARC
  5
43F
330
1F
100
AcDbEntity
  8
0
  6
Continuous
 62
     7
370
    25
100
AcDbCircle
 10
-14.9199208818
 20
-2.2425148444
 30
0.0
 40
0.1249999999999865
100
AcDbArc
 50
179.9999999996
 51
257.7170136289
  0
ARC
  5
440
330
1F
100
AcDbEntity
  8
0
  6
Continuous
 62
     7
370
    25
100
AcDbCircle
 10
-14.576261799
 20
-2.3098501512
 30
0.0
 40
0.1249999999998574
100
AcDbArc
 50
260.0561748369
 51
31.187672832
  0
ARC
  5
441
330
1F
100
AcDbEntity
  8
0
  6
Continuous
 62
     7
370
    25
100
AcDbCircle
 10
-10.857443163
 20
0.0044199658
 30
0.0
 40
0.1249999999994799
100
AcDbArc
 50
27.8544921875
 51
119.6529041987
  0
ARC
  5
442
330
1F
100
AcDbEntity
  8
0
  6
Continuous
 62
     7
370
    25
100
AcDbCircle
 10
-10.432192067
 20
0.0023219902
 30
0.0
 40
0.2500000000016029
100
AcDbArc
 50
207.8544921877
 51
228.1896851041
  0
ARC
  5
443
330
1F
100
AcDbEntity
  8
0
  6
Continuous
 62
     7
370
    25
100
AcDbCircle
 10
-10.682192067
 20
-0.3582634055
 30
0.0
 40
0.1249999999999263
100
AcDbArc
 50
278.4098252341
 51
360.0
  0
ARC
  5
444
330
1F
100
AcDbEntity
  8
0
  6
Continuous
 62
     7
370
    25
100
AcDbCircle
 10
-11.6744212787
 20
-0.460686523
 30
0.0
 40
0.1249999999998338
100
AcDbArc
 50
119.6529041982
 51
273.2983280502
  0
ARC
  5
445
330
1F
100
AcDbEntity
  8
0
  6
Continuous
 62
     7
370
    25
100
AcDbCircle
 10
-10.682192067
 20
-0.277186507
 30
0.0
 40
0.1250000000002563
100
AcDbArc
 50
359.9999999996
 51
48.1896851041
  0
ARC
  5
446
330
1F
100
AcDbEntity
  8
0
  6
Continuous
 62
     7
370
    25
100
AcDbCircle
 10
-10.3642470948
 20
-8.2557280968
 30
0.0
 40
0.1250000000000786
100
AcDbArc
 50
263.3058000853
 51
0.0000000002
  0
ARC
  5
447
330
1F
100
AcDbEntity
  8
0
  6
Continuous
 62
     7
370
    25
100
AcDbCircle
 10
-11.4886175992
 20
-8.1343216434
 30
0.0
 40
0.1249999999980331
100
AcDbArc
 50
119.6529042026
 51
264.4660386342
  0
ARC
  5
448
330
1F
100
AcDbEntity
  8
0
  6
Continuous
 62
     7
370
    25
100
AcDbCircle
 10
-10.3642470948
 20
-7.4942163488
 30
0.0
 40
0.1250000000002558
100
AcDbArc
 50
360.0
 51
119.6529042024
  0
ARC
  5
449
330
1F
100
AcDbEntity
  8
0
  6
Continuous
 62
     7
370
    25
100
AcDbCircle
 10
-11.8139959988
 20
-7.7442113853
 30
0.0
 40
0.1249999999994849
100
AcDbArc
 50
207.8544921897
 51
299.6529042003
  0
ARC
  5
44A
330
1F
100
AcDbEntity
  8
0
  6
Continuous
 62
     7
370
    25
100
AcDbCircle
 10
-11.9892470948
 20
-7.4626049125
 30
0.0
 40
0.124999999999222
100
AcDbArc
 50
179.9999999996
 51
228.1896851041
  0
ARC
  5
44B
330
1F
100
AcDbEntity
  8
0
  6
Continuous
 62
     7
370
    25
100
AcDbCircle
 10
-11.9892470948
 20
-7.3815280141
 30
0.0
 40
0.124999999999304
100
AcDbArc
 50
98.4098252341
 51
180.0
  0
ARC
  5
44C
330
1F
100
AcDbEntity
  8
0
  6
Continuous
 62
     7
370
    25
100
AcDbCircle
 10
-10.9970178832
 20
-7.2791048965
 30
0.0
 40
0.1249999999969594
100
AcDbArc
 50
299.6529042009
 51
93.2983280502
  0
ARC
  5
44D
330
1F
100
AcDbEntity
  8
0
  6
Continuous
 62
     7
370
    25
100
AcDbCircle
 10
-12.2392470948
 20
-7.7421134097
 30
0.0
 40
0.2500000000007383
100
AcDbArc
 50
27.8544921859
 51
48.1896851043
  0
ARC
  5
44E
330
1F
100
AcDbEntity
  8
0
  6
Continuous
 62
     7
370
    25
100
AcDbCircle
 10
-7.4892470948
 20
-8.3376155118
 30
0.0
 40
0.1250000000000684
100
AcDbArc
 50
131.8103148958
 51
180.0
  0
ARC
  5
44F
330
1F
100
AcDbEntity
  8
0
  6
Continuous
 62
     7
370
    25
100
AcDbCircle
 10
-7.7392470948
 20
-8.0581070146
 30
0.0
 40
0.2499999999999172
100
AcDbArc
 50
311.8103148958
 51
48.1896851042
  0
ARC
  5
450
330
1F
100
AcDbEntity
  8
0
  6
Continuous
 62
     7
370
    25
100
AcDbCircle
 10
-7.4892470948
 20
-7.7785985175
 30
0.0
 40
0.1250000000000675
100
AcDbArc
 50
179.9999999996
 51
228.1896851042
  0
ARC
  5
451
330
1F
100
AcDbEntity
  8
0
  6
Continuous
 62
     7
370
    25
100
AcDbCircle
 10
-7.4892470948
 20
-8.6021894445
 30
0.0
 40
0.1250000000004534
100
AcDbArc
 50
179.9999999999
 51
263.1025157701
  0
ARC
  5
452
330
1F
100
AcDbEntity
  8
0
  6
Continuous
 62
     7
370
    25
100
AcDbCircle
 10
-7.4892470948
 20
-7.6205478481
 30
0.0
 40
0.125000000000056
100
AcDbArc
 50
73.6059914018
 51
180.0
  0
ARC
  5
453
330
1F
100
AcDbEntity
  8
0
  6
Continuous
 62
     7
370
    25
100
AcDbCircle
 10
-12.4892470948
 20
-7.4626049125
 30
0.0
 40
0.1249999999996535
100
AcDbArc
 50
311.8103148957
 51
359.2413645159
  0
ARC
  5
454
330
1F
100
AcDbEntity
  8
0
  6
Continuous
 62
     7
370
    25
100
AcDbCircle
 10
-12.4892470948
 20
-8.0216219069
 30
0.0
 40
0.125000000001057
100
AcDbArc
 50
0.0
 51
48.1896851043
  0
ARC
  5
455
330
1F
100
AcDbEntity
  8
0
  6
Continuous
 62
     7
370
    25
100
AcDbCircle
 10
-13.4005448045
 20
-7.9803426176
 30
0.0
 40
0.1249999999985061
100
AcDbArc
 50
179.9999999988
 51
266.2824557907
  0
ARC
  5
456
330
1F
100
AcDbEntity
  8
0
  6
Continuous
 62
     7
370
    25
100
AcDbCircle
 10
-13.4005448045
 20
-7.6684787429
 30
0.0
 40
0.1250000000000067
100
AcDbArc
 50
104.1618919973
 51
180.0
  0
ARC
  5
457
330
1F
100
AcDbEntity
  8
0
  6
Continuous
 62
     7
370
    25
100
AcDbCircle
 10
-12.4892470948
 20
-7.4659149875
 30
0.0
 40
0.1249999999995255
100
AcDbArc
 50
0.7586354829
 51
100.7107127046
  0
ARC
  5
458
330
1F
100
AcDbEntity
  8
0
  6
Continuous
 62
     7
370
    25
100
AcDbCircle
 10
-12.4892470948
 20
-8.0463912674
 30
0.0
 40
0.1250000000007751
100
AcDbArc
 50
265.44152508
 51
0.0000000004
  0
ARC
  5
459
330
1F
100
AcDbEntity
  8
0
  6
Continuous
 62
     7
370
    25
100
AcDbCircle
 10
-12.2392470948
 20
-7.7421134097
 30
0.0
 40
0.2499999999993873
100
AcDbArc
 50
131.8103148959
 51
228.1896851041
  0
ARC
  5
45A
330
1F
100
AcDbEntity
  8
0
  6
Continuous
 62
     7
370
    25
100
AcDbCircle
 10
-11.0951719777
 20
-5.9917311989
 30
0.0
 40
0.1249999999994771
100
AcDbArc
 50
27.8544921875
 51
119.6529041987
  0
ARC
  5
45B
330
1F
100
AcDbEntity
  8
0
  6
Continuous
 62
     7
370
    25
100
AcDbCircle
 10
-10.9199208818
 20
-6.2733376717
 30
0.0
 40
0.1250000000002685
100
AcDbArc
 50
359.9999999996
 51
48.1896851041
  0
ARC
  5
45C
330
1F
100
AcDbEntity
  8
0
  6
Continuous
 62
     7
370
    25
100
AcDbCircle
 10
-11.9121500934
 20
-6.4568376877
 30
0.0
 40
0.1249999999998347
100
AcDbArc
 50
119.6529041982
 51
273.2983280502
  0
ARC
  5
45D
330
1F
100
AcDbEntity
  8
0
  6
Continuous
 62
     7
370
    25
100
AcDbCircle
 10
-10.6699208818
 20
-5.9938291745
 30
0.0
 40
0.2500000000016532
100
AcDbArc
 50
207.8544921877
 51
228.1896851041
  0
ARC
  5
45E
330
1F
100
AcDbEntity
  8
0
  6
Continuous
 62
     7
370
    25
100
AcDbCircle
 10
-10.9199208818
 20
-6.3544145702
 30
0.0
 40
0.1249999999999251
100
AcDbArc
 50
278.4098252341
 51
360.0
  0
ARC
  5
45F
330
1F
100
AcDbEntity
  8
0
  6
Continuous
 62
     7
370
    25
100
AcDbCircle
 10
-12.5449208818
 20
-5.4802144874
 30
0.0
 40
0.124999999999968
100
AcDbArc
 50
83.3058000853
 51
180.0000000002
  0
ARC
  5
460
330
1F
100
AcDbEntity
  8
0
  6
Continuous
 62
     7
370
    25
100
AcDbCircle
 10
-12.5449208818
 20
-6.2417262354
 30
0.0
 40
0.1250000000001
100
AcDbArc
 50
180.0
 51
299.6529042023
  0
ARC
  5
461
330
1F
100
AcDbEntity
  8
0
  6
Continuous
 62
     7
370
    25
100
AcDbCircle
 10
-11.4205503773
 20
-5.6016209408
 30
0.0
 40
0.1249999999990799
100
AcDbArc
 50
299.6529042034
 51
84.4660386337
  0
ARC
  5
462
330
1F
100
AcDbEntity
  8
0
  6
Continuous
 62
     7
370
    25
100
AcDbCircle
 10
-9.2708943573
 20
-4.0713126766
 30
0.0
 40
0.1250000000000071
100
AcDbArc
 50
284.1618919973
 51
0.0
  0
ARC
  5
463
330
1F
100
AcDbEntity
  8
0
  6
Continuous
 62
     7
370
    25
100
AcDbCircle
 10
-10.182192067
 20
-4.273876432
 30
0.0
 40
0.1249999999995241
100
AcDbArc
 50
180.7586354829
 51
280.7107127046
  0
ARC
  5
464
330
1F
100
AcDbEntity
  8
0
  6
Continuous
 62
     7
370
    25
100
AcDbCircle
 10
-10.182192067
 20
-4.277186507
 30
0.0
 40
0.1249999999998874
100
AcDbArc
 50
131.8103148957
 51
179.2413645158
  0
ARC
  5
465
330
1F
100
AcDbEntity
  8
0
  6
Continuous
 62
     7
370
    25
100
AcDbCircle
 10
-10.182192067
 20
-3.7181695126
 30
0.0
 40
0.1249999999997975
100
AcDbArc
 50
180.0
 51
228.1896851044
  0
ARC
  5
466
330
1F
100
AcDbEntity
  8
0
  6
Continuous
 62
     7
370
    25
100
AcDbCircle
 10
-9.2708943573
 20
-3.7594488019
 30
0.0
 40
0.1250000000000089
100
AcDbArc
 50
359.9999999998
 51
86.2824557903
  0
ARC
  5
467
330
1F
100
AcDbEntity
  8
0
  6
Continuous
 62
     7
370
    25
100
AcDbCircle
 10
-10.432192067
 20
-3.9976780098
 30
0.0
 40
0.2499999999998012
100
AcDbArc
 50
311.8103148959
 51
48.1896851041
  0
ARC
  5
468
330
1F
100
AcDbEntity
  8
0
  6
Continuous
 62
     7
370
    25
100
AcDbCircle
 10
-10.182192067
 20
-3.6934001521
 30
0.0
 40
0.1250000000000125
100
AcDbArc
 50
85.44152508
 51
180.0000000004
  0
ARC
  5
469
330
1F
100
AcDbEntity
  8
0
  6
Continuous
 62
     7
370
    25
100
AcDbCircle
 10
-9.5086231721
 20
-6.0674638413
 30
0.0
 40
0.125000000000011
100
AcDbArc
 50
284.1618919973
 51
0.0
  0
ARC
  5
46A
330
1F
100
AcDbEntity
  8
0
  6
Continuous
 62
     7
370
    25
100
AcDbCircle
 10
-10.4199208818
 20
-6.2700275967
 30
0.0
 40
0.124999999999526
100
AcDbArc
 50
180.7586354829
 51
280.7107127046
  0
ARC
  5
46B
330
1F
100
AcDbEntity
  8
0
  6
Continuous
 62
     7
370
    25
100
AcDbCircle
 10
-10.4199208818
 20
-6.2733376717
 30
0.0
 40
0.1249999999998727
100
AcDbArc
 50
131.8103148957
 51
179.2413645158
  0
ARC
  5
46C
330
1F
100
AcDbEntity
  8
0
  6
Continuous
 62
     7
370
    25
100
AcDbCircle
 10
-10.6699208818
 20
-5.9938291745
 30
0.0
 40
0.2499999999998031
100
AcDbArc
 50
311.8103148959
 51
48.1896851041
  0
ARC
  5
46D
330
1F
100
AcDbEntity
  8
0
  6
Continuous
 62
     7
370
    25
100
AcDbCircle
 10
-10.4199208818
 20
-5.7143206773
 30
0.0
 40
0.1249999999997939
100
AcDbArc
 50
180.0
 51
228.1896851044
  0
ARC
  5
46E
330
1F
100
AcDbEntity
  8
0
  6
Continuous
 62
     7
370
    25
100
AcDbCircle
 10
-10.4199208818
 20
-5.6895513168
 30
0.0
 40
0.1250000000000124
100
AcDbArc
 50
85.44152508
 51
180.0000000004
  0
ARC
  5
46F
330
1F
100
AcDbEntity
  8
0
  6
Continuous
 62
     7
370
    25
100
AcDbCircle
 10
-9.5086231721
 20
-5.7555999667
 30
0.0
 40
0.1250000000000125
100
AcDbArc
 50
359.9999999999
 51
86.2824557903
  0
ARC
  5
470
330
1F
100
AcDbEntity
  8
0
  6
Continuous
 62
     7
370
    25
100
AcDbCircle
 10
-14.9199208818
 20
-5.9588864705
 30
0.0
 40
0.1250000000001725
100
AcDbArc
 50
127.1702252985
 51
180.0000000001
  0
ARC
  5
471
330
1F
100
AcDbEntity
  8
0
  6
Continuous
 62
     7
370
    25
100
AcDbCircle
 10
-14.8299869923
 20
-5.890696566
 30
0.0
 40
0.1250000000003222
100
AcDbArc
 50
31.1876728318
 51
127.1702252987
  0
ARC
  5
472
330
1F
100
AcDbEntity
  8
0
  6
Continuous
 62
     7
370
    25
100
AcDbCircle
 10
-14.576261799
 20
-6.3098501512
 30
0.0
 40
0.1249999999998546
100
AcDbArc
 50
260.0561748369
 51
31.187672832
  0
ARC
  5
473
330
1F
100
AcDbEntity
  8
0
  6
Continuous
 62
     7
370
    25
100
AcDbCircle
 10
-14.9199208818
 20
-6.2425148444
 30
0.0
 40
0.1249999999999861
100
AcDbArc
 50
179.9999999996
 51
257.7170136289
  0
ARC
  5
474
330
1F
100
AcDbEntity
  8
0
  6
Continuous
 62
     7
370
    25
100
AcDbCircle
 10
-15.4199208818
 20
-5.1337531398
 30
0.0
 40
0.125000000000004
100
AcDbArc
 50
359.9999999999
 51
83.1025157702
  0
ARC
  5
475
330
1F
100
AcDbEntity
  8
0
  6
Continuous
 62
     7
370
    25
100
AcDbCircle
 10
-15.4199208818
 20
-5.3983270724
 30
0.0
 40
0.1249999999999586
100
AcDbArc
 50
311.8103148958
 51
0.0
  0
ARC
  5
476
330
1F
100
AcDbEntity
  8
0
  6
Continuous
 62
     7
370
    25
100
AcDbCircle
 10
-15.4199208818
 20
-6.1153947362
 30
0.0
 40
0.1249999999999936
100
AcDbArc
 50
253.6059914017
 51
360.0
  0
ARC
  5
477
330
1F
100
AcDbEntity
  8
0
  6
Continuous
 62
     7
370
    25
100
AcDbCircle
 10
-15.1699208818
 20
-5.6778355696
 30
0.0
 40
0.2499999999999905
100
AcDbArc
 50
131.8103148958
 51
228.1896851043
  0
ARC
  5
478
330
1F
100
AcDbEntity
  8
0
  6
Continuous
 62
     7
370
    25
100
AcDbCircle
 10
-15.4199208818
 20
-5.9573440668
 30
0.0
 40
0.1250000000003695
100
AcDbArc
 50
359.9999999997
 51
48.1896851041
  0
ARC
  5
479
330
1F
100
AcDbEntity
  8
0
  6
Continuous
 62
     7
370
    25
100
AcDbCircle
 10
-14.6481392477
 20
-5.2255650549
 30
0.0
 40
0.1249999999999971
100
AcDbArc
 50
83.2895002766
 51
211.1876728313
  0
ARC
  5
47A
330
1F
100
AcDbEntity
  8
0
  6
Continuous
 62
     7
370
    25
100
AcDbCircle
 10
-14.2949208818
 20
-5.267325105
 30
0.0
 40
0.1249999999999911
100
AcDbArc
 50
0.0000000004
 51
83.2029024638
  0
ARC
  5
47B
330
1F
100
AcDbEntity
  8
0
  6
Continuous
 62
     7
370
    25
100
AcDbCircle
 10
-14.2949208818
 20
-5.8090811909
 30
0.0
 40
0.1250000000001421
100
AcDbArc
 50
211.1876728312
 51
0.0
  0
MTEXT
  5
47D
330
1F
100
AcDbEntity
  8
0
  6
Continuous
 62
     7
100
AcDbMText
 10
-18.0
 20
-12.0401404091
 30
0.0
 40
0.1903
 41
0.0
 71
     1
 72
     1
  1
SOLIDWORKS Educational Product.
  7
SLDTEXTSTYLE0
 73
     1
 44
1.0
  0
MTEXT
  5
47E
330
1F
100
AcDbEntity
  8
0
  6
Continuous
 62
     7
100
AcDbMText
 10
-18.0
 20
-12.3255904091
 30
0.0
 40
0.1903
 41
0.0
 71
     1
 72
     1
  1
For Instructional Use Only.
  7
SLDTEXTSTYLE0
 73
     1
 44
1.0
  0
ENDSEC
  0
SECTION
  2
OBJECTS
  0
DICTIONARY
  5
C
330
0
100
AcDbDictionary
281
     1
  3
ACAD_GROUP
350
D
  3
ACAD_LAYOUT
350
1A
  3
ACAD_MLINESTYLE
350
17
  3
ACAD_PLOTSETTINGS
350
19
  3
ACAD_PLOTSTYLENAME
350
E
  3
ACAD_SCALELIST
350
47
  3
DWGPROPS
350
47F
  0
DICTIONARY
  5
D
102
{ACAD_REACTORS
330
C
102
}
330
C
100
AcDbDictionary
281
     1
  0
DICTIONARY
  5
1A
102
{ACAD_REACTORS
330
C
102
}
330
C
100
AcDbDictionary
281
     1
  3
Layout1
350
1E
  3
Layout2
350
26
  3
Model
350
22
  0
DICTIONARY
  5
17
102
{ACAD_REACTORS
330
C
102
}
330
C
100
AcDbDictionary
281
     1
  3
Standard
350
18
  0
DICTIONARY
  5
19
102
{ACAD_REACTORS
330
C
102
}
330
C
100
AcDbDictionary
281
     1
  0
ACDBDICTIONARYWDFLT
  5
E
102
{ACAD_REACTORS
330
C
102
}
330
C
100
AcDbDictionary
281
     1
  3
Normal
350
F
100
AcDbDictionaryWithDefault
340
F
  0
DICTIONARY
  5
47
102
{ACAD_REACTORS
330
C
102
}
330
C
100
AcDbDictionary
281
     1
  3
A0
350
48
  3
A1
350
49
  3
A2
350
4A
  3
A3
350
4B
  3
A4
350
4C
  3
A5
350
4D
  3
A6
350
4E
  3
A7
350
4F
  3
A8
350
50
  3
A9
350
51
  3
B1
350
52
  3
B2
350
53
  3
B3
350
54
  3
B4
350
55
  3
B5
350
56
  3
B6
350
57
  3
B7
350
58
  0
XRECORD
  5
47F
102
{ACAD_REACTORS
330
C
102
}
330
C
100
AcDbXrecord
280
     1
  1
DWGPROPS COOKIE
  2

  3

  4

  6

  7

  8
xxori
  9

300
=
301
=
302
=
303
=
304
=
305
=
306
=
307
=
308
=
309
=
 40
0.0
 41
2461004.769210255
 42
2461004.769354086
  1

 90
        0
  0
LAYOUT
  5
1E
102
{ACAD_REACTORS
330
1A
102
}
330
1A
100
AcDbPlotSettings
  1

  2
none_device
  4

  6

 40
0.0
 41
0.0
 42
0.0
 43
0.0
 44
0.0
 45
0.0
 46
0.0
 47
0.0
 48
0.0
 49
0.0
140
0.0
141
0.0
142
1.0
143
1.0
 70
   688
 72
     0
 73
     0
 74
     5
  7

 75
    16
147
1.0
148
0.0
149
0.0
100
AcDbLayout
  1
Layout1
 70
     1
 71
     1
 10
0.0
 20
0.0
 11
12.0
 21
9.0
 12
0.0
 22
0.0
 32
0.0
 14
1.0000000000E+20
 24
1.0000000000E+20
 34
1.0000000000E+20
 15
-1.0000000000E+20
 25
-1.0000000000E+20
 35
-1.0000000000E+20
146
0.0
 13
0.0
 23
0.0
 33
0.0
 16
1.0
 26
0.0
 36
0.0
 17
0.0
 27
1.0
 37
0.0
 76
     0
330
1B
  0
LAYOUT
  5
26
102
{ACAD_REACTORS
330
1A
102
}
330
1A
100
AcDbPlotSettings
  1

  2
none_device
  4

  6

 40
0.0
 41
0.0
 42
0.0
 43
0.0
 44
0.0
 45
0.0
 46
0.0
 47
0.0
 48
0.0
 49
0.0
140
0.0
141
0.0
142
1.0
143
1.0
 70
   688
 72
     0
 73
     0
 74
     5
  7

 75
    16
147
1.0
148
0.0
149
0.0
100
AcDbLayout
  1
Layout2
 70
     1
 71
     2
 10
0.0
 20
0.0
 11
0.0
 21
0.0
 12
0.0
 22
0.0
 32
0.0
 14
0.0
 24
0.0
 34
0.0
 15
0.0
 25
0.0
 35
0.0
146
0.0
 13
0.0
 23
0.0
 33
0.0
 16
1.0
 26
0.0
 36
0.0
 17
0.0
 27
1.0
 37
0.0
 76
     0
330
23
  0
LAYOUT
  5
22
102
{ACAD_REACTORS
330
1A
102
}
330
1A
100
AcDbPlotSettings
  1

  2
none_device
  4
ANSI_A_(11.00_x_8.50_Inches)
  6

 40
6.35
 41
19.05
 42
6.35000508
 43
19.05000254
 44
279.4
 45
215.9
 46
133.34999746
 47
88.89999873
 48
0.0
 49
0.0
140
0.0
141
0.0
142
0.3025
143
1.0
 70
  1696
 72
     0
 73
     0
 74
     0
  7

 75
     0
147
0.5913241897
148
-39.4088153714
149
0.0
100
AcDbLayout
  1
Model
 70
     1
 71
     0
 10
0.0
 20
0.0
 11
12.0
 21
9.0
 12
0.0
 22
0.0
 32
0.0
 14
-18.0
 24
-12.0
 34
0.0
 15
18.0
 25
12.0
 35
0.0
146
0.0
 13
0.0
 23
0.0
 33
0.0
 16
1.0
 26
0.0
 36
0.0
 17
0.0
 27
1.0
 37
0.0
 76
     0
330
1F
331
29
  0
MLINESTYLE
  5
18
102
{ACAD_REACTORS
330
17
102
}
330
17
100
AcDbMlineStyle
  2
Standard
 70
     0
  3

 62
   256
 51
90.0
 52
90.0
 71
     2
 49
0.5
 62
   256
  6
BYLAYER
 49
-0.5
 62
   256
  6
BYLAYER
  0
ACDBPLACEHOLDER
  5
F
102
{ACAD_REACTORS
330
E
102
}
330
E
  0
SCALE
  5
48
102
{ACAD_REACTORS
330
47
102
}
330
47
100
AcDbScale
 70
     0
300
1:1
140
1.0
141
1.0
290
     1
  0
SCALE
  5
49
102
{ACAD_REACTORS
330
47
102
}
330
47
100
AcDbScale
 70
     0
300
1/128" = 1'-0"
140
0.0078125
141
12.0
290
     0
  0
SCALE
  5
4A
102
{ACAD_REACTORS
330
47
102
}
330
47
100
AcDbScale
 70
     0
300
1/64" = 1'-0"
140
0.015625
141
12.0
290
     0
  0
SCALE
  5
4B
102
{ACAD_REACTORS
330
47
102
}
330
47
100
AcDbScale
 70
     0
300
1/32" = 1'-0"
140
0.03125
141
12.0
290
     0
  0
SCALE
  5
4C
102
{ACAD_REACTORS
330
47
102
}
330
47
100
AcDbScale
 70
     0
300
1/16" = 1'-0"
140
0.0625
141
12.0
290
     0
  0
SCALE
  5
4D
102
{ACAD_REACTORS
330
47
102
}
330
47
100
AcDbScale
 70
     0
300
3/32" = 1'-0"
140
0.09375
141
12.0
290
     0
  0
SCALE
  5
4E
102
{ACAD_REACTORS
330
47
102
}
330
47
100
AcDbScale
 70
     0
300
1/8" = 1'-0"
140
0.125
141
12.0
290
     0
  0
SCALE
  5
4F
102
{ACAD_REACTORS
330
47
102
}
330
47
100
AcDbScale
 70
     0
300
3/16" = 1'-0"
140
0.1875
141
12.0
290
     0
  0
SCALE
  5
50
102
{ACAD_REACTORS
330
47
102
}
330
47
100
AcDbScale
 70
     0
300
1/4" = 1'-0"
140
0.25
141
12.0
290
     0
  0
SCALE
  5
51
102
{ACAD_REACTORS
330
47
102
}
330
47
100
AcDbScale
 70
     0
300
3/8" = 1'-0"
140
0.375
141
12.0
290
     0
  0
SCALE
  5
52
102
{ACAD_REACTORS
330
47
102
}
330
47
100
AcDbScale
 70
     0
300
1/2" = 1'-0"
140
0.5
141
12.0
290
     0
  0
SCALE
  5
53
102
{ACAD_REACTORS
330
47
102
}
330
47
100
AcDbScale
 70
     0
300
3/4" = 1'-0"
140
0.75
141
12.0
290
     0
  0
SCALE
  5
54
102
{ACAD_REACTORS
330
47
102
}
330
47
100
AcDbScale
 70
     0
300
1" = 1'-0"
140
1.0
141
12.0
290
     0
  0
SCALE
  5
55
102
{ACAD_REACTORS
330
47
102
}
330
47
100
AcDbScale
 70
     0
300
1-1/2" = 1'-0"
140
1.5
141
12.0
290
     0
  0
SCALE
  5
56
102
{ACAD_REACTORS
330
47
102
}
330
47
100
AcDbScale
 70
     0
300
3" = 1'-0"
140
3.0
141
12.0
290
     0
  0
SCALE
  5
57
102
{ACAD_REACTORS
330
47
102
}
330
47
100
AcDbScale
 70
     0
300
6" = 1'-0"
140
6.0
141
12.0
290
     0
  0
SCALE
  5
58
102
{ACAD_REACTORS
330
47
102
}
330
47
100
AcDbScale
 70
     0
300
1'-0" = 1'-0"
140
12.0
141
12.0
290
     0
  0
ENDSEC
  0
EOF
